date,eevt_VaR_0.975,eevt_ES_0.975,gevt_VaR_0.975,gevt_ES_0.975,s_VaR_0.975,s_ES_0.975,et_VaR_0.975,gt_VaR_0.975
2010-12-22,0.11525989768904754,0.15605913806164043,0.12624142298414742,0.17571241694529777,0.1728602631698779,0.23360297698114474,0.09250715937608653,0.10245519090942055
2010-12-23,0.11109343198307431,0.14765969680218327,0.13929070505140984,0.1903949109800834,0.1728602631698779,0.23360297698114474,0.09066616575049521,0.11469969723678516
2010-12-27,0.11336560547262842,0.15597925796026665,0.12772994780697644,0.18048834711942302,0.1728602631698779,0.23360297698114474,0.08973331546493103,0.10229784371769601
2010-12-28,0.1377538603325088,0.18847819526071508,0.13801705067283598,0.1947012605195216,0.1728602631698779,0.23360297698114474,0.10953184921728466,0.11064158987409065
2010-12-29,0.1454301030116345,0.19525299283438183,0.14084258056483712,0.19497341942598323,0.1728602631698779,0.23360297698114474,0.11766332969955737,0.11473292945470147
2010-12-30,0.14094662833609428,0.18882864190839285,0.13561682330236235,0.18757174485784053,0.1728602631698779,0.23360297698114474,0.11431678213216179,0.11064077162420298
2010-12-31,0.13905080220144583,0.18730226470326355,0.12760714551300578,0.17787490196474467,0.1728602631698779,0.23360297698114474,0.11246986436025246,0.10360950706296417
2011-01-03,0.1419300284720295,0.1911575715277425,0.1238339917171426,0.1726523781844301,0.1728602631698779,0.23360297698114474,0.11473841300649003,0.10062918451365167
2011-01-04,0.1406375260469086,0.18842340053144802,0.12181040105891983,0.16893653450029295,0.1728602631698779,0.23360297698114474,0.11416930506183813,0.09945185164380312
2011-01-05,0.1363582117589628,0.18246466581534396,0.11853202463455365,0.16423008953630283,0.1728602631698779,0.23360297698114474,0.11074032674078844,0.09692675833629254
2011-01-06,0.13058438483553436,0.17425714574074885,0.11665788541918148,0.16134346199866492,0.1728602631698779,0.23360297698114474,0.1062266920370974,0.09563894657431944
2011-01-07,0.13002725164084428,0.1751919621692428,0.10996466409648381,0.15414103380541383,0.1728602631698779,0.23360297698114474,0.10476972379780235,0.08931694613197202
2011-01-10,0.12933134261386225,0.17259107337718155,0.11126581915858641,0.1543257540272478,0.1728602631698779,0.23360297698114474,0.10503199833391433,0.09131354469304125
2011-01-11,0.12876002535729736,0.17316858775545532,0.10608037532868458,0.14899093554258486,0.1728602631698779,0.23360297698114474,0.10391958770820948,0.0863768876268312
2011-01-12,0.12858060095925383,0.17140332073045905,0.11357054306106723,0.15668492019736982,0.1728602631698779,0.23360297698114474,0.10522962856318727,0.09392175112005867
2011-01-13,0.11976979243448893,0.15927323068428703,0.11588630003522093,0.15970094780164995,0.17243678073554936,0.23344568293378884,0.09798312479721934,0.09576008234418222
2011-01-14,0.1143334808379377,0.15385161264935093,0.10717767826215252,0.14986349839026233,0.17243678073554936,0.23344568293378884,0.09246383366343294,0.08755692643552213
2011-01-18,0.11170359607287494,0.1471170376895339,0.12148351377296113,0.1662567474983252,0.17243678073554936,0.23344568293378884,0.09171367175841694,0.10071326731892306
2011-01-19,0.10672958273216437,0.14336762657406554,0.10959523374369029,0.1536509148490093,0.17243678073554936,0.23344568293378884,0.08588763973829355,0.08911271944379864
2011-01-20,0.13181682860408817,0.17759024575086468,0.12516088951437165,0.1769589644072908,0.17211955052934158,0.23315260463392426,0.10456632600821748,0.10046126402987872
2011-01-21,0.1509613639751335,0.20007480497380709,0.13267728169967707,0.1846484251153118,0.17211955052934158,0.23315260463392426,0.12121674719343874,0.10768848746754804
2011-01-24,0.15890952198666475,0.20982922277922636,0.13120435126625674,0.18169343472291763,0.17211955052934158,0.23315260463392426,0.12788124689666863,0.10671167803538112
2011-01-25,0.15625684483004365,0.20312309457921807,0.13755377042104822,0.18665576518567742,0.17211955052934158,0.23315260463392426,0.12713901097019276,0.11330322377778435
2011-01-26,0.14616652426032495,0.19045517196015102,0.12691917683524634,0.17335114169598537,0.17211955052934158,0.23315260463392426,0.11786921665734731,0.1035269417553929
2011-01-27,0.14021506774283032,0.180135931232885,0.13531162731190172,0.18164122796177812,0.17211955052934158,0.23315260463392426,0.11405565697494653,0.11137934138646638
2011-01-28,0.12881041207538146,0.16630702921487053,0.12971254395756615,0.1744388850514663,0.17211955052934158,0.23315260463392426,0.1041379185490531,0.10607474156854764
2011-01-31,0.18529607641566292,0.24802335865038533,0.19280518314433337,0.268255005397039,0.17407823207697337,0.2350922195423537,0.14294882130828052,0.15133055625747338
2011-02-01,0.2066100467110511,0.26463909523291973,0.20630868959583815,0.2755212660554893,0.17407823207697337,0.2350922195423537,0.1656682373178848,0.1675999248578758
2011-02-02,0.1922758374121954,0.24205736696187283,0.21974518208890137,0.28790684286447826,0.17407823207697337,0.2350922195423537,0.15576972015752283,0.17994495061873875
2011-02-03,0.171968315112281,0.21735871973406581,0.19685955381033726,0.25800729496592967,0.17407823207697337,0.2350922195423537,0.13713793976644229,0.1589451890861052
2011-02-04,0.16328679148143804,0.20443321744386247,0.1886534739795528,0.2438109354110613,0.17407823207697337,0.2350922195423537,0.1303236804938857,0.1521692421871913
2011-02-07,0.15250919362458176,0.1898093060908221,0.18290739578726734,0.23327975731254685,0.17407823207697337,0.2350922195423537,0.121778614348657,0.1472752501486469
2011-02-08,0.14705303471137443,0.18410238686220165,0.16531355472756865,0.21069673128189934,0.17407823207697337,0.2350922195423537,0.11565221831490988,0.13117464212999036
2011-02-09,0.14530523463357503,0.1799794503488663,0.16255123106500863,0.20409897296959573,0.17407823207697337,0.2350922195423537,0.11547807810018085,0.13006779421916237
2011-02-10,0.13889552189808493,0.17279070197349924,0.14934498884160946,0.18791924961368914,0.17407823207697337,0.2350922195423537,0.10957981663497128,0.11886547616523808
2011-02-11,0.13962596104989775,0.17390141393415603,0.14048502415895336,0.17700865529296758,0.17407823207697337,0.2350922195423537,0.10995483868676251,0.11183675689276162
2011-02-14,0.13031061717840278,0.1632470253261932,0.14105325711749717,0.17630057990476825,0.17407823207697337,0.2350922195423537,0.10413147079966033,0.11299801585907761
2011-02-15,0.13094131408766618,0.1649756647126743,0.1308318712603317,0.16475831860155704,0.17323516098147534,0.21540081420725016,0.10500567374586285,0.10389161209225824
2011-02-16,0.1404622095548128,0.17718566399929314,0.1266164135419731,0.1598849535274983,0.17323516098147534,0.21540081420725016,0.11130912474357725,0.10035002110999272
2011-02-17,0.1450654684929501,0.1841133121752977,0.1248549857903157,0.15768681788562827,0.17323516098147534,0.21540081420725016,0.1139943265731742,0.09905934053591572
2011-02-18,0.15211242215083104,0.19326188139107717,0.12318846549301013,0.15480222431208399,0.1721421979005016,0.21485483999454782,0.11900246804000364,0.09834681643463268
2011-02-22,0.14888426270072713,0.18703437218838104,0.11983080753845024,0.15124119918298531,0.1721421979005016,0.21485483999454782,0.11852276733733243,0.09555037530565987
2011-02-23,0.17130291906820228,0.22137784061949167,0.20208459010681112,0.2654412773772606,0.1745686894161026,0.21677335328419034,0.1308639016630081,0.1548312007489453
2011-02-24,0.23626523764991075,0.29904895814446997,0.2217116924217407,0.28477692113830533,0.1745686894161026,0.21677335328419034,0.1863441919781642,0.17494364091327363
2011-02-25,0.23645150996467207,0.2958254839497998,0.21844621257383579,0.27712898472765074,0.1745686894161026,0.21677335328419034,0.18854563872683158,0.1745004178736053
2011-02-28,0.2179128082362739,0.27052401819895056,0.22989120865743334,0.2897138036377188,0.1745686894161026,0.21677335328419034,0.17530486737406273,0.18535492267701834
2011-03-01,0.19017766107785206,0.23674053751019863,0.2110341216667022,0.2681961030745692,0.1745686894161026,0.21677335328419034,0.15133305040680095,0.17037430426823452
2011-03-02,0.2023942254999715,0.25748681110744215,0.20752007602958156,0.2695286197222114,0.17244382104826378,0.21430768735614,0.15742219821366388,0.16376457029959463
2011-03-03,0.20742762769940004,0.2610852532652326,0.20951031897236505,0.2672984817818865,0.17244382104826378,0.21430768735614,0.16644221797577508,0.16852508625627163
2011-03-04,0.19273861337089682,0.239336544258313,0.2244730399731779,0.2837490742723574,0.17244382104826378,0.21430768735614,0.1561020829891942,0.1825607766767715
2011-03-07,0.1737102328530059,0.2164533719725774,0.19651741760092312,0.25171409795292216,0.17244382104826378,0.21430768735614,0.1360899252096224,0.15682287213614504
2011-03-08,0.18154171863047164,0.22864986142789656,0.1916446212063871,0.24698159350258106,0.17244382104826378,0.21430768735614,0.14294286229873515,0.15153574769262365
2011-03-09,0.1870545073348357,0.2335741506612469,0.19545313386102942,0.24762901636104603,0.17244382104826378,0.21430768735614,0.15132077275455252,0.15716513669707408
2011-03-10,0.1863350499880525,0.23355259554944374,0.17787758115047902,0.22721349094070928,0.17244382104826378,0.21430768735614,0.14878026530230049,0.14161812825881054
2011-03-11,0.19707787552046213,0.2481791499223037,0.17458176092638517,0.2249666509794872,0.17244382104826378,0.21430768735614,0.1557475299315529,0.13764341850436929
2011-03-14,0.1970569050555407,0.2430803136701306,0.19278030402640967,0.2429829271414878,0.17244382104826378,0.21430768735614,0.1589697861629608,0.15598063071532414
2011-03-15,0.1918827866768032,0.2402618965458328,0.17000471612257528,0.21852759614128864,0.17244382104826378,0.21430768735614,0.15115453335364026,0.1344457850394994
2011-03-16,0.2298976913958825,0.291782034620888,0.1894328162635921,0.24656921086573994,0.17318753638355316,0.21466518249805971,0.17924507944380447,0.14920192481740846
2011-03-17,0.2802657450438685,0.35496799986258204,0.23904175864632515,0.30996124808046654,0.17472085845979568,0.215667764765551,0.21750257551634447,0.18710229179117144
2011-03-18,0.28614258633554734,0.3544672334401365,0.2658400295457627,0.33444004024873664,0.17472085845979568,0.215667764765551,0.23020676422830286,0.21562006417847554
2011-03-21,0.25476004203276265,0.3164274819951889,0.25482124463733546,0.3216039097355261,0.17472085845979568,0.215667764765551,0.2044109910886944,0.20577204121110623
2011-03-22,0.21394510967292224,0.26406150932270994,0.2917463130744474,0.3657792543997564,0.17472085845979568,0.215667764765551,0.1762299084902639,0.238610519322161
2011-03-23,0.1808558456820929,0.2274460697409672,0.25568292961997685,0.324907502107934,0.17472085845979568,0.215667764765551,0.1465146488362548,0.20619600559100892
2011-03-24,0.16919962137823613,0.2113712201593414,0.24568292427327476,0.31112245248578313,0.17472085845979568,0.215667764765551,0.1373886175960392,0.19861440095748614
2011-03-25,0.14036145870925332,0.1726788171395477,0.23731122174794317,0.2999362693619307,0.17472085845979568,0.215667764765551,0.11233377276168785,0.1915095082406595
2011-03-28,0.13108363349010804,0.16322998635162433,0.21502503336836898,0.273542790809419,0.17472085845979568,0.215667764765551,0.10439435868321913,0.1723039006703158
2011-03-29,0.15730452199227574,0.20080221842200272,0.20373824202415436,0.26187303803640105,0.17472085845979568,0.215667764765551,0.12478545115610086,0.16124699643542562
2011-03-30,0.14283230348334225,0.17624270220520058,0.2122106005461198,0.2679426660412922,0.17472085845979568,0.215667764765551,0.11551948894408122,0.17162318756356787
2011-03-31,0.13012121491929987,0.1623668784883434,0.19560907520046789,0.24823172167172952,0.17472085845979568,0.215667764765551,0.10513185144496384,0.1574497682351466
2011-04-01,0.1300295513714956,0.16269801764736697,0.1801965337413578,0.22961265277222911,0.17472085845979568,0.215667764765551,0.10418686513660375,0.14445759476612566
2011-04-04,0.12909952565640614,0.16090005452193243,0.17170284339895936,0.21828160805092542,0.17472085845979568,0.215667764765551,0.10378736483516758,0.13801006516532804
2011-04-05,0.12926813127357592,0.1615803648897852,0.15855564481818574,0.20248803349750205,0.17472085845979568,0.215667764765551,0.10314405049238168,0.12681330819488035
2011-04-06,0.13020012016758553,0.162113262176003,0.1513812304957176,0.19291056268640616,0.17472085845979568,0.215667764765551,0.1041832667680636,0.12143388851955368
2011-04-07,0.12786583569333412,0.15894974374618365,0.14421496178003468,0.18375613085331033,0.17472085845979568,0.215667764765551,0.1023676522305151,0.11582753478877007
2011-04-08,0.1283305499786238,0.15990141040051006,0.13390128328598838,0.17161321713084488,0.17472085845979568,0.215667764765551,0.10126833857669403,0.10660826083927366
2011-04-11,0.13653651229013564,0.17079698629431542,0.13145690607822902,0.16946612892490776,0.17472085845979568,0.215667764765551,0.10686725427141107,0.1039395164036342
2011-04-12,0.1325025549177263,0.16265539579292249,0.15016927818673492,0.18951976108950147,0.17472085845979568,0.215667764765551,0.10635848033290278,0.12160960799852964
2011-04-13,0.12658672180708605,0.15843606451255252,0.1328118908360868,0.17088632234107656,0.17472085845979568,0.215667764765551,0.09978866976669004,0.10533628486226693
2011-04-14,0.13221742938191566,0.16458488125059353,0.13064047264951828,0.1671451588268603,0.17472085845979568,0.215667764765551,0.10553727855692693,0.10470268238891424
2011-04-15,0.13284543224202494,0.16682415398364292,0.13132970306261604,0.16764985222814024,0.17472085845979568,0.215667764765551,0.10776385201114312,0.10645973931218133
2011-04-18,0.12047726381178792,0.15097348206672623,0.13886301703470094,0.17659581757172207,0.1741429941738104,0.2153830490812458,0.09843342377842158,0.11310247245669398
2011-04-19,0.11785572463077287,0.14950721688887375,0.1412792420690866,0.1842691339766556,0.17417713783143127,0.21537403300261007,0.09067159660209649,0.11144174104832312
2011-04-20,0.12395859859088085,0.1524437439680624,0.1595149801855974,0.20205113148289613,0.17417713783143127,0.21537403300261007,0.09978508369783985,0.12996503122287167
2011-04-21,0.10731342029895258,0.13258126797812703,0.1557266742385115,0.19793075253533132,0.17417713783143127,0.21537403300261007,0.0862394085447774,0.12635988479749977
2011-04-25,0.09793588568548872,0.12158160039741782,0.14668534411739187,0.18722192482183542,0.17417713783143127,0.21537403300261007,0.07792550444551327,0.11838320222175716
2011-04-26,0.10413540290894419,0.13215892340990767,0.14231509052887314,0.18453642554560118,0.17417713783143127,0.21537403300261007,0.08084375944178013,0.1124464955107243
2011-04-27,0.1158777825683299,0.14416408853029705,0.14399076712686604,0.1840506039589127,0.17417713783143127,0.21537403300261007,0.09210152337299954,0.11543655802977232
2011-04-28,0.114402898437028,0.14237188453171248,0.13829646055164685,0.17664201064248516,0.17417713783143127,0.21537403300261007,0.09085601359082861,0.11106558739322764
2011-04-29,0.10554435633130083,0.13027610974792855,0.14132746490076603,0.17955482726506036,0.17417713783143127,0.21537403300261007,0.08466787725059996,0.1142236098101233
2011-05-02,0.1026925245535188,0.12847364339551876,0.12866666442468183,0.16536652445900263,0.17417713783143127,0.21537403300261007,0.08058482840101625,0.10289975812013699
2011-05-03,0.11445601615177536,0.1453260433704502,0.1360899138560389,0.1767447076004228,0.17417713783143127,0.21537403300261007,0.0885892040528872,0.10731578896908656
2011-05-04,0.13048432471042007,0.16404536284615448,0.1417439575340489,0.18271557628012486,0.17417713783143127,0.21537403300261007,0.10296258932937022,0.11276745173189337
2011-05-05,0.14040611034697564,0.1758639742230064,0.13948632153892632,0.17915379306961474,0.17417713783143127,0.21537403300261007,0.11142643642876526,0.11124405033170108
2011-05-06,0.15101340589715004,0.18933170839154995,0.14108351590290524,0.18236373404654835,0.17417713783143127,0.21537403300261007,0.11896687783195074,0.11185361763167037
2011-05-09,0.16293411602438554,0.2025958724206366,0.14060628788127316,0.1801993789769937,0.17417713783143127,0.21537403300261007,0.129392332985075,0.11255390554969139
2011-05-10,0.15443749264550005,0.1900225554449761,0.15273365478087247,0.19327944836853672,0.17417713783143127,0.21537403300261007,0.12438717430234518,0.12395427409827688
2011-05-11,0.13426162570163164,0.16497144848921577,0.160526778691909,0.20313619340529349,0.17417713783143127,0.21537403300261007,0.10831282557368609,0.13038382372759888
2011-05-12,0.1318178027778224,0.16622184874786688,0.14641085661413178,0.1892238654025543,0.17417713783143127,0.21537403300261007,0.10366899274872377,0.11616429188713075
2011-05-13,0.13386798247692233,0.16511371839828384,0.15562002796643476,0.19748704273718956,0.17417713783143127,0.21537403300261007,0.10778950020925486,0.12606440119361842
2011-05-16,0.13389131125554438,0.16850482372633968,0.1440931419478863,0.18637746621086468,0.17417713783143127,0.21537403300261007,0.10542582836924898,0.11418483589702644
2011-05-17,0.14955489444225878,0.18896911405896422,0.15000192602148554,0.19402040981866436,0.17417713783143127,0.21537403300261007,0.11902560560727549,0.11906006601576823
2011-05-18,0.15510833924959766,0.1927733049789136,0.15439268907917814,0.19664030661567503,0.17417713783143127,0.21537403300261007,0.1253482710109915,0.12463067362140391
2011-05-19,0.1402074618939638,0.17356047774280145,0.16450014527094797,0.20837221198844416,0.17417713783143127,0.21537403300261007,0.11439814981712958,0.13343287983497334
2011-05-20,0.12414235287527053,0.15424482346926427,0.15757716624793278,0.20070126333969435,0.17417713783143127,0.21537403300261007,0.10043561081645459,0.1271023873554722
2011-05-23,0.131790706572454,0.16835977204880043,0.16130384030407097,0.21013427935211548,0.17458763669056324,0.21557080961461203,0.10339721827187638,0.12698688176003706
2011-05-24,0.1511170592385891,0.19078191011708034,0.16703057889283285,0.21539007525515394,0.17458763669056324,0.21557080961461203,0.12062314889751805,0.13312224239954157
2011-05-25,0.1776865450880985,0.22222838452332294,0.16552513633446114,0.2111578293696445,0.1746681772037002,0.2156212449680913,0.14161429907660839,0.1330828057976887
2011-05-26,0.14768895815496888,0.1826769675307786,0.16180676776146224,0.20595833925328721,0.174009747586918,0.21528930555640624,0.11841686220531683,0.13063524334485718
2011-05-27,0.13402332374191497,0.16596750447880657,0.1629236178785558,0.2068407234022025,0.174009747586918,0.21528930555640624,0.1085055350887066,0.13146092780389151
2011-05-31,0.12958094086720426,0.1612942489654882,0.14944313486822114,0.19116047412529089,0.174009747586918,0.21528930555640624,0.10216009973706604,0.11950836918591996
2011-06-01,0.12328895037241197,0.15215573389531423,0.14696322798368233,0.187167260247441,0.17365305538479847,0.2151392195143967,0.0981992727210308,0.1179849925944555
2011-06-02,0.13995270046017472,0.17982441881205383,0.17981563695057146,0.23372021116018316,0.17481587344402066,0.21580247987391218,0.10860035606909194,0.1399507203637232
2011-06-03,0.16267018194387528,0.20269751425602964,0.18585039853647817,0.23651280970845323,0.17481587344402066,0.21580247987391218,0.1302123461063714,0.14854471949354564
2011-06-06,0.16318588629331743,0.2038765842814855,0.174738484307506,0.22238528885874784,0.17481587344402066,0.21580247987391218,0.1308476451382519,0.13911394690750345
2011-06-07,0.16817364980520766,0.2119746913360795,0.16321657907772807,0.20899324645275827,0.17481587344402066,0.21580247987391218,0.13462737342150116,0.1291878431408321
2011-06-08,0.16734985239535138,0.20762253737054917,0.1602414309745584,0.20376121775104689,0.17481587344402066,0.21580247987391218,0.1337662180560151,0.12791936209220506
2011-06-09,0.17014196913134066,0.21292459861238547,0.1498741914910225,0.19225556756749787,0.1743346715064758,0.21557602656684988,0.1348340002167398,0.1179992049563346
2011-06-10,0.1678926192479257,0.20653808295110557,0.15711837839989184,0.1987345692676689,0.1743346715064758,0.21557602656684988,0.13379010228126215,0.12563934378852726
2011-06-13,0.16775738227445963,0.20940457601017862,0.14539158396583463,0.18721722244478356,0.17430496345124505,0.21559060764182464,0.1309173730967279,0.11398417466549632
2011-06-14,0.19737468400299146,0.24732048623172076,0.1464557720283024,0.18784942355347364,0.17430496345124505,0.21559060764182464,0.15431966270576658,0.1151487850483954
2011-06-15,0.1767297396465688,0.21671720756877422,0.16000994501650284,0.20175948180929276,0.17395058065410768,0.21544073085210355,0.14019738185849837,0.12813271737871496
2011-06-16,0.18242672579502395,0.22938165580400288,0.176157569131712,0.2280303876155255,0.17482313276508873,0.2159070018811974,0.1400211504095142,0.1361493914988942
2011-06-17,0.2098272691510104,0.261004725246484,0.18774148991535183,0.24015294378842456,0.17482313276508873,0.2159070018811974,0.16360132983693385,0.14751973311634506
2011-06-20,0.21289495206009496,0.26203203250333695,0.18762395883279354,0.23714412768953683,0.17482313276508873,0.2159070018811974,0.16890086834407492,0.14947416275688136
2011-06-21,0.1935237490057376,0.23812160585295164,0.19630528956120935,0.24694172136320858,0.17482313276508873,0.2159070018811974,0.1559040450416584,0.15750775786857873
2011-06-22,0.1733298976617642,0.2136663520690977,0.18888393183575397,0.23853248682561495,0.17482313276508873,0.2159070018811974,0.13870666902610812,0.1508818976559933
2011-06-23,0.16538124714584373,0.20535750050222046,0.17455700147019776,0.22157358541629368,0.17482313276508873,0.2159070018811974,0.1319478451030857,0.13862645539795
2011-06-24,0.16850312061283101,0.2106417746735718,0.1627406411011823,0.20839950945686242,0.17482313276508873,0.2159070018811974,0.13308505207884086,0.12812416613143415
2011-06-27,0.1829065072695808,0.22907157369613554,0.1682767089894589,0.21705504330080416,0.17463304596598453,0.2157825792396323,0.14191098826785686,0.1323202604707141
2011-06-28,0.19134074209146767,0.23696854752072885,0.16970971138566482,0.2157454279046146,0.17380499071711497,0.21535786389830588,0.15222981388463788,0.13556798102791517
2011-06-29,0.17822602291528983,0.22016531090166616,0.17435959473336043,0.2204706651769364,0.17380499071711497,0.21535786389830588,0.14350045439991244,0.14016158588757838
2011-06-30,0.15710178875690986,0.19317883825363955,0.19061150147899986,0.2402277156369561,0.17380499071711497,0.21535786389830588,0.1270642081015941,0.1537820636296777
2011-07-01,0.13742304297015598,0.17019859775982996,0.1780415490294605,0.22627054959703533,0.17380499071711497,0.21535786389830588,0.10983827457637163,0.14277637165360618
2011-07-05,0.12776604629292498,0.1582976100924235,0.17083142145727442,0.21728972694755078,0.17380499071711497,0.21535786389830588,0.10181238801219634,0.1366377927178046
2011-07-06,0.12580795364827876,0.15710219870230413,0.15774666673604165,0.20182405202402878,0.17380499071711497,0.21535786389830588,0.09915980418714747,0.12467385363253393
2011-07-07,0.13362412914059507,0.16702645263679666,0.15033682941721616,0.19268241226986985,0.17380499071711497,0.21535786389830588,0.10513447049252021,0.11868108518962996
2011-07-08,0.12967360527985727,0.16099038435642019,0.14757582453533868,0.18813617399454255,0.17380499071711497,0.21535786389830588,0.10315471523989939,0.117229539824271
2011-07-11,0.1299546048195599,0.1619254407946917,0.13835304650343366,0.17733477413489623,0.17379010254501118,0.21538565230247786,0.10276027368236779,0.10952368665637777
2011-07-12,0.14593818786419113,0.18415856467784655,0.16487703236553858,0.21373435450022008,0.17443871086455756,0.2157029862610081,0.11178242445619184,0.12756134680783748
2011-07-13,0.17526966603809874,0.22117770462312783,0.1773187407515121,0.2283469763508065,0.17456604478871185,0.21580525395239744,0.1380941345307785,0.13934005050224846
2011-07-14,0.1832496108788203,0.2266019299632321,0.17443949951403487,0.2224045118550403,0.17456604478871185,0.21580525395239744,0.14311298277527723,0.13791242006432486
2011-07-15,0.20696988600300242,0.25816623103909897,0.166100003265992,0.21281436972486772,0.17427788321256144,0.21569756041362934,0.15960306079267972,0.13036940748865072
2011-07-18,0.18593658491605616,0.2286025031972958,0.17257348927466626,0.21829479966291046,0.17349427404530152,0.2152902492829444,0.14569872179813237,0.13742855852788813
2011-07-19,0.20380166707252723,0.2545422564272118,0.16145244471548753,0.20737006051616622,0.17349427404530152,0.2152902492829444,0.15645198292899282,0.12614618510690745
2011-07-20,0.19905526003052276,0.24490087573269909,0.17746344491916988,0.22409955631632175,0.17328127105978555,0.21522039503985332,0.155606500239271,0.14196510131707926
2011-07-21,0.17202549344687923,0.2122532215703105,0.16136712343902526,0.20562131528435004,0.17328127105978555,0.21522039503985332,0.13380720617396025,0.1275837341513145
2011-07-22,0.17254411670113787,0.21258608545451615,0.17314302230764345,0.2185349815075676,0.17328127105978555,0.21522039503985332,0.1354343870108288,0.13803046112428896
2011-07-25,0.16102036885854282,0.2000841326211852,0.15735589854954046,0.200511066871351,0.1719525556876486,0.21449372064539596,0.1247549625798263,0.12401428514651772
2011-07-26,0.16199384412944107,0.20232781678593242,0.16181828773067192,0.20871457345419833,0.17195978035753012,0.21447207140733404,0.12436427386458253,0.12627253285530066
2011-07-27,0.17893196761518648,0.22200929341511094,0.16394973879188468,0.2103042697571859,0.17195978035753012,0.21447207140733404,0.13915688296683548,0.1291450576181068
2011-07-28,0.2212825805513089,0.2783510766078404,0.18211250815940344,0.23532017771486127,0.1723259868193983,0.21461555203702082,0.17139469588918319,0.14287718262480453
2011-07-29,0.23430049679141102,0.29215764434023045,0.18258303348899518,0.23380002322948387,0.1703799754119396,0.2132891498079347,0.18297353790352902,0.1449765742941399
2011-08-01,0.2431412212014945,0.3039542166085034,0.1778796828973983,0.2285325526216891,0.1703799754119396,0.2132891498079347,0.1896886287201349,0.14073188760116512
2011-08-02,0.2354646516852127,0.29169867658730203,0.18349045130153407,0.23285425016992828,0.1703799754119396,0.2132891498079347,0.1857330279378716,0.14733057352919782
2011-08-03,0.2272975024554475,0.2833936604139651,0.16788036672853024,0.21560757281716111,0.1703799754119396,0.2132891498079347,0.17599089261947967,0.1328841441457968
2011-08-04,0.22066264167722954,0.2729928275369621,0.17241403613305267,0.21891237832644864,0.17031154394143408,0.21328539672734378,0.17275528810778734,0.1381928114456988
2011-08-05,0.2895254320489522,0.3650650063126374,0.26817549887527603,0.35120889019906143,0.17295250757716202,0.21849097766924144,0.21744202601949278,0.20650708639083634
2011-08-08,0.31391536488664806,0.38910301310616524,0.2744732150172393,0.3514979257597952,0.17295250757716202,0.21849097766924144,0.24364685436416827,0.21677313318322758
2011-08-09,0.4087267407734253,0.5140428687685825,0.40303909500334856,0.5246341731051335,0.1743864144850712,0.23107842496386896,0.30854971036472556,0.3093393315623657
2011-08-10,0.40151340340621294,0.48844101127257405,0.5029864466645633,0.6337543809001793,0.1743864144850712,0.23107842496386896,0.31782132581917744,0.40213636545374687
2011-08-11,0.3869037812672237,0.48269747742784264,0.4418949103494457,0.5702731385561884,0.1760619882389649,0.23237526990082844,0.29524389222597425,0.3437582326713674
2011-08-12,0.3745969881172589,0.4612103050295884,0.43462410877851854,0.5525283625888213,0.1760619882389649,0.23237526990082844,0.2939723284133824,0.3439536218005068
2011-08-15,0.3475297632407028,0.4272842660154872,0.40104961170819853,0.5101712731183553,0.1760619882389649,0.23237526990082844,0.2705850370243951,0.3166246472787413
2011-08-16,0.3194298665499302,0.39172626958473766,0.3906640014245306,0.4967724302230883,0.17635560150704088,0.23262285699610952,0.25097163626106184,0.31143560137613924
2011-08-17,0.29343209406313275,0.3631639824562164,0.3436925381993303,0.4408907234180165,0.17561938575101899,0.2322519818615396,0.22692883787320556,0.270854331567716
2011-08-18,0.2812603424131292,0.34638900895904395,0.3225860612430991,0.41199846818732594,0.17561938575101899,0.2322519818615396,0.21873168587300246,0.25529818456547015
2011-08-19,0.34221974752447293,0.42940253644015697,0.3684983717210769,0.4787989986431029,0.17857121683153876,0.23629302809157926,0.258853273887193,0.2851097237830277
2011-08-22,0.36665444212712683,0.45202634917859136,0.3666836890816637,0.4677156089097813,0.17857121683153876,0.23629302809157926,0.28304959860303397,0.2878101156454793
2011-08-23,0.35065556726311525,0.4318730074541986,0.338672130786413,0.4313576351219403,0.17857121683153876,0.23629302809157926,0.2713951891520632,0.26621688562823964
2011-08-24,0.3183694891465478,0.3895912745774089,0.35347988500194416,0.44659111742404545,0.17857121683153876,0.23629302809157926,0.24989217839178152,0.2802920124582372
2011-08-25,0.2873868801253152,0.353671673485075,0.3123990329785141,0.39803959172625225,0.17857121683153876,0.23629302809157926,0.22149447475134232,0.2452248297415642
2011-08-26,0.29649413134113084,0.3674377327560321,0.29249182814833863,0.37561587030773796,0.17881874052301072,0.23639882126285483,0.22589342302417775,0.22724358635647188
2011-08-29,0.2872779612585444,0.35169399286664627,0.3013912402744665,0.38155418972952104,0.17881874052301072,0.23639882126285483,0.2239352153628096,0.23865348816294477
2011-08-30,0.2558048506368593,0.31308036208561646,0.29252810559509346,0.37061274439773173,0.17881874052301072,0.23639882126285483,0.1988242817108836,0.2309058491306226
2011-08-31,0.2415430825691654,0.29780227808072784,0.2581155597564023,0.33006629872703463,0.17881874052301072,0.23639882126285483,0.1848450666322951,0.20140304446916737
2011-09-01,0.23279173551258436,0.2855702856945852,0.24243297269457675,0.30902070497109274,0.17881874052301072,0.23639882126285483,0.1791647230620687,0.19025288131820825
2011-09-02,0.22247252815866947,0.27363871731528133,0.21699300721375187,0.2780708722162537,0.17881874052301072,0.23639882126285483,0.169676606348689,0.1694689143261204
2011-09-06,0.232228155151464,0.2870299152155311,0.20467559599616908,0.26402709264163116,0.17881874052301072,0.23639882126285483,0.17657124855408984,0.15875586524985472
2011-09-07,0.25487096748254134,0.31597066695008297,0.20765908061817168,0.2684082755957774,0.1784062111514758,0.23613636784640177,0.1944025452693343,0.1606638789942536
2011-09-08,0.24476769165177825,0.2992194358592111,0.22608905186670541,0.2868730674888294,0.1784062111514758,0.23613636784640177,0.19075309149243524,0.17873080855940868
2011-09-09,0.23405903377623166,0.28929397299228604,0.19821846416046174,0.2548625452923074,0.1784062111514758,0.23613636784640177,0.18050594153764546,0.15443437575070723
2011-09-12,0.25598195084199293,0.31834146194927126,0.2072419792483985,0.26858917797176357,0.17833834583494368,0.2360029989483784,0.19546565499065335,0.15996356902242112
2011-09-13,0.2669264493841574,0.32901212994805035,0.2026559977775217,0.2597969639786813,0.17833834583494368,0.2360029989483784,0.20665027142095602,0.1585729003292552
2011-09-14,0.254672221644402,0.3128916086868212,0.1960598806076289,0.2501932141530871,0.17833834583494368,0.2360029989483784,0.19838607713684756,0.15430432843407843
2011-09-15,0.23363053400863182,0.2866529942168214,0.1941106014576519,0.2472227601223553,0.17833834583494368,0.2360029989483784,0.18251531337870525,0.15312458216852387
2011-09-16,0.2106145644305191,0.25793660146880576,0.19697944234208803,0.25054631215474654,0.17833834583494368,0.2360029989483784,0.16469240257271267,0.15562630201566108
2011-09-19,0.19266939765246105,0.23697533534106655,0.18267140396931242,0.23354151729101683,0.17833834583494368,0.2360029989483784,0.14957948433579998,0.1432584948915307
2011-09-20,0.19745836322854793,0.24478461724556594,0.17125112523766584,0.22117893187594026,0.17833834583494368,0.2360029989483784,0.1513376227060309,0.132591298143023
2011-09-21,0.20218457384644614,0.2494296907734205,0.1653775909454419,0.21251207006195252,0.17833834583494368,0.2360029989483784,0.15590410641038432,0.1289238291840882
2011-09-22,0.2242541009428085,0.2803252485581701,0.18347449771888608,0.23818119847547464,0.17876805620278002,0.23613876673251705,0.1718013074388115,0.1406407224897447
2011-09-23,0.2541897200767507,0.31713470760416423,0.1993889114908325,0.25840861279599964,0.17881256106593224,0.2360992585628054,0.196600682675515,0.15465217312652327
2011-09-26,0.26166055542674427,0.32367372057924954,0.1946456848607031,0.24987243320896513,0.17881256106593224,0.2360992585628054,0.20390754943071024,0.15283009206206727
2011-09-27,0.24497283700875222,0.30232683032508967,0.19175919645543804,0.24496341332954108,0.17881256106593224,0.2360992585628054,0.19238453284662152,0.1515415936275471
2011-09-28,0.22820679254185755,0.28215748055972906,0.18012385725340813,0.2308399179206239,0.17881256106593224,0.2360992585628054,0.17875272741431553,0.14200963315709353
2011-09-29,0.2420093281340001,0.30063790527705286,0.17661006536232515,0.22850631048520625,0.17881256106593224,0.2360992585628054,0.1857951232220705,0.13640014442144843
2011-09-30,0.23594287865264785,0.2903625546098418,0.18140789919230865,0.2313034656362224,0.17834170718714737,0.23594028351333146,0.1842013058837765,0.14280164921676153
2011-10-03,0.24689434538048033,0.30709765368810416,0.1775763955908125,0.23086142059202633,0.1783512551167965,0.23588817090241082,0.18946468775552117,0.1378293880706698
2011-10-04,0.26480490804139295,0.32812674009053133,0.1796226630454102,0.23249445767478596,0.1783512551167965,0.23588817090241082,0.20402697015912996,0.14039623121742878
2011-10-05,0.24578674556251073,0.30157466373092584,0.2009621730125528,0.25599550736108767,0.1783512551167965,0.23588817090241082,0.19299747687260138,0.16042134553775927
2011-10-06,0.21576039605090014,0.26531008674594714,0.19809339438116746,0.2534678645471672,0.1783512551167965,0.23588817090241082,0.1688432923642829,0.15773321594555878
2011-10-07,0.2045503874087194,0.25261988382647205,0.1859961272318107,0.23954141002106907,0.1783512551167965,0.23588817090241082,0.1595716554897918,0.1481080814562988
2011-10-10,0.1949233240002029,0.2414081131612417,0.17112958064331518,0.2211973176673128,0.17627371718689522,0.23433597760721683,0.15117483339804108,0.13532932769782727
2011-10-11,0.17596884726788461,0.2162477780531809,0.1850159636025961,0.23676423832923496,0.17627371718689522,0.23433597760721683,0.1384537218314079,0.14777898370411807
2011-10-12,0.1625550230798876,0.2013658786259767,0.1669800430417036,0.21561982231935076,0.17627371718689522,0.23433597760721683,0.1259613178518589,0.131738280663921
2011-10-13,0.15197700672205405,0.18735155050596666,0.16551385376644462,0.21277127680628272,0.17627371718689522,0.23433597760721683,0.11840348586908443,0.1312297758481433
2011-10-14,0.13997531733927193,0.17322680723084077,0.15433054905908683,0.19927468219015249,0.17627371718689522,0.23433597760721683,0.10848126926403036,0.12184620633401697
2011-10-17,0.1253264545406711,0.15389474926804128,0.1663891519222887,0.21338114750907425,0.17627371718689522,0.23433597760721683,0.09831467986916032,0.1325161602334788
2011-10-18,0.16133868784242614,0.20343049203195748,0.19308560364700544,0.25304722155302617,0.17755722728371537,0.23500685818094447,0.12118832227542234,0.1493708118547752
2011-10-19,0.1683800451351165,0.2076200453636575,0.200222749196162,0.2566229147626464,0.17755722728371537,0.23500685818094447,0.13134908073675794,0.15866161666160933
2011-10-20,0.1811058408167779,0.22642735842449938,0.1904256196584876,0.2475514722424852,0.17721722032701837,0.23482676713297385,0.13931926793948182,0.1485840192374071
2011-10-21,0.19181890287201003,0.23796116272521395,0.18452060328009967,0.23832021272822151,0.17508048713596125,0.23308658466557663,0.14892618415459818,0.14520517478815925
2011-10-24,0.17505880825305903,0.21490953227528836,0.20131159103725915,0.25744498835573654,0.17508048713596125,0.23308658466557663,0.138321078710968,0.16068696469643975
2011-10-25,0.1492195310831025,0.18423611041336008,0.19564255385641283,0.25088294158353225,0.17508048713596125,0.23308658466557663,0.11742835508408168,0.15535333678185748
2011-10-26,0.15950509090577908,0.2005489917353171,0.18784642644387783,0.24484402534208843,0.17491551007897854,0.23297824385721896,0.12614413380067185,0.14688240165803282
2011-10-27,0.15614776020366333,0.19318935721408423,0.19655411970589165,0.2521407553100383,0.17293134138405186,0.23149928655488217,0.12641071885039817,0.1564851472430561
2011-10-28,0.11986472758404307,0.1454879905095492,0.2374866656704614,0.30288616868348195,0.17293134138405186,0.23149928655488217,0.09799308610211643,0.19065118503009867
2011-10-31,0.10195598168739294,0.12491821367709353,0.2145626887396639,0.2760694992679615,0.17293134138405186,0.23149928655488217,0.07967926919245671,0.1702245744164793
2011-11-01,0.134337467012555,0.17451253238254755,0.24840080951528987,0.3249593320648088,0.17507081728581453,0.23284271362983577,0.10166076552383364,0.1935142477715777
2011-11-02,0.18192060149631306,0.23186492476164272,0.276088103214971,0.35931085129937995,0.17594465588597086,0.23322602987064583,0.13905567293893295,0.217070528476061
2011-11-03,0.24528840284070064,0.3034402049857027,0.2708812543690863,0.34771017920510944,0.17594465588597086,0.23322602987064583,0.19029520797867874,0.2158190749150836
2011-11-04,0.16503948505641558,0.20646906308207713,0.2577683088607289,0.3306086559359087,0.17594465588597086,0.23322602987064583,0.12912615518862947,0.2056001564978556
2011-11-07,0.15853578443795752,0.1994255392260938,0.23347681459351866,0.30070343943156025,0.17594465588597086,0.23322602987064583,0.1229193950495099,0.18507613269061582
2011-11-08,0.1552632507697666,0.19624931396196277,0.21564876661674026,0.2778521751086388,0.17594465588597086,0.23322602987064583,0.12171510240012008,0.1707598006492951
2011-11-09,0.14467486417079783,0.17999806758572154,0.2168021907733726,0.27773937937063353,0.17594465588597086,0.23322602987064583,0.11239440372809643,0.1726108653028253
2011-11-10,0.261240433108249,0.3280977165704163,0.2926127705874607,0.38095977327251335,0.17878446238623813,0.23642618007064556,0.19442102914423987,0.22620722084070072
2011-11-11,0.2740301451094175,0.33789521071408213,0.30060793952485665,0.38378390190396766,0.17878446238623813,0.23642618007064556,0.21115410011229221,0.23844480621965966
2011-11-14,0.24648231658390657,0.303873432137864,0.28785444323783294,0.36769975152347034,0.1783363952107806,0.2362899278384379,0.18973377975186892,0.2282162188203629
2011-11-15,0.2332184906223151,0.2891495962970975,0.25827153909704603,0.3323295020173176,0.1783363952107806,0.2362899278384379,0.17705328044237661,0.20326983331861354
2011-11-16,0.17018705710099336,0.2188336509760728,0.2407191262975118,0.3091298443402753,0.1783363952107806,0.2362899278384379,0.13266898018100404,0.1896221703805504
2011-11-17,0.18577053345289307,0.24005317763228806,0.22762633227245466,0.29383995879317665,0.1783363952107806,0.2362899278384379,0.1449025619937195,0.17831386273972075
2011-11-18,0.19581908764118794,0.25231748218155925,0.2163626366584367,0.27859719114603015,0.1783363952107806,0.2362899278384379,0.15324790220695844,0.16994829535518605
2011-11-21,0.18482185297263876,0.23591869272618285,0.21695104289776534,0.2773419234184502,0.1783363952107806,0.2362899278384379,0.1459471378766062,0.1719117503545643
2011-11-22,0.1872345200206269,0.24044720873567899,0.19565991031936392,0.2522376342051135,0.1783363952107806,0.2362899278384379,0.14658488393677857,0.15347061590269742
2011-11-23,0.19201924781682217,0.2438496589733926,0.1871512766783453,0.2399833893212836,0.1783363952107806,0.2362899278384379,0.1508463717143356,0.14755025918375805
2011-11-25,0.20154221498404007,0.2568127284332573,0.1771203053308375,0.22926011687766085,0.1783363952107806,0.2362899278384379,0.1559772970359996,0.13823124969133446
2011-11-28,0.22177342387939702,0.27724642323375454,0.16930604872284477,0.21855074605876404,0.1783363952107806,0.2362899278384379,0.17005366919841047,0.1328287033474309
2011-11-29,0.18188488544339454,0.23384856601485043,0.17355898107397916,0.22292812660773118,0.1783363952107806,0.2362899278384379,0.14459052215596782,0.1382525718788725
2011-11-30,0.16900988623045332,0.2180659075756094,0.16679954429115373,0.21484411084478153,0.1778433283752937,0.23614234121169048,0.13471395391252816,0.13244499226616313
2011-12-01,0.14932436592895582,0.19101769576094468,0.18289712813722814,0.23412876116166673,0.1778433283752937,0.23614234121169048,0.1194074148182746,0.1455227229163088
2011-12-02,0.13616815802040227,0.1762586682528459,0.1661750743505817,0.21450043125462992,0.1778433283752937,0.23614234121169048,0.1076214942055108,0.1309571014700757
2011-12-05,0.13403079164216358,0.1737074383341718,0.15500488490059922,0.2006539852852444,0.1778433283752937,0.23614234121169048,0.10486202657392492,0.12185447880239296
2011-12-06,0.1409949787291762,0.18305410211539674,0.1464464606962324,0.1898955057030126,0.1778433283752937,0.23614234121169048,0.1112490121584602,0.11509828791225295
2011-12-07,0.14773291638510266,0.1925290582381151,0.13927509207180472,0.18091785501979324,0.1778433283752937,0.23614234121169048,0.11755343423098094,0.1095838316060564
2011-12-08,0.15884199569556373,0.204205898947543,0.13364072273275518,0.17392594335599543,0.1778433283752937,0.23614234121169048,0.12473430969608192,0.10502937187217855
2011-12-09,0.1776867796964877,0.22257280001809915,0.1398680228540013,0.18222541320905747,0.1778433283752937,0.23614234121169048,0.1349787184432672,0.10918469799157329
2011-12-12,0.1669841594115974,0.20553777502810908,0.19442061649761866,0.24773425262062782,0.1778433283752937,0.23614234121169048,0.1306410663985694,0.15598850819596213
2011-12-13,0.14806100774498193,0.1842738791039513,0.17556100237040495,0.22632590519525334,0.1778433283752937,0.23614234121169048,0.1137845199381383,0.13906380577270075
2011-12-14,0.13148214278140435,0.16830705074315117,0.16476405174082176,0.21181836174682828,0.1778433283752937,0.23614234121169048,0.1033559537663639,0.12924445000759974
2011-12-15,0.1316300117981135,0.17091238322344127,0.15476909934938465,0.1998373613082402,0.1778433283752937,0.23614234121169048,0.10406554787630869,0.12077055811616931
2011-12-16,0.11996648389216408,0.15472709515411048,0.1532665701147875,0.196459449033419,0.1778433283752937,0.23614234121169048,0.09513534585750223,0.12027890925037663
2011-12-19,0.10796496502680408,0.1396324060667044,0.14773610198923448,0.18946345320005523,0.1778433283752937,0.23614234121169048,0.08543187833830014,0.11577786357168264
2011-12-20,0.11350995419892601,0.14801470431876437,0.13845034120462513,0.17891071822578986,0.1778433283752937,0.23614234121169048,0.08916321625406497,0.10750069087852562
2011-12-21,0.09886631285841818,0.12720778122699264,0.15050151686709062,0.19219155114219966,0.1778433283752937,0.23614234121169048,0.07885824057663093,0.1185219674595318
2011-12-22,0.08247455578480828,0.10523798286644337,0.16077581885576958,0.20512677554365194,0.1778433283752937,0.23614234121169048,0.06568208588749963,0.1266876419907702
2011-12-23,0.06629592461186484,0.0873863798771897,0.14779293966359291,0.18993705782534875,0.1778433283752937,0.23614234121169048,0.0525105519466789,0.11532978699472123
2011-12-27,0.06629750409521723,0.08633720401058614,0.14171525096349896,0.18205300755611753,0.1778433283752937,0.23614234121169048,0.05220284989267249,0.11067845536206247
2011-12-28,0.08606125377217938,0.11219584077123732,0.1397906290629214,0.18115606668885822,0.1778433283752937,0.23614234121169048,0.06649313220283899,0.10807618600472153
2011-12-29,0.10834294018060364,0.1408047388700194,0.14854644286120272,0.19301137435512566,0.1778433283752937,0.23614234121169048,0.08422945095742349,0.1152624618757896
2011-12-30,0.11218412371690983,0.14303667101046302,0.14993373671819044,0.19268871073856794,0.1778433283752937,0.23614234121169048,0.08855955270886097,0.11797143607634004
2012-01-03,0.11490584347735333,0.1479718589397589,0.1405756216820469,0.182373128882405,0.1778433283752937,0.23614234121169048,0.08966597852681099,0.1096075753587153
2012-01-04,0.11215717381787976,0.14429312455807572,0.13756010189225354,0.17760936681067732,0.1778433283752937,0.23614234121169048,0.08870250870139328,0.10801358191683816
2012-01-05,0.12151660193683636,0.15213618821787597,0.13547884493494006,0.1744025590364132,0.1778433283752937,0.23614234121169048,0.09293220402964675,0.1063578438450392
2012-01-06,0.10357979111046084,0.13146374748572737,0.13242172665417973,0.17064350302461456,0.1768218995206865,0.2357103715058632,0.07997537591876894,0.10393738125428872
2012-01-09,0.1191182412171437,0.14786837033897124,0.1309112952798283,0.16924300499346642,0.1768218995206865,0.2357103715058632,0.09152042584612723,0.10336655292720943
2012-01-10,0.11803424098071896,0.14721382450151857,0.1234096760390257,0.16088100794520532,0.17622261495467573,0.23554723306195804,0.0891562419463476,0.09660326352044409
2012-01-11,0.1093712146270504,0.13696901521779964,0.12188073083704559,0.15819024577546462,0.17622261495467573,0.23554723306195804,0.08303683049160865,0.09597765307983241
2012-01-12,0.11786330346858234,0.1469317372970397,0.11694521583386469,0.15258862223116562,0.17622261495467573,0.23554723306195804,0.08885339147143152,0.09153198925293811
2012-01-13,0.10646219105723151,0.13370875106043964,0.1179289647338641,0.1528659125338194,0.17622261495467573,0.23554723306195804,0.08101814818627444,0.09280172086644688
2012-01-17,0.10126103883619764,0.1295968593156786,0.1136407479163743,0.14807063641306237,0.17622261495467573,0.23554723306195804,0.07700001869018848,0.08832189875482707
2012-01-18,0.11742138308696853,0.1501518501136107,0.1222484991333539,0.16036450733153673,0.17622261495467573,0.23554723306195804,0.08869107975540409,0.0951544743195653
2012-01-19,0.10204632893957272,0.1300976721862589,0.13380485570879125,0.17282361862491663,0.17622261495467573,0.23554723306195804,0.08004944422426656,0.10605339043191583
2012-01-20,0.08670654303555098,0.1115069444556012,0.13441891288161067,0.17415611385294477,0.17622261495467573,0.23554723306195804,0.06893950482509187,0.10676447500608055
2012-01-23,0.08043364115504098,0.10112430005436296,0.1502799659982595,0.19326500045842587,0.17622261495467573,0.23554723306195804,0.06307113466178278,0.11924142043872056
2012-01-24,0.10507228934948176,0.13144551859677575,0.13730043791705632,0.17849327841447699,0.17622261495467573,0.23554723306195804,0.07953350198515118,0.10737278035799148
2012-01-25,0.11039967605691767,0.13789816076372036,0.13262651839554362,0.17226467674559387,0.17622261495467573,0.23554723306195804,0.08372145558532068,0.10369578786693927
2012-01-26,0.10447184743976357,0.1298972908544735,0.13190856627546765,0.17047905568342847,0.17622261495467573,0.23554723306195804,0.07986210377158784,0.10386251819769866
2012-01-27,0.10283808074423592,0.1288384449605739,0.12435242184784251,0.1617460782290166,0.17622261495467573,0.23554723306195804,0.07764469783203275,0.09713649740911298
2012-01-30,0.09129113194502345,0.11557630753473282,0.12088075547950361,0.15698552804261212,0.17622261495467573,0.23554723306195804,0.06939429594072388,0.094550140359764
2012-01-31,0.09217819653300846,0.11858731973036513,0.12210035367491512,0.1595532264442576,0.17622261495467573,0.23554723306195804,0.07019930337331387,0.09500766872040751
2012-02-01,0.09116155800285947,0.11757858942698796,0.1209725395540524,0.15719947930133257,0.17622261495467573,0.23554723306195804,0.07142288776233303,0.09482198114204247
2012-02-02,0.08641392843972581,0.11018462439523388,0.12560224229046474,0.16222491228102445,0.17622261495467573,0.23554723306195804,0.06804304143124724,0.09917961831231008
2012-02-03,0.07763023842828273,0.0994228440218115,0.12258261149857574,0.1587796743230857,0.17622261495467573,0.23554723306195804,0.060986132710794304,0.0965220731356034
2012-02-06,0.07092490174903199,0.09040707067402264,0.1264340677804457,0.16346040911686488,0.17622261495467573,0.23554723306195804,0.05580924307150664,0.09982559538182155
2012-02-07,0.07630268275251068,0.098821196951143,0.12113199231881933,0.15840624808930404,0.17622261495467573,0.23554723306195804,0.05891013230237633,0.09443357038436856
2012-02-08,0.07897887565228237,0.10141428948475441,0.11946016571922696,0.1554758375739045,0.17622261495467573,0.23554723306195804,0.06167167971703018,0.09370448692751578
2012-02-09,0.08594128168791673,0.11106175199368534,0.11684486766658714,0.15287593626548085,0.17622261495467573,0.23554723306195804,0.06696811956123154,0.09120586383636269
2012-02-10,0.0966800237715022,0.12482156661224991,0.1166999103452564,0.15269780286310203,0.17622261495467573,0.23554723306195804,0.07578352522985346,0.09119728791589449
2012-02-13,0.14906679332321943,0.18895664460224196,0.1464972803865216,0.1920832178960145,0.17636624029754078,0.23553558756394613,0.11297630039008726,0.11353858102719588
2012-02-14,0.14815196301827765,0.1841497375544731,0.16569224212793643,0.21305052854848333,0.17636624029754078,0.23553558756394613,0.11543543689297676,0.13166314253773295
2012-02-15,0.14157884328422285,0.1780986284665734,0.14965581730670685,0.19492533421947017,0.17636624029754078,0.23553558756394613,0.10827188373673718,0.11728706585112801
2012-02-16,0.13682862380361313,0.1742388520756419,0.15664764674570375,0.20518723183952864,0.17636624029754078,0.23553558756394613,0.10462593428988726,0.12247453076020802
2012-02-17,0.15818736094744296,0.19626218310928673,0.1762914233962135,0.22706905691156698,0.17599676603766312,0.23547518783424365,0.12353046354342626,0.14075011450813685
2012-02-21,0.14294164210221305,0.17752258999297782,0.17875453757167992,0.23097683787935816,0.17599676603766312,0.23547518783424365,0.11126652075609005,0.14248022735683272
2012-02-22,0.13843634774591648,0.1740679070346148,0.16128453179482416,0.21074866222594016,0.17599676603766312,0.23547518783424365,0.10623449489156776,0.12710293674463669
2012-02-23,0.13498825180330298,0.16913456344050654,0.15426912451199937,0.2002838891911719,0.17599676603766312,0.23547518783424365,0.10365485852232585,0.12105833498850108
2012-02-24,0.12834684635134538,0.15920547062235565,0.165054284268143,0.21258198162853612,0.1761350959311847,0.2355777269857235,0.09978795929924861,0.13067128687210688
2012-02-27,0.12533266602033413,0.1575506814212352,0.1500131375879193,0.19552171628787626,0.1761350959311847,0.2355777269857235,0.09557674658388635,0.11706332336366676
2012-02-28,0.14172945573221118,0.17812802615938744,0.14915390333806294,0.19472626315533237,0.1761350959311847,0.2355777269857235,0.10802292805342889,0.11623465512807955
2012-02-29,0.1412050140381942,0.17653887015398337,0.1450807769641398,0.18831448683279287,0.1761350959311847,0.2355777269857235,0.10867625296093371,0.11382535599788364
2012-03-01,0.14454037166739675,0.18149496887773972,0.13729375083338202,0.17933977925982972,0.1761350959311847,0.2355777269857235,0.11056813859414323,0.1071251429670794
2012-03-02,0.13781160029972103,0.17144739641900827,0.14621419211998188,0.18928021943672568,0.1761350959311847,0.2355777269857235,0.10724495263703857,0.1159489675630559
2012-03-05,0.13035525049094088,0.16333076036551364,0.13453076283374826,0.1754320962322338,0.1756469759636088,0.23545346280383936,0.10006139546769262,0.1053343294904241
2012-03-06,0.14037839501861057,0.17635437219459904,0.1327020811950499,0.1737325469785971,0.1756469759636088,0.23545346280383936,0.10702684447913134,0.10316001388363581
2012-03-07,0.191706980088987,0.24080120675179853,0.17504106642484257,0.22920545933362127,0.17638191111589152,0.23570659368367314,0.1459045511475563,0.13493702087407283
2012-03-08,0.188983916611699,0.23360761846895403,0.19103536962260775,0.24522549233630167,0.17563343885098237,0.2354458400384064,0.14749611140475177,0.15128631598292597
2012-03-09,0.17087474569805683,0.21181035863760356,0.18524616658396004,0.2382902888695998,0.17563343885098237,0.2354458400384064,0.13311122786022078,0.14646206399967565
2012-03-12,0.15706094524628078,0.19499534375708896,0.17773621051814897,0.22889575857374003,0.17563343885098237,0.2354458400384064,0.12199166582446647,0.14017024491765
2012-03-13,0.1436739815621911,0.17763165815894674,0.18584505943892915,0.23872685129885254,0.17563343885098237,0.2354458400384064,0.11201133014057264,0.14723644603626296
2012-03-14,0.129506433241708,0.1607667387581479,0.1787242492066572,0.2303683913412406,0.17563343885098237,0.2354458400384064,0.10039675470898327,0.141020704361697
2012-03-15,0.13154168185427348,0.16464317453584748,0.1653816260523991,0.21498996366290316,0.17563343885098237,0.2354458400384064,0.10052633441009017,0.12923056982758757
2012-03-16,0.13304934223973017,0.16612333484252176,0.1577932329106243,0.20494000003811305,0.17563343885098237,0.2354458400384064,0.10195327892578648,0.12357111469125752
2012-03-19,0.1273585166964724,0.1580796806081554,0.1619624181764585,0.20874784372360908,0.17563343885098237,0.2354458400384064,0.09879790031114243,0.12786078130527434
2012-03-20,0.1313786394515869,0.16460131149140744,0.15059038063837005,0.1960779177708178,0.17563343885098237,0.2354458400384064,0.10039107788576446,0.11754551141418194
2012-03-21,0.14163433079718227,0.17726464118211235,0.14742429518933814,0.19204646441608716,0.17563343885098237,0.2354458400384064,0.10830851492710655,0.11515435169728551
2012-03-22,0.13738475419251356,0.17103943320951115,0.14485062351216177,0.1876689568884272,0.17563343885098237,0.2354458400384064,0.10589708740896056,0.11404746450277145
2012-03-23,0.13961579162420554,0.17478369248366485,0.1370529808753821,0.17882230333508625,0.17563343885098237,0.2354458400384064,0.10675655403021399,0.10714591738806661
2012-03-26,0.13391782008559894,0.1666525842526956,0.1402694965374966,0.18162902394402478,0.17563343885098237,0.2354458400384064,0.10347717168892782,0.11063453937369333
2012-03-27,0.12477211233505281,0.15541302048450414,0.13679675512590528,0.17742810043387017,0.17563343885098237,0.2354458400384064,0.09604217571915184,0.10762767253108496
2012-03-28,0.14658320292665986,0.18431260135852423,0.14594273198071256,0.19119143202111571,0.17518790054167055,0.23530832036508378,0.11116467944916177,0.11317002163882259
2012-03-29,0.15061450144372568,0.18765252058593065,0.14446709214429226,0.18732228893441857,0.17518790054167055,0.23530832036508378,0.11562742977152962,0.11312481851245486
2012-03-30,0.14704848862949918,0.18335131336157953,0.13704276698342227,0.17799631635010169,0.17518790054167055,0.23530832036508378,0.11261181030152298,0.10709603460886849
2012-04-02,0.14404429256327242,0.17954493432251434,0.13100364063605796,0.1702984097899978,0.17518790054167055,0.23530832036508378,0.11012439599211032,0.10237714491122796
2012-04-03,0.14351462973341542,0.17918617357206448,0.12535008369823708,0.16334176875713896,0.17518790054167055,0.23530832036508378,0.1098759319132107,0.0981632291318018
2012-04-04,0.14184846593065886,0.17703457510751738,0.12120529990179735,0.15790071846311354,0.17518790054167055,0.23530832036508378,0.10860669396569732,0.09497857951193349
2012-04-05,0.15196396646953175,0.1903241891928333,0.12337868880586472,0.16151974125566965,0.17518790054167055,0.23530832036508378,0.11566223144085634,0.0960953109481967
2012-04-09,0.15708538278553807,0.19618553243894366,0.1226078292677571,0.15991654199750455,0.17518790054167055,0.23530832036508378,0.12003562334203846,0.09590543495724671
2012-04-10,0.18927928368561783,0.2371978120616149,0.15503430094572163,0.20236856515993723,0.17515947178890712,0.23526415374719825,0.14305403940056,0.11958227840327082
2012-04-11,0.2150873280122078,0.26871876550530027,0.16842642647362394,0.2193326649691183,0.17515947178890712,0.23526415374719825,0.16379621333777378,0.1314079958019805
2012-04-12,0.21130928130479398,0.2626332596363174,0.1638843731667861,0.21156914665025836,0.17515947178890712,0.23526415374719825,0.1622364575232432,0.12875789366822943
2012-04-13,0.18943278486789572,0.23356760703548549,0.20962895458785635,0.2684026317146785,0.17515947178890712,0.23526415374719825,0.1475909034159435,0.16725797847563328
2012-04-16,0.20636836310344542,0.25945249876505766,0.2076559656724365,0.2720539175557545,0.17569960386487926,0.23536617649490443,0.15718042977788377,0.16299008247856234
2012-04-17,0.21094961939427154,0.2629952816816125,0.1998536368303908,0.25953435897769667,0.17569960386487926,0.23536617649490443,0.1624547778776892,0.158323085779764
2012-04-18,0.19911443987739919,0.2472226525693127,0.19502190216572113,0.25221904856124366,0.17569960386487926,0.23536617649490443,0.15385651589382293,0.15506319970033994
2012-04-19,0.1906473862000016,0.23818603018665468,0.17798899801138146,0.23130654442943704,0.17569960386487926,0.23536617649490443,0.14685692699031086,0.14067724491892647
2012-04-20,0.184294853937219,0.23011680211531738,0.16822712483300017,0.21832454058394826,0.17569960386487926,0.23536617649490443,0.1425943695280655,0.1332838317287346
2012-04-23,0.17372443894575512,0.2162274539960578,0.16574413581569547,0.21443680285634856,0.17569960386487926,0.23536617649490443,0.13466299164508222,0.1316647033575559
2012-04-24,0.186307152093812,0.23436147560687598,0.164623954974482,0.21577423539258023,0.17569960386487926,0.23536617649490443,0.14272163716351768,0.1291946905590186
2012-04-25,0.18513671240511215,0.2296151629323655,0.16678398917299808,0.21516475166617693,0.17569960386487926,0.23536617649490443,0.14251956164670954,0.13196464214977593
2012-04-26,0.16957943779740675,0.20995542902327874,0.17085451390811135,0.21991216978218409,0.17569960386487926,0.23536617649490443,0.13091343260744986,0.13537302866402143
2012-04-27,0.1566106597850274,0.19453387906795133,0.1612088697180042,0.2082934902204459,0.17569960386487926,0.23536617649490443,0.1202341870129074,0.12706893091672367
2012-04-30,0.15209534192809043,0.18954662048062224,0.14969641745261347,0.19430563284615965,0.17569960386487926,0.23536617649490443,0.11629083564454572,0.11765553328998274
2012-05-01,0.16256866074628132,0.2031353707005298,0.14709670141126835,0.19177223283638403,0.17569960386487926,0.23536617649490443,0.12357328423577577,0.11495400028155092
2012-05-02,0.15915022118221217,0.19765229531210143,0.14572485881868935,0.18863389009703038,0.17569960386487926,0.23536617649490443,0.12216386457299513,0.1148896293382863
2012-05-03,0.1570070231340113,0.19588696313674483,0.13643051535923534,0.17767183000426495,0.17569960386487926,0.23536617649490443,0.12003351579576006,0.10707384719706343
2012-05-04,0.1651397795074184,0.20634872664717052,0.13471388200887152,0.17592136666302874,0.17569960386487926,0.23536617649490443,0.1259421730084228,0.10539103852535228
2012-05-07,0.18779474641096855,0.2354275077788142,0.14934250317559683,0.19587921452545395,0.17532464028615258,0.23527720068446503,0.1430752642029632,0.11684489812595487
2012-05-08,0.1877302648885641,0.23377743157859412,0.14792014939164322,0.1913984970349129,0.17532464028615258,0.23527720068446503,0.14435136085327466,0.11614894582772592
2012-05-09,0.18378768679414528,0.22909846837826026,0.13972076056092037,0.18115217814764506,0.17532464028615258,0.23527720068446503,0.14081701939613706,0.1093735661304519
2012-05-10,0.19209637228885562,0.2403027564025844,0.13947868172168126,0.18172564684335799,0.17532464028615258,0.23527720068446503,0.14676602510846343,0.10861922736631273
2012-05-11,0.1857708846519018,0.23036067766878285,0.1485171519345604,0.19118956345372645,0.17532464028615258,0.23527720068446503,0.14313756082943832,0.11728800164544664
2012-05-14,0.18874922409199296,0.23608557803011945,0.14187201199894778,0.18493699266428806,0.17532464028615258,0.23527720068446503,0.14371589338939908,0.11046352200072139
2012-05-15,0.21217951545943886,0.2664444390186062,0.15843945544546345,0.20750237805546431,0.17509904096138995,0.23521217406141065,0.1621638893919786,0.12381551481079146
2012-05-16,0.21369421117728382,0.2668970037243287,0.1548576330184458,0.20129669690987798,0.17509904096138995,0.23521217406141065,0.16484262522510157,0.12223157880891973
2012-05-17,0.20873539198772711,0.2612775730797221,0.14633313406946213,0.19066644019674842,0.17509904096138995,0.23521217406141065,0.1612112297053706,0.11540224099525831
2012-05-18,0.23115998336614352,0.2899299731309972,0.1591887622592606,0.2085239873279037,0.17500203957180593,0.23517364528456225,0.1765334005525798,0.12456007809903154
2012-05-21,0.2361714172998749,0.2951705802117618,0.15679987301645126,0.20412998441831548,0.17483375712250115,0.23518958175343582,0.18147226102930586,0.12355255254231272
2012-05-22,0.21910536109515022,0.27129823362942757,0.193434558163603,0.24849796162127794,0.17483375712250115,0.23518958175343582,0.17048752461504096,0.1548945262435401
2012-05-23,0.20497080299326154,0.2563379676391073,0.17170869392585497,0.22328209482335987,0.17483375712250115,0.23518958175343582,0.15780505392595515,0.13552235549329475
2012-05-24,0.19969995594046208,0.2496515206270448,0.16195752212673098,0.2104422210652743,0.17483375712250115,0.23518958175343582,0.1553991678400897,0.12894355416092224
2012-05-25,0.1891417204894919,0.23605161624687707,0.15661323629768764,0.20299905931029993,0.17249743336545986,0.2333199356152981,0.14738000511141583,0.12483469446190601
2012-05-29,0.1828755710717062,0.228959178937282,0.14553103159608594,0.18957261102162512,0.17249743336545986,0.2333199356152981,0.1416396447334814,0.11529054087311717
2012-05-30,0.1737603715261966,0.2169411961439912,0.14278275611397695,0.1852422169042442,0.17249743336545986,0.2333199356152981,0.13509065853242985,0.11354043696225552
2012-05-31,0.20841495812934768,0.2626611485143067,0.1733501814144014,0.2272911357967417,0.1732341346666777,0.23345345615460208,0.15977469644455827,0.1358295621930621
2012-06-01,0.21195318508718264,0.2650452060392914,0.1704827132894311,0.22102743546883669,0.1732341346666777,0.23345345615460208,0.1649242927600486,0.13552594070609947
2012-06-04,0.23174466537803168,0.2918939158949468,0.17828360677659894,0.23343514511645747,0.1733176197717161,0.23342568982144754,0.17927548342843763,0.14089640370067097
2012-06-05,0.22851668898264293,0.28580120636757417,0.17381289987516668,0.22538736232260614,0.1733176197717161,0.23342568982144754,0.17828495279765746,0.13870577120587352
2012-06-06,0.213754360003218,0.2665101631066187,0.17170842729241964,0.22201463522759185,0.1733176197717161,0.23342568982144754,0.16700690354420863,0.137426428279853
2012-06-07,0.1932811299683994,0.24043801821924127,0.18915505202709482,0.2438138533424944,0.1733176197717161,0.23342568982144754,0.15188107861856076,0.152124815451411
2012-06-08,0.1780207046152047,0.2223184355195617,0.17267205530118002,0.22399788417771135,0.1733176197717161,0.23342568982144754,0.1381890202172967,0.13769884586776643
2012-06-11,0.16880983140279893,0.21108257860392501,0.1627753004934266,0.21135669124241446,0.1733176197717161,0.23342568982144754,0.1311167810085541,0.12974152440357234
2012-06-12,0.19156137651390343,0.24168312819990656,0.1720031749596822,0.2256390792081299,0.17365084439060974,0.23343594990522107,0.14739431563329647,0.13582545002366786
2012-06-13,0.1875500838024508,0.233852330805982,0.17686162834944663,0.22895340002760245,0.17365084439060974,0.23343594990522107,0.14643438773975587,0.1417417645593869
2012-06-14,0.19977764316487617,0.25291516505920514,0.17586235380059445,0.23092221632370635,0.17356528379085256,0.23339694150458978,0.1553726146985142,0.13957885512269752
2012-06-15,0.1914857744694612,0.23828184005757677,0.19829100132382838,0.2564498021375136,0.17296717615722246,0.23333506984313326,0.15087868560202566,0.16027135715856783
2012-06-18,0.17507663559067332,0.21919489416950272,0.18108414052263977,0.23591119382480946,0.17296717615722246,0.23333506984313326,0.1365565817220246,0.14520937704125808
2012-06-19,0.15572844898379415,0.1934877768713009,0.21507751908174,0.2782161112194734,0.17296717615722246,0.23333506984313326,0.12338395459798261,0.17412721153375937
2012-06-20,0.14230230159146945,0.1792520034368169,0.19198127384512087,0.24962405653342531,0.17296717615722246,0.23333506984313326,0.11106886208786577,0.1528106096750808
2012-06-21,0.1339050526171993,0.16743650239086866,0.18996320527695842,0.24581190449821602,0.17292800816367215,0.23334772115965088,0.10506314329147576,0.151824889462903
2012-06-22,0.17489646868911135,0.2212829872939143,0.2107145502309542,0.2768510761748392,0.17428699038947304,0.23370536171215964,0.13353568619268985,0.16638662886199268
2012-06-25,0.17214312304275214,0.2135327678699587,0.22417335432980323,0.28966917932326175,0.17428699038947304,0.23370536171215964,0.135010533634357,0.18047378854209403
2012-06-26,0.1947356464912739,0.24528935447007882,0.21980599886190055,0.28792980073682684,0.1747382803598958,0.23376885213199755,0.1497720810828876,0.17436885887917256
2012-06-27,0.1934721282349851,0.24115932894024356,0.2118584505610659,0.27506393016586195,0.1747382803598958,0.23376885213199755,0.15069556018725533,0.16969712859828792
2012-06-28,0.1842851776307134,0.23014428795243128,0.19523241556270965,0.25384886016337177,0.1747382803598958,0.23376885213199755,0.14328117318755773,0.15608114324893752
2012-06-29,0.18041301375957974,0.22590660525076087,0.18025370874083413,0.23507449349573686,0.1747382803598958,0.23376885213199755,0.13982196851607892,0.14364795591523832
2012-07-02,0.16953296699799497,0.20980900574595576,0.2165746361512022,0.27924917578532304,0.1747382803598958,0.23376885213199755,0.13372579460782824,0.17496134144323694
2012-07-03,0.15019893967415757,0.18752546327907957,0.19430878786476768,0.252425310759689,0.1747382803598958,0.23376885213199755,0.11654851420148847,0.15531885717776775
2012-07-05,0.14358669678027738,0.17936615447504162,0.18011603499828355,0.2343734836605905,0.1747382803598958,0.23376885213199755,0.11106914927766891,0.14373608576509428
2012-07-06,0.15193033640165693,0.19085175405731444,0.1709981453728241,0.22381655898210986,0.1747382803598958,0.23376885213199755,0.11687260112129322,0.1357300786870848
2012-07-09,0.14962712325427616,0.1867510038264378,0.16463331780329926,0.2142978876139092,0.1747382803598958,0.23376885213199755,0.11609768283572139,0.1315201076609694
2012-07-10,0.15681344186786508,0.19718842160676844,0.15699646491147323,0.20578258102299277,0.1747382803598958,0.23376885213199755,0.12093748121450505,0.12453784867546971
2012-07-11,0.16803881771774976,0.21114265044478292,0.1538631178175961,0.2017075668002597,0.1747382803598958,0.23376885213199755,0.12992909915018905,0.1221577240247823
2012-07-12,0.1636958047217272,0.20419288705669095,0.1539990338631747,0.19938632350169383,0.1747382803598958,0.23376885213199755,0.1276925471446816,0.12257143576316966
2012-07-13,0.16135821376911988,0.2024154478157525,0.14238903009962,0.18584961477409997,0.1747921902473104,0.23381430361023778,0.12480216065789149,0.1124918295421225
2012-07-16,0.15194736311203003,0.1887438037947115,0.16160201399667895,0.2081828017241752,0.1747921902473104,0.23381430361023778,0.11919371749113963,0.12915258630433663
2012-07-17,0.14590267822339406,0.18314354956610637,0.1462886044501368,0.1906350406005574,0.1747921902473104,0.23381430361023778,0.11276818227998084,0.11551999110417471
2012-07-18,0.14114054438616647,0.17629759803103068,0.14465072330575135,0.18748162723169304,0.1747921902473104,0.23381430361023778,0.11008564094260677,0.11504205269536476
2012-07-19,0.1340302018603958,0.16752815173676655,0.13677300707324147,0.17773393826658426,0.1747921902473104,0.23381430361023778,0.10394315463947947,0.10850122481743903
2012-07-20,0.12598126909801372,0.15714028544439473,0.13675935799404249,0.1773184359940896,0.1747921902473104,0.23381430361023778,0.0980237096431308,0.1087561744418801
2012-07-23,0.13354578031098135,0.16831456640160528,0.1328628822831045,0.17420362485061852,0.1747921902473104,0.23381430361023778,0.10246805575669872,0.10439334164498562
2012-07-24,0.17638923037930737,0.22217581804705153,0.1740999616851373,0.22826921559000743,0.17557743910511658,0.23403800925565632,0.1344079028154146,0.13647380114140467
2012-07-25,0.20921931875444244,0.2626030699687821,0.1903597634237162,0.2486772641886554,0.17561794804936515,0.23402317722302535,0.1613126128548781,0.15041375407499236
2012-07-26,0.2042349184967987,0.2538055492299083,0.1899771837926132,0.24542129098087373,0.17561794804936515,0.23402317722302535,0.15940432529473422,0.1519695994585277
2012-07-27,0.1853527322316214,0.22995447860419085,0.19978492891228306,0.25745768373695194,0.17561794804936515,0.23402317722302535,0.14544514007534343,0.1603283574234417
2012-07-30,0.16838997418682522,0.20982956310441478,0.1878087210868783,0.24295415939107604,0.17561794804936515,0.23402317722302535,0.13152239131022375,0.15003236481657303
2012-07-31,0.1810745740866157,0.22758437954759053,0.18131061725459308,0.23691290116372282,0.17561794804936515,0.23402317722302535,0.13972681163057496,0.14343257979983498
2012-08-01,0.19482951441239738,0.24431576770840202,0.17779599313360728,0.23196091284965673,0.17561794804936515,0.23402317722302535,0.15088525218990845,0.14099239066738534
2012-08-02,0.19281620908822056,0.2413199413955257,0.16843953902191655,0.21907921196147695,0.17561794804936515,0.23402317722302535,0.15022512808665295,0.13411340964580254
2012-08-03,0.18026171817992154,0.2248016562187441,0.17428939528714293,0.22543599951033771,0.17561794804936515,0.23402317722302535,0.14174582341469755,0.13983270298725461
2012-08-06,0.16102565876506775,0.19997332298925352,0.19569570723449903,0.2525393517034741,0.17561794804936515,0.23402317722302535,0.12699752663435235,0.15767117825670424
2012-08-07,0.152323122008572,0.19138054563564888,0.17482655167938155,0.2281623932225033,0.17561794804936515,0.23402317722302535,0.11844534305280938,0.13941047196791762
2012-08-08,0.15076127652130383,0.18950379786449673,0.1641586961681336,0.21428514745741542,0.17561794804936515,0.23402317722302535,0.11771849980850607,0.13113559459235616
2012-08-09,0.1440072399715089,0.18009253323093433,0.16017524886093737,0.20816983571444792,0.17561794804936515,0.23402317722302535,0.11265590716541977,0.1282039687011972
2012-08-10,0.13764842998858395,0.17277529743596529,0.14826087602278526,0.1935368921603927,0.17561794804936515,0.23402317722302535,0.10707768541691194,0.11816653653832182
2012-08-13,0.13095807402945447,0.16400670698860817,0.14452301855885663,0.18802601632213406,0.17561794804936515,0.23402317722302535,0.10236391728019949,0.11543891738022133
2012-08-14,0.12000670322608509,0.14966793625829983,0.15218995648337386,0.19752184756489302,0.17527366518020604,0.2339643736879884,0.09409831410575081,0.12213540021976851
2012-08-15,0.13613617422281094,0.17233795563486842,0.15208717293845653,0.20040597431093365,0.17527366518020604,0.2339643736879884,0.10508186269115147,0.12071694376028604
2012-08-16,0.13737565575113594,0.1723670155459945,0.148207965117493,0.1939956775141227,0.17527366518020604,0.2339643736879884,0.10724420894949384,0.1188294388948152
2012-08-17,0.131428007187106,0.16470035160179625,0.14270741837487522,0.18548306526223568,0.17527366518020604,0.2339643736879884,0.10247898081845982,0.11344926054545633
2012-08-20,0.1225040097234151,0.15298175368835612,0.14624935868843625,0.18945131365480322,0.17527366518020604,0.2339643736879884,0.09595683559221867,0.11673913876275492
2012-08-21,0.12656764518245495,0.15988556681157018,0.13813762670742324,0.1805798288161167,0.17527366518020604,0.2339643736879884,0.09790454278295277,0.10887859525961739
2012-08-22,0.1471503789275229,0.18596507818889887,0.14550849904377283,0.1905225323481776,0.17527366518020604,0.2339643736879884,0.11389430794529336,0.11465619289082546
2012-08-23,0.1507714992598207,0.18960470707527863,0.14140361748828356,0.184181105212523,0.17490605766230005,0.23391154013583654,0.11762326646145776,0.11214335145730728
2012-08-24,0.16182504294323774,0.20450366507616521,0.1410523854851986,0.18460505947851322,0.17490605766230005,0.23391154013583654,0.12597548222233323,0.11148251661043221
2012-08-27,0.1576466105110476,0.19733194343436122,0.14418994928138174,0.18688027339122165,0.17490605766230005,0.23391154013583654,0.12374001466150436,0.11512795018067305
2012-08-28,0.1689040959063408,0.21385033392103975,0.1450425311343937,0.19018089895257048,0.1742857415925907,0.23380608169814343,0.13142029132725236,0.11464589913581658
2012-08-29,0.17215798023390794,0.2169651458455795,0.14108756539244138,0.18419297793621406,0.1742857415925907,0.23380608169814343,0.13481077766031674,0.11244135302876684
2012-08-30,0.1763580441348001,0.22275015498794667,0.13625636439698108,0.1786483018164392,0.1742857415925907,0.23380608169814343,0.137805206421654,0.10853866395925342
2012-08-31,0.18575099358919472,0.23475981729831552,0.13595198621285853,0.17912215692133726,0.1742857415925907,0.23380608169814343,0.14504694022114256,0.10848669419708713
2012-09-04,0.18053536475620985,0.22739295602759552,0.13277174005715953,0.1739243614382587,0.17215695361658234,0.23245454940024537,0.14191566541548273,0.10672406196131706
2012-09-05,0.1823998720121504,0.22963444107186046,0.12712059922630736,0.1678387870025696,0.17215695361658234,0.23245454940024537,0.14165417004868555,0.10169118560518796
2012-09-06,0.17666688703428945,0.22189006972744,0.12390752151514284,0.1625898456495709,0.17104503447971453,0.23183168560535725,0.13791473681465757,0.09943478016376257
2012-09-07,0.16157574076667364,0.20136172929742607,0.1662006125923,0.21503451742930674,0.17104503447971453,0.23183168560535725,0.12790160066099596,0.13506282330029795
2012-09-10,0.14257036832204592,0.17832773997590193,0.16924358767065284,0.21998406200012371,0.17104503447971453,0.23183168560535725,0.11224032359227697,0.13726993938215082
2012-09-11,0.1690924906923026,0.2145728469484763,0.1826286042517291,0.2401480834422651,0.1711030092840815,0.23183529166585926,0.1307425929908851,0.1461362723162123
2012-09-12,0.1753655387661428,0.22080509223150555,0.17553840286673617,0.22902154614630596,0.1711030092840815,0.23183529166585926,0.13726578604475037,0.14160171164611307
2012-09-13,0.16728024964827198,0.2102232385839403,0.16804989899778033,0.21861465514781084,0.1711030092840815,0.23183529166585926,0.13164394118816636,0.13598162790936474
2012-09-14,0.15245732878335716,0.1907507395804382,0.18950112233027072,0.2456026003429431,0.1711030092840815,0.23183529166585926,0.12120145197138121,0.15457456189901211
2012-09-17,0.14853934860728552,0.1882661515003211,0.1701393973102674,0.22376126169334765,0.1711030092840815,0.23183529166585926,0.11641163542247697,0.1382061101631042
2012-09-18,0.14929794011759046,0.1880039885654992,0.15997555884079295,0.2101558945361124,0.16870211832643633,0.2276226743762059,0.11670158984637574,0.130282242203841
2012-09-19,0.14346198423116607,0.18033375104187369,0.15261413870541873,0.20001569177484144,0.16870211832643633,0.2276226743762059,0.11249282065313,0.12430643129234362
2012-09-20,0.13673590602282665,0.17192924877233057,0.14383519042672854,0.18871916343258802,0.16870211832643633,0.2276226743762059,0.10697426207450693,0.11701450773375116
2012-09-21,0.13561335846640257,0.17123055588807215,0.13487776921805783,0.17764496753694542,0.16819215043006253,0.22753881885668098,0.10570283144573003,0.1092288325970417
2012-09-24,0.13272435681122477,0.16724461685248976,0.12876833953926692,0.16944404199937949,0.16819215043006253,0.22753881885668098,0.10356142956175397,0.10442237510221151
2012-09-25,0.132282255403003,0.16717989728449476,0.12257405327685778,0.16175629347168927,0.16773987252295974,0.227376309893632,0.10304713050325373,0.09910324104038092
2012-09-26,0.1546020033987865,0.1966699822794782,0.13856921361671182,0.18335480018005548,0.1669302059758122,0.2273092346316676,0.1202267204878912,0.11142088940060065
2012-09-27,0.1801113379862473,0.22901514702231654,0.15388276408217783,0.20312309104045037,0.1665153206901797,0.22732554903163585,0.1408239867972417,0.12408625829455487
2012-09-28,0.17324124198254837,0.21723075923280816,0.1852311275877525,0.24060894533438182,0.16642878914579784,0.22736018999842722,0.1378529215163196,0.15168588150636872
2012-10-01,0.1733560568974124,0.21986977857071516,0.17021275729191143,0.2234426516872904,0.1671760287438051,0.22736916952664626,0.13574616903581105,0.13731217965355197
2012-10-02,0.18129660341839726,0.2299214368636822,0.1635110242833604,0.21483462887157243,0.1671760287438051,0.22736916952664626,0.14252113622329243,0.13226872593385236
2012-10-03,0.1746729364827807,0.22103583968567228,0.1583718011069144,0.20716619452544838,0.1671760287438051,0.22736916952664626,0.13835587449447861,0.12903865185251678
2012-10-04,0.16442179646165267,0.20846532069398108,0.1476550336447806,0.1936033867128653,0.16472569192956765,0.22544773903003634,0.12993647985675671,0.11987148546396646
2012-10-05,0.15486329206921823,0.19578417193831918,0.14856304275739762,0.1944156501974962,0.16472569192956765,0.22544773903003634,0.12273543813878739,0.12100873031559056
2012-10-08,0.14539314218343852,0.18421470609640528,0.13891621177842728,0.18221331252344192,0.16472569192956765,0.22544773903003634,0.11457618337127694,0.11220522446505286
2012-10-09,0.15470914727831325,0.19711323441936499,0.13705797978169265,0.180989873159851,0.16472569192956765,0.22544773903003634,0.12122385967220292,0.11019135883883759
2012-10-10,0.17563620223088022,0.22433909265579732,0.14899410035560967,0.19726708243549673,0.16472569192956765,0.22544773903003634,0.13803544025934897,0.12044088693783804
2012-10-11,0.17254768560065586,0.21944493694360856,0.14287903653477096,0.18839667682856695,0.16216272074423022,0.22189774520503935,0.13663408587885081,0.11634050990701163
2012-10-12,0.16212756349722474,0.2059567532954351,0.14056416722931386,0.18495978980342223,0.16216272074423022,0.22189774520503935,0.12869337249701332,0.11488427112760406
2012-10-15,0.1615926346274758,0.20650461892115438,0.13311254326020405,0.1764057824231941,0.16150377674173333,0.2215368505756475,0.12727432032064032,0.107900916789929
2012-10-16,0.15740346640689956,0.1995487628000846,0.1378472108602693,0.18082138507850967,0.16150377674173333,0.2215368505756475,0.12490674773032916,0.11239227549977726
2012-10-17,0.14705379754515807,0.1873221046450278,0.12778098399834792,0.1686095395099664,0.16150377674173333,0.2215368505756475,0.11598445098300797,0.10357901461504283
2012-10-18,0.14205365933483755,0.18060873737666225,0.1220810341636116,0.1611657583057945,0.16150377674173333,0.2215368505756475,0.11193264056064778,0.09900743491074661
2012-10-19,0.136462811368265,0.17375678163876326,0.116463732120335,0.15427736627733157,0.16150377674173333,0.2215368505756475,0.10744705474156668,0.0944488264862144
2012-10-22,0.17678405491655003,0.2253868607759007,0.15824724331862572,0.209382235749659,0.16161749972914663,0.22159312307053272,0.13739723421465086,0.1266705208011505
2012-10-23,0.17579757567048282,0.22212798806585426,0.15477804492301717,0.20204134977793448,0.16161749972914663,0.22159312307053272,0.13871553031443173,0.12500832480600294
2012-10-24,0.20656174273719335,0.2625339486572186,0.17924098396047616,0.2351537363918841,0.1621581116959534,0.22163343491406978,0.16093197888890853,0.14281893825389805
2012-10-25,0.20122280700607326,0.2548335516830577,0.17172428605527146,0.22378800359772097,0.16143117744976787,0.22152372015853738,0.15933402878063474,0.13887401993323079
2012-10-26,0.19051196627128025,0.24135150258077473,0.1581905341404668,0.2064918189970498,0.16077527858438834,0.22115341866808957,0.15059707778730497,0.12777405957846982
2012-10-31,0.18028030571163295,0.2282488411334223,0.14833647730356503,0.19352454537703842,0.16077527858438834,0.22115341866808957,0.14228969336330596,0.11961653677348053
2012-11-01,0.18369847147126328,0.23344182423235882,0.1427759663539515,0.18717542926708944,0.16077527858438834,0.22115341866808957,0.14414540915875484,0.11431833214862656
2012-11-02,0.1735200282640012,0.21850364693874355,0.16945397866387668,0.2191825391030456,0.16077527858438834,0.22115341866808957,0.1380277085936295,0.137481472323923
2012-11-05,0.17419483760144833,0.2216953974252125,0.1558041749063095,0.20431933720290535,0.16077527858438834,0.22115341866808957,0.1366458297653939,0.1250141596465702
2012-11-06,0.18472238556949905,0.23485951635890825,0.15364054683806405,0.201193138539462,0.16077527858438834,0.22115341866808957,0.14483737836664182,0.12324745582377518
2012-11-07,0.17689590915833603,0.2236386847019078,0.15201763065556606,0.19781402514428142,0.1609780486211736,0.2211939523819668,0.13961539460537153,0.12285800936280401
2012-11-08,0.19024079610454653,0.24233858243705078,0.15513704995386668,0.20363877454145607,0.1609780486211736,0.2211939523819668,0.14866867714986237,0.12380411447591744
2012-11-09,0.18433479384075668,0.23351847664842906,0.15177053760122916,0.19732373255482896,0.1609780486211736,0.2211939523819668,0.14520345693936978,0.12209756720139339
2012-11-12,0.17391632721301808,0.22209014969505544,0.14080495892853928,0.18364554674152617,0.160837285829174,0.22123201735436823,0.13655643685618826,0.11265218277751514
2012-11-13,0.1663263281255808,0.2094937789997027,0.16823379625700818,0.2170862816335556,0.16176778020202587,0.22132717357933665,0.13166131300948944,0.13617881501721552
2012-11-14,0.15337127293067127,0.19457854583411777,0.15122289951609935,0.19684596413889965,0.16176778020202587,0.22132717357933665,0.12025833111789756,0.12119268774660241
2012-11-15,0.16942525241062423,0.21593314288983118,0.15373836545609143,0.20132304156256461,0.16176778020202587,0.22132717357933665,0.1324092883321673,0.1224492388233089
2012-11-16,0.170393001772852,0.2159025443051335,0.1484658708846499,0.1932663926254256,0.16176778020202587,0.22132717357933665,0.1343891621110564,0.11886522624501294
2012-11-19,0.15957752946343584,0.20067299234751418,0.16447225698173973,0.21224834922214753,0.16176778020202587,0.22132717357933665,0.12710676256341857,0.13298994671290548
2012-11-20,0.1434045638764994,0.18274713687547137,0.16457435550375754,0.21380600396563984,0.16176778020202587,0.22132717357933665,0.11491990334154452,0.13408096660732582
2012-11-21,0.13313505973423984,0.17032873380832012,0.14977855055600164,0.19625448448092678,0.15958510561179118,0.21981456130079718,0.10558900607222386,0.12170493006685877
2012-11-23,0.13331516427836698,0.17069453614181174,0.1407395046976505,0.18486079720008608,0.15958510561179118,0.21981456130079718,0.10531799491073639,0.11401428654391225
2012-11-26,0.1290709287443494,0.16524088801660486,0.13457712997837867,0.17646402152871787,0.15958510561179118,0.21981456130079718,0.10227450063821285,0.10922603395917223
2012-11-27,0.1322769298308012,0.16954259072126326,0.1286491881827445,0.16930101812969203,0.15958510561179118,0.21981456130079718,0.1043730912651706,0.10412731680051292
2012-11-28,0.13856106850827976,0.1774314611112031,0.12608431044005175,0.16600838824281475,0.15958510561179118,0.21981456130079718,0.10940837850068016,0.10200966818464297
2012-11-29,0.1344229700974156,0.1713279953984438,0.12471006496988302,0.16333204359115452,0.15958510561179118,0.21981456130079718,0.10665275580327699,0.10126165895463297
2012-11-30,0.12754308555624766,0.1623815582483689,0.12215547280267625,0.1600397512229826,0.15958510561179118,0.21981456130079718,0.10124486750777223,0.09928112251870612
2012-12-03,0.13822658673342797,0.17706765615359124,0.12354711669769658,0.16308296658585525,0.15958510561179118,0.21981456130079718,0.10885144222181768,0.09958641334003446
2012-12-04,0.1524588825160565,0.1948874405185307,0.12808758510872453,0.16883460571128975,0.15958510561179118,0.21981456130079718,0.12041694514369468,0.10339919376402
2012-12-05,0.1591425195261459,0.20307069426872787,0.12711594341625965,0.16732628668241384,0.15958510561179118,0.21981456130079718,0.12575121253705615,0.1028538121661528
2012-12-06,0.15267519081449132,0.19390625824494387,0.12808477455020872,0.16765375740863228,0.15958510561179118,0.21981456130079718,0.12170591083302405,0.10441739261195339
2012-12-07,0.14734245040180693,0.1877032413196401,0.12091982820276936,0.1590328582272014,0.15958510561179118,0.21981456130079718,0.11706653482978079,0.09819664879429338
2012-12-10,0.140450715905042,0.17827651508702877,0.12352184302786684,0.16158088433798942,0.15958510561179118,0.21981456130079718,0.11237754783213919,0.10083679965403773
2012-12-11,0.13574428045786624,0.17329991674439774,0.11688865531621984,0.153805861243454,0.15958510561179118,0.21981456130079718,0.10830274613835356,0.09502159507483425
2012-12-12,0.13063587774561025,0.16628155599533298,0.11752241664133622,0.1539692137614825,0.15958510561179118,0.21981456130079718,0.10473014171412387,0.09590202483752207
2012-12-13,0.13159328325764186,0.1684872293608068,0.1136287262662744,0.1498202136167624,0.15958510561179118,0.21981456130079718,0.10487888508107282,0.0921573782749743
2012-12-14,0.14045607096786705,0.18009179717042795,0.1159814189343995,0.15312284325804593,0.15958510561179118,0.21981456130079718,0.11200271246692665,0.09405971153311617
2012-12-17,0.14614712407185176,0.18735326544898848,0.1162482158759619,0.15331294886517835,0.15958510561179118,0.21981456130079718,0.11689638077927361,0.09446031200024416
2012-12-18,0.14072371712574866,0.17953941118544733,0.11955354594156065,0.15654898259699374,0.15958510561179118,0.21981456130079718,0.1133222165071696,0.09777221393906557
2012-12-19,0.1312339149068859,0.16753040039813819,0.12266215882026987,0.1605548582980878,0.15958510561179118,0.21981456130079718,0.10592716175731641,0.10047441440054333
2012-12-20,0.15688285600923274,0.20237717564279253,0.14436582802291176,0.19044083929253203,0.16009525824259496,0.21982046438210817,0.12471367063619353,0.11626301879390169
2012-12-21,0.16430941835773683,0.2106872201105764,0.14199950884700052,0.1861099754006343,0.16009525824259496,0.21982046438210817,0.13204631082252608,0.11546159339738422
2012-12-24,0.1617448232777845,0.2077599333671993,0.1348825889909968,0.177013372471617,0.16009525824259496,0.21982046438210817,0.1303109428817587,0.10982321148571172
2012-12-26,0.15596853307725222,0.2008502230404371,0.1286596966226532,0.16906546318236929,0.16009525824259496,0.21982046438210817,0.1260873718930639,0.1049173031603851
2012-12-27,0.176688260227432,0.22811119217341813,0.14142994350093696,0.18681376514353779,0.1592258477382369,0.2197417587965283,0.14144103991593593,0.11449757191434827
2012-12-28,0.17545380100934926,0.22551640398467657,0.13790705284150828,0.1809486579784276,0.15939733621950558,0.2197365160092424,0.1417255130108181,0.1125407161475945
2012-12-31,0.2160401365842627,0.2789009849782987,0.18071419450448012,0.23802928205664656,0.15994475170532252,0.22012489292259316,0.17217394839316594,0.14526786605869102
2013-01-02,0.2060305144770458,0.2594025148707897,0.27470966320425716,0.3536161596330926,0.15994475170532252,0.22012489292259316,0.16886922746057914,0.22652597604157088
2013-01-03,0.1717111150859949,0.2168046750783938,0.318512976447189,0.41302762608919513,0.15994475170532252,0.22012489292259316,0.14125182086873733,0.26315817095069366
2013-01-04,0.1513041896676946,0.19345257649384673,0.27349564006108285,0.3571978422562553,0.15994475170532252,0.22012489292259316,0.12195193473771868,0.2240669147945492
2013-01-07,0.1430635796647925,0.18235689606250383,0.25096042294191667,0.32717255063531925,0.1599157444160335,0.2200660144060454,0.115663486318887,0.20582184199481665
2013-01-08,0.1342201351028145,0.1715449052404504,0.22360100072953215,0.29210252953249904,0.1599157444160335,0.2200660144060454,0.10783854999265827,0.1827564891175831
2013-01-09,0.13049477917112579,0.16706182719700535,0.20256686974158278,0.265921028084393,0.1599157444160335,0.2200660144060454,0.10545666245878897,0.1671306426171154
2013-01-10,0.12933776343995212,0.16630127833852348,0.18362052134516604,0.24170549980467393,0.15771317685101005,0.21852385103132574,0.10448361478000423,0.1513938297108226
2013-01-11,0.12555736259136246,0.1604018703569415,0.17035789518099342,0.22381864644115487,0.15771317685101005,0.21852385103132574,0.101160652451139,0.14042743623165554
2013-01-14,0.12061928391720406,0.15421740940441156,0.15596337653810055,0.20521990882780985,0.15771317685101005,0.21852385103132574,0.09681273378742727,0.128222916026343
2013-01-15,0.12084497512569925,0.1549292273516029,0.1437816110564598,0.18961767174321179,0.15771317685101005,0.21852385103132574,0.09684018014743788,0.1179011097322124
2013-01-16,0.11997879013947865,0.15387384177819632,0.13445803480926388,0.17724259200203907,0.15771317685101005,0.21852385103132574,0.09642865268673875,0.11023114803772194
2013-01-17,0.11697962619834362,0.1497779462232026,0.1269631306973691,0.1672951086343994,0.15771317685101005,0.21852385103132574,0.09408004919847703,0.1041114970259906
2013-01-18,0.11811910592947927,0.15129272662793927,0.12036739371169713,0.1591831795165675,0.15771317685101005,0.21852385103132574,0.09457346479170073,0.09863377271709288
2013-01-22,0.1086862520284198,0.13802574905502382,0.14208402416854748,0.1858291886819241,0.15771317685101005,0.21852385103132574,0.08810045772432423,0.1171644983042541
2013-01-23,0.10191418344043807,0.13058838712530993,0.13054418319197625,0.1719084907500692,0.15771317685101005,0.21852385103132574,0.0816642815499499,0.10690854860864821
2013-01-24,0.10177637489522068,0.1303389412344039,0.12407984595672295,0.16363425186057104,0.15771317685101005,0.21852385103132574,0.08139974863359582,0.10167443284103336
2013-01-25,0.10648323527695597,0.1365938822814142,0.12017344904130378,0.15884808562353975,0.15771317685101005,0.21852385103132574,0.08500488582428697,0.09832989453799465
2013-01-28,0.1109657702789984,0.1424222812799752,0.11741280557037026,0.15529298348114445,0.15771317685101005,0.21852385103132574,0.08870723706926507,0.09602966255905475
2013-01-29,0.12632329306795276,0.16255713905776267,0.12326327891779565,0.1633415138638336,0.15771317685101005,0.21852385103132574,0.10084034752134603,0.10056529661110766
2013-01-30,0.1242090380769571,0.15909903249356605,0.12125812302117489,0.15991511538452466,0.15771317685101005,0.21852385103132574,0.0998848088066694,0.09935277996278653
2013-01-31,0.14371153050735147,0.18494596811062863,0.13249458897804645,0.1755590625704577,0.15771317685101005,0.21852385103132574,0.11456259055439161,0.10789483122151922
2013-02-01,0.1441818381614231,0.1846682508052796,0.12837496575291119,0.16926498208167098,0.15771317685101005,0.21852385103132574,0.11584083864213934,0.10510544186509288
2013-02-04,0.13046089067032235,0.16597595600696205,0.154913498418918,0.20254734820782877,0.15771317685101005,0.21852385103132574,0.10607084081173937,0.12786968798294318
2013-02-05,0.16448608682519023,0.211858605418772,0.17856451066407075,0.23589768901176245,0.15866070278544075,0.21862804192759389,0.1308299929184657,0.1452044208684526
2013-02-06,0.16091270354961273,0.20440038247590578,0.1783458917174836,0.23374774545740304,0.15866070278544075,0.21862804192759389,0.1300867586370575,0.14735721868391932
2013-02-07,0.14936025032065586,0.19045517897405717,0.16206710359745902,0.2130561775864622,0.15778137113268398,0.2185513068782998,0.12016410435926016,0.1333068567696763
2013-02-08,0.1456351219620708,0.1863068783965613,0.14844101727100756,0.19575260084505572,0.15778137113268398,0.2185513068782998,0.11687583264561319,0.12171694010502253
2013-02-11,0.13887331855368462,0.17695218938857749,0.14327990320552608,0.1883682551756801,0.15778137113268398,0.2185513068782998,0.1116990008053663,0.11766869483024993
2013-02-12,0.13305227815025034,0.1698482283171976,0.13309623501722312,0.1755418065308418,0.15778137113268398,0.2185513068782998,0.10644455062981384,0.10896682264901388
2013-02-13,0.1275238931789865,0.16253301863540867,0.12840909355562813,0.1689511569307453,0.15778137113268398,0.2185513068782998,0.10219161241191003,0.105013736029184
2013-02-14,0.13067150472567046,0.16751847497387182,0.12327409168113301,0.1630393390587312,0.15778137113268398,0.2185513068782998,0.10436139357447285,0.10036413935560576
2013-02-15,0.12691831127425252,0.16206652511574965,0.12140636368719648,0.16005653211486412,0.15778137113268398,0.2185513068782998,0.10192653104646235,0.0992861626826785
2013-02-19,0.12130266850502297,0.1549939854751041,0.11674943344396782,0.1543332589549768,0.15778137113268398,0.2185513068782998,0.09709654806894691,0.09537793868066807
2013-02-20,0.11598245483331121,0.14892470827935073,0.1122360611322808,0.14940448889584396,0.15778137113268398,0.2185513068782998,0.09318768063946577,0.09226951158585889
2013-02-21,0.17988678428019483,0.23241202623256038,0.19474089421571872,0.25949230068224216,0.15864793046379488,0.21928184259173633,0.14109564877670358,0.15711731349011693
2013-02-22,0.1966168234096911,0.2514121327083701,0.18686212825760173,0.24678322155738455,0.15864793046379488,0.21928184259173633,0.1562159107627678,0.15205286534942258
2013-02-25,0.1850000326545827,0.23480948197831067,0.18479082065450303,0.24253322056046564,0.15864793046379488,0.21928184259173633,0.14784293124691716,0.15131965443304957
2013-02-26,0.2903566136256992,0.37367642424280056,0.31880636396965745,0.42483299392703916,0.16161516025866085,0.22389667794055487,0.22546540393686562,0.25644792064551525
2013-02-27,0.2807335116734361,0.35555204742192387,0.3123956577791196,0.40998570355346403,0.16161516025866085,0.22389667794055487,0.22288009865993919,0.25458814458375906
2013-02-28,0.24779203338635758,0.3132566821149577,0.3074821368455165,0.4037164140268808,0.16161516025866085,0.22389667794055487,0.19695878921926177,0.25098470689465424
2013-03-01,0.2390026090788181,0.3053438178706753,0.26343324394544343,0.3488778240222839,0.16161516025866085,0.22389667794055487,0.187960046437791,0.2133774690658547
2013-03-04,0.2288071613678404,0.29145335624754154,0.23350509349042348,0.30807316098128734,0.16161516025866085,0.22389667794055487,0.180945934406074,0.1894487007523952
2013-03-05,0.20966772072261086,0.26563490927868205,0.22844148121503371,0.30020984572800946,0.16161516025866085,0.22389667794055487,0.16648487677362472,0.18597954314690632
2013-03-06,0.1912606208359071,0.24299195322781653,0.20355950344711404,0.26831744756647924,0.16161516025866085,0.22389667794055487,0.15086717913274467,0.16500855354821867
2013-03-07,0.1822699203752538,0.23233733724518643,0.17932984285328368,0.2369506968467859,0.16161516025866085,0.22389667794055487,0.143488675218227,0.1448287221116265
2013-03-08,0.17218430027441856,0.2191578824687254,0.16563926755207814,0.21836287441277905,0.16161516025866085,0.22389667794055487,0.13617442608318403,0.13382340129203113
2013-03-11,0.16039207325703642,0.2045780412134637,0.15445061662839144,0.20419066353282292,0.16161516025866085,0.22389667794055487,0.12663603085642908,0.12494287098717688
2013-03-12,0.14612965483378287,0.18592445515217282,0.16813268223248334,0.22137771042728893,0.1616375055295296,0.22391930350504355,0.11590943151890015,0.1366806648004683
2013-03-13,0.15342540111872205,0.19776795540663622,0.15839259782616022,0.21090262238913443,0.1616375055295296,0.22391930350504355,0.12019706910424649,0.1275516338923417
2013-03-14,0.14966941451680077,0.19109396298134887,0.15235404744479997,0.20139621916089404,0.1616375055295296,0.22391930350504355,0.11833945963009515,0.12345283922458657
2013-03-15,0.13883319239861436,0.17702542598043583,0.14776937632421872,0.1953187935003615,0.1616375055295296,0.22391930350504355,0.10981453774914184,0.11972438839601188
2013-03-18,0.13211348551262075,0.1689746050451304,0.13533626749706373,0.179734134283398,0.1616375055295296,0.22391930350504355,0.10383521102258053,0.10915101947210089
2013-03-19,0.19178605288747214,0.24644134058666212,0.206285797664866,0.27369526839081787,0.16331932526371062,0.22451092980513188,0.14798316064209163,0.16393734424824324
2013-03-20,0.21914509629637713,0.28453266608402383,0.20588371008171036,0.27342652214997076,0.16331932526371062,0.22451092980513188,0.17220970454804715,0.1657006879205573
2013-03-21,0.20567227350435413,0.26310358190722766,0.2279254400133528,0.29930486077843177,0.1629149455276684,0.22453078678468882,0.1639450709348999,0.18554257658155793
2013-03-22,0.2168392595585028,0.2808729880930882,0.21404945711290368,0.28498024419058343,0.16320348611244873,0.22450008231191412,0.17016485934625655,0.17238734226117988
2013-03-25,0.210682528777127,0.26996583403167995,0.196721116245953,0.2598970593082384,0.16320348611244873,0.22450008231191412,0.16669667803385824,0.15942904320436652
2013-03-26,0.20275604453107154,0.2600130879298356,0.17456557329948375,0.23144705546481692,0.16320348611244873,0.22450008231191412,0.15998847514514408,0.14110792919697174
2013-03-27,0.18895370047356919,0.24148098339475765,0.17656037514333933,0.23258171759214227,0.16320348611244873,0.22450008231191412,0.15009315930520156,0.14350274080662317
2013-03-28,0.18460620442413,0.2370568467727817,0.15790782600060194,0.20979461946478836,0.16320348611244873,0.22450008231191412,0.1450760468518077,0.12720103637383479
2013-04-01,0.17697307308670218,0.22548101704181872,0.150768391635282,0.19932700229540026,0.16320348611244873,0.22450008231191412,0.1397996977687612,0.12203189094965892
2013-04-02,0.18838177336959977,0.24129892406648565,0.15123227681267926,0.2017013167220819,0.16320348611244873,0.22450008231191412,0.1476596284396995,0.1215701992016176
2013-04-03,0.18059139868345808,0.22947906716061553,0.15561026176678716,0.20512472021047992,0.16320348611244873,0.22450008231191412,0.14307911739298568,0.12640909316189886
2013-04-04,0.20168579785188628,0.2593168182371515,0.17115017621752848,0.2280042731648306,0.16276571835643638,0.22444834392709767,0.15778188354108716,0.13709142819648773
2013-04-05,0.19910561428622264,0.25346467177644805,0.16239536019217438,0.21406687476949873,0.16276571835643638,0.22444834392709767,0.15770844661032093,0.1313495075540066
2013-04-08,0.19017810744039632,0.2425847143111327,0.14758823202212068,0.19524660075245284,0.16276571835643638,0.22444834392709767,0.15032091370372214,0.11899759099003789
2013-04-09,0.17829012375717673,0.22650869829657913,0.14915019742428703,0.1962017972933116,0.16276571835643638,0.22444834392709767,0.14188978957839038,0.1208046292271378
2013-04-10,0.15987214370086733,0.20467633775188632,0.13880109671104002,0.1845217739503583,0.16276571835643638,0.22444834392709767,0.12803845653629384,0.1130795379845264
2013-04-11,0.15008406689486548,0.19185527882577094,0.13576966928163303,0.1801907945323657,0.16240883275841034,0.224225762956883,0.1202019390765204,0.11065403013959163
2013-04-12,0.1408509872171752,0.18063112085839667,0.12683254847127934,0.1690836583657862,0.16240883275841034,0.224225762956883,0.11232937051011,0.10305968560327297
2013-04-15,0.1349768998542577,0.17308709813830328,0.12170811027157757,0.16237324163545874,0.16240883275841034,0.224225762956883,0.10763958714826098,0.09895667725680952
2013-04-16,0.3215950050948173,0.4408076472554576,0.36054834232158517,0.5098267500607134,0.16470933003749533,0.231995744695194,0.2524802935757179,0.29033387563133
2013-04-17,0.31697930272032204,0.42390558372771503,0.3933788505686058,0.544768452993445,0.16470933003749533,0.231995744695194,0.25637173642311145,0.32368680947834455
2013-04-18,0.334094120303678,0.45663238503590786,0.35734582789257163,0.5038814518608719,0.1664642365033766,0.23237953452789234,0.2655996293450116,0.2901543071003668
2013-04-19,0.3395077791463681,0.46024478922495826,0.32158677509696587,0.4509844006522079,0.1664642365033766,0.23237953452789234,0.27106591438980787,0.2621247206383561
2013-04-22,0.30877518049248964,0.4143655088339729,0.3297149172295242,0.45755922014587386,0.1664642365033766,0.23237953452789234,0.2494303124006188,0.27116198941426284
2013-04-23,0.2724260591602299,0.36715858224600995,0.2820764723053636,0.3932480899106219,0.1664642365033766,0.23237953452789234,0.21813731989356214,0.2305545328550037
2013-04-24,0.24739468135204135,0.3325851139559282,0.2541548313148537,0.35387991543191694,0.1664642365033766,0.23237953452789234,0.19820853911519157,0.20793141212660665
2013-04-25,0.23157321457405544,0.31244623370278757,0.21643470575586654,0.3032755447244391,0.1664642365033766,0.23237953452789234,0.1843054798382303,0.17633715268495634
2013-04-26,0.2214579605703335,0.2987104433452413,0.1888503936980569,0.2645867571582191,0.1664642365033766,0.23237953452789234,0.17643324049181233,0.15367466062014945
2013-04-29,0.21108085026908086,0.2846854537892025,0.165792497769927,0.23265010293187746,0.1664642365033766,0.23237953452789234,0.16791460305389105,0.13470235647539236
2013-04-30,0.20482702205262981,0.27647079079343073,0.14830944882055386,0.20837405409364215,0.1664642365033766,0.23237953452789234,0.16286956791843174,0.12016606613701698
2013-05-01,0.19464368137697363,0.2623066289812647,0.1365803267740084,0.19220723034467388,0.1664642365033766,0.23237953452789234,0.15475720531074422,0.11090119014008426
2013-05-02,0.2082717714469613,0.2825772469248826,0.14723493587018466,0.20826303793578854,0.1664642365033766,0.23237953452789234,0.164691501601863,0.11857256838749107
2013-05-03,0.19706307427611236,0.2643276583772368,0.154720489902561,0.21573736832895318,0.1664642365033766,0.23237953452789234,0.1571945735692203,0.1260146189884243
2013-05-06,0.17964597012548822,0.2410710596011964,0.15392151444875823,0.21462168791756878,0.1664642365033766,0.23237953452789234,0.1431758935358921,0.12513139925984232
2013-05-07,0.16758788472152375,0.2254302047823139,0.14074444568757416,0.19709972895954433,0.1664642365033766,0.23237953452789234,0.1326008649633218,0.11377610035025722
2013-05-08,0.16557735472549062,0.22338358454177865,0.13221536220848795,0.18543706975475546,0.1664642365033766,0.23237953452789234,0.13084235964486574,0.10642705648822637
2013-05-09,0.1586265247812939,0.21397254103395114,0.12705491043988848,0.17788194259342927,0.1664642365033766,0.23237953452789234,0.12603600324614034,0.10257196072646943
2013-05-10,0.16410971540066832,0.22255247950943077,0.12689652714610739,0.17895635959835945,0.1664642365033766,0.23237953452789234,0.12977001688162756,0.1019725610805821
2013-05-13,0.15644496379272255,0.21085850485998545,0.13085886566996419,0.18300924614228617,0.1664642365033766,0.23237953452789234,0.12477793268497935,0.10598184342645907
2013-05-14,0.14742780477871387,0.19966507938760186,0.12302684826180554,0.17302071836905625,0.1664642365033766,0.23237953452789234,0.11698439034406825,0.09915304805248398
2013-05-15,0.14893559459541628,0.20207888828366039,0.12026113607315753,0.16958306732797648,0.1664642365033766,0.23237953452789234,0.1179773337937442,0.09675703803389434
2013-05-16,0.14639908512810074,0.1984551331113735,0.11778601393887489,0.16594669691985164,0.1664642365033766,0.23237953452789234,0.1160532343646977,0.09491474420296732
2013-05-17,0.14898498281084294,0.2022627138418361,0.11721926138747879,0.16566365660299098,0.1664642365033766,0.23237953452789234,0.11777508437182461,0.094265672631224
2013-05-20,0.14070120049914525,0.189738751361302,0.12626737258700377,0.17699882578663884,0.1664642365033766,0.23237953452789234,0.11228640649956705,0.10259046381719293
2013-05-21,0.14851264003214304,0.20219844971459816,0.12707750439423,0.17992486378833839,0.1664642365033766,0.23237953452789234,0.11729591920941641,0.10225755798562773
2013-05-22,0.15631118194375215,0.21242835160826645,0.12739386208602044,0.1798375416216058,0.1664642365033766,0.23237953452789234,0.12377108234773863,0.10262037060170816
2013-05-23,0.16417700844591865,0.22337697425734881,0.12829469532646937,0.18116771584291527,0.1664642365033766,0.23237953452789234,0.13000253007771684,0.10333442879659738
2013-05-24,0.166370549453561,0.22615928864492724,0.12574284254664236,0.17714950872377158,0.1664642365033766,0.23237953452789234,0.13207904260813663,0.10139516259488739
2013-05-28,0.15952851383825806,0.21662895686498498,0.12162268524464476,0.17104243373984182,0.1664642365033766,0.23237953452789234,0.1269498860519725,0.09828846668745037
2013-05-29,0.16460152597539768,0.22440000132435642,0.12313595025945817,0.1738946207200992,0.1664642365033766,0.23237953452789234,0.13050462127009194,0.09911914007605703
2013-05-30,0.168209252591228,0.2293658901646374,0.12322173440102124,0.1737486289564184,0.1664642365033766,0.23237953452789234,0.13386532052606687,0.09941783359424002
2013-05-31,0.15966864356830923,0.21703441585690814,0.12155979687118834,0.170803144416256,0.1664642365033766,0.23237953452789234,0.12738105910100725,0.09845152574424618
2013-06-03,0.19705592663868687,0.2697241271586932,0.16804348804071212,0.23663847638662974,0.1665433423984981,0.23237085582145087,0.15553833336552925,0.1344703646342893
2013-06-04,0.19451240359229915,0.26419189877709925,0.15613670527866508,0.21823324744523645,0.1665433423984981,0.23237085582145087,0.15476882758707175,0.12586878760323061
2013-06-05,0.18392794715980076,0.2502467167887642,0.1433105101278157,0.2003605285909737,0.1665433423984981,0.23237085582145087,0.14653981121511195,0.11534215767974555
2013-06-06,0.19897016260174372,0.27208810566664204,0.1534416777576827,0.21584207844960715,0.1670698138679898,0.23236382578112943,0.15755744972354635,0.12296423728063975
2013-06-07,0.1902203499461177,0.2578039496491355,0.15347920883063748,0.21355396261801066,0.1670698138679898,0.23236382578112943,0.15208677210100172,0.12415143243713526
2013-06-10,0.17268878738554871,0.23291200860559147,0.17508420587890805,0.24262199545327595,0.1670698138679898,0.23236382578112943,0.13854347226791147,0.1420732512045522
2013-06-11,0.1653095501856705,0.22511976816215676,0.15422299301689335,0.2155986125724004,0.1670698138679898,0.23236382578112943,0.13133168618425575,0.12391422737638692
2013-06-12,0.19560478820680283,0.26802694884404105,0.1764198260293297,0.24827698404354004,0.16680305812781282,0.23233412946220164,0.1555325188732834,0.14175317018925207
2013-06-13,0.22336463597242684,0.3052054844490491,0.18742609198034343,0.26336265539860576,0.1662270683014061,0.2324191444519888,0.17791431932494245,0.15089459191725565
2013-06-14,0.20640003861234968,0.27787444531676964,0.21685862013993584,0.3007216778110044,0.1662270683014061,0.2324191444519888,0.16647516899079043,0.17705182086046636
2013-06-17,0.20150159652437427,0.274922570369025,0.18688869144860576,0.26315743793460045,0.1662270683014061,0.2324191444519888,0.16116180889348897,0.15173925932273272
2013-06-18,0.19235131991184917,0.2613924759355055,0.16918221061562366,0.23716886305838925,0.1662270683014061,0.2324191444519888,0.1546310907677652,0.13789224744693435
2013-06-19,0.18033136483872392,0.24578346710060842,0.15236232578648168,0.21392282446901126,0.1662270683014061,0.2324191444519888,0.1450675520530355,0.123965435414068
2013-06-20,0.1735536230660646,0.23641184958565123,0.1394369993077334,0.1960445681881265,0.1662270683014061,0.2324191444519888,0.13914240403707334,0.11310058878738333
2013-06-21,0.2528871307087037,0.3456159113709824,0.25486194220158986,0.3594799514871366,0.16774986157434113,0.23378969284477372,0.19849019986346683,0.2034321458676541
2013-06-24,0.24214823663100216,0.3267881798398338,0.24255607632168164,0.33643229606311476,0.16774986157434113,0.23378969284477372,0.19498434254038696,0.19652058448701482
2013-06-25,0.24119734769261836,0.3290782531473696,0.2132269601270531,0.2985441321628484,0.16774986157434113,0.23378969284477372,0.19282476230251938,0.17101649586528145
2013-06-26,0.22523480718970657,0.30209013633479753,0.21210462627191462,0.29377152369401077,0.16774986157434113,0.23378969284477372,0.18049927185396103,0.17184702480039496
2013-06-27,0.2020547704929574,0.27142888118747854,0.20176388768037934,0.27993501530281223,0.16774986157434113,0.23378969284477372,0.16163745939648994,0.16317939306735102
2013-06-28,0.18759604537215058,0.2527291920403617,0.17734006472365327,0.24734522572092524,0.16774986157434113,0.23378969284477372,0.14925278873688683,0.14295008325761965
2013-07-01,0.1794083430541118,0.2423769139719611,0.15834017088223484,0.22142074939146209,0.16774986157434113,0.23378969284477372,0.14256002408852744,0.12715453651174619
2013-07-02,0.16970506787645734,0.2288791661643564,0.1502816531413219,0.2093934680343128,0.16774986157434113,0.23378969284477372,0.13554891139096903,0.12090449394529791
2013-07-03,0.16222023848105271,0.21968719461349437,0.13820880690520543,0.19327960959056445,0.16774986157434113,0.23378969284477372,0.12939042294134448,0.11078073767800656
2013-07-05,0.15593335289220445,0.21067472057260297,0.13160230474892576,0.18374907557924233,0.16774986157434113,0.23378969284477372,0.12432278058514545,0.10559576288821798
2013-07-08,0.14286286026363904,0.19153017989948234,0.15682375771487178,0.21675634325545073,0.16774986157434113,0.23378969284477372,0.11498922353499377,0.12688916331734204
2013-07-09,0.13146220997287195,0.17789725399541445,0.14122380069828833,0.19696253216163662,0.16774986157434113,0.23378969284477372,0.10482932258447769,0.11349970900967424
2013-07-10,0.12484564239910112,0.1685442478073656,0.13684911606162153,0.1904774557298269,0.16774986157434113,0.23378969284477372,0.09966454129531492,0.11018880759240919
2013-07-11,0.11820536849425967,0.1603660828538189,0.12904429609329293,0.18023958869220721,0.16774986157434113,0.23378969284477372,0.09420983670939087,0.10368703200180196
2013-07-12,0.11304540926645856,0.15369741537524215,0.12489670091224914,0.17440217849570525,0.16774986157434113,0.23378969284477372,0.09028295658443769,0.10034458603969865
2013-07-15,0.10839222100433821,0.14760599467230495,0.12140180837015013,0.1697295210799746,0.16774986157434113,0.23378969284477372,0.08639895052018698,0.09741512783399678
2013-07-16,0.10501613946004573,0.14311022536547996,0.11804751253317314,0.16542770892297745,0.16774986157434113,0.23378969284477372,0.08331471002781643,0.09453846453766096
2013-07-17,0.12105715981410725,0.16568764894305932,0.12478054561879715,0.17586362277705844,0.16774986157434113,0.23378969284477372,0.09554705779679853,0.09954686558914062
2013-07-18,0.1180480867660787,0.15965556876627093,0.1322072383965841,0.1837689313027542,0.16774986157434113,0.23378969284477372,0.0943753180739958,0.10647816718973961
2013-07-19,0.11246079224452177,0.15334791708529177,0.12410565797062822,0.17359196235085758,0.16774986157434113,0.23378969284477372,0.08920302070956285,0.09931938153287918
2013-07-22,0.10320564479219074,0.13837301467580262,0.15956409391851256,0.22015011837632223,0.16774986157434113,0.23378969284477372,0.08322171943803151,0.1292606297507995
2013-07-23,0.0929880177949789,0.12639633265432357,0.14459362420281074,0.2013695318301014,0.16774986157434113,0.23378969284477372,0.07375624478651491,0.1162367890345723
2013-07-24,0.10213972117119319,0.13991058011392324,0.1373047738958041,0.1925167182911375,0.16774986157434113,0.23378969284477372,0.0804570452169974,0.10975377089927899
2013-07-25,0.11916370712238411,0.163031118036626,0.13833749811230844,0.19413006022258614,0.16774986157434113,0.23378969284477372,0.09407990858518278,0.11056283016486382
2013-07-26,0.11851161264909571,0.16084901228150156,0.1340873035829313,0.18693097104609097,0.16774986157434113,0.23378969284477372,0.09421975729045766,0.10773430583935523
2013-07-29,0.11353393888740371,0.15408470162605362,0.12935398961434708,0.18039404599672929,0.16774986157434113,0.23378969284477372,0.09011568452053847,0.10390880292779527
2013-07-30,0.1290410283056076,0.1766656703736322,0.13375355379229303,0.18811804222907194,0.16774986157434113,0.23378969284477372,0.10180457644055409,0.10676180706142
2013-07-31,0.13146215097315972,0.17869065709714707,0.1302583586995777,0.1820628993554602,0.16774986157434113,0.23378969284477372,0.10428980866871758,0.10446726225993737
2013-08-01,0.13085085052747392,0.1780166036739103,0.125254042436568,0.17532227086895072,0.16774986157434113,0.23378969284477372,0.10357140410617674,0.10035259019253633
2013-08-02,0.12425853080981497,0.1680798579008287,0.12921026539011793,0.17980167308163467,0.16774986157434113,0.23378969284477372,0.09889881096755065,0.10400715750788034
2013-08-05,0.1119542318687432,0.15065951869838917,0.15085241671108973,0.20883622585720774,0.16774986157434113,0.23378969284477372,0.08974886485624983,0.12201416065418748
2013-08-06,0.10360780018567017,0.1409762470590999,0.13738993527882792,0.1919200206726906,0.16774986157434113,0.23378969284477372,0.0821990567013049,0.11028214574888605
2013-08-07,0.12812852416799814,0.1761123411779916,0.14597048688219522,0.20730466394197017,0.16774986157434113,0.23378969284477372,0.10142579510370216,0.11728911873000622
2013-08-08,0.1392811766719304,0.1900911584985528,0.14150490760048823,0.1996378066512921,0.1673753360923238,0.23364051690524876,0.1114544475907192,0.11449220713243176
2013-08-09,0.1351297094488415,0.18344296574623323,0.1355711937587557,0.19030185265051114,0.1673753360923238,0.23364051690524876,0.10830559211573015,0.10990552798460086
2013-08-12,0.14900498510565718,0.20383790817798983,0.13750305477536273,0.194448574986592,0.1673753360923238,0.23364051690524876,0.11898727616870176,0.11095396776434677
2013-08-13,0.1430062242119159,0.19369048222584662,0.1406375201627868,0.19660648523933336,0.1673753360923238,0.23364051690524876,0.11522245151218505,0.11453852798320156
2013-08-14,0.13194811619062996,0.17873149514285486,0.1382245842782851,0.1936941896401244,0.1673753360923238,0.23364051690524876,0.10595784425030964,0.11258138615338702
2013-08-15,0.1467470698768656,0.2008709421260428,0.13994762351476397,0.19839254993913455,0.1673753360923238,0.23364051690524876,0.11672304486051582,0.11307800933734823
2013-08-16,0.19612437929378768,0.2682811874918184,0.18530305514944156,0.2614837469859207,0.1673741242271799,0.23369941242635384,0.1552893524220112,0.14897916915026777
2013-08-19,0.19149725920216598,0.2590600283451911,0.17242083277328946,0.24025757824996832,0.1673741242271799,0.23369941242635384,0.15329790880465488,0.13985611996299796
2013-08-20,0.19765725613935858,0.2690723718387855,0.1615841161210846,0.22697767065576105,0.1673741242271799,0.23369941242635384,0.15730870578499662,0.13010985011195764
2013-08-21,0.1903366164215683,0.2573939019547149,0.15091100080439335,0.21066889810215386,0.1673741242271799,0.23369941242635384,0.15189815147535937,0.12190473563789264
2013-08-22,0.20339896033124383,0.27701715834277485,0.152886199511368,0.2163485157643525,0.1673741242271799,0.23369941242635384,0.1618756616255818,0.12346857998767169
2013-08-23,0.19026910028925315,0.25602164913497305,0.16507276287531264,0.2300278794457777,0.16755930172795486,0.23365639498051874,0.1529597162038544,0.13491126069391976
2013-08-26,0.1707782411941534,0.23033262912954303,0.16025880787905727,0.2238838851308902,0.16755930172795486,0.23365639498051874,0.13725024417344303,0.13078800320327588
2013-08-27,0.18266221326551557,0.24954291394739478,0.15740532633031623,0.22268240726253818,0.16755930172795486,0.23365639498051874,0.14588037966252965,0.1272349675797308
2013-08-28,0.2210443836180036,0.30202875162299997,0.18748813836427558,0.2647314770673577,0.16733126189095726,0.2337002472231589,0.1762563759935391,0.15122692721893233
2013-08-29,0.2142927060613613,0.2903920167405711,0.17408957304407313,0.24276225744125263,0.16733126189095726,0.2337002472231589,0.17303021932355442,0.14181424532395492
2013-08-30,0.20724713573018683,0.2819457196033613,0.15752594632217176,0.22046992187155987,0.16733126189095726,0.2337002472231589,0.1672357674865998,0.12793868902095368
2013-09-03,0.2028947434653423,0.2758783845110501,0.1464034879135928,0.2050131168596289,0.16733126189095726,0.2337002472231589,0.1637207186995577,0.11901098789283106
2013-09-04,0.19083177909491034,0.25904521076722536,0.14000794730833388,0.19549652756989339,0.16733126189095726,0.2337002472231589,0.1544669762568219,0.1142417211895379
2013-09-05,0.17574004419487,0.23838135689824397,0.1407086696931027,0.19590942607930714,0.16733126189095726,0.2337002472231589,0.1425702641478659,0.11501070286723412
2013-09-06,0.16459483488973636,0.22419694392702463,0.13138069716810158,0.1838599880194598,0.16733126189095726,0.2337002472231589,0.13289824210504603,0.10686697962643826
2013-09-09,0.15998551296016017,0.21786428622023007,0.12598258129434764,0.17654381915904027,0.16733126189095726,0.2337002472231589,0.12857720992855265,0.1021767095201448
2013-09-10,0.152617999723051,0.20755558806808944,0.1237225629599033,0.1729255495518816,0.16733126189095726,0.2337002472231589,0.12270767501992616,0.10037969581585755
2013-09-11,0.14093145759052383,0.19033229034125676,0.14405035430907764,0.19963513767794605,0.16733126189095726,0.2337002472231589,0.11388038773197352,0.11757540235541829
2013-09-12,0.12746111172255592,0.1727611470216423,0.14438862623845494,0.20082223175551386,0.16733126189095726,0.2337002472231589,0.10283611020708099,0.11767093910977879
2013-09-13,0.13252537356152438,0.18144328543626048,0.13639539283941027,0.19162476323330563,0.16733126189095726,0.2337002472231589,0.10585512528087429,0.11016926069876824
2013-09-16,0.13084710697060697,0.17794256198518704,0.13161877660462035,0.18408855410951896,0.16733126189095726,0.2337002472231589,0.10470560368091744,0.1067189333818411
2013-09-17,0.1327741842058825,0.18102660430366022,0.12669179584760337,0.17778296625531811,0.16733126189095726,0.2337002472231589,0.10578128802125637,0.10235886622260973
2013-09-18,0.13449444065631866,0.18343436678227468,0.12382918492523698,0.17385346067296517,0.16733126189095726,0.2337002472231589,0.10733614273134194,0.10013805174172201
2013-09-19,0.12607130410119072,0.17042144925154587,0.14063794108220257,0.19547233057738855,0.16733126189095726,0.2337002472231589,0.10152862968940618,0.11465690869083756
2013-09-20,0.11601663145791474,0.15753897951448306,0.13525154118484356,0.18928604358128867,0.16733126189095726,0.2337002472231589,0.09277453471079852,0.10990207921320515
2013-09-23,0.11124867451655351,0.15205759305944552,0.12678638945125587,0.17881473294269248,0.16733126189095726,0.2337002472231589,0.0884623280683407,0.1029347552218228
2013-09-24,0.1459431412852532,0.2000715998588323,0.1500532625457609,0.21238298814196913,0.1670018623184284,0.23379949479779907,0.1147762474830152,0.1207558418722726
2013-09-25,0.1453182099217516,0.19695573649734385,0.14426282621655656,0.20186756855242824,0.1670018623184284,0.23379949479779907,0.11580932856714853,0.11730215632059801
2013-09-26,0.1388957369418553,0.18875064880931197,0.13480422186001823,0.1890953046459679,0.1670018623184284,0.23379949479779907,0.1108586862988872,0.10960076395984975
2013-09-27,0.1359389677178604,0.185309858279627,0.1282145034960711,0.18027047543188254,0.1670018623184284,0.23379949479779907,0.10877456074189261,0.10426972242602862
2013-09-30,0.16804829478820404,0.23081201447242983,0.1553819815524461,0.21891955646768443,0.1668257821202752,0.23382536915146943,0.13375642570901297,0.12519599977873017
2013-10-01,0.19345085426218955,0.2651354892872277,0.16590611480257111,0.23282972556912823,0.1668257821202752,0.23382536915146943,0.15515442498373044,0.13436052507182572
2013-10-02,0.1833769205955771,0.2477351511575416,0.16929016607854586,0.23427092748970826,0.1668257821202752,0.23382536915146943,0.14816508796395444,0.13864622651238165
2013-10-03,0.1912948040606568,0.2616249225610914,0.16115882807578918,0.2261297356202924,0.1668257821202752,0.23382536915146943,0.15287263657428046,0.13043351531830538
2013-10-04,0.20836309914132167,0.2846857297485387,0.16366033603848984,0.22952792853405704,0.1668257821202752,0.23382536915146943,0.16667215204446667,0.13260884999137557
2013-10-07,0.19672752706882912,0.2664610484932964,0.16316176185363074,0.22588537336147446,0.1668257821202752,0.23382536915146943,0.15902557431199088,0.1335201869422829
2013-10-08,0.23505182948981806,0.3222201407939849,0.2024966569565534,0.28333415699025966,0.16811712466684647,0.23387092085926905,0.1868929141109718,0.16241914815761738
2013-10-09,0.24837829758283858,0.33779009845960967,0.19406765363201073,0.2694235607717528,0.16811712466684647,0.23387092085926905,0.1988290658857977,0.1567705441862417
2013-10-10,0.23248415760547525,0.3144903192632459,0.18061061153143154,0.24897965485997725,0.16811712466684647,0.23387092085926905,0.18713376652878183,0.1466500598696018
2013-10-11,0.2022759443495472,0.2703604744881406,0.24786265204201596,0.3384041655160033,0.16811712466684647,0.23387092085926905,0.16446181123460096,0.20337747448871038
2013-10-14,0.17584693983246336,0.2373505537607176,0.21658380815209122,0.29842021401576807,0.16811712466684647,0.23387092085926905,0.14129554945246556,0.1763165250501248
2013-10-15,0.172590171804885,0.23466768380656858,0.18894811956024804,0.2619379959747376,0.16811712466684647,0.23387092085926905,0.1379493640776531,0.15294532580067619
2013-10-16,0.22441295176340326,0.30584525570688814,0.22452489816577725,0.31176597797099553,0.16857371445013225,0.23412522912485526,0.17722243242791366,0.17958669344114755
2013-10-17,0.20182261413137148,0.2671066753839515,0.324255131307954,0.4403656065632218,0.16954385144255513,0.23403809233009484,0.16427988769624513,0.26572847849041326
2013-10-18,0.16932124916704971,0.2275289688064107,0.2875098083059848,0.3941267408061341,0.16954385144255513,0.23403809233009484,0.13597542712071492,0.23408691088497408
2013-10-21,0.15197427384077766,0.20517768331449984,0.24766807115737577,0.3402917737645505,0.16895689715608997,0.23407677691052942,0.12165784069430274,0.20058604282463563
2013-10-22,0.15139713744308314,0.20821592345100504,0.21296928270419024,0.2954858415988531,0.16895689715608997,0.23407677691052942,0.12143317089305107,0.17379011792976817
2013-10-23,0.14983120072844147,0.20658830709718437,0.18861679111178398,0.2620903862431566,0.16684997525605116,0.2326235573054266,0.12038453677497137,0.15371504505468747
2013-10-24,0.14780619755774105,0.20333665812310733,0.16866532031349935,0.23518117969984179,0.16684997525605116,0.2326235573054266,0.11863141036896845,0.13775147692231796
2013-10-25,0.141807515488255,0.19387929371233498,0.1544933960400796,0.21504572749804177,0.16684997525605116,0.2326235573054266,0.11355886633431946,0.1261570515411245
2013-10-28,0.13619840746515322,0.1859320610376258,0.14266227461228265,0.19871849810346925,0.16684997525605116,0.2326235573054266,0.10904178569853153,0.116317041458245
2013-10-29,0.13881375475476343,0.18966711051353102,0.13442807462517736,0.18795525652228703,0.16684997525605116,0.2326235573054266,0.11110667139413713,0.10942751044512032
2013-10-30,0.13994433973648768,0.19073819910904902,0.12908798996069637,0.1804102937158345,0.16684997525605116,0.2326235573054266,0.11226841689153554,0.1052154116952411
2013-10-31,0.14375128769907652,0.19585689562197237,0.12594506736826416,0.17641756910704973,0.16684997525605116,0.2326235573054266,0.11519707398043359,0.10256057238645937
2013-11-01,0.14453490442242956,0.1966301048080777,0.12320343130098588,0.17265400087085747,0.16684997525605116,0.2326235573054266,0.11580889778565168,0.10045524392634683
2013-11-04,0.13697957335267308,0.18621486116755465,0.12671517097265783,0.17664927177419135,0.16684997525605116,0.2326235573054266,0.11005027880265918,0.10375719015347029
2013-11-05,0.12832558548736506,0.17412290941515493,0.1256058547781156,0.1752931847836105,0.16684997525605116,0.2326235573054266,0.10291767770810652,0.10274706052001875
2013-11-06,0.13344569881262514,0.18175357250995383,0.12335580311704025,0.17332764454609698,0.16684997525605116,0.2326235573054266,0.10654294238264811,0.10041037528853068
2013-11-07,0.12607809079022392,0.1701678179163183,0.13132856139534266,0.18270326099231338,0.16684997525605116,0.2326235573054266,0.1013750853334319,0.10764179139396013
2013-11-08,0.1564765421007479,0.21319205080219095,0.15404463674702662,0.2163846215437063,0.16664184258771797,0.2326304847034059,0.12447530881328635,0.1246940571738175
2013-11-11,0.14837945434024746,0.19915873078977356,0.16603304822731002,0.22907710319653657,0.16664184258771797,0.2326304847034059,0.11972819541532218,0.1363510316135726
2013-11-12,0.13592741581375023,0.183027455087328,0.15252758648091735,0.21120344370613647,0.16664184258771797,0.2326304847034059,0.10902670661637842,0.12456698515742512
2013-11-13,0.13883412642763204,0.187818670960602,0.14108640064981415,0.19654110766583377,0.16664184258771797,0.2326304847034059,0.11096036049948448,0.11465661328789685
2013-11-14,0.13392076532031894,0.18029563666651918,0.13655887852888626,0.18921873407395842,0.16664184258771797,0.2326304847034059,0.10764039073366932,0.11146129526934151
2013-11-15,0.1279559254776288,0.17254175755603723,0.12926157566856145,0.17959575363479544,0.16664184258771797,0.2326304847034059,0.10263979957412142,0.10534113324681796
2013-11-18,0.12250486083672474,0.16516807310394288,0.12388859941651864,0.17334865533262991,0.16664184258771797,0.2326304847034059,0.09869465814394794,0.10204539490354833
2013-11-19,0.1450323424819877,0.19761651108212996,0.13881191392052855,0.19592733412227056,0.16482746676501348,0.23171056679932991,0.11636228915037221,0.11339801738089396
2013-11-20,0.15496197020484814,0.2096891851716354,0.13631065915714508,0.19120314279549855,0.16482746676501348,0.23171056679932991,0.1248725872499317,0.11198565522538914
2013-11-21,0.15251430365851792,0.20608218771678277,0.13007940864693518,0.18199894561357405,0.16482746676501348,0.23171056679932991,0.12335821521925018,0.10701208358595266
2013-11-22,0.14182183964586592,0.190245858482971,0.13955328926620025,0.1937636841300576,0.16482746676501348,0.23171056679932991,0.11502778991777672,0.11545231256581664
2013-11-25,0.1303047589025046,0.17548158631260843,0.13469466530642188,0.18764413859967624,0.16482746676501348,0.23171056679932991,0.1055638106212353,0.11114509682532515
2013-11-26,0.1402348596806271,0.1903934677671792,0.13222295505369275,0.18595955441068954,0.16482746676501348,0.23171056679932991,0.11288406452562874,0.10831995446309932
2013-11-27,0.14243529214468253,0.19192956194943572,0.1280385713228367,0.1792074352035938,0.16482746676501348,0.23171056679932991,0.11427386719002991,0.10523818273305109
2013-11-29,0.14344237492854894,0.19367013285708506,0.1237341546035261,0.173588953638478,0.16482746676501348,0.23171056679932991,0.11529107651480672,0.10169923024983123
2013-12-02,0.1596043146508883,0.21633092834946718,0.13222924843819683,0.18626698230205463,0.16482746676501348,0.23171056679932991,0.12814385042223575,0.10843090941116565
2013-12-03,0.17117026576082583,0.23174292535624091,0.13441996099086972,0.1889496110381788,0.16482746676501348,0.23171056679932991,0.1380043571202429,0.1105390424824474
2013-12-04,0.17473262856522442,0.2364439754729827,0.13112267010927886,0.18412306526395344,0.16482746676501348,0.23171056679932991,0.1412862823340288,0.1080119104981716
2013-12-05,0.17307660539571756,0.23397011240417287,0.12642041957188932,0.17756558368709804,0.16482746676501348,0.23171056679932991,0.13994899888519,0.10424505521204251
2013-12-06,0.17505307604830955,0.237252370775106,0.12463171100430631,0.175539480096046,0.16482746676501348,0.23171056679932991,0.1417915646223878,0.10269929364571959
2013-12-09,0.16070759061748952,0.2155543886044149,0.15467097180828826,0.2146253590171116,0.16482746676501348,0.23171056679932991,0.13082091626671571,0.1287054188532787
2013-12-10,0.1470153798187619,0.19837112558183312,0.1416229695808855,0.19802305869894304,0.1655867235867794,0.2315764004662592,0.11902866794119164,0.11722235456959748
2013-12-11,0.15145515072038584,0.20554199461834013,0.13475231838737445,0.18945455475272152,0.1655867235867794,0.2315764004662592,0.12260473718937671,0.11113374882166076
2013-12-12,0.1877173394227638,0.2554612442125263,0.16593478703055287,0.233510141983447,0.16513504568870463,0.23162957157441139,0.15170472038440402,0.13645031184016526
2013-12-13,0.18942314663238768,0.2559269778839319,0.15529355168733772,0.21651488597236737,0.16513504568870463,0.23162957157441139,0.1538801695409865,0.12837202466273762
2013-12-16,0.18604645649219176,0.2515782449141631,0.1436466123224901,0.20052656830688842,0.16513504568870463,0.23162957157441139,0.15112980543697974,0.11861243780414543
2013-12-17,0.18477910724337132,0.24985707387623954,0.1358595542351957,0.1899441486497288,0.16513504568870463,0.23162957157441139,0.14991101621167963,0.1121354605630672
2013-12-18,0.18134025479981553,0.24517004841424578,0.12969095728842966,0.18165003673356284,0.16513504568870463,0.23162957157441139,0.14712830614316835,0.1071443226710403
2013-12-19,0.15725774131905323,0.20976252076997978,0.21231617869691255,0.29252486074317785,0.16513504568870463,0.23162957157441139,0.12946496611684877,0.17784069754247395
2013-12-20,0.15039693457594305,0.2040081751633226,0.1785067978133178,0.2490936293853463,0.16513504568870463,0.23162957157441139,0.12184823766521485,0.14782839438101747
2013-12-23,0.1441543239033809,0.19438471395043314,0.1640018642809169,0.22803918989537963,0.16513504568870463,0.23162957157441139,0.11730191226161395,0.13645578967384775
2013-12-24,0.1318021970860741,0.17718863634455662,0.1611104861910041,0.2233134710759928,0.16513504568870463,0.23162957157441139,0.10767998568355142,0.13432452014066187
2013-12-26,0.1202079526848836,0.16183781954344603,0.1539346587086713,0.21355855310475896,0.16513504568870463,0.23162957157441139,0.09809953633785536,0.12811189938357662
2013-12-27,0.11419029762808952,0.15423471793089855,0.14151312881119915,0.19700748889419903,0.16513504568870463,0.23162957157441139,0.09273598934918505,0.11739760125433811
2013-12-30,0.11555445801944897,0.1565005742661022,0.13291978012192918,0.1856095871915676,0.16513504568870463,0.23162957157441139,0.09376595395263349,0.11014465967013377
2013-12-31,0.14761800493970778,0.20054667044198485,0.15160387274288867,0.21244963206507705,0.1646707888745098,0.23175883539168524,0.11933137164157596,0.12521894962868133
2014-01-02,0.15329149902026273,0.20686462434784583,0.14457990570727786,0.20128089884390973,0.1646707888745098,0.23175883539168524,0.12455642776025479,0.12007846465734685
2014-01-03,0.16161689940417467,0.21851460993727365,0.13979523984194708,0.19526592868557052,0.1646707888745098,0.23175883539168524,0.13118503616317656,0.11605375952876189
2014-01-06,0.15360005146085776,0.20659986615968515,0.13789485200959828,0.19118915449000726,0.1646707888745098,0.23175883539168524,0.12526915751977735,0.11497613576064618
2014-01-07,0.14470365411573916,0.19505342272426468,0.1306249638300364,0.18154515073998911,0.1646707888745098,0.23175883539168524,0.1178055252740206,0.10868685332081318
2014-01-08,0.13391813603490288,0.1801505122435162,0.1342984105994035,0.18614323145605677,0.1646707888745098,0.23175883539168524,0.10931424212261769,0.11201594257867992
2014-01-09,0.12765297268823206,0.17240551792222028,0.12616702769745364,0.17585958170975974,0.1646707888745098,0.23175883539168524,0.10362710518767435,0.1047975803602866
2014-01-10,0.1262944960341923,0.17115124954859223,0.12189894277328273,0.17080405101959606,0.1646707888745098,0.23175883539168524,0.10269476218723804,0.10130719783283769
2014-01-13,0.11890670677473669,0.1617839195953727,0.1332141154374863,0.1861840345609042,0.16311733994450872,0.23125263096496262,0.09747600829394479,0.11206854842766004
2014-01-14,0.14347834540422855,0.19687577574569579,0.1474542721939342,0.20910726864035378,0.160848737667661,0.23018902198860008,0.11590090404462072,0.12296651859284145
2014-01-15,0.1364259060103905,0.1836860680204669,0.16077114869087317,0.22372286450655313,0.160848737667661,0.23018902198860008,0.11205047349561374,0.1355112466020991
2014-01-16,0.12851481522567676,0.17433686876071766,0.14382350557202228,0.20185885121802566,0.160848737667661,0.23018902198860008,0.10490006568591019,0.12057240120767829
2014-01-17,0.13264663027555157,0.1803498343227036,0.13555026050566327,0.19071836479389628,0.160848737667661,0.23018902198860008,0.10796842098001805,0.11328152794898527
2014-01-21,0.130787623674262,0.17742515317652674,0.12987381019436484,0.18214114234896736,0.160848737667661,0.23018902198860008,0.10654477593667101,0.10862130964538834
2014-01-22,0.1380866385759958,0.18787649246753224,0.12753064435024364,0.1799513899196163,0.160848737667661,0.23018902198860008,0.11246300002824391,0.10635200043142888
2014-01-23,0.13669686260728442,0.1851396317017804,0.12425436968705211,0.1746050489593411,0.160848737667661,0.23018902198860008,0.11197185830430323,0.10397769464259887
2014-01-24,0.15612749078475185,0.21296519247966555,0.1354222210449395,0.19201626534652116,0.160848737667661,0.23018902198860008,0.12733727157779479,0.11298334319216076
2014-01-27,0.2735692776402008,0.3752410852037964,0.2950888422131094,0.426088971638955,0.16340809643682697,0.23406076600489778,0.21961080602551436,0.246726798663411
2014-01-28,0.26737157448580007,0.36071692773292396,0.2665687655272235,0.37738337252272186,0.1616462169146387,0.23339109092568563,0.21769757664956713,0.22498724973617298
2014-01-29,0.23905253680345506,0.3212942769097184,0.25271556670929096,0.35654571549234954,0.1616462169146387,0.23339109092568563,0.19489284196822343,0.21371560042804214
2014-01-30,0.24821522714580357,0.3381135155406446,0.2269108711106239,0.3248203399107957,0.1614056129676114,0.23355622286599462,0.20079990443996837,0.19013792361467113
2014-01-31,0.24228238951754966,0.32815634722698855,0.20260824251239862,0.2880434393599509,0.1614056129676114,0.23355622286599462,0.19718489831649064,0.17048599979226284
2014-02-03,0.2497735178327547,0.3396809376305652,0.18694074453354498,0.26743366420123654,0.1614056129676114,0.23355622286599462,0.20296535769051402,0.1567747897486792
2014-02-04,0.2915076524450839,0.39766470190110687,0.22405667907164395,0.3194857380260243,0.16292628735167874,0.23328606558365847,0.23644883733252942,0.18648754900905287
2014-02-05,0.2713307571293315,0.3648257031025289,0.2350319084499637,0.3282901733732698,0.16292628735167874,0.23328606558365847,0.2234226129951242,0.19845787228666262
2014-02-06,0.2592465466947349,0.3525619476418039,0.19994479621132377,0.28328086900530325,0.16292628735167874,0.23328606558365847,0.21215626611237895,0.16732353850027265
2014-02-07,0.23222295772504387,0.3120638894228929,0.23711969169762104,0.3301245979278816,0.16292628735167874,0.23328606558365847,0.19304450379014382,0.20092455390103936
2014-02-10,0.19750925159597155,0.2660432931847939,0.24322637842677686,0.33939332783726134,0.16292628735167874,0.23328606558365847,0.164460289637321,0.20571828338177445
2014-02-11,0.18032963298771465,0.245597444066014,0.20529902357753188,0.2899379494260456,0.16292628735167874,0.23328606558365847,0.1488261137861591,0.17270934140772087
2014-02-12,0.16727314728284792,0.22637074397730556,0.19147697377271933,0.2687824220343075,0.16292628735167874,0.23328606558365847,0.13810763010969207,0.16129220901613625
2014-02-13,0.15660434614142527,0.21292540148497766,0.16955243899601669,0.23918015203711043,0.16292628735167874,0.23328606558365847,0.12921166153723468,0.14270797533760488
2014-02-14,0.14947332938427715,0.20336644198522205,0.1535148827459033,0.21690908078475085,0.16292628735167874,0.23328606558365847,0.12321546150571412,0.12917344606948078
2014-02-18,0.13953009499595215,0.18935722922956968,0.14873153511009596,0.20943593798129667,0.16292628735167874,0.23328606558365847,0.1154930192292679,0.12546340955592072
2014-02-19,0.13971263143922874,0.19112904693505434,0.13684550492631326,0.19420628225454195,0.16292628735167874,0.23328606558365847,0.11497971488740089,0.11472027348227948
2014-02-20,0.17861068315372064,0.24486169019018109,0.16765693638445966,0.23809733169671346,0.1632037757208017,0.23316213785245354,0.1458314730185089,0.13937096711734437
2014-02-21,0.17406854220504608,0.23535248202645598,0.16533281633328117,0.23082269562985186,0.1632037757208017,0.23316213785245354,0.14389658721745016,0.13888938701239834
2014-02-24,0.16402601387231708,0.2226779145149836,0.1495158937525496,0.20985472816337422,0.1632037757208017,0.23316213785245354,0.13509212446457924,0.12513936206254328
2014-02-25,0.15417742289585834,0.20910017607004489,0.1438323930224396,0.2013369840265065,0.1632037757208017,0.23316213785245354,0.1276707298320992,0.12078754980015606
2014-02-26,0.1428508657159946,0.1935906049629912,0.14156463547793807,0.198069563096737,0.1632037757208017,0.23316213785245354,0.1182325124809096,0.11893197229814846
2014-02-27,0.15186869303492245,0.20779272047515213,0.13749545596400764,0.19458748779930285,0.1632037757208017,0.23316213785245354,0.12475845748311185,0.11463835605675768
2014-02-28,0.14879566208270667,0.20192069990903225,0.13520753060349283,0.1896165756117414,0.1632037757208017,0.23316213785245354,0.12276164126929803,0.11340067345653217
2014-03-03,0.1429768529958042,0.19465400217190676,0.12820648552635877,0.18042217952620873,0.1632037757208017,0.23316213785245354,0.11788952495609267,0.10737337762025195
2014-03-04,0.18838054712964025,0.25791526603987447,0.17585364505340606,0.24895305554345745,0.16369641565288745,0.23319214754964485,0.1533865527520032,0.14558007690363806
2014-03-05,0.17589990172187875,0.23519149381239168,0.20972098041506915,0.28954765727535614,0.16369641565288745,0.23319214754964485,0.14598755417071352,0.17678404036333065
2014-03-06,0.1590645327585385,0.21496187368045164,0.18028591516669823,0.251088834191968,0.16369641565288745,0.23319214754964485,0.1307722783286846,0.1506148570971126
2014-03-07,0.1604322474029658,0.21767436005133178,0.16204786711361463,0.22676866666959555,0.16369641565288745,0.23319214754964485,0.13168029809657128,0.13506694120560098
2014-03-10,0.1566723052732253,0.2119133029010523,0.15055677929264222,0.21006801697880095,0.16369641565288745,0.23319214754964485,0.12891799454808603,0.1257318145848294
2014-03-11,0.15427989278480547,0.20892806803072042,0.1400511990392196,0.1958563329518681,0.16369641565288745,0.23319214754964485,0.12665766030807327,0.11669189159119817
2014-03-12,0.16371909845504895,0.22239826458890663,0.1377920634422839,0.19381027115616717,0.16369641565288745,0.23319214754964485,0.1340492996850533,0.11449624552925859
2014-03-13,0.15882933210734818,0.2143972487690715,0.13572203077219847,0.18950908317626117,0.16369641565288745,0.23319214754964485,0.13084263414814734,0.11353443787665386
2014-03-14,0.19201259676479232,0.26154936834200965,0.16677014329595596,0.23476095345318596,0.16418304213928442,0.23299065152726273,0.15638485364146323,0.13761284465999368
2014-03-17,0.2249630424337452,0.3055986334059299,0.18399695959095896,0.2583860628090336,0.16426098618139906,0.2329240969780712,0.18387436174961305,0.15275987483263442
2014-03-18,0.20423553758474888,0.27254167346711167,0.2182258807373928,0.3000592633685657,0.16426098618139906,0.2329240969780712,0.16941262987375563,0.18401043169540707
2014-03-19,0.17656257263186337,0.23655389436750063,0.20517536408351356,0.2834795179806929,0.16426098618139906,0.2329240969780712,0.14600445540234291,0.17236341501603128
2014-03-20,0.17709543204477463,0.2396449375904467,0.17783359903500628,0.2485538611873365,0.16426098618139906,0.2329240969780712,0.14532333955799853,0.14833173905818897
2014-03-21,0.168879086692709,0.22685074216514456,0.1681783742334001,0.23313916403857093,0.16426098618139906,0.2329240969780712,0.1394269240204401,0.14110176806772254
2014-03-24,0.1703124261559874,0.23042810093356458,0.15248527557243596,0.21334095346167342,0.16426098618139906,0.2329240969780712,0.1399559063400075,0.1272265517184478
2014-03-25,0.1697577646071018,0.22939916146874634,0.14347780426629803,0.20019234988399828,0.16426098618139906,0.2329240969780712,0.14021837212352845,0.11999968426352307
2014-03-26,0.15513526203129024,0.20836737729995858,0.15813345760542075,0.21818075986085983,0.16426098618139906,0.2329240969780712,0.12956328454754068,0.1331868910990494
2014-03-27,0.1629467146140151,0.22245897794383682,0.1507849096852728,0.21117721801685577,0.16426098618139906,0.2329240969780712,0.13503914532815062,0.12543374964370602
2014-03-28,0.1605142761044347,0.21774319998830677,0.14619783887387872,0.20253229039377602,0.16426098618139906,0.2329240969780712,0.1343127123988272,0.12248753247632017
2014-03-31,0.153071198512168,0.20834305931445823,0.13829756727539866,0.19177909728324655,0.16426098618139906,0.2329240969780712,0.12837726677276395,0.11577209458404338
2014-04-01,0.143563669860797,0.19551902329134604,0.13827041460131767,0.19120061364687202,0.16426098618139906,0.2329240969780712,0.12104453865608393,0.11602388599544208
2014-04-02,0.13090551078539198,0.17790432782169607,0.14504355285781623,0.2002879405365241,0.16426098618139906,0.2329240969780712,0.11058195101472704,0.12206257752710295
2014-04-03,0.12604632294481133,0.17153959527848736,0.13378370704655262,0.18643817467115537,0.16426098618139906,0.2329240969780712,0.10504205149726406,0.11207245505056253
2014-04-04,0.1302340243462421,0.17785177879664227,0.1294157548520351,0.1807287587349267,0.16426098618139906,0.2329240969780712,0.10833182776709396,0.1079976284528586
2014-04-07,0.1424621786170931,0.1945182200255298,0.13200078119403513,0.18495120081524438,0.16426098618139906,0.2329240969780712,0.1179438056205165,0.11011131418032559
2014-04-08,0.17356310718330326,0.2392581231881537,0.16358380961342567,0.2290245284531973,0.16345504779637388,0.23285874571340007,0.14448788037906157,0.1359581591039558
2014-04-09,0.1710495352209941,0.23181428025688822,0.16163648383924634,0.22212991227392986,0.16345504779637388,0.23285874571340007,0.14354180531638583,0.13600001183506133
2014-04-10,0.15422326461555524,0.20796795114705718,0.16708076501830382,0.228590236269271,0.16345504779637388,0.23285874571340007,0.12933748545871054,0.14098514324099745
2014-04-11,0.18455448607470837,0.2532672772001363,0.1884304932491575,0.2624357271107776,0.1637997688436027,0.23306068280683434,0.15212590694335623,0.15666764350813053
2014-04-14,0.20928354736578836,0.284489874846543,0.18777770032324648,0.26025122915142523,0.1637997688436027,0.23306068280683434,0.17286764220140904,0.15739178006006777
2014-04-15,0.19948899247036733,0.2686572453092763,0.18107038332307757,0.24856675161270725,0.1637997688436027,0.23306068280683434,0.1659824695713989,0.15328342219961355
2014-04-16,0.1841455970845881,0.249331110183191,0.1658425168646186,0.22801429557496097,0.1637997688436027,0.23306068280683434,0.1539891983348656,0.13983400994388587
2014-04-17,0.16492760134554285,0.22207620832833327,0.18030511104453584,0.24715953069663843,0.1618626226731752,0.2292997704552989,0.138395442334374,0.15319395116184997
2014-04-21,0.14665777313839423,0.1980612672564243,0.17246418983938627,0.2368189552740111,0.1618626226731752,0.2292997704552989,0.12245401372107122,0.14576544635025712
2014-04-22,0.13914402264775083,0.18906315010583877,0.15446441422571366,0.21349181845577228,0.1618626226731752,0.2292997704552989,0.11569970632035761,0.1301251632237641
2014-04-23,0.13591858670165868,0.1849757626365802,0.14362850998648602,0.19821920852942784,0.16001040605610772,0.22879596984337,0.11284687359303698,0.1204857973776894
2014-04-24,0.13611144881792248,0.18525609761671735,0.13535010840080852,0.18722421439928147,0.16001040605610772,0.22879596984337,0.1127333393175608,0.11343350659302255
2014-04-25,0.13588472996511436,0.18515156723174034,0.12921592938598592,0.1794578986263076,0.15848097001098127,0.2285608282354166,0.11257080346601307,0.10864988665336726
2014-04-28,0.15008986136909708,0.20443831407150878,0.133963706111225,0.18706539061000818,0.15848097001098127,0.2285608282354166,0.12348424317769845,0.11229508280703951
2014-04-29,0.1502774108097431,0.20289207050322178,0.13144169966549396,0.18287212805558162,0.15636494642019497,0.22410897477337902,0.12376734489705629,0.11119014389524703
2014-04-30,0.144982875628211,0.1959597034596745,0.12989426378278734,0.18009169741092218,0.15436698099096974,0.22189294753687921,0.11949654108091887,0.10918147192728349
2014-05-01,0.1379867885377235,0.1867666682701051,0.12816062584959487,0.17771772131953878,0.15436698099096974,0.22189294753687921,0.1139731511154899,0.10773909947963001
2014-05-02,0.13278559483706065,0.18026260758247517,0.12530800641805218,0.17407532465128794,0.15436698099096974,0.22189294753687921,0.10975667701250179,0.1052664749534524
2014-05-05,0.12649160175985363,0.171562785795267,0.12578485154873398,0.17471687056078397,0.15436698099096974,0.22189294753687921,0.10459852325235754,0.10587111473732644
2014-05-06,0.13139046237621255,0.17927536861761484,0.12462439714131246,0.17469360059747666,0.15436698099096974,0.22189294753687921,0.10797080654915311,0.10440421701857495
2014-05-07,0.14227567861280588,0.19425457083479583,0.12807390309551364,0.17932140167535462,0.15285889195474517,0.22175115937396095,0.11688886185340257,0.10718985729879059
2014-05-08,0.13810089575066709,0.18718588670610373,0.1300785544595371,0.18044030574371414,0.15285889195474517,0.22175115937396095,0.11390610860328607,0.10940316498430669
2014-05-09,0.13437370443511631,0.18256205496935157,0.12475648957991053,0.17366866267705716,0.1533695275820812,0.22143487884376112,0.1101847272178759,0.10458405861005939
2014-05-12,0.1226179109335207,0.16772585598193798,0.12861057993126018,0.1794363901130248,0.1533695275820812,0.22143487884376112,0.10238712349284489,0.10936970298720007
2014-05-13,0.11558744915645036,0.15701055211684833,0.13656326020523119,0.19064521516454705,0.15235981841074792,0.21712368394551154,0.09581676805903767,0.11650081820309223
2014-05-14,0.1103549745289063,0.15068738030727552,0.12867800739048474,0.18028383271055376,0.15235981841074792,0.21712368394551154,0.09085319178834997,0.10900194038503513
2014-05-15,0.11088778828216761,0.1514615485563337,0.1242781045905792,0.17470569493661062,0.15235981841074792,0.21712368394551154,0.09090726663339985,0.10535108565059804
2014-05-16,0.13649217446399575,0.18783349265297652,0.14171080336016967,0.20031078877128405,0.15235981841074792,0.21712368394551154,0.11155632100930257,0.11933708010218139
2014-05-19,0.13208153016946544,0.17958377454598903,0.14789879616239882,0.2056740658091325,0.15235981841074792,0.21712368394551154,0.10938222242665761,0.12566370801594465
2014-05-20,0.12672800423825015,0.173208579456935,0.13522886356564834,0.18948903972152933,0.15235981841074792,0.21712368394551154,0.10417028194229407,0.11434400899005756
2014-05-21,0.13831652698403052,0.18950442745180698,0.13410180420408674,0.18905184046315224,0.15235981841074792,0.21712368394551154,0.1128785629016235,0.1130520929115403
2014-05-22,0.1275739647246521,0.17297175118105393,0.15561021138594283,0.21613486147053274,0.15206423863517238,0.21724452694162277,0.10565419721300354,0.13213109529144268
2014-05-23,0.12337617244537591,0.1691972705355627,0.1390329857543806,0.19518639830917867,0.15206423863517238,0.21724452694162277,0.10146438723670555,0.11727243350896478
2014-05-27,0.11733310820536041,0.16019657208121,0.14410490821907268,0.20133930590755592,0.15206423863517238,0.21724452694162277,0.09765406737500586,0.1227226372637193
2014-05-28,0.1163386725372455,0.16079840375554352,0.13252498949683095,0.1867433476367477,0.15114779238417242,0.2158568800835407,0.09640062394918253,0.11214571242328437
2014-05-29,0.12085670176483931,0.16584134830447764,0.12834462106433175,0.18104358132867798,0.15114779238417242,0.2158568800835407,0.09931243918251269,0.10873205687402845
2014-05-30,0.11879804663793614,0.16234961340208323,0.12565513319665123,0.1769626543647414,0.15114779238417242,0.2158568800835407,0.09759250425052783,0.10658677500057699
2014-06-02,0.11548275319143153,0.15751052420400008,0.12393283682551792,0.17445934526675688,0.15114779238417242,0.2158568800835407,0.09467203003823019,0.10520758091580147
2014-06-03,0.1179696013791266,0.16180996063340763,0.12150268713797874,0.17184256934554062,0.15114779238417242,0.2158568800835407,0.09678527338186393,0.10298916568764091
2014-06-04,0.12531170740163777,0.1722198595581112,0.12241400181435702,0.17353463285408277,0.15114779238417242,0.2158568800835407,0.10290456679634163,0.10369373852209231
2014-06-05,0.13067085915583931,0.17969979598038682,0.12263417979326185,0.17334428101105331,0.15114779238417242,0.2158568800835407,0.10781517772936108,0.10390102222080394
2014-06-06,0.1250057909933311,0.17087992083343034,0.12677313657005013,0.1779697681645204,0.15114779238417242,0.2158568800835407,0.10354929761868453,0.10782491651062011
2014-06-09,0.11067570519833758,0.15058637367624508,0.15216839785994035,0.21242952926273032,0.15114779238417242,0.2158568800835407,0.09237787788780684,0.1300539182997034
2014-06-10,0.11604096326109425,0.1606442243022302,0.13819107845976497,0.19608726229596185,0.15114779238417242,0.2158568800835407,0.0956991851908737,0.1171961162321433
2014-06-11,0.11557426592369091,0.15877681738950658,0.13295713401300982,0.1876144843625514,0.15114779238417242,0.2158568800835407,0.09579293574295707,0.1131352308942462
2014-06-12,0.13110525367180026,0.1809628839737235,0.13528042745195645,0.19193337877927882,0.15114779238417242,0.2158568800835407,0.10762952769149868,0.11411754097217242
2014-06-13,0.15958754208929138,0.2207460907267792,0.15068814043508305,0.2146709262970698,0.15124500510395678,0.21587401523948263,0.131205991514153,0.12740547835504704
2014-06-16,0.15595848687125446,0.21315687486144239,0.14507280648875853,0.20476682243597477,0.15124500510395678,0.21587401523948263,0.12901679595996254,0.12374560675031557
2014-06-17,0.16100828861425542,0.22144586126468807,0.13658833955876337,0.1944100482494886,0.15077719926700156,0.21601153570911774,0.1325095695866623,0.1158486851600859
2014-06-18,0.15242375774457684,0.2078984990707402,0.13995096029609688,0.19687151157495203,0.15077719926700156,0.21601153570911774,0.1262555003722378,0.11929994146151371
2014-06-19,0.1313027174288106,0.17849236226872608,0.18725087230304216,0.26205205583176205,0.15077719926700156,0.21601153570911774,0.11063383250595862,0.16135956729103607
2014-06-20,0.1214705683314713,0.16776542935235073,0.1564601991130003,0.22208278754995184,0.14903303251279232,0.21545695133667858,0.10110931431624604,0.13389228385065527
2014-06-23,0.12601710901085128,0.17411244223239894,0.1424933421197343,0.20286271082441207,0.14903303251279232,0.21545695133667858,0.10446034466618051,0.12170306668935912
2014-06-24,0.1294483846947163,0.17838770134012158,0.13372947865134083,0.190393735568117,0.14903303251279232,0.21545695133667858,0.10730800720017548,0.114451552240216
2014-06-25,0.1616476257175261,0.22368813331808324,0.15661395583724014,0.2247107229239528,0.14955411165954713,0.21523733861911895,0.1329425860849169,0.13349738325155458
2014-06-26,0.15682313223014344,0.21409485451281768,0.15327133559774092,0.21560059766185352,0.14955411165954713,0.21523733861911895,0.13087479224555618,0.1315689511120282
2014-06-27,0.14960110543465954,0.20565823519371387,0.1377528920286085,0.19521842373901901,0.14955411165954713,0.21523733861911895,0.12499999806619913,0.11805612770627484
2014-06-30,0.14204048093948907,0.19456389419696535,0.1351214828505662,0.1905051630268297,0.14955411165954713,0.21523733861911895,0.11928563447544537,0.11616497504479509
2014-07-01,0.14382976091500188,0.1985513429867691,0.12780211316351636,0.18186614909720697,0.14955411165954713,0.21523733861911895,0.12028051419407226,0.10939374807999012
2014-07-02,0.1384924742060909,0.1896456939006618,0.13104180833819729,0.18475243587829865,0.14955411165954713,0.21523733861911895,0.11638053916957036,0.11277681852055454
2014-07-03,0.1297036164994434,0.1777697545136101,0.1292405850089255,0.18255121779726946,0.14955411165954713,0.21523733861911895,0.1087579416974914,0.11110166443967101
2014-07-07,0.12004319444018419,0.1641246820580841,0.13416735744744707,0.1891248211690025,0.14955411165954713,0.21523733861911895,0.10072303393005388,0.11540704749947975
2014-07-08,0.14365446940548454,0.19911596922978786,0.14844690007965727,0.21267315866027459,0.14985879970701158,0.2150998705385574,0.11850169507044903,0.12629444675253418
2014-07-09,0.16487370149039438,0.227061823971889,0.1510825460182718,0.21529211683720434,0.14985879970701158,0.2150998705385574,0.13657995289861485,0.12886684170263896
2014-07-10,0.1605703212411861,0.2194702236669523,0.14414401170058622,0.20308323839321676,0.14985879970701158,0.2150998705385574,0.13441382597671453,0.1237380664485612
2014-07-11,0.17691282339330283,0.24434449917862616,0.14804598039340616,0.21122180800457044,0.14985879970701158,0.2150998705385574,0.1465882751422543,0.1260419701569766
2014-07-14,0.17138560415023618,0.23392878021232028,0.14627518583779997,0.20558784173101965,0.14985879970701158,0.2150998705385574,0.14336570366394116,0.12568401221760045
2014-07-15,0.1602376102525016,0.2191849116693981,0.13678165617956173,0.19269820200692486,0.14985879970701158,0.2150998705385574,0.1341651957703529,0.11738145508312403
2014-07-16,0.15734684412451505,0.21582958637900962,0.12825012805905447,0.18174012576053158,0.14985879970701158,0.2150998705385574,0.1314111288932982,0.10985656321517921
2014-07-17,0.14475909508849683,0.19646996259134797,0.1519933701017776,0.21238678873855038,0.14985879970701158,0.2150998705385574,0.12180936858078768,0.13116176319746195
2014-07-18,0.2463826603242658,0.3472662123085776,0.2862687051522307,0.41408407659811075,0.15252230679342482,0.2197928247171901,0.20085720465857532,0.24146105367170687
2014-07-21,0.23658245220989582,0.3211927226902006,0.3102308717027762,0.4356932798561637,0.15252230679342482,0.2197928247171901,0.19776907362874388,0.2673921942606444
2014-07-22,0.22281722381325397,0.3090641128808764,0.23804473908198115,0.34063949305443714,0.15252230679342482,0.2197928247171901,0.18369528147861558,0.20279872493739304
2014-07-23,0.21082137440937687,0.2896145550883953,0.20697579151063428,0.29347666031384745,0.15252230679342482,0.2197928247171901,0.17560584680140753,0.17772762184082744
2014-07-24,0.1915407265426491,0.26253749767846,0.1877966339337852,0.26555597564984884,0.15252230679342482,0.2197928247171901,0.15932349273651292,0.16120988358740374
2014-07-25,0.1855198387834085,0.25685500742540035,0.15812743967693493,0.22683000947257803,0.15252230679342482,0.2197928247171901,0.15339131191692726,0.1351098803342345
2014-07-28,0.20061246047957138,0.278734835774254,0.15739850845196535,0.22677502069343203,0.15252230679342482,0.2197928247171901,0.16535530590426686,0.13400054662348418
2014-07-29,0.19608080725146515,0.27053994448429336,0.14642591152476606,0.20904829044456713,0.15252230679342482,0.2197928247171901,0.16269155017000356,0.12556311010545249
2014-07-30,0.20222475087562963,0.2808130641466039,0.1428457652074514,0.2059207574729951,0.15252230679342482,0.2197928247171901,0.16684371985719254,0.12171373167277186
2014-07-31,0.19954658851321205,0.2756951492934195,0.13608099434303816,0.19482626863574182,0.15252230679342482,0.2197928247171901,0.16511873094868637,0.11639747461549164
2014-08-01,0.27286442340948014,0.38321297164798596,0.2577130840384375,0.3777461080349512,0.15398237213205446,0.22309285313992014,0.22307099182579823,0.21763413195290796
2014-08-04,0.27692189632229924,0.3827135907681509,0.2233867551740441,0.321832890197112,0.15402396696941822,0.2228567368706724,0.22955431031780207,0.19118046800590804
2014-08-05,0.2478997797828133,0.3390547557183567,0.22900172162018184,0.32557878954204844,0.15402396696941822,0.2228567368706724,0.20675100152318499,0.1971369698930878
2014-08-06,0.2526411290448759,0.35254905391366226,0.20301052807000447,0.2963924405981052,0.15359667079865763,0.22304485669059276,0.20798773116594987,0.1723800617682691
2014-08-07,0.24399611840972713,0.3372156326781235,0.1822055150506456,0.2615520100966354,0.15359667079865763,0.22304485669059276,0.2032127798618259,0.15623319372998584
2014-08-08,0.2317927883504165,0.3221934134685987,0.1564757408336372,0.22677129279085273,0.15359667079865763,0.22304485669059276,0.19248750341168663,0.13362268197293786
2014-08-11,0.21439462915568086,0.29605470875715906,0.15613510856405055,0.22380689489003755,0.15359667079865763,0.22304485669059276,0.17894343796929435,0.13412540151208238
2014-08-12,0.19275830643549408,0.2624888297177342,0.18204434442487882,0.25773228842863277,0.15359667079865763,0.22304485669059276,0.16000664083994914,0.15623774320826028
2014-08-13,0.17547649457492187,0.2414147738292103,0.1550000086318965,0.2225540482816179,0.15359667079865763,0.22304485669059276,0.14411390452671574,0.13194298350144346
2014-08-14,0.16134562807941377,0.219378819690393,0.1732549560037127,0.24559784325688833,0.15359667079865763,0.22304485669059276,0.1336484768640634,0.14841579504105293
2014-08-15,0.1450706514377329,0.19863543411040194,0.15739882628207785,0.22486955202123782,0.15359667079865763,0.22304485669059276,0.11924870564977143,0.13411888528168092
2014-08-18,0.1551477691890668,0.21521911932888144,0.14842894110673333,0.21522885388696344,0.15359667079865763,0.22304485669059276,0.1264504705841824,0.12528696205583728
2014-08-19,0.14864151744683696,0.20311279036984323,0.15718405820370346,0.22243290951769978,0.15359667079865763,0.22304485669059276,0.12288790861274132,0.13354674055447197
2014-08-20,0.1405240728428686,0.19420941162155306,0.14074948173042456,0.20211708369741013,0.15359667079865763,0.22304485669059276,0.11543376942234915,0.11936524496220771
2014-08-21,0.1327660735310322,0.18260319911524467,0.1391110394878026,0.19898894399627032,0.15408590625911345,0.22285351171121637,0.10910805348404878,0.11812565271496125
2014-08-22,0.12669317656475465,0.17527475902051576,0.13065232701053456,0.18784103499015853,0.15408590625911345,0.22285351171121637,0.10374615186532989,0.11054463615279242
2014-08-25,0.12132325652627163,0.16728980394291235,0.13035276633048382,0.18672020838399792,0.15408590625911345,0.22285351171121637,0.09960179293405008,0.11045135042735958
2014-08-26,0.12355574836284955,0.17156987865559897,0.12652510566295716,0.18155947778774817,0.15408590625911345,0.22285351171121637,0.10098875162027943,0.10617361346342596
2014-08-27,0.1223913654405917,0.17020356534188164,0.12463152890726417,0.17862216739022843,0.15408590625911345,0.22285351171121637,0.10074688142171843,0.10508123247674817
2014-08-28,0.12496728132802648,0.17450978701781586,0.12265178770281954,0.1765691872550464,0.15346927290461998,0.22308708549711811,0.10272668544806043,0.10328685851575253
2014-08-29,0.13213126011807996,0.18472383121551553,0.1235450600207724,0.17815939540462897,0.15346927290461998,0.22308708549711811,0.10856785424237443,0.10398656505006311
2014-09-02,0.1310553128685017,0.1824899945238796,0.12348247956045699,0.1770049741510614,0.15346927290461998,0.22308708549711811,0.10808647166986061,0.10422359975388015
2014-09-03,0.13545218748543897,0.18934437205505597,0.12273983276183309,0.17658715555155777,0.15346927290461998,0.22308708549711811,0.11159015417890303,0.10332599397292196
2014-09-04,0.13823317498247623,0.19290125683164744,0.12274386394062023,0.17627104939623173,0.15346927290461998,0.22308708549711811,0.1138981420903968,0.10349038637541885
2014-09-05,0.1438783773586747,0.20111669702618332,0.123233823195877,0.17737356867902665,0.15346927290461998,0.22308708549711811,0.11832936674106476,0.10375952962236654
2014-09-08,0.13637465759071676,0.18901093846266348,0.13250990667794926,0.18866782677559235,0.15346927290461998,0.22308708549711811,0.112858233353547,0.11241739657844535
2014-09-09,0.1452347639685988,0.20370936317715355,0.13045402707648068,0.18881516254986686,0.15346927290461998,0.22308708549711811,0.11909125804050885,0.10979993619869718
2014-09-10,0.16743385457490556,0.23495918624909443,0.14214737715192677,0.2063461200310914,0.15346927290461998,0.22308708549711811,0.13725189735988583,0.11982577433985674
2014-09-11,0.16053571395026722,0.22249519383869348,0.14544079671992,0.20763695365913068,0.15346927290461998,0.22308708549711811,0.1327311677517733,0.12375226811417918
2014-09-12,0.15139835874205132,0.2109120288834354,0.13405479985180319,0.19272334560410906,0.15346927290461998,0.22308708549711811,0.12463346306195945,0.1134819201263359
2014-09-15,0.15947499663953324,0.2232762486973333,0.13214657938221075,0.19118910115795268,0.15346927290461998,0.22308708549711811,0.13080953906003548,0.11125132180659159
2014-09-16,0.17715923546458323,0.24820904522831216,0.14040314400339593,0.20315823294122748,0.15346927290461998,0.22308708549711811,0.14542673458934238,0.11817091074026573
2014-09-17,0.16196040995668737,0.2229276779195433,0.17324161899582802,0.24546860856876906,0.15346927290461998,0.22308708549711811,0.13434339505299048,0.1480150535334901
2014-09-18,0.14919820484412982,0.20757585599295159,0.14960507276227436,0.21478096159052196,0.15346927290461998,0.22308708549711811,0.12256832805393732,0.12685750035298105
2014-09-19,0.1383264384405355,0.19143940459445866,0.14933262040086515,0.21323838331673572,0.15346927290461998,0.22308708549711811,0.11398068870755904,0.1270503124244552
2014-09-22,0.13425997437417847,0.18718379936657026,0.13562295267379015,0.19537171739094333,0.15346927290461998,0.22308708549711811,0.10985569805574921,0.11466726735448898
2014-09-23,0.17972060697781722,0.25179726810265574,0.17340314676640783,0.2506727178800388,0.15435848003399477,0.22289523251511162,0.14551936378898334,0.14492421675579528
2014-09-24,0.21215933019539146,0.29593858574824233,0.18229593576117176,0.2626192704628712,0.1533142208353081,0.22332154289005637,0.17266186193823532,0.15313389290463741
2014-09-25,0.19079814032693654,0.26176936935527534,0.2056678743612299,0.2898158209285209,0.1533142208353081,0.22332154289005637,0.15742339329840171,0.17507971928624477
2014-09-26,0.2350592590884122,0.328254386938223,0.22627442991410718,0.32526837055692753,0.15480337795585045,0.22374967894566972,0.19025030218387198,0.18889325968171877
2014-09-29,0.2247091301625117,0.30876718202220493,0.20397664040038788,0.28788774117777294,0.15480337795585045,0.22374967894566972,0.18407497848370252,0.17246995395977652
2014-09-30,0.23155822516896696,0.3214311443851647,0.18204719206814368,0.2605568083977022,0.15480337795585045,0.22374967894566972,0.18848692368787265,0.15255458293361956
2014-10-01,0.22917483976545094,0.3172272770777198,0.16448265502210102,0.23384964926285795,0.15480337795585045,0.22374967894566972,0.18793838033546484,0.13834895571198752
2014-10-02,0.22440037488815978,0.31105074467688787,0.1493522081892612,0.21312670934269184,0.15480337795585045,0.22374967894566972,0.18409432551182447,0.12577657960601912
2014-10-03,0.2088853735054217,0.2883462237058692,0.14467540885938263,0.20487290665736957,0.15480337795585045,0.22374967894566972,0.17194646316985657,0.12237632365930877
2014-10-06,0.18429412624448283,0.2519448161618151,0.17927868594553598,0.25139968442903216,0.15480337795585045,0.22374967894566972,0.1520939251380369,0.15247333441050392
2014-10-07,0.18683369976085573,0.2600199722791157,0.1585993499467107,0.22718856801905568,0.15480337795585045,0.22374967894566972,0.1526270110747317,0.13322782636335728
2014-10-08,0.2195381518924231,0.3067950580294799,0.1810010043104877,0.2597248176171543,0.15312382578983133,0.2248940311754299,0.17948299131126097,0.15157887435230327
2014-10-09,0.20069972569072858,0.2740090893238417,0.21497038903260907,0.3004112305042607,0.15312382578983133,0.2248940311754299,0.16614895687381803,0.18289165143133734
2014-10-10,0.263423737259048,0.36733144593839934,0.26937470656177886,0.38603621531774923,0.1549097513350124,0.22706779229536866,0.21248268688618197,0.22414336212354033
2014-10-13,0.3053989327728899,0.422913149709732,0.26772833880671254,0.38194526664313766,0.15516877772308274,0.2271396912914621,0.2484561310236128,0.22456343787127003
2014-10-14,0.34050953865183153,0.4719809958120304,0.2726819321193843,0.3898363710118596,0.15640320024433282,0.22696236644527598,0.27720676601240646,0.22874630175727398
2014-10-15,0.311390487543894,0.4265850937896047,0.2423131382985757,0.3405364820924874,0.15640320024433282,0.22696236644527598,0.25595166548065607,0.20552863742543065
2014-10-16,0.32679133914353864,0.45248979746358237,0.23662111589689638,0.338849633658129,0.157637940489624,0.22667597934256534,0.26547156824859097,0.19841149688546675
2014-10-17,0.3029413331122557,0.4154132567828468,0.20625430423970437,0.29047419482540626,0.157637940489624,0.22667597934256534,0.24813039838288314,0.17468638773648262
2014-10-20,0.2610160668449226,0.35526979348950116,0.23768037249075308,0.3316836105829345,0.157637940489624,0.22667597934256534,0.21472169430752866,0.20231992528478798
2014-10-21,0.21624386515322458,0.29271371738306456,0.2812852877236145,0.3925880468934776,0.157637940489624,0.22667597934256534,0.17837626778694327,0.23975357557331922
2014-10-22,0.17947352425675644,0.24286636770153938,0.2854436953390799,0.3996340481232298,0.157637940489624,0.22667597934256534,0.14820098828332748,0.2429271225823142
2014-10-23,0.1989784984829026,0.2759697312012896,0.2405567482703581,0.34322984539126294,0.15717711459062872,0.22697480364340727,0.16203638426279748,0.20186181412626078
2014-10-24,0.18856358906202475,0.25754455404403487,0.22217752560681786,0.31169696224854027,0.15717711459062872,0.22697480364340727,0.15642255324378446,0.18834984867239712
2014-10-27,0.1707988549226238,0.2349199189843219,0.1856046486247913,0.2613265971285667,0.15717711459062872,0.22697480364340727,0.14143697840683542,0.15677855262758594
2014-10-28,0.1611010686542137,0.2224482035253915,0.15875568948666158,0.22422562816314884,0.15717711459062872,0.22697480364340727,0.13311181233851993,0.13378744671116827
2014-10-29,0.1462449227274264,0.19940062587660082,0.19286621890259276,0.2693537562375494,0.15717711459062872,0.22697480364340727,0.12250423681452625,0.16413939379516454
2014-10-30,0.14847077235714445,0.20672514518836882,0.16424697701199986,0.23395839077615893,0.15717711459062872,0.22697480364340727,0.12224385225651062,0.1379999273295714
2014-10-31,0.14366737212153424,0.19795452226270357,0.15771268907006514,0.22209728704858275,0.15717711459062872,0.22697480364340727,0.1196394506505526,0.1335965573316439
2014-11-03,0.13288941901310353,0.18354674268523682,0.14783552489832197,0.20904062882868696,0.15717711459062872,0.22697480364340727,0.11050384633720813,0.1251534337729483
2014-11-04,0.14346347805966653,0.19948934030267884,0.1417636847036679,0.20231752947088505,0.15717711459062872,0.22697480364340727,0.1176536210167148,0.11861801484555028
2014-11-05,0.1477280291493719,0.20448923957061635,0.1353490646390158,0.1925435127184035,0.15777726578890303,0.22661344701591238,0.1215917727479013,0.11370389743106502
2014-11-06,0.14073230659082137,0.19310442259320307,0.14212291093731744,0.20080151441790958,0.15777726578890303,0.22661344701591238,0.116506755816107,0.12039703170832049
2014-11-07,0.1292610429080896,0.17773939791875001,0.13901387268805604,0.19706454956567493,0.1572142094025053,0.2269441942325348,0.10666131333104535,0.11740846710197488
2014-11-10,0.1190623510254627,0.16360263447010914,0.14035428024361385,0.19835833634655559,0.1572142094025053,0.2269441942325348,0.09836867847787048,0.11824540504816906
2014-11-11,0.11038064785129376,0.15199412263912312,0.13825893310070003,0.1954484693235801,0.1572142094025053,0.2269441942325348,0.09127718997959645,0.11630426846121643
2014-11-12,0.11235632946424601,0.1562996789844772,0.12910670115771322,0.18446765746718818,0.1572142094025053,0.2269441942325348,0.09207168172953901,0.10790111634651074
2014-11-13,0.11561333893535153,0.1607041319854229,0.12592910990947098,0.18018604729964363,0.1572142094025053,0.2269441942325348,0.095040345239743,0.1055399667121723
2014-11-14,0.13461757029342847,0.1882362494054997,0.13678769814737157,0.19729726471797937,0.1566701688012444,0.22724674024181124,0.1101974811567442,0.1142667056539784
2014-11-17,0.1325889046500035,0.18282635929592805,0.13770570617780847,0.1964498154770071,0.1566701688012444,0.22724674024181124,0.1099636499177005,0.1165122266597736
2014-11-18,0.1424033628739283,0.19892184220405518,0.13621184777046086,0.19710737685609153,0.15632975416295236,0.2271919333893943,0.11704275737303177,0.11424812998589867
2014-11-19,0.14298223633752394,0.19796420854343222,0.13133880337920556,0.1888063951861524,0.15632975416295236,0.2271919333893943,0.11825638017264471,0.11091808206016232
2014-11-20,0.14175839566364967,0.19650013097973054,0.12540227285011518,0.18063455966219036,0.15682275445034297,0.2268519406344795,0.11687638101018372,0.10564146892634346
2014-11-21,0.13566612404536538,0.18735543943145913,0.12700492731400992,0.1817231518439514,0.15682275445034297,0.2268519406344795,0.11262458993171762,0.10734543837722754
2014-11-24,0.12489040464095258,0.1722080850724031,0.1375686108936216,0.19480002985572786,0.15682275445034297,0.2268519406344795,0.1045739840486831,0.11616566201754608
2014-11-25,0.11647818157475798,0.1614391393053643,0.13130019660092757,0.18697461087719586,0.15682275445034297,0.2268519406344795,0.09703681934624213,0.11054706820251926
2014-11-26,0.11036181218301133,0.152738658407,0.13067760450511778,0.18620920392783452,0.15682275445034297,0.2268519406344795,0.09190624347181975,0.11024500024180976
2014-11-28,0.10540962907278029,0.146391682810958,0.1260145789506849,0.18029854761302513,0.15682275445034297,0.2268519406344795,0.08753165464874438,0.10621339822707128
2014-12-01,0.13896112161198582,0.19576690560407578,0.1570975568808768,0.2274648546554468,0.15663630960826008,0.22695229125849858,0.11415620406578406,0.13128843440705518
2014-12-02,0.168363600183967,0.23490694875184528,0.16579821431511227,0.23893310040156257,0.15663630960826008,0.22695229125849858,0.13860618645428463,0.1391913343277436
2014-12-03,0.1577601717853323,0.21560135287132134,0.19288636865965514,0.2718740222070656,0.15663630960826008,0.22695229125849858,0.13202648547613466,0.16416367734009496
2014-12-04,0.14139428799689868,0.19516615218149408,0.16630573395744708,0.2364038625807212,0.15663630960826008,0.22695229125849858,0.11730617376732881,0.14059232877020097
2014-12-05,0.13513303958661405,0.1869757554158818,0.1470192055948445,0.20971911431998888,0.15663630960826008,0.22695229125849858,0.11159118471006647,0.12387677343827064
2014-12-08,0.12682357774797381,0.17472946446375207,0.14687988597440882,0.20836013767143224,0.15663630960826008,0.22695229125849858,0.1053020588985534,0.1241404968995579
2014-12-09,0.1967999513800779,0.2780536911779188,0.22902221796826627,0.330371718533385,0.1579482941689958,0.22796802481731263,0.16009805138969063,0.1899544401069254
2014-12-10,0.21898908562195718,0.3043362642391592,0.20744989259202495,0.2959338732955397,0.1579482941689958,0.22796802481731263,0.17970161087064185,0.1736564830523404
2014-12-11,0.29712981430587204,0.41369622631238295,0.29552433219449803,0.42217327739339255,0.1601459258126532,0.22967672607007997,0.23962230905004991,0.24358062005397965
2014-12-12,0.3188768221427978,0.4393479173046265,0.26470190919494585,0.3750808294891149,0.1601459258126532,0.22967672607007997,0.2589900837645861,0.21989819685866102
2014-12-15,0.313570020078469,0.4314469722981498,0.22317187353622292,0.3170723189902259,0.1601459258126532,0.22967672607007997,0.2553224248645104,0.18625707240073552
2014-12-16,0.29015889562473607,0.3974636345071747,0.19497746994259746,0.27323680028019137,0.1601459258126532,0.22967672607007997,0.23707711760249725,0.16247815235342108
2014-12-17,0.3143527388853462,0.43464465436026856,0.22133801656414154,0.31492630116783976,0.1614245144075912,0.2294666758849196,0.25463011628668597,0.18276444725089047
2014-12-18,0.27993777113072316,0.37908020279403276,0.29266879696075976,0.40405912453464177,0.1614245144075912,0.2294666758849196,0.23065048115539716,0.24630930425087333
2014-12-19,0.23096401819279855,0.31340850749476906,0.2963610725129857,0.4114657404182365,0.1614245144075912,0.2294666758849196,0.18995034060777805,0.2490533525717787
2014-12-22,0.20459019674893586,0.28043887411860113,0.23244685670663268,0.32610659297111844,0.1614245144075912,0.2294666758849196,0.16675423155426036,0.19441471864050378
2014-12-23,0.18395731241232394,0.25068064536194384,0.21489768697251754,0.2999591121398187,0.1614245144075912,0.2294666758849196,0.15056221462959107,0.1804455901609235
2014-12-24,0.1666956820189136,0.22827734281968146,0.1816046390294772,0.2549218675604385,0.1614245144075912,0.2294666758849196,0.13589836270882077,0.15209453561982716
2014-12-26,0.1548015344434175,0.21196957877540676,0.16137332146497918,0.22675758747780736,0.1614245144075912,0.2294666758849196,0.12612630445338346,0.13518727416786552
2014-12-29,0.1509718035494041,0.2075575233336702,0.14334556964937578,0.20283124002676767,0.1614245144075912,0.2294666758849196,0.12224595836682997,0.11972319154791855
2014-12-30,0.16105251852198643,0.22200404666442614,0.14010427929672198,0.19921271897138454,0.1614245144075912,0.2294666758849196,0.13017552911782787,0.11681291706460163
2014-12-31,0.17892272833623446,0.24685009049003037,0.14684963223013603,0.2091321943261769,0.1614245144075912,0.2294666758849196,0.1444666568504889,0.12238305335842063
2015-01-02,0.25458132917689014,0.35137552981103604,0.24670019447037406,0.3514988045136351,0.16257984234129497,0.2305155323718846,0.20367648931437154,0.2039727235191132
2015-01-05,0.2399788513970993,0.3258185867017209,0.22523145651326526,0.31416187282854596,0.16257984234129497,0.2305155323718846,0.19518904166740222,0.18878228491579524
2015-01-06,0.25896059979932495,0.3560478708850071,0.2143364360578469,0.30383442357986973,0.1631925932385997,0.23025831456235885,0.20853090949975503,0.17733005716849803
2015-01-07,0.27008877522095354,0.3699710775790883,0.19641859729332511,0.27781560335272604,0.1631925932385997,0.23025831456235885,0.21857226145597022,0.16337690950946132
2015-01-08,0.24421826121140455,0.3313121602450282,0.20080938757647615,0.2793182831033838,0.1631925932385997,0.23025831456235885,0.1990716082332747,0.16812155683791624
2015-01-09,0.2082721022834857,0.2820592285410727,0.23072979531779303,0.32035063148960985,0.1631925932385997,0.23025831456235885,0.17022245702138428,0.19364672876400682
2015-01-12,0.19886647501358468,0.27283303373647777,0.18536064339752245,0.26086640070371864,0.1633099345971617,0.23021540701261484,0.1604831486552184,0.15387239552458906
2015-01-13,0.2324344328518677,0.3202420119781772,0.2006051962929707,0.2843254109029911,0.1638413230980429,0.23003068720963687,0.18675633244951867,0.16602006566418795
2015-01-14,0.24385586560778272,0.3338526198041882,0.1847971785741629,0.2606974204963239,0.1638413230980429,0.23003068720963687,0.19704959030260813,0.15380902964677035
2015-01-15,0.2467090937256451,0.3375090284967017,0.16954224878066548,0.2389676098231365,0.1638413230980429,0.23003068720963687,0.19960310010999774,0.14105136259228396
2015-01-16,0.2479641500103753,0.33857492861206867,0.1588221176923299,0.22389165209117393,0.1638413230980429,0.23003068720963687,0.2006686055533632,0.13223356235090294
2015-01-20,0.2251527744517734,0.30528748732854466,0.1653545841058145,0.22945804321921676,0.1638413230980429,0.23003068720963687,0.18372261255775255,0.13850604792919666
2015-01-21,0.2031378661603367,0.27817955524046967,0.1594164166607771,0.22286995254172073,0.1638413230980429,0.23003068720963687,0.16617631318976667,0.13439041967736798
2015-01-22,0.18200526299684228,0.2489457883931528,0.15722133703542268,0.22012830701695238,0.16150379240555734,0.22846035932362163,0.14890822208998725,0.13254275137717716
2015-01-23,0.15376566662152857,0.20796464271520437,0.21706807319787502,0.3016435401010932,0.16150379240555734,0.22846035932362163,0.1274111728843003,0.1843552460922958
2015-01-26,0.14387809432558374,0.19762018998927894,0.1761149482071418,0.24799286258491807,0.16150379240555734,0.22846035932362163,0.11769516387057234,0.14818611577592936
2015-01-27,0.13254076959661232,0.18000832744648276,0.17680939289778197,0.24675118544158023,0.16150379240555734,0.22846035932362163,0.10951341462550256,0.14971572724937823
2015-01-28,0.16606078139928648,0.22869552863854473,0.18190820594898327,0.2591041815124148,0.16186992387153765,0.22829386177402095,0.1354482882513201,0.15297177656930416
2015-01-29,0.23935161618273604,0.3285484766982065,0.24932591163661566,0.353194497722692,0.16359400257553147,0.22877149686385068,0.19457226009388137,0.2086810238002917
2015-01-30,0.22551250243197707,0.3039744146624245,0.23202940164203645,0.3222078619699685,0.16359400257553147,0.22877149686385068,0.18612225557363918,0.19656849704402538
2015-02-02,0.24352496781112443,0.33271888851733367,0.2164916551257583,0.30543594933472296,0.1641147620941582,0.2286702046519215,0.19895135916211526,0.18143513397804825
2015-02-03,0.2276714109156046,0.3068648681957298,0.20616555416055615,0.28571125853666635,0.1641147620941582,0.2286702046519215,0.1880196980520265,0.1745212261193002
2015-02-04,0.1977498610095605,0.26541143753318647,0.22228153912935356,0.30719891659053344,0.1641147620941582,0.2286702046519215,0.1639801016019687,0.18877802323837187
2015-02-05,0.1968668516979184,0.26808410604699284,0.18682660443431487,0.2617627406474155,0.1641147620941582,0.2286702046519215,0.16132799422525826,0.15693943348747563
2015-02-06,0.18298030717112113,0.24598420918192698,0.19227449730417945,0.2646733209693109,0.1641147620941582,0.2286702046519215,0.15153583946566615,0.1628296016959555
2015-02-09,0.17605030509606756,0.2391866419877622,0.16384922056843532,0.22756737859227047,0.1641147620941582,0.2286702046519215,0.14441444395665115,0.13745736356378252
2015-02-10,0.194360684426103,0.26502714865852606,0.1644492143488704,0.2290125744969787,0.1641147620941582,0.2286702046519215,0.15913493761621372,0.1375330538570685
2015-02-11,0.18287546311220204,0.24609758341207377,0.17218541790529052,0.23560272146224184,0.1641147620941582,0.2286702046519215,0.15148486158206997,0.14561855172274596
2015-02-12,0.16867462394984578,0.22793481256634038,0.150685348409474,0.2086292142347888,0.1641147620941582,0.2286702046519215,0.1389143810984182,0.12764586181543144
2015-02-13,0.15298700510672436,0.20455979879603997,0.18125804681818658,0.2479572578236226,0.1616270964324349,0.22628186983061754,0.1271261073206828,0.1542768930200989
2015-02-17,0.13621705209865898,0.18343033224972902,0.1652180754727972,0.22778786744959426,0.1616270964324349,0.22628186983061754,0.11247197485175583,0.14006597737467572
2015-02-18,0.1531812841514011,0.20983740932435355,0.16068393081688903,0.22446521583838525,0.1616270964324349,0.22628186983061754,0.12605129185411545,0.1349605302444347
2015-02-19,0.1509688808968277,0.2048144064103945,0.15096465940906256,0.20878606843883815,0.1616270964324349,0.22628186983061754,0.125540455863882,0.12789060856962145
2015-02-20,0.1436106507896151,0.1952786315584636,0.13858691176852705,0.19251316879959177,0.1616270964324349,0.22628186983061754,0.11925631725558551,0.11743959809060954
2015-02-23,0.1330775731489391,0.17928976326146095,0.15254279691597822,0.21035998183379293,0.16056321978194965,0.22630561691659018,0.11082564569813433,0.12981839710240994
2015-02-24,0.1295364240168535,0.1767443839226582,0.13655572676144384,0.1905164434443019,0.16056321978194965,0.22630561691659018,0.10699652075780176,0.11534727679196088
2015-02-25,0.12247057554024998,0.1652380948580079,0.1486530298257968,0.20515767271780183,0.16056321978194965,0.22630561691659018,0.10211420966879219,0.12642768849688452
2015-02-26,0.11842533768899965,0.16139918055857333,0.13396543593694443,0.18681231011048166,0.16056321978194965,0.22630561691659018,0.09761398914429334,0.11305797606810744
2015-02-27,0.11945038089883786,0.1627424714163675,0.12896503817439053,0.1790275608346953,0.16056321978194965,0.22630561691659018,0.09848825844861911,0.10831383631906935
2015-03-02,0.11387083736284676,0.1541055832578833,0.1346887653590415,0.18570288912930427,0.16056321978194965,0.22630561691659018,0.09443822833055637,0.11357916532557064
2015-03-03,0.10738387257553517,0.14556557435296155,0.1304360313934695,0.18041155413412505,0.16056321978194965,0.22630561691659018,0.08852051357919667,0.10966210316925827
2015-03-04,0.12578415649273933,0.1732453551372852,0.137523335571342,0.1924355096221517,0.16056321978194965,0.22630561691659018,0.10345525136373152,0.11478888353579075
2015-03-05,0.13784224369073383,0.18871611743872163,0.13580865088370697,0.18947040390934225,0.16056321978194965,0.22630561691659018,0.11376314224272463,0.11390803081801211
2015-03-06,0.13563458588921407,0.18425052592292643,0.13170034480824522,0.18297271734186146,0.16056321978194965,0.22630561691659018,0.11188671030421903,0.11076700069578506
2015-03-09,0.15617663977222507,0.21471790767702809,0.14551934091338248,0.20644974707596708,0.1593638235127997,0.22638001478992925,0.12871029832455932,0.12295998540367922
2015-03-10,0.15638039294278228,0.21257213539577177,0.13938771589924204,0.19543820359671396,0.15822249707268043,0.22513290755617915,0.1295883913191719,0.11882409529172855
2015-03-11,0.1851644964571204,0.25479687915425114,0.1634026945261996,0.23110114739511825,0.1577201941893805,0.2253066319778493,0.1526446991701732,0.13790122733212967
2015-03-12,0.18934201949084173,0.2580591162503627,0.15324596799651613,0.21370845609358205,0.1577201941893805,0.2253066319778493,0.15698185769610606,0.12982295475159208
2015-03-13,0.17461044418145844,0.23558029242879144,0.17378300514587386,0.2391083072957761,0.1577201941893805,0.2253066319778493,0.1463060982518865,0.14837526751661678
2015-03-16,0.16951662115150912,0.23234661011448757,0.15069875736724547,0.21090790979355536,0.1577201941893805,0.2253066319778493,0.14084387880250204,0.12740382996036836
2015-03-17,0.16377255554348813,0.22280242172644046,0.14439343235868862,0.20002369504312711,0.1577201941893805,0.2253066319778493,0.13704289373544642,0.12268463209971757
2015-03-18,0.15618060397296163,0.21335157983841216,0.13319033563275412,0.18556225400323575,0.1577201941893805,0.2253066319778493,0.1303737485739983,0.11277881017806891
2015-03-19,0.14344498248932347,0.19298359614404148,0.17960371143256937,0.24616521492905047,0.1577201941893805,0.2253066319778493,0.12121778822560433,0.1539027768775441
2015-03-20,0.13049712019901927,0.17865606112622545,0.15216636532012573,0.21187617032504488,0.1577201941893805,0.2253066319778493,0.10887999879691862,0.12920219960817997
2015-03-23,0.12239815979504698,0.16539492666623168,0.16535385366695188,0.22753637748111055,0.1577201941893805,0.2253066319778493,0.10347621328753505,0.14156515333495143
2015-03-24,0.1212947712052792,0.16706381801944153,0.14515946340829838,0.2030231161335844,0.1577201941893805,0.2253066319778493,0.10126222534544568,0.12318310343216865
2015-03-25,0.1268988752028034,0.17435075526201022,0.13766537546938135,0.19227049017826775,0.1577201941893805,0.2253066319778493,0.10618171569374424,0.1170249666284353
2015-03-26,0.1715209686949224,0.2373792529780317,0.17552434434806397,0.2473074885421486,0.15861273582930246,0.22506640762071867,0.1416459339649631,0.14803073897268787
2015-03-27,0.1834283093027511,0.2507728783214885,0.16550762756628812,0.23059068333371846,0.15861273582930246,0.22506640762071867,0.1529361814634988,0.14087325830872277
2015-03-30,0.1733763873019496,0.23517869345739978,0.16057422246546643,0.22173584387049658,0.15861273582930246,0.22506640762071867,0.14541502261501937,0.13745546697596978
2015-03-31,0.15968729206895582,0.21676913768037143,0.15179393604557267,0.21001216291979116,0.15861273582930246,0.22506640762071867,0.1336906439691036,0.12974410225814337
2015-04-01,0.16640305079437945,0.22804348717204778,0.14398627426844945,0.20183919658962937,0.15861273582930246,0.22506640762071867,0.13781067103621192,0.12200329766992307
2015-04-02,0.16347759397259454,0.22280647058900405,0.13895407356827483,0.19295837884503247,0.15861273582930246,0.22506640762071867,0.13665301506798708,0.11852179950666199
2015-04-06,0.1544275349032529,0.2098299563454731,0.13639110077449745,0.18893281835134754,0.15861273582930246,0.22506640762071867,0.12904818615809052,0.11640507777717794
2015-04-07,0.1481518435930982,0.20229967889501665,0.12846318821091773,0.1789210098184603,0.15861273582930246,0.22506640762071867,0.1233291533788137,0.1091123582027158
2015-04-08,0.1450047216507001,0.19839787799056513,0.125142866762192,0.1741814702197296,0.15861273582930246,0.22506640762071867,0.12101289300974064,0.10617177843117959
2015-04-09,0.1364473210545213,0.18550664163023395,0.13833456888341145,0.1906524122750407,0.15861273582930246,0.22506640762071867,0.11488771797824035,0.1180346533821806
2015-04-10,0.1234908828045912,0.16728452707545047,0.14990114183387626,0.20660845417111698,0.15861273582930246,0.22506640762071867,0.10383096425512194,0.12793609709209458
2015-04-13,0.11213373638096613,0.15287337597517245,0.14466629884516868,0.20024053755867377,0.15830246272939819,0.22523713407694568,0.09419585259464863,0.12322801206578592
2015-04-14,0.14385476362322014,0.19918656080698965,0.16201542592057105,0.2279442224489777,0.1586381937021739,0.22505870368317527,0.11910081256345839,0.13683144816060322
2015-04-15,0.14611634083828007,0.19920529075010057,0.15390304444936076,0.21337334603213648,0.1586381937021739,0.22505870368317527,0.12251694280214653,0.13124536012825294
2015-04-16,0.13567748249457035,0.18354773620457546,0.15828671045973086,0.2181181592084886,0.1586381937021739,0.22505870368317527,0.11394842814011663,0.13527599765659493
2015-04-17,0.12595088993084969,0.17154011156591545,0.14444158921848294,0.2002880929076947,0.1586381937021739,0.22505870368317527,0.10523063594350532,0.12296446888943544
2015-04-20,0.15513147106927372,0.2137283282278441,0.1602491958205381,0.22521668814232954,0.15882362797437433,0.22494500664955178,0.12813175300540758,0.1354173084671722
2015-04-21,0.15357751451196666,0.20833676950586116,0.15759908374322001,0.21790513819144733,0.15882362797437433,0.22494500664955178,0.12885198964670874,0.13487681761964676
2015-04-22,0.14533051476939485,0.19802803713800093,0.14279239263584548,0.19822992992660848,0.15882362797437433,0.22494500664955178,0.12122868665851834,0.12135772825762009
2015-04-23,0.13784603093421022,0.18675529485934528,0.14293155203566976,0.1973248712763029,0.15882362797437433,0.22494500664955178,0.11526874916405364,0.12177281944014746
2015-04-24,0.1298144180251306,0.17646513673588993,0.13515723528982704,0.18716839317851722,0.15882362797437433,0.22494500664955178,0.10817240548019748,0.11471885388551187
2015-04-27,0.12452814311284777,0.16932010775788725,0.1304182268443278,0.18059906566366282,0.15882362797437433,0.22494500664955178,0.10355707094759332,0.11040393720714782
2015-04-28,0.14165008680583524,0.19456650326502373,0.13779207313544095,0.19322997377612516,0.15882362797437433,0.22494500664955178,0.11666859797699809,0.11592810505679625
2015-04-29,0.13902897210748377,0.18776014698001478,0.14703722126832192,0.20228693364987355,0.15882362797437433,0.22494500664955178,0.11606483629134438,0.12499982090023176
2015-04-30,0.1528637727777724,0.2106903232972189,0.14788602774644066,0.20749609685531173,0.15882362797437433,0.22494500664955178,0.12638828375934982,0.12433802031823815
2015-05-01,0.18169350069717138,0.25010181347285426,0.16276182606299266,0.22890285424540643,0.15882362797437433,0.22494500664955178,0.15067716780268137,0.13764045916324064
2015-05-04,0.1716453947460146,0.2300971280232948,0.21057659158629227,0.28792704498647126,0.15882362797437433,0.22494500664955178,0.14488832913072935,0.18074553946368122
2015-05-05,0.15487012264530575,0.21164258440633493,0.17159952568271475,0.23884146357842403,0.15882362797437433,0.22494500664955178,0.1291356794396292,0.14591681654345223
2015-05-06,0.18707257669688948,0.25722882327497454,0.18314130279850638,0.25749064979173364,0.15926937828803278,0.22477974856295133,0.15433645257797884,0.15474098975923745
2015-05-07,0.20600573770248332,0.2814388622620266,0.1769113651309745,0.247403566765456,0.15926937828803278,0.22477974856295133,0.17044472645822145,0.1500299298597915
2015-05-08,0.20053909060498976,0.27271722809157556,0.1602073951913881,0.22280624737691154,0.15926937828803278,0.22477974856295133,0.16693228990282116,0.1364902032807625
2015-05-11,0.1783674936076023,0.23854932760218894,0.23035587685433168,0.3144442814645686,0.15926937828803278,0.22477974856295133,0.1509819818078422,0.1985036351051579
2015-05-12,0.17749489054835177,0.24396246528979035,0.1911476515183077,0.26760792722588567,0.15926937828803278,0.22477974856295133,0.14763492040227755,0.16233078850518382
2015-05-13,0.1782354393984391,0.24349943456588,0.17137825033397097,0.23880477121575827,0.15926937828803278,0.22477974856295133,0.14911537017906148,0.14663400233007412
2015-05-14,0.17054021981613632,0.2331784423085348,0.15379772004229697,0.21425992131576854,0.15861731546393418,0.22495970301864848,0.1427559535572182,0.13163635949397032
2015-05-15,0.15722398852703856,0.21272403686230174,0.16617018671170458,0.2289639928880909,0.15861731546393418,0.22495970301864848,0.1325070474528822,0.142985814941948
2015-05-18,0.14308805406920277,0.19465665637158128,0.1512832053124354,0.2099089525209266,0.15861731546393418,0.22495970301864848,0.12003392839787835,0.12966507068181138
2015-05-19,0.144688648924578,0.19827950205053538,0.1389203895598332,0.19449665861496182,0.15861731546393418,0.22495970301864848,0.12073515896849411,0.11844219466253025
2015-05-20,0.14634274219151133,0.19996987179301906,0.13277602064711141,0.1854225857746208,0.15861731546393418,0.22495970301864848,0.12232136255348913,0.11338622457430432
2015-05-21,0.14359343750849984,0.1962322076175495,0.12772904106785027,0.1779136270266327,0.15861731546393418,0.22495970301864848,0.1202756657583404,0.10886320360823924
2015-05-22,0.1343326781907933,0.1823662309460877,0.14232596350622656,0.19669407852464385,0.15861731546393418,0.22495970301864848,0.11366235271458956,0.12250782445198935
2015-05-26,0.1263093240526323,0.17321665480492565,0.12980771986161732,0.18127571754224334,0.15693913858517877,0.22453455024392768,0.10604696729589773,0.11096132854252969
2015-05-27,0.1812138626015667,0.251365373707898,0.18794760568575863,0.2657101472906026,0.1582608711063867,0.22454493220781968,0.14962756845169858,0.15886861528551072
2015-05-28,0.18045361634425428,0.24465067723452935,0.18214000368872096,0.25164150412301195,0.1582608711063867,0.22454493220781968,0.1516817649650336,0.15656050612193662
2015-05-29,0.168502314638298,0.23001085340681532,0.15713975050383866,0.21886392594483883,0.1582608711063867,0.22454493220781968,0.14074240512656752,0.1343074674913336
2015-06-01,0.17411767297718006,0.2387506431209739,0.14693719268973993,0.20582397845516373,0.1582608711063867,0.22454493220781968,0.1449470950204524,0.12507776292558728
2015-06-02,0.17409633805630276,0.23786345950041965,0.13907931803510493,0.1940735838218043,0.1582608711063867,0.22454493220781968,0.14535861364726116,0.11873229013587216
2015-06-03,0.17391989303736755,0.23777140894037146,0.13241588192285664,0.1852910355030752,0.1582608711063867,0.22454493220781968,0.1448970533107668,0.1129330937175243
2015-06-04,0.16488421687089172,0.223833342055898,0.13658918441614726,0.1892932640946327,0.1582608711063867,0.22454493220781968,0.13810349184074217,0.1171517271911922
2015-06-05,0.17730201214973373,0.24438566962158945,0.14133072811793707,0.19981350013973667,0.1582608711063867,0.22454493220781968,0.14734974428676095,0.12016716975141273
2015-06-08,0.17303087768495118,0.2360063651230659,0.1422093054479842,0.1975575992172403,0.1582608711063867,0.22454493220781968,0.14535236856479133,0.1220709278418822
2015-06-09,0.18454920201078417,0.25489393101724866,0.14472924670598758,0.2044506025436239,0.1568134290465356,0.22440859758149242,0.1536755775103065,0.12302386303347733
2015-06-10,0.1782493799632373,0.24274326181216951,0.15125650495233783,0.20941028531321038,0.1568134290465356,0.22440859758149242,0.15021597754125832,0.1301735255649493
2015-06-11,0.15923169689728245,0.21568646390360935,0.17232405899199232,0.23750931782212054,0.1568134290465356,0.22440859758149242,0.13487554298700005,0.14880883237746229
2015-06-12,0.14354921176057356,0.19611875284128816,0.15434359326276337,0.21473905030611012,0.1568134290465356,0.22440859758149242,0.12099440373700297,0.1326997919666916
2015-06-15,0.15773688958607657,0.21877050391616248,0.15085657290874865,0.21318084165974305,0.1568134290465356,0.22440859758149242,0.13202844124486762,0.12847983040157243
2015-06-16,0.1962407865426079,0.27155826561915164,0.17874148624700426,0.25235354291441753,0.1573498143107604,0.22415831861878324,0.1634249963700637,0.15160903597814757
2015-06-17,0.19325334633050262,0.2632375704571774,0.16992029852955837,0.23531241471584835,0.1573498143107604,0.22415831861878324,0.16277075488855675,0.14589205833993918
2015-06-18,0.17920685308288142,0.2445845245224591,0.1530673960374367,0.2125765127519233,0.1573869992054487,0.22416805478658433,0.15079837337834126,0.13110088069686854
2015-06-19,0.162322464563182,0.219430754552881,0.17665368823738065,0.2427959736112098,0.1573869992054487,0.22416805478658433,0.13789772760374974,0.15235814453526486
2015-06-22,0.16268349682923944,0.22461230416728242,0.15460704186859853,0.21751811858217351,0.1573869992054487,0.22416805478658433,0.13662804590517852,0.13186986389914832
2015-06-23,0.15585880539770558,0.21038878111197062,0.1758760536657748,0.24172958575963305,0.1573869992054487,0.22416805478658433,0.13294806593816602,0.152233605723971
2015-06-24,0.1385210422379587,0.18827606325238672,0.16493924263672888,0.22812414898693692,0.1573869992054487,0.22416805478658433,0.117861780404954,0.14243247768776404
2015-06-25,0.15699987863949627,0.21773771530837385,0.16191878353656303,0.22884406737863883,0.15738071230744266,0.22413985904834804,0.13162966725143946,0.13817628399507442
2015-06-26,0.1771566792481506,0.24446610534730268,0.1610622406617731,0.22656894374764888,0.15738071230744266,0.22413985904834804,0.14948383531936024,0.13809738934495566
2015-06-29,0.17557117431011493,0.24101760774428974,0.1496299646948956,0.20922700552880227,0.15738071230744266,0.22413985904834804,0.14910313488448163,0.12907080391315734
2015-06-30,0.2859800932142573,0.40285797106510407,0.3056178897398416,0.4414492533560154,0.1602180890190633,0.22915338864981044,0.23673168678146592,0.25829552428648067
2015-07-01,0.289154763686549,0.39576949790519794,0.2750498402815509,0.38650997840807105,0.1602180890190633,0.22915338864981044,0.2435392672978216,0.23661895538095215
2015-07-02,0.25892468273472,0.3509484595367289,0.27226930412815187,0.37864123785838744,0.1589692261800828,0.22932582975488508,0.21915678989728227,0.23519203720459372
2015-07-06,0.23857236056501296,0.32891144207414186,0.21748469694959827,0.3082253673729948,0.1589692261800828,0.22932582975488508,0.199824989243844,0.18588291590933928
2015-07-07,0.23199066265970614,0.31920545884383056,0.18916161604389825,0.26776444551765677,0.1589692261800828,0.22932582975488508,0.19484708489064598,0.16206911927781437
2015-07-08,0.21593827424989787,0.29500871219682284,0.1797359429634544,0.2522395697842676,0.1589692261800828,0.22932582975488508,0.18247020848180176,0.15496156888363508
2015-07-09,0.262729608038365,0.3657042193251517,0.23327183414429564,0.33600515400231745,0.16110305558423704,0.23043832788078653,0.21699305290450596,0.19724746631051635
2015-07-10,0.2711280560990903,0.37112610095380855,0.2176568160487734,0.3055884533597711,0.16110305558423704,0.23043832788078653,0.2270829930851003,0.18556008437270408
2015-07-13,0.2448325808468388,0.3288583799736772,0.2670871248598736,0.3678952639402351,0.16110305558423704,0.23043832788078653,0.20776763652072341,0.23066946756832357
2015-07-14,0.2037445287184123,0.27179629936601113,0.3127363697161215,0.4312317161844486,0.16110305558423704,0.23043832788078653,0.1736570459165049,0.27027535010558607
2015-07-15,0.17293212355442344,0.23488836521618495,0.2573179585247952,0.3595724244519553,0.16110305558423704,0.23043832788078653,0.14568657204124563,0.2208432415931203
2015-07-16,0.16124671365021515,0.22008834666397883,0.21767686979184742,0.30478267990888663,0.16110305558423704,0.23043832788078653,0.13542650256396926,0.186276638701602
2015-07-17,0.1496528641778131,0.20156239884011823,0.2151219228026663,0.29775482983275364,0.16086026407280374,0.23060656160678714,0.1266670096109683,0.18494777707326968
2015-07-20,0.1352301097153389,0.1845525127317273,0.1828754588156553,0.2554091327071565,0.16086026407280374,0.23060656160678714,0.11342199465162876,0.15633879882318463
2015-07-21,0.13744382006932876,0.1887639865077303,0.16271729454733563,0.2278639941496034,0.1598963613726925,0.23097751254161566,0.11473445231146563,0.13850033508139736
2015-07-22,0.13606400509503647,0.1862919108181702,0.1501867859738466,0.20894710888996915,0.1598963613726925,0.23097751254161566,0.11401343359362866,0.12806571705029646
2015-07-23,0.13133390988068805,0.17984486678968006,0.13946433482305082,0.19352121259569352,0.1598963613726925,0.23097751254161566,0.11033104118879782,0.11895251275650873
2015-07-24,0.13998885227504587,0.19326068342447492,0.13412434887589642,0.18761450180003628,0.1598963613726925,0.23097751254161566,0.11704231891533365,0.1138979547529597
2015-07-27,0.16639377665710453,0.2304507819317098,0.14938149979115029,0.21011179371037364,0.1598963613726925,0.23097751254161566,0.13906905873727482,0.1270640804787712
2015-07-28,0.21038406119131592,0.29218799800787826,0.18503555641494152,0.26191901587061356,0.16084920652314555,0.23060486559710344,0.17534430920961483,0.15735877238375667
2015-07-29,0.2000396358487122,0.2693033419292667,0.2312729383375639,0.3157335407324424,0.1579517199391407,0.22533607323710395,0.17012828306420322,0.20029341233699055
2015-07-30,0.1752939576097201,0.23871527652069727,0.20817076774402238,0.2885858787774328,0.1579517199391407,0.22533607323710395,0.14868431147034777,0.18131473405140774
2015-07-31,0.15618049201209705,0.21450853609883672,0.17962956067637947,0.2503393313904505,0.15496848395548918,0.21477054931970738,0.1320599435951194,0.15544708915119865
2015-08-03,0.14861709402277096,0.20779113631219784,0.15459508451742665,0.2182297992649088,0.15496848395548918,0.21477054931970738,0.12561975198003947,0.1341024926763797
2015-08-04,0.15430100096861388,0.2155205570489017,0.14352320186061157,0.20340127026752824,0.15369876002420224,0.21303175870486893,0.1298970510930425,0.12392353618573443
2015-08-05,0.16298877243085685,0.22628706254026915,0.13884642518805895,0.19651377197560035,0.15369876002420224,0.21303175870486893,0.13707325967868866,0.1198303221294754
2015-08-06,0.15622330948090413,0.21412743893101885,0.13955325271736352,0.1955423940657264,0.15369876002420224,0.21303175870486893,0.13212506737692709,0.12117988959504407
2015-08-07,0.1780543215555508,0.24768204872902297,0.15328014033371756,0.21809820002494135,0.1530234860614425,0.21321472652809237,0.1493605712218462,0.13202479298363698
2015-08-10,0.1754415659813504,0.24027950403220866,0.14784451588989217,0.20581875886213344,0.1530234860614425,0.21321472652809237,0.1485140285498916,0.12850935757257514
2015-08-11,0.15763805711131085,0.21423527243601953,0.16703273879538735,0.232786169735069,0.1530234860614425,0.21321472652809237,0.1353532687390091,0.14828929168341876
2015-08-12,0.18112741710740965,0.2516305315588945,0.172820152576716,0.24588256729591046,0.15097599362305814,0.20740553408728607,0.15316074332818544,0.15076161977413854
2015-08-13,0.1810418123151255,0.24839353947253123,0.15729029632088437,0.21997868257669523,0.15097599362305814,0.20740553408728607,0.15436477462166504,0.13774446839964946
2015-08-14,0.1710186725780053,0.23572349582095536,0.14090349486381593,0.1971197590305316,0.15097599362305814,0.20740553408728607,0.14649122701849965,0.12350378733646147
2015-08-17,0.1590688764508038,0.21846496024971626,0.14339689676144818,0.1997000093741874,0.15097599362305814,0.20740553408728607,0.1368139136971263,0.12612942029220042
2015-08-18,0.1532135338083157,0.21105112336275753,0.1297694232985031,0.18264613236325486,0.15097599362305814,0.20740553408728607,0.13019025846567847,0.11332193632909184
2015-08-19,0.16720329763354713,0.23201268725135465,0.13641345780988623,0.19315956823417685,0.15145649814439,0.20738056974046518,0.14210802163347058,0.11888758816609736
2015-08-20,0.1969967010281124,0.27535995922504797,0.16493667762505282,0.23386179392994585,0.150937764175765,0.20741213905614705,0.16823520887040425,0.14373900125464845
2015-08-21,0.2813693484697315,0.39305170293113967,0.280465741939834,0.39710423237136966,0.15318953564875315,0.20986741593589014,0.23738585135565599,0.24207315140942642
2015-08-24,0.43866478334699943,0.6094115340123142,0.48415675921262036,0.683440216454304,0.1560719563824839,0.2193060017704,0.36542258352141743,0.4158639742310817
2015-08-25,0.5648940450866569,0.7783810007155232,0.5737063382285132,0.8069615946517614,0.15911561578951827,0.22805385691174304,0.4695429520466563,0.4933734183397762
2015-08-26,0.504750340143798,0.683980923794757,0.4415074329353136,0.6087522218615351,0.15911561578951827,0.22805385691174304,0.4236871478418071,0.3829666468696692
2015-08-27,0.4207190182817242,0.5686716528667002,0.38626380093481627,0.5306744659306566,0.15911561578951827,0.22805385691174304,0.3541574587806635,0.3353786574701122
2015-08-28,0.35150243800392955,0.4749717108175058,0.33940132894974107,0.4669134678750523,0.15920907672563162,0.22801529987678446,0.29563734423528804,0.2947250845404521
2015-08-31,0.3066713970644037,0.417453364448706,0.23587621985190832,0.32820596695905074,0.15920907672563162,0.22801529987678446,0.25629346978680645,0.20390957214468397
2015-09-01,0.30513364098581963,0.41752525130626095,0.2048329308062603,0.2881036425016493,0.15881338745795498,0.22818998703969984,0.25386745478779466,0.1764323400422404
2015-09-02,0.3188050152359678,0.4364031738228326,0.20588726076586827,0.2897293796092104,0.15838986710145825,0.22833095313972912,0.26508084501600676,0.1770869618863432
2015-09-03,0.2826617223778529,0.3811368139984981,0.2809352447107287,0.38515345060962175,0.15838986710145825,0.22833095313972912,0.2383373373710046,0.24451811014256908
2015-09-04,0.2455049505415472,0.3342727764216783,0.2092321566101542,0.2905921938000296,0.15838986710145825,0.22833095313972912,0.20537958733936437,0.18086703810197555
2015-09-08,0.25569249007304196,0.3506848104168691,0.18860737974310993,0.2648161199681681,0.15838986710145825,0.22833095313972912,0.21330135373272255,0.1620777677071854
2015-09-09,0.23297448963164125,0.3152241912771119,0.2080041515052533,0.2857896456421283,0.15838986710145825,0.22833095313972912,0.19655274556172997,0.18069496044017755
2015-09-10,0.2244490687845555,0.3075864210385529,0.16851498556129085,0.2362000984486077,0.15838986710145825,0.22833095313972912,0.18741967468570278,0.14482726547977476
2015-09-11,0.20670195456139395,0.28028767484299605,0.17252968508190242,0.23775506063277968,0.15838986710145825,0.22833095313972912,0.17385398772286148,0.14937889914806007
2015-09-14,0.18174150755570606,0.2476384178837559,0.1602342646433269,0.22191012100830756,0.15838986710145825,0.22833095313972912,0.15283669210591844,0.1386407341816019
2015-09-15,0.17979016172664986,0.24823406414112364,0.1438750385276641,0.2021539334250187,0.1577340702305816,0.22851699086700253,0.15064858047456225,0.12345859058176192
2015-09-16,0.16850471674311052,0.22986133914046858,0.16024586912689504,0.22110316224592813,0.1574212889144611,0.22877786135514025,0.14258678647410156,0.13888324766134846
2015-09-17,0.15232938407975416,0.20721640169376845,0.15711415745050128,0.21726382226362662,0.1574212889144611,0.22877786135514025,0.12795181906119257,0.13575643290851114
2015-09-18,0.14204611839287762,0.19380525401457072,0.13826852933723294,0.1927828997108317,0.1574212889144611,0.22877786135514025,0.11835930846910288,0.11896087995326621
2015-09-21,0.15512961052595386,0.21384487396159413,0.1390251801133045,0.19583240504704427,0.1574212889144611,0.22877786135514025,0.12885137149524073,0.11892929359096432
2015-09-22,0.14500117191081174,0.19557106696419987,0.17891510807957445,0.24529608203238298,0.1574212889144611,0.22877786135514025,0.12203077871890089,0.15444581280732034
2015-09-23,0.17317257500906091,0.23988830532918112,0.17950051481913842,0.253747684414583,0.15788619681568394,0.22844754939126818,0.1433819495965297,0.15328376282373435
2015-09-24,0.1713890099283617,0.2346830136786768,0.158621938030089,0.2205681579431885,0.15762395882237093,0.22867061612887446,0.1434495956011901,0.13646836795962428
2015-09-25,0.18316544037417026,0.251649695755975,0.1511940841774979,0.21272286331701198,0.15762395882237093,0.22867061612887446,0.15195225969106174,0.12936559041621137
2015-09-28,0.18244941385119273,0.24900747541280385,0.13950785348460631,0.19467906439333194,0.15762395882237093,0.22867061612887446,0.15239163098523384,0.11992583237957986
2015-09-29,0.2344211885763423,0.3217002056299059,0.2130493085494548,0.29994617524763945,0.15910963773742012,0.22867818823430763,0.19323247121751425,0.18049305698895252
2015-09-30,0.22993258177839593,0.3100969311995177,0.185133905863909,0.25514335330623455,0.15910963773742012,0.22867818823430763,0.19166406354278198,0.15873076714284468
2015-10-01,0.20443365168584782,0.27348063774526354,0.19457454498751414,0.26613155265586946,0.15910963773742012,0.22867818823430763,0.17133094137245414,0.16773402331895218
2015-10-02,0.17670550997436596,0.23613225513657254,0.19425303733849597,0.2659870597125966,0.15910963773742012,0.22867818823430763,0.1481548157127509,0.16721342619436158
2015-10-05,0.15320443335305534,0.20439240759090035,0.18790371387702964,0.2576366866639277,0.15910963773742012,0.22867818823430763,0.12837241305706912,0.1616028583024774
2015-10-06,0.13302149864559643,0.17739076384170943,0.18097906347753312,0.24862282498028376,0.15910963773742012,0.22867818823430763,0.11169134636340253,0.15568457683565357
2015-10-07,0.12272956454610551,0.16511550106199263,0.15151639971787945,0.21022439492471776,0.15910963773742012,0.22867818823430763,0.1026137378618354,0.12978162314544844
2015-10-08,0.11467148339862643,0.1540729580915528,0.15150480301167069,0.20963130237173527,0.15910963773742012,0.22867818823430763,0.09630043668980844,0.13081883292921379
2015-10-09,0.1011754040588062,0.13552541674336113,0.15256135411865063,0.21128336738954134,0.1574556454175583,0.22843871961871226,0.0849513234360309,0.13170326957232886
2015-10-12,0.0950783065040035,0.1286471015661232,0.1382233732309655,0.19258485812805942,0.1574556454175583,0.22843871961871226,0.07949546041553734,0.11890432608991026
2015-10-13,0.08758531084752064,0.11761043196452552,0.14590583568208704,0.2022291097114191,0.15756489545998859,0.22837055792802144,0.07364467960753565,0.1257398306294928
2015-10-14,0.11846840977928985,0.16168954941991034,0.1577490917904143,0.2229170303761179,0.15750085513418632,0.2283961680929377,0.09802419789259498,0.1345859332326888
2015-10-15,0.130299112703675,0.17565234109605216,0.14683017814218569,0.20557647091102585,0.15750085513418632,0.2283961680929377,0.10883097558207627,0.12583630289680126
2015-10-16,0.11748312857564103,0.15553188333864595,0.1934555224259737,0.2660241062910817,0.15750085513418632,0.2283961680929377,0.09959466773030694,0.16754785473023248
2015-10-19,0.0995991561432743,0.1325968137205266,0.1793525443862568,0.24847917674155817,0.1573259970521143,0.22856886674657748,0.08404342045104418,0.154849947651104
2015-10-20,0.09148630932026691,0.1230049462588888,0.15062309243321398,0.21022697440042998,0.1573259970521143,0.22856886674657748,0.07698092865038317,0.1291634171955933
2015-10-21,0.11147873865600033,0.15095846662729248,0.1442748638023474,0.20336381946390522,0.1573259970521143,0.22856886674657748,0.09329108537553783,0.12343875014936996
2015-10-22,0.1352991997307338,0.18403147978148382,0.14965724905630323,0.2106417295875577,0.1573259970521143,0.22856886674657748,0.11343647819466914,0.12783736931362405
2015-10-23,0.12382202841183099,0.1665486577926134,0.2182466287286462,0.30076031709968337,0.15611535574362467,0.22679148556110013,0.10652630131686415,0.19011564969271177
2015-10-26,0.10874356520146289,0.148909882720789,0.16786250323006824,0.2353207962235334,0.15508137082036716,0.22668507345909225,0.09217218636530922,0.14492441451590463
2015-10-27,0.1292344116861317,0.1766379734823599,0.1556907434031103,0.22000629785095455,0.15508137082036716,0.22668507345909225,0.10852237048836386,0.13386115591795478
2015-10-28,0.13484857923258553,0.18252279700791943,0.14226212677835925,0.19943656038483276,0.15508137082036716,0.22668507345909225,0.11368129045049943,0.12258231959908625
2015-10-29,0.12569327359313132,0.16778470925287112,0.15910456836686526,0.21950731029620493,0.15508137082036716,0.22668507345909225,0.10660258346891271,0.13781348325724052
2015-10-30,0.12336424797954937,0.16648373089485632,0.13702287108550604,0.19177597203444322,0.15508137082036716,0.22668507345909225,0.10379332030987916,0.11766239581837493
2015-11-02,0.13103745485965068,0.1775906009956481,0.1314084748900448,0.1845582325212213,0.15508137082036716,0.22668507345909225,0.11223676635273501,0.11365363875713672
2015-11-03,0.12271104078733441,0.16411923960205113,0.1462270855589871,0.20188145553222162,0.15307189606086216,0.22191237576403733,0.10573054248451229,0.12732568494090676
2015-11-04,0.12400701286699989,0.16812626806148254,0.13063810297447537,0.18367110058943084,0.15307189606086216,0.22191237576403733,0.10651417857427585,0.11339250308707441
2015-11-05,0.14779021753650334,0.20068209667477752,0.141994463182404,0.2007810029411534,0.15307189606086216,0.22191237576403733,0.12640490003287674,0.12317667336325429
2015-11-06,0.14370517134647032,0.1932833843679541,0.13793394889333727,0.19222550808062597,0.15307189606086216,0.22191237576403733,0.12376707756027172,0.12044213712988973
2015-11-09,0.1335004876700734,0.17867345312543081,0.14195851444014762,0.19639611711034374,0.15307189606086216,0.22191237576403733,0.11435259524235895,0.12346121849415803
2015-11-10,0.18463868077981083,0.2513433014086622,0.19131930152023868,0.27010284151018804,0.15368304285119794,0.222160471641947,0.15590284844881475,0.16406992228901618
2015-11-11,0.17618327029859282,0.23514432989889195,0.18670608283746004,0.2566621647838981,0.15368304285119794,0.222160471641947,0.1512135536663105,0.16253261465118804
2015-11-12,0.1779201768329477,0.2403747456798676,0.15690834657798297,0.21963140526117986,0.15368304285119794,0.222160471641947,0.15135735833373004,0.1352727790877451
2015-11-13,0.22416497263672053,0.303852626525476,0.20155806779071095,0.28267799911399016,0.15442687458039295,0.2221581805150617,0.18975447120667532,0.17256877406718493
2015-11-16,0.25201088557914453,0.3398343128325313,0.20043244631544554,0.2799040014363564,0.1535157771613384,0.22261968807277835,0.2135436847673301,0.17236771408063073
2015-11-17,0.2278164595622285,0.3034981155902205,0.20535818513615178,0.28096668946577985,0.1535157771613384,0.22261968807277835,0.1945628045836166,0.1784281590528549
2015-11-18,0.2169482491543322,0.29184597462731404,0.16400735804150812,0.22813420720822322,0.1535157771613384,0.22261968807277835,0.1842725758914587,0.1411775925786959
2015-11-19,0.19388761804682586,0.2577792157347259,0.19622781849815174,0.267802371799417,0.1535157771613384,0.22261968807277835,0.16636610252504236,0.17067401254364836
2015-11-20,0.17781876099484517,0.23895048770282198,0.1571512667221206,0.21810138259048706,0.1535157771613384,0.22261968807277835,0.15158806814211445,0.1357866098956913
2015-11-23,0.16027701667929484,0.21306598458713585,0.1798510791992866,0.24592298010924354,0.1535157771613384,0.22261968807277835,0.13780986180687035,0.15664258684269583
2015-11-24,0.14946165621147478,0.2010288734560656,0.14820214351734523,0.20528373656715415,0.1535157771613384,0.22261968807277835,0.12742050883056583,0.12768100747333955
2015-11-25,0.1522041193118402,0.2049480347696856,0.13626004480609988,0.18917706834724785,0.1535157771613384,0.22261968807277835,0.1295310253290109,0.1171928016041077
2015-11-27,0.1434786153214338,0.1916150701163241,0.1415937504060445,0.19432028599114193,0.1535157771613384,0.22261968807277835,0.12263572864053533,0.12245688495285716
2015-11-30,0.13558869993105405,0.18204819582903728,0.12931535562584856,0.17893766684587228,0.1535157771613384,0.22261968807277835,0.11525812113371889,0.11122485488116564
2015-12-01,0.15427797022168654,0.20862899900242235,0.1394762119550229,0.1950597296118565,0.1535157771613384,0.22261968807277835,0.13004432515966938,0.11914863337214592
2015-12-02,0.1442142916546736,0.19129627970958846,0.17107560628820762,0.2336115523793846,0.1535157771613384,0.22261968807277835,0.12329350509756203,0.14830327582223915
2015-12-03,0.1586950474383464,0.2150774029670955,0.1589506371440752,0.2224644124836434,0.1535157771613384,0.22261968807277835,0.13397226704001386,0.1357320312775358
2015-12-04,0.2079985276260352,0.28202712496878923,0.2022974930004129,0.28276410999761226,0.15450227069218275,0.22233192875036295,0.17560029009785053,0.1724620276785024
2015-12-07,0.18922011186898668,0.24839907411162998,0.2922681043042601,0.3952455277227655,0.15450227069218275,0.22233192875036295,0.16318505049323384,0.25435936862062963
2015-12-08,0.18079058542231463,0.24427977446683785,0.2139166744860288,0.29674917828033176,0.15450227069218275,0.22233192875036295,0.15340018723449322,0.18341430437712944
2015-12-09,0.2155670633828941,0.29190324008639607,0.21073725258033904,0.29374140597347115,0.15487587179742904,0.22211162665399456,0.18287587253954707,0.1804296004526006
2015-12-10,0.2493847020032134,0.3371095742243922,0.21509891347744925,0.29991357675415065,0.15505653118345233,0.2219914121131186,0.21142905877927157,0.18431676211126635
2015-12-11,0.2389570511930299,0.3202891454927441,0.181517578994856,0.2498486650831542,0.15505653118345233,0.2219914121131186,0.20430374553784458,0.15683690666975558
2015-12-14,0.31018655830549946,0.42154060215564665,0.28754394659662985,0.4021620843285635,0.1572291972538433,0.22462534495143052,0.2619722416485245,0.24389365530358045
2015-12-15,0.2944782243380466,0.39268860805109485,0.2509832778667531,0.34191518171451235,0.1572291972538433,0.22462534495143052,0.2519977105228962,0.21628272059361278
2015-12-16,0.2567572959005924,0.34197876303522184,0.2256970600806406,0.3070807666307357,0.1572291972538433,0.22462534495143052,0.21999554049199702,0.19468143658242745
2015-12-17,0.21759963320060027,0.2870155557994574,0.2733082417062267,0.369074039882376,0.1572291972538433,0.22462534495143052,0.18707568403566335,0.2360927383600438
2015-12-18,0.20558116223847955,0.2770530522565461,0.20983167534727576,0.28929458562910537,0.1572291972538433,0.22462534495143052,0.1748407538636836,0.17820664883402704
2015-12-21,0.23037175419403066,0.3109918342053538,0.2012607812751792,0.2786626822463485,0.15664573617239702,0.22486505028207482,0.19577807141662312,0.17080358006153354
2015-12-22,0.21226796898536326,0.28154746275361275,0.21133006766343132,0.2859988132514344,0.15664573617239702,0.22486505028207482,0.1823191071680915,0.1818175678072668
2015-12-23,0.1802053653587703,0.2382264732519428,0.23087588851384422,0.3123455303355852,0.15664573617239702,0.22486505028207482,0.15518326961337964,0.19896558632689823
2015-12-24,0.15593347066456253,0.20722276876031806,0.20415962182365155,0.27773424483557896,0.15664573617239702,0.22486505028207482,0.13389953217813297,0.17544377700142588
2015-12-28,0.14750688222708863,0.19792035789071166,0.16661086138190573,0.22882209089504513,0.15664573617239702,0.22486505028207482,0.12599722445897815,0.14234513354219663
2015-12-29,0.16999415511394478,0.22956018184955207,0.16409523728631448,0.22730327081144852,0.15664573617239702,0.22486505028207482,0.14457744050132743,0.13959178095592611
2015-12-30,0.16317737050417813,0.2172570072392244,0.16080133366994054,0.21879823153378938,0.15664573617239702,0.22486505028207482,0.13998266896372813,0.1382327793905067
2015-12-31,0.1767346394707725,0.23867849451770765,0.15496007303579007,0.21478626870736112,0.15664573617239702,0.22486505028207482,0.150369412531062,0.13175643221618394
2016-01-04,0.19323559096205223,0.26017275069441237,0.15464054863191945,0.2137214107651331,0.15664573617239702,0.22486505028207482,0.16455484750918675,0.13189235162144336
2016-01-05,0.23485086525189747,0.31754623763159656,0.19666065250140474,0.27299710361719576,0.1568713721589562,0.22493945834178003,0.19936170751431084,0.16717029267903064
2016-01-06,0.22216675943519526,0.29561896002148225,0.189721848516879,0.2573068420270113,0.1568713721589562,0.22493945834178003,0.19053153859724803,0.16342339959902666
2016-01-07,0.2215947945792136,0.29820830078376764,0.1658473083219345,0.22891091140463773,0.1568713721589562,0.22493945834178003,0.18859856716805676,0.14115896767711933
2016-01-08,0.28901151341980835,0.3907045866638452,0.2554124539340854,0.35476352488442575,0.15878571194854746,0.2260524520331592,0.24417533992900084,0.21648877261059804
2016-01-11,0.30811118308423957,0.4134345659858981,0.23645465920936748,0.32532045850623786,0.15878571194854746,0.2260524520331592,0.26195913810915544,0.20172583204541225
2016-01-12,0.27704764923739766,0.367382102417246,0.2361153896541659,0.3190004638747487,0.15878571194854746,0.2260524520331592,0.23766721198288973,0.20368847673406737
2016-01-13,0.2390691237175684,0.3173966394658314,0.21626788027280863,0.29294928661583947,0.15878571194854746,0.2260524520331592,0.20489901448988096,0.18628868792959918
2016-01-14,0.25484770501020826,0.34327053902057614,0.20513580186519054,0.28383620925282227,0.15934023059229185,0.2258439517851799,0.216241015653701,0.17440687232210592
2016-01-15,0.2399111540066361,0.31915406512042255,0.18910310878383885,0.2565607617162805,0.15934023059229185,0.2258439517851799,0.20542537818782333,0.1627093008322937
2016-01-19,0.25960395055640717,0.3498329556469444,0.19510092494318043,0.2711074964255438,0.1599389684611877,0.22570145765266003,0.22034783553759185,0.16673257928424054
2016-01-20,0.2460324628219297,0.3277276740809777,0.17842534304096702,0.24303877853973227,0.1599389684611877,0.22570145765266003,0.21048393989539996,0.15407685678485375
2016-01-21,0.2430535832126388,0.3261094428758911,0.16032687233601806,0.22141616746134005,0.1599389684611877,0.22570145765266003,0.20675465431889709,0.13727467229802365
2016-01-22,0.2271686326410114,0.3025913666215409,0.15272428460270204,0.20796376561524807,0.1599389684611877,0.22570145765266003,0.19414424298228267,0.13173232412061503
2016-01-25,0.19536084928559472,0.25630913421863805,0.25472254767624636,0.34225795754664934,0.1599389684611877,0.22570145765266003,0.16890219924609512,0.22233479754549818
2016-01-26,0.192908562483737,0.2598297936819929,0.20108168833290962,0.2774902290753746,0.1599389684611877,0.22570145765266003,0.16432554496832316,0.1727541252507017
2016-01-27,0.1826738732679707,0.24226884199033727,0.19451162498486396,0.2634053294981646,0.1599389684611877,0.22570145765266003,0.15756772023141358,0.16895762764119446
2016-01-28,0.17483575829738873,0.2343631625493989,0.1613564798543372,0.22151674180149508,0.1599389684611877,0.22570145765266003,0.14945923981453238,0.13892044478544946
2016-01-29,0.16624519484210154,0.22139089829645558,0.1519098333562785,0.2067231741867368,0.1599389684611877,0.22570145765266003,0.14274534235656633,0.13139554261219244
2016-02-01,0.1481231215970018,0.19508869612782725,0.18766244822791445,0.25303386782042464,0.1599389684611877,0.22570145765266003,0.12807751698990472,0.16334158516551106
2016-02-02,0.13334755119139308,0.17781765578911432,0.15779867598020536,0.2157376172805028,0.1599389684611877,0.22570145765266003,0.11407705130365518,0.13628370765809025
2016-02-03,0.16329006864387297,0.22103333055684488,0.1662583410017826,0.2323192366184631,0.15943431653124815,0.2257830705828324,0.13926861201036111,0.14340168632337721
2016-02-04,0.1644267961534469,0.21947567822366942,0.1555253156391051,0.21349732199751814,0.15955883597219403,0.22580621345056653,0.1414053004943308,0.1353800723531523
2016-02-05,0.15934769740399402,0.21327201406850455,0.14017750307429094,0.1929675264983471,0.15955883597219403,0.22580621345056653,0.13654271328248108,0.12128545687639772
2016-02-08,0.17688642474244975,0.2383069811197795,0.146846777110486,0.20392035832122957,0.15955883597219403,0.22580621345056653,0.15062284680287866,0.1262381442919791
2016-02-09,0.213237525753613,0.287698492533844,0.17665219284531153,0.24572336210571744,0.15934458342235785,0.22580239272618732,0.1818513130638879,0.15214367648185267
2016-02-10,0.21669007874942503,0.29025826356302237,0.16322277212635583,0.2245798183085013,0.15934458342235785,0.22580239272618732,0.1861251767341629,0.1415882663072669
2016-02-11,0.20474114675819965,0.27348397571484356,0.1486299319073487,0.20362345677027532,0.15934458342235785,0.22580239272618732,0.17605162167616364,0.1291542071541076
2016-02-12,0.2138987655495308,0.28778541813024044,0.14930994159084565,0.20710848066022763,0.15934458342235785,0.22580239272618732,0.18308939636571578,0.12887446333166333
2016-02-16,0.19752571495722115,0.2614528042885747,0.18266725395344197,0.2470048233215377,0.15934458342235785,0.22580239272618732,0.17116692416744053,0.1600744797935004
2016-02-17,0.17400505853046955,0.23125442120116957,0.16998242440629696,0.2314222155517274,0.15934458342235785,0.22580239272618732,0.15008418047931193,0.14831731595500847
2016-02-18,0.15512482904013547,0.2053029979006453,0.1772844707156953,0.24057664837639348,0.15934458342235785,0.22580239272618732,0.1339685918066121,0.15492736982229266
2016-02-19,0.14046436338013546,0.18687824437572034,0.15812213964207011,0.2159164305712677,0.15934458342235785,0.22580239272618732,0.12075609676088306,0.1375987160553208
2016-02-22,0.12904954086542153,0.17106474001967026,0.15659621163446102,0.21316489668936933,0.15934458342235785,0.22580239272618732,0.11106861557751581,0.13642490698645499
2016-02-23,0.11623826705824158,0.15385136463361973,0.157830623073693,0.214745909238606,0.15934458342235785,0.22580239272618732,0.10021921112856937,0.13757072816153343
2016-02-24,0.13824699078223746,0.18660854324727538,0.15516626479588397,0.2154905353376825,0.15934458342235785,0.22580239272618732,0.11792172184706119,0.1338431638351702
2016-02-25,0.1401160403281072,0.18675442543785778,0.146546953503653,0.2008637487661885,0.15934458342235785,0.22580239272618732,0.1202671175832519,0.12730461813754645
2016-02-26,0.13095148382218524,0.17316032630436778,0.16560096198764174,0.22515119312503648,0.15934458342235785,0.22580239272618732,0.1134643056453516,0.14496682466280736
2016-02-29,0.12990463917498096,0.17458578789850257,0.14393059004638187,0.1993280813926057,0.15870382700094413,0.22560901648554887,0.11119474739014272,0.12488001885208333
2016-03-01,0.1412502232197339,0.18989279760241135,0.13991354644998366,0.19386292731578833,0.15870382700094413,0.22560901648554887,0.12129233080390107,0.12144299051617291
2016-03-02,0.12811633050954208,0.16747926077150896,0.21493435487789936,0.29035002920128167,0.15870382700094413,0.22560901648554887,0.11233778016044076,0.18929586376465415
2016-03-03,0.11005181718168666,0.14636330956826324,0.18154294679020078,0.24845651264897234,0.15870382700094413,0.22560901648554887,0.09555573926330688,0.15890653270023328
2016-03-04,0.10416479547266944,0.1388127106569946,0.16087905530548285,0.22046596137811342,0.15870382700094413,0.22560901648554887,0.09037464756599911,0.14074448621257168
2016-03-07,0.1032481642760229,0.13848695479878104,0.14313494076324562,0.19721780882871603,0.15870382700094413,0.22560901648554887,0.08931242707124469,0.12475171131098481
2016-03-08,0.11285437998793335,0.1518656957293194,0.13568825714702842,0.18765190446706498,0.15870382700094413,0.22560901648554887,0.09744935864758099,0.11797640250945436
2016-03-09,0.141343769990119,0.19106270713129234,0.14772890081294132,0.2055838674305055,0.15870382700094413,0.22560901648554887,0.12181880539241181,0.12830682901991555
2016-03-10,0.14138084410519203,0.18871886320894485,0.14270737423200808,0.19570960651621946,0.15870382700094413,0.22560901648554887,0.12258688177512583,0.12485012765446485
2016-03-11,0.13456084164099225,0.17954276372437572,0.13480134133734395,0.18494228689490233,0.15870382700094413,0.22560901648554887,0.1165072762328687,0.11783044940107452
2016-03-14,0.12197647848671056,0.1609880682931925,0.16551584012711057,0.22445564924370107,0.15870382700094413,0.22560901648554887,0.10653350762679643,0.14551919756176201
2016-03-15,0.11915926199807281,0.1600001477390634,0.14232444831639673,0.1964936807739581,0.15870382700094413,0.22560901648554887,0.10282286717484046,0.1239190550728507
2016-03-16,0.11883833206275285,0.15896313940735382,0.13508393214399456,0.1857003499019823,0.15870382700094413,0.22560901648554887,0.10297841799976831,0.11798043758113257
2016-03-17,0.10705695958142858,0.14061012391499073,0.18511328394719373,0.25041916078470383,0.15870382700094413,0.22560901648554887,0.09430867941709613,0.16316667238922206
2016-03-18,0.09328399105558927,0.12401185238824543,0.16438039433852636,0.22459696991799127,0.15870382700094413,0.22560901648554887,0.0812320244926088,0.14394460313240215
2016-03-21,0.08767013733227869,0.1167228251509416,0.15124942302473698,0.20681805994154562,0.15886812321728042,0.22555562546978933,0.07625986182813423,0.1322858514932266
2016-03-22,0.08385993539772141,0.11190540261924066,0.13998610488952778,0.19179966375264898,0.15886812321728042,0.22555562546978933,0.07271236838178508,0.12221865438489876
2016-03-23,0.09286182644434104,0.1249643746264894,0.13229007657060005,0.18263185415654914,0.15886812321728042,0.22555562546978933,0.08012574697554908,0.11499694722872916
2016-03-24,0.11599491636180537,0.15671467944809608,0.13755631056643391,0.1905638795911411,0.15886812321728042,0.22555562546978933,0.10033058165732563,0.11932553180628615
2016-03-28,0.1164957366123891,0.15594905655674748,0.13453155729326594,0.18445979032930543,0.15886812321728042,0.22555562546978933,0.101276036029319,0.11729914819957989
2016-03-29,0.12484882430921473,0.1680816411904208,0.1299680643220899,0.1797442540940159,0.15886812321728042,0.22555562546978933,0.10798552439898897,0.11280265336753083
2016-03-30,0.11628224998872405,0.15367110983845209,0.16676744674579724,0.2262047984509903,0.15886812321728042,0.22555562546978933,0.10174518794889183,0.1464989461225666
2016-03-31,0.10427155737877714,0.13952391598933556,0.14669512692420122,0.2021160658607427,0.15886812321728042,0.22555562546978933,0.09084560838285974,0.12866711822134264
2016-04-01,0.11131153936051219,0.1498619348993975,0.1361815318945806,0.18892930875623043,0.15829376810779033,0.22574718672116229,0.096239484549415,0.11869887514804556
2016-04-04,0.10703195868617543,0.1420086389934199,0.14957846218837656,0.20361037727090736,0.15829376810779033,0.22574718672116229,0.09340410011294917,0.13059965977274202
2016-04-05,0.12829225798603505,0.17394515781610448,0.14662486908147,0.2039295003437241,0.15829376810779033,0.22574718672116229,0.11083965214228535,0.12648554351052738
2016-04-06,0.1660535302403503,0.22445853702355098,0.16483932822000236,0.2295164422537767,0.15829376810779033,0.22574718672116229,0.1438656122106583,0.14285567322588832
2016-04-07,0.15694581235463345,0.20824584792745598,0.18108202393342787,0.24624287635411435,0.15743270277247134,0.22599428649886677,0.1373803678120437,0.15897624914410013
2016-04-08,0.1964917044079042,0.26619385479781477,0.19319142715313842,0.26984724045493186,0.15847916996576727,0.22582482269847334,0.16956916636385214,0.16730911752327954
2016-04-11,0.1903300947010813,0.25348343868856826,0.18363437939964722,0.2505597897566199,0.15847916996576727,0.22582482269847334,0.16587556213652846,0.1608846177660491
2016-04-12,0.1934706991036219,0.2605080869205523,0.16217727918734215,0.22493780214040066,0.15847916996576727,0.22582482269847334,0.1677677296688022,0.14095472053663277
2016-04-13,0.17946082393683205,0.23831013252992692,0.18020637507208326,0.24464517623156717,0.15847916996576727,0.22582482269847334,0.15712802958326297,0.15840459887830843
2016-04-14,0.15792368231211973,0.20971205358632553,0.17785124150163079,0.24181212621346793,0.15847916996576727,0.22582482269847334,0.13771527236112752,0.15564802307920583
2016-04-15,0.14584989479260346,0.1950916977771877,0.1538259411976035,0.2110011939426436,0.15847916996576727,0.22582482269847334,0.12678459018913807,0.1339656986005826
2016-04-18,0.14005421543089525,0.18743226117173223,0.14108893238904335,0.1936800806860986,0.15847916996576727,0.22582482269847334,0.12180450003278907,0.12294974269115135
2016-04-19,0.13391057093009096,0.17885189664956339,0.13511963944996286,0.18517604397748352,0.15847916996576727,0.22582482269847334,0.11640170745329333,0.11795441196787769
2016-04-20,0.1284886483871528,0.17183223396291317,0.12843455225174805,0.17654566518070142,0.15847916996576727,0.22582482269847334,0.11137763702328221,0.11197220058165347
2016-04-21,0.1255702699931468,0.16834881158970771,0.12384407413873733,0.1707265760010326,0.15847916996576727,0.22582482269847334,0.1090675220654683,0.10782623332872619
2016-04-22,0.1410612764679815,0.1900331722828714,0.12934640268512532,0.17977831251269738,0.15847916996576727,0.22582482269847334,0.12173991159908616,0.11222878873921878
2016-04-25,0.13572688460279103,0.18039666874848487,0.14115429036622756,0.1927532669570568,0.15847916996576727,0.22582482269847334,0.11791835665101481,0.12368813515171886
2016-04-26,0.14877392250420818,0.20085338597733032,0.13831978919495747,0.19297371831145832,0.15847916996576727,0.22582482269847334,0.1284948142383338,0.12002203768852587
2016-04-27,0.14844973154356778,0.19839755358824276,0.1358747301654516,0.18618549493637976,0.15847916996576727,0.22582482269847334,0.1285530679981529,0.1177699765216187
2016-04-28,0.14163510623523545,0.18918115039197678,0.13055367977925458,0.17876984016419722,0.15847916996576727,0.22582482269847334,0.12260827753856295,0.11310752432042755
2016-04-29,0.1724125170649411,0.23332817056538793,0.15460165112912816,0.21590435847597794,0.15857441319517818,0.22572440975114588,0.14879670755043084,0.13337872697119818
2016-05-02,0.1839761838679148,0.24690904741944147,0.1510405690780513,0.20865031548681007,0.15857441319517818,0.22572440975114588,0.15929217191791506,0.13104176501511416
2016-05-03,0.17077583231761384,0.22697240731841425,0.1603550186588628,0.2181549132014743,0.15857441319517818,0.22572440975114588,0.14895180040206568,0.14033145880263065
2016-05-04,0.17705734278640728,0.23841535800317692,0.1473252230431158,0.204864944434752,0.15857441319517818,0.22572440975114588,0.15300459433079,0.1275651198615354
2016-05-05,0.1836639122027497,0.24643270318585858,0.14362831354662198,0.19772024285349285,0.15857441319517818,0.22572440975114588,0.1588983064509147,0.123827038052907
2016-05-06,0.17565534866934862,0.2348253974629797,0.13665215942546471,0.187113012870611,0.15862819081929622,0.22575024720165682,0.15222716717888585,0.11819348575282113
2016-05-09,0.159870186347425,0.21202595413882375,0.1584173687529179,0.21475762771664492,0.15862819081929622,0.22575024720165682,0.1392371248802674,0.13800294904071836
2016-05-10,0.1464485398001586,0.19596664855588217,0.14083213315329202,0.19284437560265177,0.15862819081929622,0.22575024720165682,0.1268333989305156,0.1215876616442477
2016-05-11,0.1352706392971046,0.17951749227924302,0.15429931967110377,0.2091862909156246,0.15860659261736615,0.22580466233059693,0.11759316766782338,0.13373663470148273
2016-05-12,0.1517028074280644,0.20501376547130176,0.14966345564774686,0.20779209224105694,0.15860659261736615,0.22580466233059693,0.13045806086882977,0.12821749600153426
2016-05-13,0.150969883974019,0.20145580213357128,0.14447813885595462,0.1974959403954921,0.15860659261736615,0.22580466233059693,0.13053143219986124,0.12490877725411378
2016-05-16,0.15810454788523387,0.21240631411238028,0.13723034742917817,0.18982527449831646,0.15860659261736615,0.22580466233059693,0.13565389510236087,0.11795002699018939
2016-05-17,0.15328331440468435,0.20425011979792396,0.13598959252489007,0.18584364630148542,0.15860659261736615,0.22580466233059693,0.13233276652867088,0.11770460812009649
2016-05-18,0.1645324774207677,0.22154671066128828,0.1364097324854905,0.18944766680987557,0.15860659261736615,0.22580466233059693,0.14125535265983938,0.11714285663858984
2016-05-19,0.17067579666593335,0.22899961348443335,0.13475785441003274,0.18622356151039957,0.15860659261736615,0.22580466233059693,0.14720864338970402,0.11629559546611515
2016-05-20,0.17168674477914125,0.23076927473846776,0.13080160571870858,0.18103342953151924,0.15860659261736615,0.22580466233059693,0.14807941691875057,0.11310947000455603
2016-05-23,0.15983001989561663,0.21254042396692716,0.15130942679713288,0.2061514987301693,0.15804540685965493,0.2257149460242301,0.13894551764737267,0.13221198106670534
2016-05-24,0.15849089158046814,0.21376791175941662,0.13584946253969643,0.1887949239148944,0.15804540685965493,0.2257149460242301,0.1359136854899718,0.11725236784959198
2016-05-25,0.14939912057073568,0.19794624090104881,0.1678020900439049,0.22788527940852288,0.1578221431033791,0.2258734727329595,0.1295448058125307,0.14665525661693646
2016-05-26,0.13342102999552474,0.17803274711627412,0.15353581873233368,0.2103238528570977,0.1578221431033791,0.2258734727329595,0.1153971933774553,0.13342221358650042
2016-05-27,0.12411796579005574,0.16542661549739393,0.1457582672863449,0.1996309540475453,0.1578221431033791,0.2258734727329595,0.1072936103401519,0.12662356720449275
2016-05-31,0.11661401322294096,0.15567914049101772,0.13716846196082477,0.18840276601988415,0.1578221431033791,0.2258734727329595,0.10075371489427826,0.11897150481819745
2016-06-01,0.14094675211363605,0.19088846305801233,0.1451425882002334,0.20338511296218087,0.1578221431033791,0.2258734727329595,0.12103056289586941,0.1249747898447046
2016-06-02,0.14511984938850175,0.19484064138847904,0.13965528987860687,0.1931442820798788,0.1578221431033791,0.2258734727329595,0.1251983112446062,0.1211929811644933
2016-06-03,0.13723774830493096,0.18279884583676181,0.14078203147720092,0.19307779605173808,0.15789498768599464,0.22589583321666665,0.11856359619087718,0.12245477286902082
2016-06-06,0.12943997878505986,0.17363252144973523,0.13102911287764785,0.18065708970396518,0.15789498768599464,0.22589583321666665,0.11137169095737746,0.11343131080550621
2016-06-07,0.13013883204678223,0.17460562406027405,0.12484940368184128,0.1730664058233833,0.15836199059110442,0.22576221705862595,0.11148133461546457,0.10782080470326744
2016-06-08,0.13798503743170865,0.18535042171122112,0.1248222244847067,0.17362589916287416,0.15836199059110442,0.22576221705862595,0.11815385067243107,0.1075561944503985
2016-06-09,0.13802614818091974,0.18462059421270413,0.1238309912225875,0.17127226013580582,0.15836199059110442,0.22576221705862595,0.1186146888922947,0.10695636655844107
2016-06-10,0.14729836919954842,0.19802373944426635,0.12574726470313402,0.17526436943379428,0.15836199059110442,0.22576221705862595,0.12632787653068397,0.10821607857243834
2016-06-13,0.208463530423308,0.2819393852971444,0.1988925470851688,0.2781160853796719,0.15918874559107482,0.22605126804610054,0.17778347564306507,0.16915218991316316
2016-06-14,0.29431306692262105,0.3967356158234405,0.2892444039458293,0.403530027996579,0.16094222793402635,0.22770084201749693,0.24969135147882085,0.2468262018099496
2016-06-15,0.2795178015184554,0.37200048363955845,0.2423617592976075,0.3314580559777292,0.1599637345611734,0.22746484760027316,0.23999019434402644,0.20894396732292397
2016-06-16,0.25185296128352164,0.3358350943074809,0.1970613345189598,0.2703836107895946,0.1599637345611734,0.22746484760027316,0.21678361218155592,0.17024155139201025
2016-06-17,0.2268925986518857,0.3021018842144717,0.17320955684109673,0.23722015847206596,0.1598049403641763,0.22749621110761561,0.19545396725071504,0.1498957951798574
2016-06-20,0.2098237234524163,0.2801427676255779,0.14833161063012767,0.20452662477008654,0.1598049403641763,0.22749621110761561,0.18034455250282289,0.12794304910122622
2016-06-21,0.1902846817692141,0.25294503147971376,0.15169817343715286,0.20753025777330025,0.1598049403641763,0.22749621110761561,0.16389090313075644,0.13129373027099545
2016-06-22,0.17759360324531492,0.23734779818351046,0.13499599272455887,0.18647643164030583,0.1598049403641763,0.22749621110761561,0.15264879203650983,0.11619991577742174
2016-06-23,0.2234701628937943,0.30059793694231896,0.19111966290135918,0.2659873437222455,0.16035132056028994,0.22755949378942128,0.19077886369853975,0.16263670743379274
2016-06-24,0.19533013781786135,0.25594008548662195,0.2917478056571752,0.3932176626845346,0.16035132056028994,0.22755949378942128,0.16964868175360082,0.25354746174999887
2016-06-27,0.3845953209040007,0.5290709604955641,0.47085490720047063,0.6612175662625516,0.1631559634584382,0.2375338283015508,0.3256266897352814,0.4027153369166825
2016-06-28,0.35935811253426286,0.48367272965222285,0.3786365432220655,0.5187031719490748,0.1631559634584382,0.2375338283015508,0.3089534113189778,0.3278176228002073
2016-06-29,0.297590185135828,0.39623644489900123,0.42144426838323823,0.5735826633881422,0.1631559634584382,0.2375338283015508,0.25703210347417516,0.3672878932599518
2016-06-30,0.24411248910969197,0.32692475366896373,0.34986771839445563,0.47879671746792907,0.1631559634584382,0.2375338283015508,0.20963765060550507,0.3037981059580524
2016-07-01,0.2110210844658722,0.2834076214022919,0.2740392962155984,0.37621824777494095,0.1631559634584382,0.2375338283015508,0.18076398820613276,0.23750411560198736
2016-07-05,0.18748105491783074,0.25175379707535955,0.22264949052300065,0.30566211551158756,0.1631559634584382,0.2375338283015508,0.16040378722530954,0.19276904933808875
2016-07-06,0.19194298520271635,0.26007989790473585,0.18177290925157485,0.25270691665803535,0.1631559634584382,0.2375338283015508,0.16344220633299894,0.15645029564805524
2016-07-07,0.18015725506078284,0.24212326289103944,0.16352712702911765,0.2248010486330737,0.1631559634584382,0.2375338283015508,0.15413891117844952,0.14155072429420362
2016-07-08,0.16711245588565937,0.22507266025509057,0.14306239826194966,0.1974570484650862,0.1631559634584382,0.2375338283015508,0.14271799688565073,0.1235705724120284
2016-07-11,0.14650671916336222,0.19519357327540549,0.1933155619370317,0.26370921501463657,0.1631559634584382,0.2375338283015508,0.126167634292146,0.16818273991869923
2016-07-12,0.1411987811071348,0.1910894329415367,0.1561012152637039,0.21654272710986064,0.1631559634584382,0.2375338283015508,0.12042882009003805,0.13448941651986102
2016-07-13,0.14004304990024952,0.18889493875494065,0.140699034532625,0.19478896892203723,0.1631559634584382,0.2375338283015508,0.11946876258023718,0.12138695759221704
2016-07-14,0.1309486297975867,0.1762960068228754,0.13999221457616395,0.19307683619797142,0.1631559634584382,0.2375338283015508,0.11281945331370795,0.12140595178643158
2016-07-15,0.124600999573237,0.16804150998540265,0.1326959710543557,0.1825841289019916,0.16248801960196785,0.23762399914434068,0.10654617444592175,0.11395529159909766
2016-07-18,0.11941238745652294,0.16111542629361209,0.12765291992140193,0.17592784575387319,0.16295814464190467,0.2374019410609021,0.10202723138062317,0.10952974369341718
2016-07-19,0.11403608129831244,0.15379912760314926,0.12675482603480226,0.17445057859460633,0.16295814464190467,0.2374019410609021,0.09776104941603828,0.1087899702610596
2016-07-20,0.1073654248675402,0.14387627510184992,0.1336546364879717,0.18323746815773043,0.16295814464190467,0.2374019410609021,0.09156977019157468,0.11488108621358455
2016-07-21,0.10249698427346465,0.13786495773039614,0.12836306494119465,0.17673291306020927,0.16295814464190467,0.2374019410609021,0.08697598763913716,0.11001200454892963
2016-07-22,0.13430001598945118,0.18338366939863412,0.14923934723018262,0.2097992432019115,0.16295814464190467,0.2374019410609021,0.11362491291084903,0.1281593085752441
2016-07-25,0.13099127866056237,0.17549080611510287,0.15486758337359507,0.21317995632358477,0.16295814464190467,0.2374019410609021,0.11221697963838169,0.13437051621964052
2016-07-26,0.1473296798389213,0.20073042543284672,0.15087431812725005,0.2117845088735092,0.16295814464190467,0.2374019410609021,0.12520165468038136,0.12960437876776337
2016-07-27,0.15352711215993697,0.20779382568538055,0.14072090531881232,0.19618088085975688,0.16295814464190467,0.2374019410609021,0.131431822569148,0.12153027429168364
2016-07-28,0.14774618838496123,0.19918189333250702,0.13367054913114207,0.18536667911744867,0.16295814464190467,0.2374019410609021,0.12667799509836458,0.1157275352771991
2016-07-29,0.14107090160332758,0.19042212161558272,0.12701371051969546,0.17645043948464076,0.16295814464190467,0.2374019410609021,0.12077700417069835,0.10980536769428376
2016-08-01,0.12861797653821228,0.1720295392236254,0.15164424249105096,0.20837399215815788,0.16295814464190467,0.2374019410609021,0.11075477628608169,0.13191296253210522
2016-08-02,0.13635185119957394,0.18542097041997857,0.1388720129401711,0.19463372016389108,0.16295814464190467,0.2374019410609021,0.11595142383887971,0.1194565824989871
2016-08-03,0.16581073398305568,0.22544943739954318,0.15524514748506524,0.2181059137234022,0.16295814464190467,0.2374019410609021,0.1403137336068293,0.13355183682800226
2016-08-04,0.16012176477082263,0.21515283662159523,0.1498895483032448,0.20689013990669405,0.16295814464190467,0.2374019410609021,0.1369396338374813,0.1301690388608509
2016-08-05,0.1472676535248303,0.19784240110295143,0.1428381215521139,0.19746842518319324,0.16295814464190467,0.2374019410609021,0.12577699546111282,0.12397256915925706
2016-08-08,0.1296463909416683,0.17288261438010707,0.17197892982737184,0.2359878940212091,0.16295814464190467,0.2374019410609021,0.11130593413655404,0.14984604853782246
2016-08-09,0.1230732934805745,0.16624582855307882,0.1434914728435176,0.1997796939684452,0.16295814464190467,0.2374019410609021,0.10442770499702436,0.12397859956862542
2016-08-10,0.12724281117321867,0.1719735747822705,0.13320439275483437,0.18573819051110182,0.16295814464190467,0.2374019410609021,0.10797050187374481,0.11508448372260918
2016-08-11,0.13843475111670323,0.18754944268589877,0.13172827862194192,0.18436031668255742,0.16295814464190467,0.2374019410609021,0.11733699059609325,0.11358229136332391
2016-08-12,0.1339619705120576,0.17982741469823768,0.13330426436185855,0.1844191082491091,0.16295814464190467,0.2374019410609021,0.11397071993153339,0.11556966633712198
2016-08-15,0.12738966417571373,0.17145705751142767,0.12666677980479307,0.1758871723712651,0.16295814464190467,0.2374019410609021,0.10804389097567835,0.10944435449856926
2016-08-16,0.1318165480122404,0.17845870723244192,0.12400141904566292,0.17319817856862996,0.16295814464190467,0.2374019410609021,0.11175711011477286,0.10662887110730467
2016-08-17,0.1579197762154505,0.21460340265119898,0.14392236810236492,0.20256299486995485,0.16295814464190467,0.2374019410609021,0.1333195472642052,0.12382568638676292
2016-08-18,0.15334565664289967,0.20589253446916786,0.14211184863662885,0.19670273098492627,0.16295814464190467,0.2374019410609021,0.1303375190506414,0.12337327033206509
2016-08-19,0.13743041586382176,0.18377853930436763,0.15514142689208177,0.21373277343680958,0.16295814464190467,0.2374019410609021,0.11704878873312864,0.13486919265477684
2016-08-22,0.12857355606310472,0.17322059195580858,0.13656495161230509,0.18988472166448453,0.16295814464190467,0.2374019410609021,0.10875433044542294,0.11803163850101897
2016-08-23,0.15630751930956954,0.21302184947465053,0.15261229670473359,0.21547468948589313,0.16295814464190467,0.2374019410609021,0.13177473330547274,0.13148284605158522
2016-08-24,0.16117114011689782,0.21777750272049612,0.14193585870209036,0.19833031298589995,0.16295814464190467,0.2374019410609021,0.13660268675788256,0.12287379351413344
2016-08-25,0.18695093130230545,0.25448667342574216,0.15871281267140686,0.2244546520888755,0.16295814464190467,0.2374019410609021,0.15772424289057543,0.1369489073537386
2016-08-26,0.18960947431325992,0.25634995279494116,0.1459248310257134,0.20468456905056417,0.16295814464190467,0.2374019410609021,0.16060946072006013,0.1265079219734277
2016-08-29,0.18279983217880225,0.24667362518960106,0.13427559943639517,0.18743681802619253,0.16295814464190467,0.2374019410609021,0.15493271094826785,0.11617968849051848
2016-08-30,0.16746457755867739,0.2246837695978267,0.1446524719962809,0.19953212570084336,0.16295814464190467,0.2374019410609021,0.1425952496348273,0.12548598079344275
2016-08-31,0.16085272704213893,0.21766511846602035,0.12955026712175532,0.18147259004109426,0.16295814464190467,0.2374019410609021,0.13698366757260583,0.11195647155607494
2016-09-01,0.1640773009323504,0.2222562123528954,0.12689277661687612,0.17819797888975236,0.16212786634526985,0.2377637492060079,0.1395547466344545,0.10953945295734918
2016-09-02,0.1609414092798731,0.21770615882718541,0.12370522835001596,0.17345197450068806,0.16212786634526985,0.2377637492060079,0.13705493703505384,0.10704678916866314
2016-09-06,0.14084076644354937,0.187572671131429,0.18961335449992844,0.2604794868591402,0.16212786634526985,0.2377637492060079,0.12131544218518066,0.16582403650954805
2016-09-07,0.12859140508222655,0.17406570394231205,0.15298720470578636,0.2134805544738679,0.16212786634526985,0.2377637492060079,0.10972034551227976,0.13244058598250882
2016-09-08,0.1255324785669416,0.16973061825444918,0.1384745702884571,0.19293937860345936,0.16212786634526985,0.2377637492060079,0.1071281375768715,0.1198654560717894
2016-09-09,0.14074462051060532,0.1915985171317958,0.13710475680772072,0.1929008528415823,0.16212786634526985,0.2377637492060079,0.1196410564220975,0.11828114008471718
2016-09-12,0.35844294381535224,0.5016226766210653,0.3946312455877591,0.5723240754247333,0.16523716306496072,0.24435046684355657,0.30006165717044453,0.33711664466377433
2016-09-13,0.3258133906907781,0.44467250271746733,0.35303488064423233,0.49711863210573126,0.16523716306496072,0.24435046684355657,0.2768704198971723,0.30677427388052037
2016-09-14,0.34408437627691413,0.47807377251853983,0.3018130224049205,0.43660488189086955,0.16633347449695798,0.24463498611213014,0.2891673258914772,0.2590858263466135
2016-09-15,0.32779612182050055,0.4518340962494179,0.2439005083496989,0.3495413119056952,0.16633347449695798,0.24463498611213014,0.2767778236093349,0.21070820278014402
2016-09-16,0.28473414293833543,0.38910823622163754,0.23930984569597946,0.33777414817285184,0.16633347449695798,0.24463498611213014,0.24188623590041114,0.2077645225402464
2016-09-19,0.24697739829896093,0.33756948113292445,0.20719606862139645,0.2923069850542187,0.16633347449695798,0.24463498611213014,0.20858305598706456,0.1785300220575613
2016-09-20,0.22771444754299486,0.3133115725309642,0.16796912238012324,0.23943820652226783,0.16633347449695798,0.24463498611213014,0.19193014020093346,0.1440132357695813
2016-09-21,0.22276862346643078,0.3067008410388396,0.14918850082552781,0.21356052456109736,0.16633347449695798,0.24463498611213014,0.18742524637532315,0.12778383406407912
2016-09-22,0.18927970723987597,0.2552698484580757,0.25825609583812764,0.36024231957792985,0.16633347449695798,0.24463498611213014,0.16142320010761152,0.22457802989424044
2016-09-23,0.15380305276183515,0.2090714584956074,0.24336395778561393,0.3424838472045178,0.16633347449695798,0.24463498611213014,0.13097286890831428,0.21097701953237566
2016-09-26,0.14805116589456413,0.20415155370762095,0.19015149651246954,0.2712859849050271,0.16633347449695798,0.24463498611213014,0.12485356745348751,0.16347783990617315
2016-09-27,0.22242414899899265,0.3103455583378268,0.2418227925280495,0.3480825657951108,0.1675991201569378,0.24485515883604986,0.1871042515900173,0.20617917824118356
2016-09-28,0.20868869917431354,0.2839755002512133,0.2359484358775067,0.33095288448358723,0.1675991201569378,0.24485515883604986,0.1770393142863768,0.20432730059055257
2016-09-29,0.18159974610855545,0.2482990320708071,0.20418129289996995,0.28737513671866965,0.1675991201569378,0.24485515883604986,0.15414050995452597,0.17604803153761522
2016-09-30,0.2186471460150784,0.30326531433681875,0.20889199729694952,0.3003812334877626,0.16837247399453678,0.24451712044094503,0.18305540014125518,0.17792875998323876
2016-10-03,0.20819758334932337,0.2841599651645154,0.19221514721914879,0.270498060643452,0.16837247399453678,0.24451712044094503,0.176053632477657,0.1657682896189712
2016-10-04,0.1989575797993105,0.2735334833726125,0.1603111888163431,0.2284648234935654,0.16837247399453678,0.24451712044094503,0.16766121236802395,0.1375419206928155
2016-10-05,0.19273639932212294,0.2644416567492893,0.14470190236609543,0.20591309379218184,0.16837247399453678,0.24451712044094503,0.16229543669878976,0.124322931544833
2016-10-06,0.17716261187611082,0.24188784913066336,0.1481144407250124,0.20877045705249223,0.16837247399453678,0.24451712044094503,0.15002418576435617,0.12797062357323258
2016-10-07,0.1643828195712862,0.22540995105857003,0.1356176900473075,0.19257074819303946,0.16837247399453678,0.24451712044094503,0.13879976047133702,0.11673526768533746
2016-10-10,0.17474151730933007,0.24139871038949826,0.1367106479645549,0.19651043327693024,0.16837247399453678,0.24451712044094503,0.1470049576575636,0.11704840793718226
2016-10-11,0.16992843128105528,0.23353377637641556,0.1323922107747006,0.18861304229820788,0.16837247399453678,0.24451712044094503,0.14354608352339102,0.11403936010034887
2016-10-12,0.2200906246964487,0.30523651486141196,0.1937821686273431,0.2793569823146771,0.16897244903546033,0.24450101425561527,0.1840831522521492,0.1645768233336146
2016-10-13,0.23195515640207165,0.3189835897775898,0.1791133795409222,0.25520107151624294,0.1686211993712316,0.24456521868727757,0.1954416409251438,0.15336643501665254
2016-10-14,0.231264984655284,0.3248599051853652,0.16481235679048523,0.23622124870446054,0.1686211993712316,0.24456521868727757,0.20050314722041604,0.14130264905366288
2016-10-17,0.21673571084339327,0.30105247358148285,0.15503072081113875,0.21932845231797468,0.1678201437154649,0.24489372146885102,0.18766416368533154,0.13376767413717022
2016-10-18,0.20568568463379333,0.2839338555737469,0.13835190275061027,0.19717520119679982,0.1678201437154649,0.24489372146885102,0.17530168554678427,0.11885490335625058
2016-10-19,0.18813129928962347,0.25728009221652726,0.1505241658980784,0.21208879625002894,0.1678201437154649,0.24489372146885102,0.1600091788957691,0.12999196903975535
2016-10-20,0.16546622351515428,0.22791614581618316,0.15630242210249756,0.22026856485634883,0.1678201437154649,0.24489372146885102,0.1423330286140086,0.1347875014296339
2016-10-21,0.15013873251568843,0.20543465437569658,0.15229904995126958,0.21585737138940533,0.1678201437154649,0.24489372146885102,0.1275589161737436,0.13163829172614422
2016-10-24,0.1352605898776701,0.18842901195894673,0.14320072030972483,0.20303169098938023,0.1678201437154649,0.24489372146885102,0.11712401747985049,0.12321654403806269
2016-10-25,0.1269955322356739,0.17675945847437652,0.13648321529575508,0.19360458468667427,0.1678201437154649,0.24489372146885102,0.10975712821067443,0.1171914761456115
2016-10-26,0.13470048348479063,0.18928816187577013,0.13193455644159638,0.18926886083409555,0.1678201437154649,0.24489372146885102,0.11606537155027212,0.11274428027593816
2016-10-27,0.16019565158593152,0.2212201617839699,0.14327431583176026,0.20576416191807884,0.1678201437154649,0.24489372146885102,0.13495520929413124,0.12226650147196726
2016-10-28,0.18869934851376535,0.2610653088701365,0.16127961689787074,0.23186098737996208,0.1678201437154649,0.24489372146885102,0.15935103784269816,0.13778653987247907
2016-10-31,0.20495385363513052,0.2831221751454885,0.15985111320627682,0.22936861715583082,0.1678201437154649,0.24489372146885102,0.17337543834845598,0.13684045630248887
2016-11-01,0.21641576737069979,0.2994281478307799,0.15691438986945788,0.22517908080737625,0.1678201437154649,0.24489372146885102,0.18350266160939685,0.13455001870998726
2016-11-02,0.23983085697933826,0.33207797179264653,0.17255214730765583,0.24869339643095587,0.1678201437154649,0.24489372146885102,0.2027111561720608,0.14798868677257004
2016-11-03,0.24510678161009414,0.3380852830862996,0.16138638538429073,0.23149380826901517,0.1678201437154649,0.24489372146885102,0.2076346222401268,0.1387503054588994
2016-11-04,0.283087074965478,0.3926890013680289,0.21137420865622925,0.30308740253554256,0.16881687501280201,0.24458935014507857,0.23974266270318642,0.1802151679582156
2016-11-07,0.2751189134376032,0.3797851296898946,0.1825675605930145,0.25908088462558004,0.16881687501280201,0.24458935014507857,0.23406835509724713,0.15650126566028655
2016-11-08,0.23052099185904318,0.31409182301043037,0.2774804796896302,0.3876522530922876,0.16881687501280201,0.24458935014507857,0.1981788989957699,0.24122965743322813
2016-11-09,0.20450419000100706,0.282190816157305,0.2101975109466797,0.2976600816555985,0.16881687501280201,0.24458935014507857,0.17428412378381303,0.18104336240576582
2016-11-10,0.1618480331404893,0.21732001931896897,0.37179243887723323,0.5183310769384466,0.16881687501280201,0.24458935014507857,0.1406591498804925,0.3248124717471197
2016-11-11,0.14475799755025487,0.19988107644822123,0.26980903532625233,0.38242902280819796,0.16881687501280201,0.24458935014507857,0.12340698934323349,0.23320856473868276
2016-11-14,0.13632606449952933,0.1868277608467752,0.22220627646144026,0.3129532719883389,0.16881687501280201,0.24458935014507857,0.11664944023499986,0.19231722405393906
2016-11-15,0.13827086289834123,0.19077308173268775,0.18009295084700988,0.2554138093769121,0.16881687501280201,0.24458935014507857,0.11771802915565885,0.15521420507781253
2016-11-16,0.12511889708637824,0.17042561512086266,0.18515006340453244,0.25941637491487896,0.16881687501280201,0.24458935014507857,0.10737761774137444,0.1605319565139089
2016-11-17,0.12664710066713292,0.17492904102904586,0.15515266744871586,0.2205187670397556,0.16881687501280201,0.24458935014507857,0.1077681613480506,0.1335809396177305
2016-11-18,0.12220779987282587,0.16754366397830497,0.145753706297942,0.20563308009954082,0.16881687501280201,0.24458935014507857,0.10439471930271896,0.12590212694068526
2016-11-21,0.11291617278516303,0.15437423026782143,0.14325709422211758,0.20182894322819597,0.16881687501280201,0.24458935014507857,0.09640757901132796,0.12381924737091167
2016-11-22,0.10418580075536321,0.14243298300200305,0.1400638509349466,0.19742379654837747,0.16881687501280201,0.24458935014507857,0.0888294897138673,0.12093978159581982
2016-11-23,0.10196517286093354,0.14023561520031158,0.130505490541234,0.18499419708736192,0.16881687501280201,0.24458935014507857,0.08668848445562166,0.11237229181254417
2016-11-25,0.10310429470787486,0.14188056244786212,0.12656034114869477,0.17955212530273645,0.16881687501280201,0.24458935014507857,0.08761134848893767,0.10892819791422204
2016-11-28,0.10243099216268087,0.14084739959203757,0.12497981749936365,0.17716122816015925,0.16881687501280201,0.24458935014507857,0.08714510865156559,0.10773853999504396
2016-11-29,0.1292138505908727,0.17995106696066113,0.14154553030278244,0.2023011902061464,0.16881687501280201,0.24458935014507857,0.11022594709262118,0.1213572316856173
2016-11-30,0.12852174375233072,0.17724366722872012,0.13737042772617186,0.19400306950912244,0.16881687501280201,0.24458935014507857,0.11039555898450384,0.11858660249147392
2016-12-01,0.13766924433201805,0.19108872112116987,0.13336047059842943,0.1900535861800293,0.16881687501280201,0.24458935014507857,0.11776451104436504,0.11461343946045101
2016-12-02,0.15890706005913213,0.22079257085916623,0.14321257970263657,0.2045281222096492,0.16881687501280201,0.24458935014507857,0.13579094444060355,0.12298004700672747
2016-12-05,0.15959238867987535,0.22057476423602104,0.13610280475749936,0.19330813153267093,0.16881687501280201,0.24458935014507857,0.13670221160065482,0.11741659420203843
2016-12-06,0.13240332573367924,0.17969612818169828,0.22525018094147048,0.31472007546676767,0.16881687501280201,0.24458935014507857,0.11510803426780798,0.19701860532575077
2016-12-07,0.1154069612814776,0.15887886342353605,0.18316169332995924,0.2598792567267553,0.16881687501280201,0.24458935014507857,0.09902999331662629,0.15945214571690877
2016-12-08,0.12671813235596224,0.1756438364615709,0.1593962143213662,0.22752567306572008,0.16881687501280201,0.24458935014507857,0.1082318741253745,0.13785215652454702
2016-12-09,0.14132966335837083,0.19573618815156552,0.14916503982663132,0.21350530305500037,0.1684204477572182,0.24482397857173685,0.12074039744477012,0.12911342037649864
2016-12-12,0.12834406954464667,0.17555233456089445,0.16331033867402023,0.23072435322751897,0.1684204477572182,0.24482397857173685,0.11043469384611407,0.14247692801402959
2016-12-13,0.15083298870172912,0.21048831057960019,0.15780514697357756,0.22795475005664873,0.1684204477572182,0.24482397857173685,0.12894468664343073,0.13638795905787682
2016-12-14,0.15514932448425817,0.21429825958420393,0.14589765417509154,0.20890675086090266,0.1684204477572182,0.24482397857173685,0.13289098345188716,0.12660243182885145
2016-12-15,0.1646350623021805,0.22844490761392744,0.1395708272840105,0.2012967663433412,0.16895360697496814,0.24457339062267466,0.14093263343456047,0.12092436844712247
2016-12-16,0.1552399802311561,0.2146718624378092,0.13752159243370693,0.19713348358271848,0.16895360697496814,0.24457339062267466,0.13457879512218862,0.12014747789642462
2016-12-19,0.14092946324097322,0.19427237311728948,0.1418197928835424,0.20245685499427513,0.16802700100774948,0.24440017379380902,0.12179813824371487,0.12383242053044996
2016-12-20,0.12831044260847008,0.17749725007289585,0.14082720685345285,0.20040194077752777,0.16802700100774948,0.24440017379380902,0.11089040580798996,0.12209171061376424
2016-12-21,0.12033756111219823,0.1667273901791946,0.13395232652769867,0.1912563105675153,0.16802700100774948,0.24440017379380902,0.10368581155834221,0.11594383591244835
2016-12-22,0.11590153519904334,0.16019987021169688,0.12872259845990633,0.18388199946751,0.16802700100774948,0.24440017379380902,0.09928968748700716,0.11135806458215165
2016-12-23,0.119071268520267,0.1650347714868855,0.12385660386546693,0.17827727975312077,0.16802700100774948,0.24440017379380902,0.10147339396322565,0.10700047958789957
2016-12-27,0.1194616949447811,0.16523887152813718,0.12227143410986918,0.17567736062127293,0.16802700100774948,0.24440017379380902,0.10191802166175862,0.10583403289985563
2016-12-28,0.13659946784396992,0.19006169895414568,0.1293401172574381,0.18739178663262465,0.16802700100774948,0.24440017379380902,0.11627232714841172,0.11167987647457267
2016-12-29,0.16691680639747597,0.23408354853518112,0.15073359296386166,0.2200388109776206,0.16802700100774948,0.24440017379380902,0.14347929995921108,0.13089092078207842
2016-12-30,0.17761562178986673,0.24801617336642795,0.14657178791787437,0.21228395055405644,0.16802700100774948,0.24440017379380902,0.15324559197611864,0.12765071433975664
2017-01-03,0.18976827233147342,0.2654288709272162,0.1459750283724898,0.21168532097180545,0.16802700100774948,0.24440017379380902,0.1637211916672638,0.12691225861741964
2017-01-04,0.17203276684022317,0.23729238308499492,0.17053915773326672,0.24180095186744477,0.16802700100774948,0.24440017379380902,0.14935524835068892,0.1494588891126744
2017-01-05,0.14788802113628097,0.20404994166379878,0.1790305020155983,0.2539245057250786,0.16802700100774948,0.24440017379380902,0.12850230319656697,0.15661782782387662
2017-01-06,0.13615757220240404,0.18936439286303666,0.1550906489562879,0.22140329448798265,0.16802700100774948,0.24440017379380902,0.11783463507972368,0.13476851656315136
2017-01-09,0.12788436621517285,0.17754875275412074,0.14565863197037818,0.20813929156543828,0.16802700100774948,0.24440017379380902,0.11085700769446592,0.12710465486949118
2017-01-10,0.13100000845365467,0.18310395548911373,0.134944611251933,0.1938505028100076,0.16802700100774948,0.24440017379380902,0.11319946405027292,0.11696933637124456
2017-01-11,0.12910385005278924,0.179887170186715,0.13019093277598773,0.18631394004836496,0.16802700100774948,0.24440017379380902,0.11174395941771796,0.11301547871920221
2017-01-12,0.12352520349952317,0.1718096830020539,0.128394041968778,0.18342853444575885,0.16802700100774948,0.24440017379380902,0.10693801119644715,0.11149620229056449
2017-01-13,0.12923531716416267,0.18079825797881113,0.12541766611845495,0.1807123863178887,0.16802700100774948,0.24440017379380902,0.11150475751079589,0.10845106173900892
2017-01-17,0.12475329831182194,0.17325407328633124,0.12805543743684247,0.18298447510535681,0.16802700100774948,0.24440017379380902,0.10779472775362148,0.11118062064885971
2017-01-18,0.1419171007483857,0.19913696890147786,0.13413929340576675,0.19439174679212806,0.16802700100774948,0.24440017379380902,0.12216290792734988,0.11574314175764934
2017-01-19,0.161457747064513,0.2262819734117939,0.14162959350807972,0.20479938520209456,0.16802700100774948,0.24440017379380902,0.13896746465442872,0.12236176655990759
2017-01-20,0.16734051063988437,0.23410956741964764,0.13705694971182308,0.19804066704274134,0.16802700100774948,0.24440017379380902,0.14447864384410725,0.11880748626510935
2017-01-23,0.14794391351046265,0.2043609867746764,0.17613126247723687,0.24956823301424982,0.16802700100774948,0.24440017379380902,0.12909427800044795,0.15402619546336083
2017-01-24,0.14436976041520833,0.2021670530842024,0.1494145028496568,0.21445016494381877,0.16802700100774948,0.24440017379380902,0.12446084733892818,0.12918514752855698
2017-01-25,0.1322504429489978,0.18319779610463977,0.15567447212527807,0.2210381819925722,0.16708978214562098,0.24474453875295366,0.11470059190550885,0.1355164559981451
2017-01-26,0.12222107603952384,0.1697849267421583,0.1429448509206332,0.203899610918782,0.16708978214562098,0.24474453875295366,0.10579190829064551,0.12406775366693717
2017-01-27,0.11652609728079094,0.16182201109404631,0.13465999684995086,0.1922842713561042,0.16708978214562098,0.24474453875295366,0.10076163674680502,0.11676321590065074
2017-01-30,0.11362485629637381,0.15776103407157838,0.12821999791908267,0.1833863914406962,0.16708978214562098,0.24474453875295366,0.09817216365530307,0.11104953015280927
2017-01-31,0.16397832541592794,0.23023629118721783,0.17282998279384404,0.24861381117315384,0.1677263651410857,0.2444086734401314,0.1414405199861053,0.1483996296349499
2017-02-01,0.16845958512871034,0.23412727230694538,0.15911299596276618,0.22566959192488648,0.1677263651410857,0.2444086734401314,0.14621134425847016,0.13726429901956316
2017-02-02,0.16009906078337133,0.2220295418060776,0.14655785004226946,0.20690149657752624,0.1677263651410857,0.2444086734401314,0.1390871876826194,0.12642050525182255
2017-02-03,0.1567405155329672,0.21784595053029593,0.13575421245576935,0.1921850928838951,0.1677263651410857,0.2444086734401314,0.13617297659678076,0.11680775897042542
2017-02-06,0.1397039760123595,0.19223561030131664,0.16036424514395975,0.22404725652819066,0.1677263651410857,0.2444086734401314,0.12208855680364095,0.13904491582813194
2017-02-07,0.1430982501561888,0.19952354748966497,0.14294847442736625,0.20336630121941457,0.1677263651410857,0.2444086734401314,0.12443624725730958,0.12322365403282792
2017-02-08,0.1419904999347827,0.1968570661606561,0.1362385594921382,0.1933325343268795,0.1677263651410857,0.2444086734401314,0.12247771661853582,0.11768187705734584
2017-02-09,0.14280906601791998,0.19836582806214242,0.1294329166175951,0.18380024113231044,0.16589807296171344,0.24415428408478151,0.12280840128518533,0.11148498263657064
2017-02-10,0.13231593750221976,0.1821382212089848,0.13869348249821756,0.19468536746965254,0.16589807296171344,0.24415428408478151,0.11448663980093782,0.12017480538366941
2017-02-13,0.12479788464705732,0.1743081115613653,0.1272813600499223,0.18067555724139508,0.16589807296171344,0.24415428408478151,0.10762542090670453,0.11064328994637113
2017-02-14,0.12931890875238503,0.18157212360773503,0.12421046741409522,0.1771826681751861,0.16424353556304258,0.2389756767834543,0.11228348207527918,0.1079612700944971
2017-02-15,0.12388106167999807,0.1726208010844282,0.1270788143265682,0.17960870536117318,0.16424353556304258,0.2389756767834543,0.10798758985215186,0.11078889973273037
2017-02-16,0.16514745549571552,0.23323785401588745,0.16157753987999735,0.23122201830883735,0.16341471748699637,0.23930568745722242,0.1431372419658617,0.1395430167067361
2017-02-17,0.16307288890583255,0.2264004351150069,0.151842297573119,0.21399746437820785,0.16341471748699637,0.23930568745722242,0.1412582425250645,0.1320354842008732
2017-02-21,0.15272024799325962,0.21141605572990707,0.14174789042300062,0.19964949419708067,0.16341471748699637,0.23930568745722242,0.1325542618095893,0.12336430038046592
2017-02-22,0.1486588464208199,0.20594409421538468,0.1315867142584285,0.1861061754722793,0.16341471748699637,0.23930568745722242,0.12878024544026284,0.11416603013799866
2017-02-23,0.1494838014802417,0.20706046201489522,0.12699704414392649,0.179828555465217,0.16341471748699637,0.23930568745722242,0.12937139773100792,0.11000773413198452
2017-02-24,0.14518518076737802,0.20056119573974318,0.12403774080024865,0.1751280837741873,0.16341471748699637,0.23930568745722242,0.12582693641931014,0.10751293323164846
2017-02-27,0.13758661973052944,0.18952300883292658,0.12398811524865594,0.1744803420170701,0.16341471748699637,0.23930568745722242,0.1193833415910753,0.1075447795208457
2017-02-28,0.1519248083997532,0.21063465782711824,0.12983115052702926,0.18469769687037155,0.16341471748699637,0.23930568745722242,0.13159065220370708,0.11206611128650534
2017-03-01,0.17530600425015036,0.24342745619538445,0.1443461170401808,0.20543973072584104,0.16341471748699637,0.23930568745722242,0.1520175870640662,0.12485042099076664
2017-03-02,0.16656351105146677,0.2293953056710772,0.14104100941698422,0.19797721873853602,0.16341471748699637,0.23930568745722242,0.14513411410464017,0.12273151441527545
2017-03-03,0.14955494731281066,0.20535646115601575,0.14855771980457388,0.2077244640539421,0.16341471748699637,0.23930568745722242,0.13071294881510062,0.12959097468227307
2017-03-06,0.13076431864621924,0.17931982215091347,0.16070886446246807,0.22484955717872068,0.16341471748699637,0.23930568745722242,0.11460291874158979,0.14062269375376213
2017-03-07,0.13259083105416286,0.1840108006949474,0.1409551626479305,0.20076486143011754,0.16341471748699637,0.23930568745722242,0.11517995132741665,0.1230368116517074
2017-03-08,0.13747619101151237,0.19111992304449785,0.13376373399293603,0.1903096728267521,0.16304769526300855,0.23842423629853066,0.11957582461024815,0.11661989092877924
2017-03-09,0.1480015475332247,0.2055080583162038,0.1318969713566257,0.1882029053722756,0.16304769526300855,0.23842423629853066,0.12856315060223228,0.11504518161424028
2017-03-10,0.15880815502155188,0.2211537188585146,0.13201997855922054,0.18863039733855735,0.16304769526300855,0.23842423629853066,0.13812203095151293,0.11543117100534407
2017-03-13,0.1471206834351435,0.20291812708102064,0.14014261207717366,0.19773516090603113,0.16350400055959652,0.23832426481990174,0.12853055291623128,0.12321839601138558
2017-03-14,0.13557966583816983,0.18732882023943637,0.1333073979594595,0.18894931078292398,0.16350400055959652,0.23832426481990174,0.11830952789340851,0.11698079541335979
2017-03-15,0.16112077606478742,0.22499683672757015,0.14682015769698475,0.21064796962610324,0.16350400055959652,0.23832426481990174,0.14103223105221238,0.12822167234430903
2017-03-16,0.1514752864392115,0.20851028936399077,0.15084450022131843,0.21285209928463586,0.16350400055959652,0.23832426481990174,0.13289706029341394,0.1327536020902771
2017-03-17,0.13840480683137585,0.189821164497491,0.1430464196003444,0.2027378815904761,0.16350400055959652,0.23832426481990174,0.12092511238003445,0.12586619273065164
2017-03-20,0.1346307381898424,0.1857375774653024,0.13072715342969565,0.18676714027270325,0.16350400055959652,0.23832426481990174,0.11730802952761102,0.11482983888212976
2017-03-21,0.13321623185289438,0.18295833245467727,0.12488602327136245,0.17830621283566567,0.16350400055959652,0.23832426481990174,0.11613257929216973,0.10965544578556895
2017-03-22,0.16921413492361614,0.23582174317971155,0.15447320271613002,0.2214353245835747,0.16293110867876287,0.238482117754221,0.14769687351477653,0.1349729871561603
2017-03-23,0.17683318488207106,0.24374120336838462,0.14691774508855884,0.2086433984461837,0.16320527217148656,0.23842761999899412,0.154677095002353,0.12878058675179788
2017-03-24,0.17842215178032306,0.24454392198279792,0.1382401997582911,0.19549255350406733,0.16320527217148656,0.23842761999899412,0.15590664339072222,0.12099900061495972
2017-03-27,0.1691124575178649,0.22954585289291668,0.13177115620116447,0.18454340817786027,0.16320527217148656,0.23842761999899412,0.14782315011463373,0.11536659772163203
2017-03-28,0.1555482020390515,0.20954730487582787,0.13197732085785258,0.1827262074645906,0.16320527217148656,0.23842761999899412,0.1359444608242692,0.11538270664609315
2017-03-29,0.13626103930650113,0.18186873201373527,0.15326451498555183,0.20945783121482248,0.16320527217148656,0.23842761999899412,0.11927856379299565,0.1341503052822613
2017-03-30,0.12686828416547713,0.1697234680775506,0.1376707323242019,0.18798576884772825,0.16320527217148656,0.23842761999899412,0.11064103215685157,0.11980475061120976
2017-03-31,0.1263657889663583,0.16907644083101922,0.1284031473517595,0.17496194879009572,0.16320527217148656,0.23842761999899412,0.11026421069313246,0.11171693565377848
2017-04-03,0.1527300693367517,0.20392327463923657,0.138258026524247,0.1899062984805528,0.16320527217148656,0.23842761999899412,0.1326838279770253,0.12127159425838294
2017-04-04,0.15129391189104602,0.20135900255239636,0.13262184874318605,0.18015825338169836,0.16023118716255158,0.2306786623264257,0.13259711047614386,0.11615672767065374
2017-04-05,0.13845079371339886,0.18386482605899948,0.13475702571341247,0.18331161592137343,0.16023118716255158,0.2306786623264257,0.122250920813766,0.11927896941636117
2017-04-06,0.16801901621722137,0.22470118802730887,0.14878486974299776,0.2045472873610811,0.15855621123281663,0.2301563173615327,0.14810995623160433,0.13077478374417278
2017-04-07,0.15810559208590758,0.21008073134051344,0.14528564040304048,0.19725215134218727,0.15855621123281663,0.2301563173615327,0.13973154593107368,0.12818711082342077
2017-04-10,0.16403983129571098,0.2188605122526024,0.1364037684339907,0.1863351740259475,0.15855621123281663,0.2301563173615327,0.14451019799281037,0.1197148685220757
2017-04-11,0.19091161468248452,0.25599056022978867,0.15217704031875318,0.20943336249185204,0.15824324692360836,0.23024960972084732,0.1687623489913211,0.13433036662807718
2017-04-12,0.21133257098013702,0.2829795370937478,0.15735029044114418,0.21664377279427194,0.15824324692360836,0.23024960972084732,0.18694290669492797,0.13955029963678278
2017-04-13,0.21859665639758197,0.29256312808490476,0.15136797602533225,0.20847512271307803,0.15824324692360836,0.23024960972084732,0.19363242680349058,0.1346913404610886
2017-04-17,0.21214351031922318,0.28379126438339614,0.14043925543357322,0.19328192342184827,0.15824324692360836,0.23024960972084732,0.1882112271088363,0.1253031274449147
2017-04-18,0.1883250700860284,0.25065778763937385,0.15743264870686613,0.21481355810667463,0.15824324692360836,0.23024960972084732,0.16733080199268174,0.14095575205089342
2017-04-19,0.17335973261424098,0.2316967732195695,0.1417239023699019,0.19479216037582292,0.15824324692360836,0.23024960972084732,0.1538855060490988,0.12656715922972334
2017-04-20,0.17865608983111325,0.23910083551005484,0.1355660345863201,0.1852091304944799,0.15824324692360836,0.23024960972084732,0.15817510934026505,0.11937948723410138
2017-04-21,0.1627067295095077,0.21708217303631228,0.14001348379340356,0.18978927276517393,0.15824324692360836,0.23024960972084732,0.14472881484523337,0.12391638072983009
2017-04-24,0.16503181468767514,0.22121275552866812,0.13151080038528884,0.17959202277360142,0.15824324692360836,0.23024960972084732,0.14642577021124598,0.11592976555443477
2017-04-25,0.12166974214912174,0.15886854589236404,0.326284073300418,0.4378114901502619,0.15824324692360836,0.23024960972084732,0.11007599272183183,0.29356408035443404
2017-04-26,0.10528158813912258,0.14066117138410364,0.26111930189955834,0.35524850662103646,0.15824324692360836,0.23024960972084732,0.09430406417672553,0.23384377055294603
2017-04-27,0.1067887004906048,0.1427899303044408,0.22181428741469078,0.30232909071062797,0.15824324692360836,0.23024960972084732,0.09553671814518644,0.19859064951164884
2017-04-28,0.09826543956182937,0.13064275917544763,0.1989489477931986,0.27036170231718704,0.15824324692360836,0.23024960972084732,0.08793216239723536,0.17836241342493192
2017-05-01,0.11258732121988424,0.1509719094222674,0.17536908960902797,0.24003909140245117,0.15824324692360836,0.23024960972084732,0.10067842997072485,0.15698145931880966
2017-05-02,0.10186989296288079,0.1353746526286784,0.17252227352830352,0.23416050470985558,0.15824324692360836,0.23024960972084732,0.09148103154258404,0.15495460113635645
2017-05-03,0.11538431626251999,0.1548699651751165,0.1554985814376424,0.21313956307489668,0.15824324692360836,0.23024960972084732,0.10324793679526678,0.13905659431228343
2017-05-04,0.11889857299996398,0.15908683104981955,0.14375492419281943,0.19650972145479373,0.15824324692360836,0.23024960972084732,0.10647945841111055,0.12870748312124283
2017-05-05,0.11409564177767206,0.15221150008639614,0.1360000623012651,0.18543423041614412,0.15824324692360836,0.23024960972084732,0.10214837252904811,0.12183663438454485
2017-05-08,0.11530889828630142,0.1543335295645933,0.12763211857104484,0.17463988286837862,0.15824324692360836,0.23024960972084732,0.10322775116185638,0.11424794291966052
2017-05-09,0.10159103670055436,0.13478085926028563,0.1467169499572719,0.19904748484278081,0.15824324692360836,0.23024960972084732,0.09120491311179575,0.13188984881624713
2017-05-10,0.10433629116676524,0.13947047792205688,0.13337620987808307,0.18267507670155106,0.15824324692360836,0.23024960972084732,0.0931332364521406,0.11931022448898801
2017-05-11,0.11371870127167177,0.15193568303449884,0.12915450322506233,0.17704419083464992,0.15824324692360836,0.23024960972084732,0.1013505587331469,0.11547957838246921
2017-05-12,0.12737460510195575,0.1703212309209318,0.12907157885349696,0.17720299213301996,0.15824324692360836,0.23024960972084732,0.11346993837103772,0.1153613285666898
2017-05-15,0.12322716333572298,0.16415819733724726,0.12696780810113345,0.17327434188222754,0.15824324692360836,0.23024960972084732,0.10999617186933465,0.11371007758986049
2017-05-16,0.12108515549108467,0.16149802260764318,0.12159776929843374,0.1663907533831669,0.15824324692360836,0.23024960972084732,0.10786563458690064,0.1087201921401446
2017-05-17,0.12696738721191758,0.1695826231080817,0.11980375436795099,0.16438787292538298,0.15824324692360836,0.23024960972084732,0.11292302787184781,0.1069901695809351
2017-05-18,0.3819603353509443,0.5357149864367682,0.3712313220590299,0.5394557069818922,0.16070934618635374,0.23964903136808305,0.3369419647855075,0.33010787409681763
2017-05-19,0.34596449302844423,0.4797960530017462,0.32390403811569063,0.46365799711498895,0.16070934618635374,0.23964903136808305,0.3067387985742639,0.29119632018105956
2017-05-22,0.286648993335916,0.3952815321867161,0.33909589054115397,0.4817382439593466,0.16078006689454183,0.2395478513754651,0.2545597274054595,0.3051099827505561
2017-05-23,0.24226328111345152,0.33514822003601485,0.29480512568499817,0.4211131319018984,0.16078006689454183,0.2395478513754651,0.21477055451909585,0.26467297666290646
2017-05-24,0.21846417484472574,0.3030583603261428,0.24253693849776178,0.3481288221230067,0.16078006689454183,0.2395478513754651,0.19295106715533233,0.2173516178233896
2017-05-25,0.19402796256343685,0.26846631819271044,0.2171945623161233,0.31087651967975305,0.16078006689454183,0.2395478513754651,0.17175377935475367,0.1947763059576187
2017-05-26,0.18134415888937688,0.2520518003041382,0.18238125473480166,0.26177426014512484,0.16078006689454183,0.2395478513754651,0.16087853384885678,0.16300825934321772
2017-05-30,0.1701387835473019,0.23628122327200038,0.1593578939278199,0.22934625256284683,0.16078006689454183,0.2395478513754651,0.15090184997872713,0.14270769055822183
2017-05-31,0.18305758215631374,0.25619752722214845,0.15228376642640928,0.2213201082604254,0.16078006689454183,0.2395478513754651,0.1621817944577168,0.136130805547131
2017-06-01,0.1789667422591987,0.2508946249408456,0.14156922106199055,0.20456550611533678,0.16073209995106985,0.23964212824592904,0.15863642545923956,0.12655697589255727
2017-06-02,0.1634236147095886,0.22763480799121416,0.14320358255488888,0.20611298741024361,0.16161064951024173,0.23912221528655758,0.14523186858185122,0.12843982131588577
2017-06-05,0.1536964233515235,0.21496671981222734,0.13310898388972495,0.19233692543857195,0.16161064951024173,0.23912221528655758,0.1363515660945312,0.11913063392703518
2017-06-06,0.16012816649479705,0.22418641176033408,0.12971723506685068,0.18823817302441306,0.16161064951024173,0.23912221528655758,0.14188494763211024,0.11586331563580456
2017-06-07,0.16984496821130388,0.2372078033872929,0.13054406974271532,0.18919488717298308,0.16161064951024173,0.23912221528655758,0.1502764511468056,0.1165891699527859
2017-06-08,0.16437157337556035,0.2289095969702029,0.12606499940713248,0.18161415109400963,0.16161064951024173,0.23912221528655758,0.1455904391516223,0.11278702428710095
2017-06-09,0.1498592650276161,0.20952117229849798,0.12356877080407025,0.17727740408825682,0.16161064951024173,0.23912221528655758,0.13479154195947135,0.11100550880828318
2017-06-12,0.1651811512779033,0.23069754430588832,0.128378911213799,0.18605218861172662,0.1596602034236469,0.23750850097688417,0.14761903903318233,0.11539508551568614
2017-06-13,0.18403986737242714,0.25746879771346143,0.1415619073096989,0.2053379088016674,0.1596602034236469,0.23750850097688417,0.16450830659719073,0.12743269005964453
2017-06-14,0.1619917771975435,0.22494712815721593,0.16338088884380603,0.2337152605402283,0.1596602034236469,0.23750850097688417,0.145442321502439,0.14790826139759788
2017-06-15,0.16157147697193905,0.2253981855310795,0.1442274848816561,0.20790683796791082,0.1596602034236469,0.23750850097688417,0.1447759000726827,0.12988725005931745
2017-06-16,0.16569696154164698,0.2313569945768821,0.13615552700308647,0.19634671538167509,0.1596602034236469,0.23750850097688417,0.14857633020431077,0.12261657736477949
2017-06-19,0.15216856545597,0.21162147260510372,0.13862478328519953,0.1983845215341135,0.1596602034236469,0.23750850097688417,0.13657421478843387,0.12512183982442796
2017-06-20,0.14650942276113682,0.20466662486188927,0.12864899234400404,0.18511717097470784,0.1596602034236469,0.23750850097688417,0.13156353751558264,0.11596393217174378
2017-06-21,0.1590833603799697,0.22288650521227427,0.1304391182734026,0.1886731463071813,0.1596602034236469,0.23750850097688417,0.14267964706073455,0.11743840388884265
2017-06-22,0.1547851918148595,0.2156560442653026,0.12664175645182996,0.18215543507052903,0.1596602034236469,0.23750850097688417,0.1384865967881342,0.11422667430314781
2017-06-23,0.14539121527628412,0.2024859419395861,0.12489419853623485,0.1792636547382577,0.1596602034236469,0.23750850097688417,0.13024311863689297,0.11267985762434933
2017-06-26,0.13300746732277546,0.18495304110135588,0.12969296766700403,0.18572471046335803,0.1596602034236469,0.23750850097688417,0.11916981915656764,0.11709443960057653
2017-06-27,0.12685893142744653,0.17670277989633457,0.1238905317804466,0.17811883235656026,0.1596602034236469,0.23750850097688417,0.11343344364048816,0.11176909133222308
2017-06-28,0.1679241900045916,0.2357461336405673,0.15831816648305955,0.2295935370162395,0.15996449220825307,0.23733402554779714,0.15015636154310513,0.1425258005049179
2017-06-29,0.1498503236765527,0.20754877973567878,0.17618059970748196,0.2506593653410833,0.15996449220825307,0.23733402554779714,0.13462705989982415,0.1596669058847605
2017-06-30,0.19144726915917631,0.26823288283635655,0.1922398092602751,0.27770716142687346,0.16029358899310842,0.23743179933300468,0.17069034686591508,0.17295376434217868
2017-07-03,0.18518398506205985,0.257133994426564,0.17234428318289097,0.24600014823775845,0.16029358899310842,0.23743179933300468,0.16554473470715464,0.1556554069573688
2017-07-05,0.17803652623696312,0.24745492972839508,0.15160275623171005,0.2170878590960174,0.16029358899310842,0.23743179933300468,0.15885042463806598,0.13671653834874947
2017-07-06,0.1694797371128207,0.23549116418587268,0.13986635213116794,0.2000708918654501,0.16029358899310842,0.23743179933300468,0.15143342540172314,0.1263047794723444
2017-07-07,0.20842837053137003,0.29132871493348467,0.17525486779262045,0.25189589939806506,0.16078177731127216,0.23732532544847765,0.18557766080068894,0.1567799793772967
2017-07-10,0.18504352547903752,0.2555132748125598,0.19668853491104651,0.2764852694910982,0.16078177731127216,0.23732532544847765,0.1661630617169645,0.17716256489495322
2017-07-11,0.17116044364814242,0.23824809115027704,0.1661285073837142,0.2357108610580978,0.16078177731127216,0.23732532544847765,0.15347361577315155,0.1491187929890204
2017-07-12,0.16191397955530842,0.22490170125455267,0.15063460028103348,0.213639701652374,0.16078177731127216,0.23732532544847765,0.14500315009203346,0.1352847346880292
2017-07-13,0.14710900328891297,0.2033022799465371,0.15099327371337054,0.213209585554668,0.16078177731127216,0.23732532544847765,0.13159682154562033,0.13568864373044076
2017-07-14,0.13420525373582162,0.185733982888375,0.14438760794694644,0.20439218673380632,0.16078177731127216,0.23732532544847765,0.1199924256655054,0.12971428614063213
2017-07-17,0.12303439766645724,0.17031558849888312,0.14085961928533375,0.19942625688652404,0.16078177731127216,0.23732532544847765,0.11004685295709461,0.1265283519321371
2017-07-18,0.13057550635771698,0.18157538669370668,0.13302466175666156,0.1899898074496019,0.16078177731127216,0.23732532544847765,0.11612732422052703,0.11908889460403495
2017-07-19,0.13258345579054698,0.18399870843112454,0.12854144359330594,0.18309735210576938,0.16078177731127216,0.23732532544847765,0.11796494582846825,0.11517154584203164
2017-07-20,0.12892146336012528,0.17869814934817732,0.12534545443008868,0.17823116499092267,0.16078177731127216,0.23732532544847765,0.11470717036144802,0.11233515264136663
2017-07-21,0.12248227739291664,0.16975493048698337,0.12464596344011314,0.17706584976347248,0.16078177731127216,0.23732532544847765,0.10914965019888187,0.11177031918548308
2017-07-24,0.11558133582626501,0.1604914097439907,0.1242166287348972,0.17656830626560163,0.16078177731127216,0.23732532544847765,0.10326010422640321,0.11153986910790628
2017-07-25,0.11602447057663445,0.16119134821037862,0.1208823645919242,0.17206830523041705,0.16078177731127216,0.23732532544847765,0.10308002372827667,0.10798976883253639
2017-07-26,0.11577674139046068,0.1604770615456234,0.11945351088097705,0.17004842027607844,0.16078177731127216,0.23732532544847765,0.10264937615470879,0.10681262062135809
2017-07-27,0.12084839560076666,0.1677171225316391,0.11917614032258472,0.17020281861989797,0.16078177731127216,0.23732532544847765,0.10686408310408423,0.1064851425301904
2017-07-28,0.139008835166156,0.19366069040338982,0.12883800636540352,0.1845502862302028,0.16078177731127216,0.23732532544847765,0.12303237332503314,0.1149761841121831
2017-07-31,0.1449153638921814,0.20116562742668764,0.12709310786449735,0.18133354012337857,0.16078177731127216,0.23732532544847765,0.12813501732642146,0.11360155011140495
2017-08-01,0.14120513950939806,0.1959312535736155,0.12352287937237164,0.17595635335361104,0.16078177731127216,0.23732532544847765,0.12519667524483036,0.11058653952817649
2017-08-02,0.13439196450517826,0.18639596200042804,0.12200776373108885,0.17372883573934617,0.16078177731127216,0.23732532544847765,0.11930852277287746,0.10936512604345246
2017-08-03,0.13729201262978363,0.19076787001550763,0.11966336950204653,0.17130925160137478,0.16078177731127216,0.23732532544847765,0.1213634751473593,0.1070263648332248
2017-08-04,0.14088221025685976,0.19559866814626595,0.11904021879750426,0.17049346814364258,0.16078177731127216,0.23732532544847765,0.12449321656507197,0.1065880511210226
2017-08-07,0.13139456922148707,0.18161853905081787,0.12586256249691113,0.17892407756673598,0.16035634141988264,0.23744237162033602,0.11640284288793401,0.11296215266164682
2017-08-08,0.12526529358333577,0.17356235960282615,0.12095561868860433,0.172685882866055,0.16035634141988264,0.23744237162033602,0.11064998551598867,0.10830978443489672
2017-08-09,0.16215385836156654,0.22607591188287027,0.15182995426011792,0.21909852301249705,0.16019879609225712,0.23744289946988653,0.14271056559431144,0.13571431611656143
2017-08-10,0.16617570734811765,0.2303677394660974,0.1427241176479398,0.2041319148970401,0.16019879609225712,0.23744289946988653,0.14658798003086154,0.1278719591404786
2017-08-11,0.3608396492762578,0.5127702737648767,0.3909741595636762,0.5793581393263161,0.16119922081793958,0.24776611463984452,0.3145851047469095,0.3472512799483553
2017-08-14,0.33853796628346683,0.47516094599613495,0.32445115986783546,0.472539856591387,0.16119922081793958,0.24776611463984452,0.29724685666636597,0.28961879076511965
2017-08-15,0.275597615008935,0.38244699987852243,0.3655765449100552,0.5282295321043055,0.16119922081793958,0.24776611463984452,0.24222795182707244,0.32750519704023595
2017-08-16,0.24165356139355426,0.33821383698947277,0.2885599153323261,0.4232501120701113,0.16119922081793958,0.24776611463984452,0.21188895700340601,0.2586428310835417
2017-08-17,0.2218324165256058,0.3105462799219335,0.23685952599026724,0.34643109184345533,0.1628300801888626,0.24606862139351982,0.19459586497670328,0.21185685512267338
2017-08-18,0.33484368500046424,0.47283950996135143,0.3384844007108468,0.5024581590137615,0.1634347917039432,0.2526824519738598,0.290077356635567,0.3002770016769037
2017-08-21,0.3048953499574928,0.4246812399179678,0.3007277645560066,0.4373962142035208,0.1634347917039432,0.2526824519738598,0.26553824004967197,0.268325839791221
2017-08-22,0.2653855105544614,0.36974810714797224,0.2612356664683162,0.3797026620883692,0.1634347917039432,0.2526824519738598,0.23127774818640306,0.23290568571940917
2017-08-23,0.22068260502503745,0.30607070044071155,0.27364409576548976,0.3964858600119519,0.1634347917039432,0.2526824519738598,0.19297973208065958,0.24487684928957093
2017-08-24,0.22861580006035748,0.3209936169595103,0.22843321531036365,0.336093062722041,0.1634347917039432,0.2526824519738598,0.19866755652965767,0.2030341835505719
2017-08-25,0.21988644257194545,0.3075900962664585,0.19647882586864582,0.28714187691898385,0.1634347917039432,0.2526824519738598,0.1915644872542701,0.17475276261089157
2017-08-28,0.19445837771777563,0.2708132925657043,0.19270315059402582,0.27966391112310096,0.1634347917039432,0.2526824519738598,0.16998115837884817,0.1717934686732368
2017-08-29,0.182957020856651,0.2564326290855217,0.16431325634144556,0.2404380183957265,0.1634347917039432,0.2526824519738598,0.15980742936323478,0.14609637805085499
2017-08-30,0.18706589718638372,0.2631088959328469,0.15068859600813928,0.22141536635232073,0.1634347917039432,0.2526824519738598,0.1635414174050061,0.1339313066070143
2017-08-31,0.17370172413712293,0.24283201887395497,0.1476506394685986,0.2148645856102499,0.1634347917039432,0.2526824519738598,0.15213317727468245,0.13157766703072932
2017-09-01,0.15501409127842042,0.2166008687367909,0.15087366841080704,0.21907125672816768,0.1634347917039432,0.2526824519738598,0.13598045535042996,0.13443086244319116
2017-09-05,0.13966047925016428,0.19538947736715528,0.1468204110508099,0.2135598618289691,0.1634347917039432,0.2526824519738598,0.12243822738024644,0.13062799117212032
2017-09-06,0.22080643058279203,0.3139835542681269,0.22481008205596537,0.3338612514260242,0.1654965309179331,0.252772373166108,0.19120406646484364,0.19829660173774566
2017-09-07,0.2095963181604017,0.295249894585076,0.2048277109455771,0.29877979617568656,0.1654965309179331,0.252772373166108,0.18372027651132222,0.1823347385892902
2017-09-08,0.19661256928190207,0.27724557060389343,0.17519158889680408,0.25734403738359773,0.1654965309179331,0.252772373166108,0.17160094087157754,0.15587790076888475
2017-09-11,0.20462393279327518,0.28898345921710844,0.16240339758255168,0.23772910482996185,0.1654965309179331,0.252772373166108,0.17767189105416648,0.14290876404055053
2017-09-12,0.17871897168991296,0.24872339592213216,0.19801121352141868,0.2845865260584531,0.1654965309179331,0.252772373166108,0.1561762686500397,0.17573108778845048
2017-09-13,0.16308596651022483,0.22924293604927712,0.1691345132692885,0.24597803386832623,0.16563106725134136,0.25261205454547087,0.14201290609638073,0.14936544960893658
2017-09-14,0.1564623826664458,0.21981315701761583,0.1522574546353771,0.2222473319483201,0.16563106725134136,0.25261205454547087,0.13587576688052339,0.13444884537010066
2017-09-15,0.15082520328259902,0.21199748531609017,0.14096730649286843,0.20561082419431684,0.16563106725134136,0.25261205454547087,0.13088146664267677,0.12408163935395326
2017-09-18,0.14291561445432088,0.20009610155688526,0.13674321876297157,0.19889053901838952,0.16563106725134136,0.25261205454547087,0.12383897117987155,0.1204075649859891
2017-09-19,0.13875040702226543,0.19454164343119631,0.12947183514558025,0.1891849572854008,0.16780948187145311,0.2507170496774004,0.11983524053946934,0.11382448907699053
2017-09-20,0.13667415600219995,0.19183623729520088,0.12548163767894016,0.18371669760478943,0.16780948187145311,0.2507170496774004,0.11809119370038856,0.11033804640669787
2017-09-21,0.1277450123611619,0.17833488471926282,0.13116627093342326,0.19083608207707745,0.16780948187145311,0.2507170496774004,0.11042000396641834,0.11556991156190616
2017-09-22,0.12228611345834212,0.17107666952532005,0.12597439921157427,0.18435706559762793,0.16780948187145311,0.2507170496774004,0.10521006657881832,0.110793364246191
2017-09-25,0.11794982033921148,0.16530058931995886,0.12283434039634307,0.18042138233126065,0.16780948187145311,0.2507170496774004,0.10162928887675932,0.1081558138595758
2017-09-26,0.14161850353700228,0.20088511839708945,0.13529365974584612,0.1998527140164147,0.16780948187145311,0.2507170496774004,0.12223496594972831,0.11861419780324893
2017-09-27,0.14185569199064696,0.19993158608936118,0.13187790786670478,0.19295530342358272,0.16680630300661678,0.2507638165979157,0.12243386298210096,0.11584139972092863
2017-09-28,0.1328651605827475,0.18661736459729172,0.1314555686179851,0.19165327579443275,0.16680630300661678,0.2507638165979157,0.1148377930722688,0.11544238130483919
2017-09-29,0.12259259665287461,0.17201217801821048,0.13214633523509406,0.19245758004112895,0.16680630300661678,0.2507638165979157,0.10612406659203383,0.11584701829405925
2017-10-02,0.11811376677010604,0.16612123175379542,0.12614317089778804,0.1843463807309363,0.16680630300661678,0.2507638165979157,0.10194663815955972,0.1102177481413151
2017-10-03,0.11536860463264809,0.16224148183286896,0.1230117868085712,0.17994233374004967,0.16680630300661678,0.2507638165979157,0.09945725076848955,0.1074702375300578
2017-10-04,0.11729233845600387,0.16573881186767675,0.12040023408167738,0.1770405359758119,0.16680630300661678,0.2507638165979157,0.10175555669397941,0.10540238445597887
2017-10-05,0.12105891912801703,0.17065529027045337,0.1179410231022624,0.173887994320253,0.16609953558941304,0.2505501353784771,0.10418325488636755,0.10308864345072347
2017-10-06,0.11203032324282744,0.1569462705971833,0.1267983103049473,0.18485356304911874,0.16609953558941304,0.2505501353784771,0.09685103766760748,0.1109735177565479
2017-10-09,0.12502179411811004,0.17739075919154665,0.12674337100268748,0.1880595038766949,0.16609953558941304,0.2505501353784771,0.1074294870452503,0.11063494375369946
2017-10-10,0.15193463903274373,0.21609165228741894,0.14099605096987944,0.20963841481450574,0.16609953558941304,0.2505501353784771,0.13106767133850358,0.12334860871566951
2017-10-11,0.14862040668566467,0.20921606942605186,0.13852804765406324,0.2032305399588209,0.16609953558941304,0.2505501353784771,0.12873667647206122,0.12180637298503713
2017-10-12,0.14007239843163954,0.1970917150670749,0.13338736845805185,0.19555935472075983,0.16609953558941304,0.2505501353784771,0.12115263737289357,0.11713738085356423
2017-10-13,0.13710482825288905,0.19368480103252844,0.12652545131559623,0.18631571209069472,0.16609953558941304,0.2505501353784771,0.11840179422192229,0.11088820731496855
2017-10-16,0.13003197597942068,0.1829006104470651,0.12821920535628661,0.18756379026587383,0.16609953558941304,0.2505501353784771,0.11250943450678386,0.11257820314477177
2017-10-17,0.13615169726451054,0.19282702156914816,0.12496242315610834,0.1845743923643497,0.16609953558941304,0.2505501353784771,0.11718902905180201,0.10921972027873866
2017-10-18,0.1493906982524022,0.21164450582502323,0.12875103813562627,0.19029263197446664,0.16609953558941304,0.2505501353784771,0.12847304778719645,0.11250286829936595
2017-10-19,0.14446142027369746,0.20320984461583758,0.12912726972644256,0.18896300210642777,0.16609953558941304,0.2505501353784771,0.12450002763976695,0.1132452130432701
2017-10-20,0.1388645312148286,0.1959022152182761,0.12391367858115691,0.18198239325389176,0.16609953558941304,0.2505501353784771,0.11939834773328639,0.10841072930534705
2017-10-23,0.13376697795791834,0.1887688904707992,0.12169520391064444,0.17856790083428398,0.16609953558941304,0.2505501353784771,0.11521150072165175,0.10652324730860721
2017-10-24,0.1712665104013127,0.2442538932118594,0.15425619239124844,0.22848001856815947,0.16577741655007988,0.25076666717149876,0.14715046088439798,0.13407767123906242
2017-10-25,0.17502487556249824,0.24731597745161335,0.14775281171970606,0.21617832907751638,0.16577741655007988,0.25076666717149876,0.15093528654652852,0.12905110635440986
2017-10-26,0.17008500301572393,0.24091289972171182,0.1381401173464686,0.20220069074000163,0.16577741655007988,0.25076666717149876,0.1471301564327955,0.12063726972208239
2017-10-27,0.16763060592675555,0.23663535981567796,0.1312473394429631,0.19246165426451714,0.16577741655007988,0.25076666717149876,0.1444164225335125,0.11459543723220512
2017-10-30,0.14262331703177095,0.1984766789612625,0.19421118803684156,0.2801096604702658,0.1664266129778359,0.2503358083911954,0.12451074785240428,0.1716015384055183
2017-10-31,0.15382307192591865,0.2188202843014736,0.17253462244071152,0.25428334224318655,0.1664266129778359,0.2503358083911954,0.13280519918536127,0.1510643891640891
2017-11-01,0.14947543002511482,0.21021704258229418,0.16272660198341887,0.23718744927155128,0.1664266129778359,0.2503358083911954,0.12958364254875765,0.1431482767843083
2017-11-02,0.1436497110874364,0.2029570605926523,0.14741364627666606,0.21591118014996022,0.1664266129778359,0.2503358083911954,0.12436445351153969,0.12945569888202527
2017-11-03,0.13619777559790908,0.19192031423873196,0.1416072731871702,0.2066658931465535,0.1664266129778359,0.2503358083911954,0.1181255550824325,0.12449857143618395
2017-11-06,0.12051621507277299,0.16855480063442632,0.15987655367132433,0.2316192697749398,0.1664266129778359,0.2503358083911954,0.10505422674224939,0.1409376948250271
2017-11-07,0.12268281108607137,0.17394367334219368,0.14372912192697823,0.21093149050682908,0.1664266129778359,0.2503358083911954,0.1060449103865246,0.12566878139101179
2017-11-08,0.14134886534318475,0.20078108320879678,0.1438898394155581,0.21185230831098456,0.1664266129778359,0.2503358083911954,0.12207195915401918,0.12566161907616732
2017-11-09,0.1396801198486576,0.19704716118163554,0.13869870486046681,0.20248975092186983,0.1664266129778359,0.2503358083911954,0.12101766250485642,0.12148321218534504
2017-11-10,0.16096418681787317,0.22919648401925288,0.14507320027572895,0.21420612427086322,0.1664266129778359,0.2503358083911954,0.13915242964579,0.1267368843615112
2017-11-13,0.1866255470349295,0.2654577577625388,0.15536062955203275,0.2290238549464406,0.1664266129778359,0.2503358083911954,0.1615354552414218,0.13592151529945953
2017-11-14,0.1902420156207959,0.2690463607966071,0.14816985596398694,0.21678447621709013,0.1664266129778359,0.2503358083911954,0.1649496302053129,0.1299174768325736
2017-11-15,0.18565288306607408,0.26248906953329454,0.1395926075824175,0.20400789216435994,0.1664266129778359,0.2503358083911954,0.16101535298691985,0.12236168894300148
2017-11-16,0.22447802077202617,0.3197181629930513,0.17548525301348972,0.2579447728099981,0.1666194217299642,0.2503772016488616,0.19402734059291643,0.15242142179274618
2017-11-17,0.20523754207295353,0.2865248885601743,0.19804152031816666,0.28395916326603643,0.1666194217299642,0.2503772016488616,0.1787251891389638,0.17409932957440494
2017-11-20,0.18479541996627669,0.2593962763509336,0.17422044901819753,0.2519963993455928,0.1666194217299642,0.2503772016488616,0.1601543429935523,0.1525185328375132
2017-11-21,0.1653986455045095,0.23099692288506202,0.17479370300032837,0.2515456202009104,0.1666194217299642,0.2503772016488616,0.14351296055157636,0.1532300772747232
2017-11-22,0.14223391910550026,0.1980712118177804,0.18447278659090507,0.2648728034042435,0.1666194217299642,0.2503772016488616,0.12363958140857666,0.16168357737567224
2017-11-24,0.13774286234833905,0.19410048476309802,0.15997318063792293,0.2326536250896572,0.1666194217299642,0.2503772016488616,0.11877063163782313,0.13928480332041926
2017-11-27,0.13234871699998207,0.18597272396804468,0.1504259599041608,0.2175914579679566,0.1666194217299642,0.2503772016488616,0.11470761079918307,0.13122564328360053
2017-11-28,0.13515538672854194,0.19105625901590648,0.1397312856413957,0.20355850506159925,0.1666194217299642,0.2503772016488616,0.11688974097530716,0.12157741946907677
2017-11-29,0.13965246241456725,0.19723414426269462,0.13417371359169605,0.19551104566097904,0.1666194217299642,0.2503772016488616,0.12070349979914993,0.11671379189190677
2017-11-30,0.16192918627438652,0.22945751285386762,0.1422484245586253,0.20908714509591994,0.1666194217299642,0.2503772016488616,0.1394850318710699,0.12385273647751985
2017-12-01,0.180052497351953,0.25464444306165135,0.14644253325018391,0.21471579233449806,0.16697471375783646,0.25019645753671493,0.15518581570189632,0.1275628858818315
2017-12-04,0.18129955834702105,0.2555631822320776,0.14035547062326859,0.20477919972864125,0.16697471375783646,0.25019645753671493,0.15648450456937296,0.12242333674362085
2017-12-05,0.1822171749456971,0.25713183161854536,0.13475912790088068,0.19697440271785832,0.16697471375783646,0.25019645753671493,0.1571025822489285,0.11733715492864855
2017-12-06,0.17158744141756072,0.24104282337257094,0.13456057075579902,0.19522957982535252,0.16697471375783646,0.25019645753671493,0.14822167474278533,0.11737220641635461
2017-12-07,0.15865516830534104,0.22321225412520615,0.13190742226682395,0.19156354358927496,0.16697471375783646,0.25019645753671493,0.13733356681190861,0.11509552149255828
2017-12-08,0.14045315865356156,0.19620158440809823,0.1544074826867381,0.22222642241207877,0.16697471375783646,0.25019645753671493,0.12185792322473328,0.13494081975809086
2017-12-11,0.12317193020278777,0.1726000693204706,0.15528684439991253,0.2241601907165532,0.16697471375783646,0.25019645753671493,0.10693534769241843,0.1354996462709842
2017-12-12,0.11362265794055879,0.16021036594500934,0.14463417165353984,0.20969104413800865,0.16697471375783646,0.25019645753671493,0.09871430720697402,0.12601040425890744
2017-12-13,0.13329562158267627,0.19016917433802097,0.14500990295814725,0.2125900205367662,0.16697471375783646,0.25019645753671493,0.11548130134509069,0.125877158873677
2017-12-14,0.14367462166413325,0.2043136399016173,0.14088320790021036,0.20594560370310383,0.16697471375783646,0.25019645753671493,0.12488050026139672,0.12262537098021756
2017-12-15,0.1523949110676151,0.21644536908522893,0.13676758551281804,0.2006328673093599,0.16697471375783646,0.25019645753671493,0.13217260449807805,0.1191883783011959
2017-12-18,0.1350684077755241,0.1885870275949973,0.17370936437467563,0.2502432090797045,0.16697471375783646,0.25019645753671493,0.11802853173229776,0.152661442926539
2017-12-19,0.12862993942523032,0.18220678107097077,0.15085633495101772,0.220473274537302,0.16741482179519196,0.2499540136579356,0.11153156899170462,0.1316989831515051
2017-12-20,0.14591317343847449,0.20749280522895713,0.1479382282388622,0.2173431586945979,0.16741482179519196,0.2499540136579356,0.12619042830799082,0.12889718138568756
2017-12-21,0.1403682081116085,0.19785824407518932,0.14452641259530635,0.21015286936112182,0.16741482179519196,0.2499540136579356,0.1221175182937079,0.12656700075182753
2017-12-22,0.13348640717657395,0.18870797809817824,0.13542512165304582,0.1977050575865754,0.16741482179519196,0.2499540136579356,0.11605598682197829,0.11843964967105351
2017-12-26,0.13966046279963096,0.1985409130769211,0.13110191819331166,0.1926866338695248,0.16741482179519196,0.2499540136579356,0.12139270982465762,0.11447923956436243
2017-12-27,0.15032605593765652,0.21389863656467492,0.13160360056012227,0.19385449600056806,0.16741482179519196,0.2499540136579356,0.13072996359981665,0.11496658215117982
2017-12-28,0.15582385150793576,0.2209422887043686,0.12973555454890695,0.1907992796646208,0.16741482179519196,0.2499540136579356,0.1353001896077302,0.11340227226249668
2017-12-29,0.14781742533105652,0.20839767735433776,0.13038025059168706,0.19044147472697026,0.16741482179519196,0.2499540136579356,0.12871884034584707,0.11436428177893787
2018-01-02,0.1720957485467487,0.24547778836043735,0.14524454204452292,0.21428904105613472,0.16741482179519196,0.2499540136579356,0.14928101558969356,0.12651873961791837
2018-01-03,0.15294038013067512,0.21354012642006373,0.18805922560916763,0.27076777455133577,0.16744256669276428,0.24998706709352583,0.13417778860152096,0.16591242716691945
2018-01-04,0.13143603585475985,0.18418515279865752,0.1791096513524409,0.25893471003129964,0.16744256669276428,0.24998706709352583,0.11487347938378781,0.15735510465825223
2018-01-05,0.1271901039813721,0.17967123718498762,0.15704720408265904,0.2284728422567158,0.16744256669276428,0.24998706709352583,0.11061449340695471,0.13723685189737367
2018-01-08,0.12555670491247567,0.17710587896074548,0.14506616803748243,0.21053180455826306,0.16744256669276428,0.24998706709352583,0.10919902331466456,0.12662508042975176
2018-01-09,0.13487231271366307,0.19091911687153093,0.13863164150859086,0.20166145533309504,0.16744256669276428,0.24998706709352583,0.11704123446326756,0.12069315151762232
2018-01-10,0.1549671525014527,0.21980370805517618,0.14291430158684437,0.20779655667815858,0.16744256669276428,0.24998706709352583,0.13450732026996032,0.12423612528032725
2018-01-11,0.14939307907686156,0.21028084035473932,0.13961568920040557,0.20075890066764251,0.16744256669276428,0.24998706709352583,0.12995341082779344,0.12191728685127827
2018-01-12,0.1447627726668539,0.20426432795514923,0.1294637992124742,0.18798471360783156,0.16744256669276428,0.24998706709352583,0.12618803289453098,0.1140310952345004
2018-01-16,0.15044347830505028,0.21315401905511572,0.12728071781333783,0.1853008886108179,0.1651882268261304,0.24592970915480544,0.1312399628339816,0.11182596515590804
2018-01-17,0.20479071662224368,0.29063727487655916,0.1823003364861992,0.2654111295496349,0.16569341873786753,0.24603323816778505,0.17735590095698003,0.15864655894205854
2018-01-18,0.21116045386089688,0.2967485453642055,0.1695329483293017,0.24386031080715997,0.16569341873786753,0.24603323816778505,0.1831270487079035,0.1480709500938287
2018-01-19,0.20974798171733733,0.2950881018238518,0.15499299269803507,0.22331803101337652,0.16623895306832376,0.24591509074400464,0.1819247161235941,0.13527712310645174
2018-01-22,0.18856566675218128,0.2631896516127113,0.1671480437959483,0.23820585324490823,0.16623895306832376,0.24591509074400464,0.1639034292254362,0.14656981523654422
2018-01-23,0.17022870658545164,0.24135300154955494,0.14990772751908257,0.2164849624291068,0.16623895306832376,0.24591509074400464,0.14814543270910355,0.13195385891533534
2018-01-24,0.1659517880410213,0.23447316475844635,0.1383720509857896,0.20025596411995067,0.16557202870371973,0.2455770324226968,0.14386700426189603,0.12151100214531795
2018-01-25,0.1706045344069288,0.2420886462952975,0.1345605262332537,0.19525992020891123,0.16557202870371973,0.2455770324226968,0.14767983927656728,0.11779198590143368
2018-01-26,0.17046483315205008,0.24060880056450568,0.13039187053046275,0.1886548608279837,0.16557202870371973,0.2455770324226968,0.14772135586602275,0.11423426827134657
2018-01-29,0.15777801007610226,0.22171806680508788,0.13440573892046753,0.19375808353929808,0.16557202870371973,0.2455770324226968,0.13746073365909528,0.11843368716906097
2018-01-30,0.24999400900360025,0.3571345024148327,0.24364044007022656,0.3570745154774041,0.16723767586230331,0.24765487059387042,0.21482530310217457,0.2108054784178397
2018-01-31,0.2705078640918862,0.38298916804232935,0.22841997927391688,0.3308645475735013,0.16723767586230331,0.24765487059387042,0.23424631883316951,0.1986852681623994
2018-02-01,0.24302124085194837,0.341359633774109,0.21990394031786087,0.31509919688390964,0.16723767586230331,0.24765487059387042,0.21166913019302228,0.1923494426347011
2018-02-02,0.22276185192189446,0.3147173664922786,0.18684761437717823,0.26952206032846177,0.16723767586230331,0.24765487059387042,0.1936707262549645,0.162790773030536
2018-02-05,0.31535300769561936,0.44872133393257374,0.29052802522973376,0.4231710257154076,0.16933892108267273,0.2505761405878565,0.2710310329378405,0.24966238525200787
2018-02-06,0.7593886690760712,1.104581606801668,0.8377571593426858,1.2469416796130608,0.17347780547582992,0.27560637863469734,0.6470994570598657,0.71486731031058
2018-02-07,0.6650324397013623,0.9471492988222353,0.7343623140027968,1.0766000650682943,0.17347780547582992,0.27560637863469734,0.5702227137847098,0.6357135463490132
2018-02-08,0.5573297924908835,0.797035142190834,0.5892978575674226,0.8653511175294814,0.17288691674499906,0.27608892699750676,0.4781164763017143,0.5087726686170944
2018-02-09,0.553596741881158,0.7974365785048102,0.5006297801843522,0.7419851627921474,0.17495756440424645,0.27662907812804094,0.4732291177986453,0.43025847986825727
2018-02-12,0.4793168032846086,0.6843766860614234,0.4407874789091877,0.6459622647876457,0.17495756440424645,0.27662907812804094,0.4122268984872219,0.38122325861264794
2018-02-13,0.4028942623449838,0.5758227285626549,0.3846426912895944,0.5642052956466281,0.17495756440424645,0.27662907812804094,0.3471750105725975,0.3328600492968319
2018-02-14,0.35392285612276975,0.5068127326254587,0.3054084050752599,0.45097681598461264,0.17495756440424645,0.27662907812804094,0.3036570899353604,0.2640541821833041
2018-02-15,0.29082302216509126,0.4124582839524979,0.39343988652238904,0.5742606377926512,0.17495756440424645,0.27662907812804094,0.251861174881339,0.34156827468238693
2018-02-16,0.2518869889759674,0.3617444791528701,0.3121217848815414,0.4605967039516976,0.17495756440424645,0.27662907812804094,0.2166885971687795,0.26920131343635045
2018-02-20,0.23839750855718944,0.34268805796737145,0.25683649547191756,0.38312136039183486,0.17495756440424645,0.27662907812804094,0.20521890674723786,0.22283660568634173
2018-02-21,0.24535322211131694,0.3532388031577446,0.2245423622532357,0.33478238060250615,0.1738380267333586,0.27711198573757095,0.21099893135619446,0.19438002540046476
2018-02-22,0.22569735687158632,0.3237739888918426,0.19536838414989727,0.289448049730319,0.1738380267333586,0.27711198573757095,0.19476819006312981,0.16951799041776666
2018-02-23,0.20015767047048771,0.28624099709418427,0.18730332681894638,0.2764929303547957,0.1738380267333586,0.27711198573757095,0.17281798427906722,0.16259000233541457
2018-02-26,0.17162982930464116,0.2439848975740979,0.2174682831701641,0.32043583339053183,0.1738380267333586,0.27711198573757095,0.14842778682837285,0.18935075792772493
2018-02-27,0.15113097527416794,0.21634949886333657,0.19190698448384685,0.2844173561650783,0.1738380267333586,0.27711198573757095,0.13025479259431,0.16635816009801901
2018-02-28,0.22308252483333435,0.3239917257376338,0.23159724503423118,0.34641302654577943,0.17551805984639396,0.2770253372514907,0.19059681609127732,0.19890022137770266
2018-03-01,0.24326776902409253,0.3519013261931051,0.2170845083599774,0.32312256089234187,0.17551805984639396,0.2770253372514907,0.20900497970858745,0.18701664980449248
2018-03-02,0.2796778130628388,0.4055382025623405,0.22782260561334228,0.3400644411213069,0.17616647809467292,0.27671909846152315,0.24015065304896263,0.19611117026106778
2018-03-05,0.2468075735375579,0.35358576087484184,0.2471800489176419,0.36400314929443184,0.17575456208871953,0.2770092600448133,0.21306191432465277,0.21485960367550203
2018-03-06,0.21793550440747428,0.31423342615976124,0.21499824658150515,0.3188985079314277,0.17564491701014262,0.27718081879344825,0.18817998250312393,0.18640304860661872
2018-03-07,0.20265660350766745,0.2917681451798479,0.18885510542334247,0.28074036457667667,0.17564491701014262,0.27718081879344825,0.17464809641092027,0.1637254796045148
2018-03-08,0.18624339973394788,0.2681882723913442,0.17189500072500782,0.25540819981412577,0.17564491701014262,0.27718081879344825,0.16060576859029846,0.1490584661541955
2018-03-09,0.1665998636848364,0.23854691484700608,0.1735794892258846,0.2569719358844068,0.17564491701014262,0.27718081879344825,0.14361030908331218,0.15073127130289304
2018-03-12,0.1400437132488973,0.20058814113658446,0.20328156767227698,0.2997420930424647,0.17564491701014262,0.27718081879344825,0.12163762540238947,0.17677061766360966
2018-03-13,0.1594814259072642,0.2324491586413036,0.1867522420646393,0.2797387219500864,0.17564491701014262,0.27718081879344825,0.13722644752435892,0.16127262666343517
2018-03-14,0.1710161168571991,0.24849771563892611,0.17342527079714545,0.2591473321413825,0.17564491701014262,0.27718081879344825,0.14783762572563677,0.15011982916017888
2018-03-15,0.18559986012197924,0.270107285047844,0.16659133076541044,0.24891179955765094,0.17564491701014262,0.27718081879344825,0.1602772724191151,0.14402129231203992
2018-03-16,0.1744169858847641,0.2521643475201053,0.15907641557164431,0.23585820508519142,0.17564491701014262,0.27718081879344825,0.15104143013912735,0.13789549837560294
2018-03-19,0.15863464414766432,0.22894360813281597,0.15546766104864845,0.23026770382148296,0.17564491701014262,0.27718081879344825,0.13736792809340742,0.1347153242131361
2018-03-20,0.23288929929499252,0.33962291243437254,0.22959253852719896,0.3432885803864534,0.17767661164730217,0.27773686432378153,0.19940108545689142,0.19675894722175846
2018-03-21,0.22199966694795092,0.32000102570385747,0.2101888172561862,0.31041823085591963,0.17767661164730217,0.27773686432378153,0.19167031136728194,0.181641398997283
2018-03-22,0.20581962860112202,0.2974199947902331,0.18560440958811814,0.27486484045299797,0.17767661164730217,0.27773686432378153,0.17759450834309318,0.16011297718776485
2018-03-23,0.315133945661888,0.4593471040132714,0.3105475797909999,0.46339401144698567,0.18045843400046552,0.28101522338592855,0.2679978601890868,0.26370860312961986
2018-03-26,0.3287529328083594,0.4744550440782263,0.2821340607751494,0.4171230097584695,0.18045843400046552,0.28101522338592855,0.280205794685491,0.24042801272121972
2018-03-27,0.2833160419520616,0.40667895598663584,0.30296025656951375,0.44346379166680755,0.18045843400046552,0.28101522338592855,0.24278458195721045,0.2600220278937035
2018-03-28,0.27910915131315556,0.4055900614637854,0.25664190855895447,0.380517489571972,0.18017720691658934,0.2812438423282329,0.23835966234315498,0.21871136119026557
2018-03-29,0.27146537368193324,0.39319834656853747,0.2246290996690794,0.3324517375629709,0.18017720691658934,0.2812438423282329,0.2326503642941952,0.19147723327465344
2018-04-02,0.23481034686804358,0.3363695741100905,0.2440085044846272,0.36000965423422565,0.18017720691658934,0.2812438423282329,0.2026695625689161,0.21034980245993928
2018-04-03,0.27623901667872797,0.40009770638086894,0.2573482626548644,0.38692094729285625,0.1807141958403135,0.2816434704898228,0.23524361657987242,0.2200426455846858
2018-04-04,0.2519280325342931,0.36020078815096795,0.25748024440160266,0.3804462292514036,0.1807141958403135,0.2816434704898228,0.21708988186093314,0.22223436127253762
2018-04-05,0.2258246863960669,0.32428232394590734,0.22830731257008174,0.3387305800331991,0.1807141958403135,0.2816434704898228,0.19463618485714784,0.19659179761038906
2018-04-06,0.20498099270210784,0.29437708134053786,0.21159356875828939,0.3142873777965491,0.1807141958403135,0.2816434704898228,0.17690806387372088,0.18237021662821282
2018-04-09,0.2378822860358788,0.345956002187896,0.21737758441941038,0.3294644100094791,0.1814099569435025,0.2814076267530778,0.20417495664863572,0.18725373359052658
2018-04-10,0.2384626883988591,0.3444383024875076,0.1992175122731889,0.2988369282824985,0.1814099569435025,0.2814076267530778,0.20556069084334785,0.17222128466639078
2018-04-11,0.21876514540573067,0.3143376515872396,0.19140677048926083,0.2848130431236562,0.1814099569435025,0.2814076267530778,0.18902684636592776,0.16581881521785163
2018-04-12,0.20333295458810796,0.29390744138360636,0.1709046012115677,0.2551476848623186,0.1814099569435025,0.2814076267530778,0.17562146604028409,0.14745855732712196
2018-04-13,0.1816460233179655,0.26075946184659093,0.1837014433616464,0.2720551713705022,0.1814099569435025,0.2814076267530778,0.15740635640505496,0.15900590639861228
2018-04-16,0.1601299221227521,0.2298361570173877,0.17738747912947675,0.263561694326538,0.1814099569435025,0.2814076267530778,0.13834254805276208,0.15329382569014224
2018-04-17,0.1448290770477735,0.20788306136778678,0.16957072232544312,0.2518137812275695,0.1814099569435025,0.2814076267530778,0.12496151770951833,0.14625065917505942
2018-04-18,0.12759970346112387,0.18257776561462008,0.17786102621804595,0.26307602349862175,0.1814099569435025,0.2814076267530778,0.11048456426011585,0.15358760003011174
2018-04-19,0.12751300274776073,0.184849814665106,0.15980413070655775,0.2387949889634706,0.1814099569435025,0.2814076267530778,0.10985002933121418,0.13727665301770586
2018-04-20,0.1344593139446234,0.19488401305791134,0.15120625763102352,0.22575079109098073,0.1814099569435025,0.2814076267530778,0.1158807459666862,0.12974772054046219
2018-04-23,0.15298956231682265,0.2227380480664388,0.1524035484853949,0.22818906825852292,0.1814099569435025,0.2814076267530778,0.13191855004909422,0.13061487382395834
2018-04-24,0.14742750212158423,0.2122988663696123,0.14986695354096852,0.22213523728796192,0.1814099569435025,0.2814076267530778,0.12737171482331863,0.12890663024141785
2018-04-25,0.17710260151225282,0.2577449877934018,0.1647446830655135,0.24858786540374284,0.1807256412686921,0.28149924755738204,0.15194862789884223,0.14148713359967613
2018-04-26,0.1757758550800285,0.2535471037844264,0.15743851462574013,0.23480311893479036,0.1807256412686921,0.28149924755738204,0.15170099090491523,0.1359153346941086
2018-04-27,0.15558841420440833,0.22259865230526582,0.17668511722283708,0.2608647515784743,0.1807256412686921,0.28149924755738204,0.1348885421748095,0.15296201244953597
2018-04-30,0.13824359192336233,0.19875419898464525,0.16943373298536096,0.2508982855617456,0.1807256412686921,0.28149924755738204,0.1197939191431434,0.14626717315349974
2018-05-01,0.14318624428827764,0.20827647683795816,0.15617927479085006,0.23351065024690923,0.1807256412686921,0.28149924755738204,0.12385322816968163,0.13444207132839114
2018-05-02,0.13767897589585815,0.199214158280355,0.15110126015027087,0.22447653815226948,0.1807256412686921,0.28149924755738204,0.11955122520623464,0.13038889450084645
2018-05-03,0.1431247573183069,0.20861304428361466,0.14339387478871485,0.21467812031727687,0.1807256412686921,0.28149924755738204,0.12388932767892365,0.12326312550348861
2018-05-04,0.14156291501102763,0.2051511511326502,0.13899979201890106,0.20658189757875828,0.1807256412686921,0.28149924755738204,0.12269529127095416,0.11931800488247288
2018-05-07,0.12739225606582688,0.18323431309832705,0.15461473736085396,0.2279352813191001,0.1807256412686921,0.28149924755738204,0.11102649889263172,0.1333881625716575
2018-05-08,0.12125091560925877,0.17593440827694534,0.14286150869121336,0.21226562056714435,0.1807256412686921,0.28149924755738204,0.10512466448393198,0.12258911986241085
2018-05-09,0.11964613902482676,0.17315651171305507,0.1370294469586273,0.20345690592774815,0.1807256412686921,0.28149924755738204,0.10353806089843733,0.11740757092128266
2018-05-10,0.10496061866763298,0.1503919003539125,0.16262543994675388,0.23945320687812827,0.1807256412686921,0.28149924755738204,0.09176071460546797,0.14049625324970344
2018-05-11,0.0970921894207734,0.14040247263243513,0.14949740977833187,0.2221117663893863,0.1807256412686921,0.28149924755738204,0.08417531665493844,0.1286280676947347
2018-05-14,0.08989960125854533,0.12976703012918034,0.14926294173693694,0.22115497630979114,0.1807256412686921,0.28149924755738204,0.07830085124154407,0.12883623911085784
2018-05-15,0.09493618625818587,0.13828619629298575,0.1408140743551214,0.2103423925727989,0.1807256412686921,0.28149924755738204,0.08218296065277406,0.12114683892044659
2018-05-16,0.15115366368905925,0.2211134826102515,0.17854804976761107,0.267147135006541,0.17912996602071315,0.28243095412009733,0.12944147931060834,0.15275116439475073
2018-05-17,0.14129096020566723,0.20264595799318094,0.18835656046282112,0.2765432571523899,0.17912996602071315,0.28243095412009733,0.1222788032788673,0.16246743602438643
2018-05-18,0.13370094544524563,0.19373158530388956,0.167591979287517,0.24826632286583156,0.17912996602071315,0.28243095412009733,0.11518315156739224,0.14399275292430427
2018-05-21,0.1314223294937581,0.19049499817422746,0.15567648339970194,0.23074957961951087,0.17912996602071315,0.28243095412009733,0.11316177775985342,0.13365850692583392
2018-05-22,0.12544948097776437,0.1812841476821642,0.1497057613869746,0.22127032746965022,0.17912996602071315,0.28243095412009733,0.10803376338128656,0.12852858982830917
2018-05-23,0.12579653062249346,0.18256977518547607,0.14146995311480393,0.20990024810370342,0.17912996602071315,0.28243095412009733,0.10796568708931618,0.1210233376334888
2018-05-24,0.11754902249345867,0.16872285047574703,0.14637262611563234,0.215641500307026,0.17912996602071315,0.28243095412009733,0.10095725071726046,0.12556957815072645
2018-05-25,0.11297804519177734,0.1634478286622585,0.13854148944480765,0.20489685994891574,0.17912996602071315,0.28243095412009733,0.09696058721041083,0.1185021661265276
2018-05-29,0.131004668900149,0.19057475057247125,0.14217852270291623,0.21196621192465281,0.17912996602071315,0.28243095412009733,0.11205440898608635,0.1213741420045129
2018-05-30,0.25792470815326124,0.3799908938835982,0.27811650917856057,0.41747006993580754,0.18140265206400336,0.2851866756145402,0.2178001358671206,0.23467026930613194
2018-05-31,0.2379978035244381,0.34306176177645936,0.28243263567241433,0.41368615821894,0.18140265206400336,0.2851866756145402,0.203321078966437,0.24068051065675367
2018-06-01,0.2279645978090616,0.33227614172649694,0.23766267666636176,0.35178342275156327,0.18140265206400336,0.2851866756145402,0.19356509303274436,0.20125861653999938
2018-06-04,0.20057554092053836,0.28825817678472404,0.25514570625205624,0.3728391251969218,0.18140265206400336,0.2851866756145402,0.1714953975997825,0.2173248618647065
2018-06-05,0.17711342162174848,0.25558382486765574,0.22700259968347897,0.3339263448792939,0.18140265206400336,0.2851866756145402,0.15051312974934927,0.1926975634720558
2018-06-06,0.16374062404347772,0.23713855522251903,0.2009181970484788,0.29658798090974964,0.18140265206400336,0.2851866756145402,0.13921070715351924,0.1703863926601025
2018-06-07,0.14837115503208725,0.2147867052487414,0.19353173654592043,0.2840362911461398,0.18140265206400336,0.2851866756145402,0.12687140197743493,0.1643037335164561
2018-06-08,0.15489671378841707,0.22698866903228282,0.17477712744330248,0.25935495446150064,0.18140265206400336,0.2851866756145402,0.13191196482714138,0.1475849593889768
2018-06-11,0.1548008603930523,0.22626325764963287,0.16207988421169867,0.24009728788037255,0.18140265206400336,0.2851866756145402,0.13209029480668194,0.1371871137804112
2018-06-12,0.15578537886165242,0.22825957696396407,0.1512533475171069,0.22489255895995588,0.18140265206400336,0.2851866756145402,0.13291984576289942,0.12805846282759947
2018-06-13,0.1541914666547329,0.22431017895168273,0.14486875286028578,0.2136186694354999,0.18140265206400336,0.2851866756145402,0.13074864697302635,0.12214251058789694
2018-06-14,0.16648622429492324,0.2434629150858397,0.14645900278635055,0.2170646707875778,0.18182684041758013,0.2849641537159099,0.14121643294702196,0.12322200117281414
2018-06-15,0.15421556108413312,0.22304162786881135,0.15809570168159265,0.23151795797051056,0.18182684041758013,0.2849641537159099,0.131521573842925,0.13396485535861336
2018-06-18,0.14515109725351724,0.21123327634312009,0.14740019122788767,0.21739951251312511,0.18182684041758013,0.2849641537159099,0.12358873291154544,0.12449944367175407
2018-06-19,0.1507695170821412,0.22030971604148925,0.14249990426369274,0.21146207491820404,0.18182684041758013,0.2849641537159099,0.12804037793240242,0.12009996381493214
2018-06-20,0.1773537844147955,0.261249432467305,0.15826181107128062,0.23784970560136875,0.18182684041758013,0.2849641537159099,0.15117440655068876,0.13406764006497573
2018-06-21,0.169751890171888,0.2461489575318753,0.15900945331184752,0.23396963031840354,0.18182684041758013,0.2849641537159099,0.14500438067891147,0.13469559286306437
2018-06-22,0.2134154087331248,0.3115645553847538,0.19435091779246305,0.28986332484882593,0.18233596772913005,0.2848010543879131,0.1807013823014885,0.16324467600785028
2018-06-25,0.20174298239165417,0.29164929983979393,0.19110533645069389,0.27993260880129156,0.18233596772913005,0.2848010543879131,0.1723023236678467,0.16202663749129192
2018-06-26,0.2840182463647903,0.4158853400165965,0.27852136483282874,0.4131926545164602,0.18500837986854704,0.2863067612861116,0.23870592933493953,0.2322473391569182
2018-06-27,0.26749357466932716,0.38370642053607773,0.26304114572919723,0.38228774000747595,0.18500837986854704,0.2863067612861116,0.22703377097181757,0.22186052744404938
2018-06-28,0.28673414609710934,0.41697566047486906,0.246220239049607,0.363266256227713,0.1855243460261108,0.2859907076596819,0.24139345924399427,0.2060089661892111
2018-06-29,0.2674254821843872,0.3837154323150476,0.22941555511019313,0.3335528335912253,0.1855243460261108,0.2859907076596819,0.22663001458482102,0.19332205618688958
2018-07-02,0.2418012317631898,0.3463882793677918,0.2073212320946879,0.3013324754480908,0.1855243460261108,0.2859907076596819,0.20482099858781624,0.1744016975085425
2018-07-03,0.22209847173375075,0.31780325792897096,0.18671814334639647,0.27130147297218205,0.1855243460261108,0.2859907076596819,0.1877728427426061,0.15680496015024728
2018-07-05,0.22084042193256914,0.315705074816908,0.16946725763418174,0.2477188856498605,0.1855243460261108,0.2859907076596819,0.1859571191033741,0.14169354409504256
2018-07-06,0.20166517271882956,0.2904847754741291,0.1774539460220092,0.2573992633814486,0.1855243460261108,0.2859907076596819,0.1728590847329177,0.1503107206804727
2018-07-09,0.17218441934455625,0.24651031787405464,0.2024682071116251,0.2935374031184575,0.18253002881013294,0.2826134037844695,0.14795212297458127,0.17216816007777264
2018-07-10,0.1528497703339342,0.21951636360032117,0.18683963349808896,0.27292302446655337,0.18253002881013294,0.2826134037844695,0.130557299692938,0.15858426723061164
2018-07-11,0.14571772158869073,0.2100951817254295,0.16766522962461972,0.2461557250229413,0.18253002881013294,0.2826134037844695,0.1242988086099535,0.1419763416968008
2018-07-12,0.17010789555478278,0.24656519230794277,0.17067812975640778,0.2522919929735138,0.18253002881013294,0.2826134037844695,0.14481478064678735,0.14408968547392248
2018-07-13,0.15593714888439564,0.22296613577767485,0.18046209991109718,0.2625203322894064,0.18253002881013294,0.2826134037844695,0.1335211551504633,0.15326357051691278
2018-07-16,0.1430047736797725,0.20552877699190827,0.16678671580824717,0.2436841178207059,0.18253002881013294,0.2826134037844695,0.12207066817242508,0.14120673154043112
2018-07-17,0.15666163551761303,0.2266743857164133,0.1602692994779628,0.23563570542564938,0.18253002881013294,0.2826134037844695,0.13318812864936685,0.13487849225781479
2018-07-18,0.14553610011438678,0.2086100144428407,0.16517523323764466,0.23969863987623738,0.18253002881013294,0.2826134037844695,0.12431244713589841,0.13970768513658383
2018-07-19,0.140272164662385,0.201976748257429,0.1507452332888215,0.21969842468713277,0.18253002881013294,0.2826134037844695,0.11922774651146792,0.126833332054264
2018-07-20,0.15761992965204252,0.23106035104716935,0.1527606744452346,0.22554051513972104,0.18253002881013294,0.2826134037844695,0.1355802314017087,0.12980208958319522
2018-07-23,0.15845192335811425,0.23078530397483274,0.1465700913354125,0.21488214176212067,0.18037974065482607,0.2803327329187827,0.13649904213666214,0.1246836352272917
2018-07-24,0.15165636176581873,0.22085632272065123,0.14229478618270708,0.20730557237961358,0.18037974065482607,0.2803327329187827,0.13116859490052069,0.12070934043010245
2018-07-25,0.14594329433993508,0.21108483228849617,0.13745274226523885,0.2006503215694587,0.18037974065482607,0.2803327329187827,0.12519044250983857,0.1167160715809411
2018-07-26,0.14065051080103103,0.2039923540697716,0.1332677899867456,0.1948610114081368,0.1821990428483013,0.27999339098013654,0.12085622903222491,0.11311289421675788
2018-07-27,0.13589322119670907,0.19685487428411452,0.13068454355573444,0.19112212161136738,0.1821990428483013,0.27999339098013654,0.11646611911209181,0.11082401132008679
2018-07-30,0.1574684588866135,0.2305129799128232,0.14488671426360833,0.21416726752842224,0.1821990428483013,0.27999339098013654,0.13527103975933646,0.12279237877793109
2018-07-31,0.18858708330716478,0.27742924679606634,0.16647147207148733,0.24723840787824514,0.17981472702046342,0.2807028387186448,0.16308203208243333,0.14212035520051408
2018-08-01,0.16954494401952788,0.2454117543454814,0.1910703445829945,0.27849698000753825,0.17981472702046342,0.2807028387186448,0.14763901089327802,0.16450992140490975
2018-08-02,0.16702016994241892,0.24406198903406123,0.16725026713584687,0.24686775447154058,0.17981472702046342,0.2807028387186448,0.14459454264621957,0.14316901840539947
2018-08-03,0.15198451785213235,0.2196943696020924,0.17495434749452954,0.2554491399421941,0.17981472702046342,0.2807028387186448,0.1321266569857792,0.15049007744156317
2018-08-06,0.1366522886826085,0.19820238750666688,0.16584749796545967,0.24314079468565172,0.17981472702046342,0.2807028387186448,0.11881187950697013,0.1424503766132409
2018-08-07,0.12712995124161852,0.1845793760763691,0.15616522601156732,0.2295315247462678,0.17981472702046342,0.2807028387186448,0.11043249683839138,0.13425289304467336
2018-08-08,0.11883855965082363,0.17267939085113299,0.14946372757692222,0.21966984606265896,0.17981472702046342,0.2807028387186448,0.10322282311123974,0.12842470657099644
2018-08-09,0.11538546604345931,0.1680513880830939,0.14100540222208918,0.20773690778757067,0.17981472702046342,0.2807028387186448,0.10003183260474331,0.12103919004222814
2018-08-10,0.12710955948840807,0.1861904385613537,0.1399091901213082,0.2069643014766647,0.17981472702046342,0.2807028387186448,0.11004224757853254,0.1197456778213563
2018-08-13,0.19204436243977363,0.28082849608864835,0.20437332216988985,0.30245346798111794,0.1807263348482407,0.28075577407525437,0.16441996465790948,0.17389181668526157
2018-08-14,0.23566695149665107,0.3435500594588527,0.2206619397283019,0.3273050400705189,0.1811994793300692,0.28043345876704684,0.20296915484133612,0.18957055620421503
2018-08-15,0.21223828103142905,0.30581471820820244,0.2246500241631845,0.328307734386444,0.1811994793300692,0.28043345876704684,0.18384368596198725,0.19437378940778782
2018-08-16,0.23077215613243818,0.3363601759761237,0.20914563224740518,0.31017695326834527,0.18099531042844508,0.280439528134808,0.19879824676526028,0.17971549662742084
2018-08-17,0.21076380149804558,0.3039966394681741,0.20717157901637456,0.30308844931714357,0.18099531042844508,0.280439528134808,0.18245673491938938,0.17917489370019593
2018-08-20,0.18762546809048034,0.27115501383838964,0.19361783389124154,0.2835609145722929,0.18099531042844508,0.280439528134808,0.1623360133466657,0.16710558892529798
2018-08-21,0.17659552577414253,0.2562833491335836,0.1716712121130289,0.25246269956298345,0.18099531042844508,0.280439528134808,0.1524816441513835,0.14766314968163158
2018-08-22,0.18044481046083,0.2627330048004366,0.158782346328391,0.23451999047371444,0.18099531042844508,0.280439528134808,0.1554941430121468,0.13618126036033495
2018-08-23,0.16819326852229108,0.24346177972236646,0.1581320409375953,0.23173139891217714,0.18099531042844508,0.280439528134808,0.14521428770441633,0.1360313619158999
2018-08-24,0.16568179140100797,0.2411525284003458,0.1462416460847051,0.21577120620400853,0.18099531042844508,0.280439528134808,0.1427219018920225,0.1253504261626256
2018-08-27,0.15644867623612363,0.22680368468826423,0.14523779714325274,0.21304924305158993,0.18099531042844508,0.280439528134808,0.13488634739270766,0.12466273033283873
2018-08-28,0.1562226088606247,0.22717461106418574,0.13806802162207887,0.20382855038408063,0.18099531042844508,0.280439528134808,0.1342182544595819,0.1181890525407898
2018-08-29,0.16267760551486077,0.23708314117211143,0.1372352064331298,0.20299441193931755,0.18099531042844508,0.280439528134808,0.1398347459668841,0.117428225493127
2018-08-30,0.1567821844963953,0.22776035397770186,0.1362533518044677,0.2005983712620217,0.18099531042844508,0.280439528134808,0.1349472751916478,0.1168424721443583
2018-08-31,0.1863542826207584,0.2738296273252204,0.16236267539134255,0.2430127939863366,0.18065355495798285,0.28050089913985243,0.1601185212501755,0.13916329046875592
2018-09-04,0.17700538631642032,0.25718160514671057,0.16239810636761376,0.23947425975562187,0.18065355495798285,0.28050089913985243,0.15266508559524805,0.14016723596186068
2018-09-05,0.17634038375028194,0.25811037365918144,0.1495197781859416,0.22239730854830025,0.18065355495798285,0.28050089913985243,0.1519898371364114,0.12863179257929838
2018-09-06,0.19056418624551252,0.2792904748296646,0.15166246268599268,0.22688700364446684,0.18065355495798285,0.28050089913985243,0.16392114131624652,0.13039743614594662
2018-09-07,0.20380337405236815,0.29888668319470324,0.1533771468938478,0.23000934042704713,0.18065355495798285,0.28050089913985243,0.17552910102352354,0.13216642155491842
2018-09-10,0.20446175144839981,0.29854631602994147,0.14631127938482447,0.22009444825260294,0.18065355495798285,0.28050089913985243,0.1758197842297954,0.1266241800189929
2018-09-11,0.1900579700668737,0.2758589701471181,0.15081758894213748,0.2222202455083044,0.18065355495798285,0.28050089913985243,0.1634127047236591,0.12978409441945155
2018-09-12,0.17047926515503187,0.2472767314642148,0.15999957044156368,0.23521546409419355,0.18036922718596132,0.2806999933324382,0.14660513966108063,0.13773110355250304
2018-09-13,0.16159376532929873,0.23541142278943525,0.1471952811131405,0.21777202390562,0.18036922718596132,0.2806999933324382,0.13874523344881162,0.12618703923213126
2018-09-14,0.14649319971732438,0.21366236148612336,0.154367099617475,0.2264442790238244,0.18036922718596132,0.2806999933324382,0.12657560136423218,0.13256733253106642
2018-09-17,0.13635178534025233,0.20028730182432353,0.1461115189370153,0.2154211655461773,0.17894630064742545,0.28075244984388775,0.11787570802823417,0.12522399000132967
2018-09-18,0.17973411744784645,0.2670596191351997,0.1837228393426335,0.2728298491475151,0.17955934435881152,0.2803595561098019,0.15457744339449675,0.15644189743179354
2018-09-19,0.16877735066341862,0.24744264873401936,0.18222134635852363,0.26743646652847186,0.17955934435881152,0.2803595561098019,0.1460024561710208,0.15648179216918645
2018-09-20,0.14758317823694772,0.21516804997057837,0.18672998694685497,0.27408057814173686,0.17955934435881152,0.2803595561098019,0.12741693261692844,0.16038159659647183
2018-09-21,0.14267504730935848,0.20805920478371498,0.16537723382092162,0.2450003004799125,0.17955934435881152,0.2803595561098019,0.12208151174547612,0.14131193238561424
2018-09-24,0.13919314391509235,0.2017939844020722,0.15471687313742788,0.2277718146351989,0.17955934435881152,0.2803595561098019,0.11895073875962994,0.13168441783822782
2018-09-25,0.151402798411278,0.2203820739743602,0.1505855820982162,0.22316448767401528,0.17955934435881152,0.2803595561098019,0.1289366619929186,0.12779877042719062
2018-09-26,0.15640931305220968,0.2280655442862168,0.14558817132000768,0.21537040570284696,0.17955934435881152,0.2803595561098019,0.1333298391466767,0.1236484387842289
2018-09-27,0.1663831253855403,0.24244118832459063,0.14450125586591306,0.21422648554762425,0.17943281708481115,0.28056290255135313,0.14208438227658016,0.12260882364319586
2018-09-28,0.15501150664835472,0.22871099033480496,0.14528460425076278,0.21352265563323325,0.17943281708481115,0.28056290255135313,0.1343165085263299,0.1238670955533996
2018-10-01,0.14655171920267074,0.21542195425210456,0.1412966114630022,0.20796766381968856,0.177148974932576,0.2793063326101568,0.12620288745579206,0.1201772287078827
2018-10-02,0.1408930730586116,0.20614561180541488,0.13804352958369587,0.20144703646434337,0.1794138050889551,0.27818769186750847,0.12021702701066583,0.11626151167353774
2018-10-03,0.13994957935698876,0.20392240612063905,0.1344359458900705,0.19670434396432093,0.1789869213210712,0.27803135227698117,0.11899932849586897,0.11313855054764885
2018-10-04,0.1309562350666104,0.1921224324591423,0.13878900609012212,0.20160663212372318,0.1789869213210712,0.27803135227698117,0.11164555748203053,0.11678220888942528
2018-10-05,0.21359426037084578,0.31562940326198236,0.23748182409206353,0.3489217228114472,0.1800151026204156,0.27928447021044034,0.17829256953968475,0.19712768540876932
2018-10-08,0.2291862307295095,0.33549490105775065,0.2173284772792453,0.3163963172334176,0.1800151026204156,0.27928447021044034,0.19361703536170793,0.1813136127182667
2018-10-09,0.24133787839898047,0.35180089844882495,0.19979483781633334,0.29210001646949046,0.1800151026204156,0.27928447021044034,0.2039474122008336,0.16673109881591577
2018-10-10,0.23826288194342066,0.3472293997128313,0.18019215043452594,0.26699211429660463,0.1800151026204156,0.27928447021044034,0.20218413161097298,0.15233625913403037
2018-10-11,0.3824601668641406,0.5650145485925597,0.3773723108174705,0.570631005188449,0.1828099504277082,0.28660117115344136,0.32089584867497956,0.3148490190312364
2018-10-12,0.3974916143959406,0.5840055127451275,0.3426377320291406,0.5122088298407055,0.18253078982395188,0.2868701562066303,0.3369441212926022,0.2881867228643008
2018-10-15,0.3452127010058445,0.5029153484885207,0.33616354740164617,0.49759413666626273,0.18253078982395188,0.2868701562066303,0.29369674182366157,0.2843432760262746
2018-10-16,0.31679293892446553,0.46370261371444893,0.27887098440204,0.41564884663839835,0.18253078982395188,0.2868701562066303,0.2684620667716703,0.23447721223001983
2018-10-17,0.26740245777767513,0.3875887015347464,0.3115168180030119,0.4600908281191819,0.18253078982395188,0.2868701562066303,0.2278595957876355,0.26375500247860306
2018-10-18,0.24246539227698344,0.3554931525959679,0.2598327064257779,0.38756740556648833,0.18253078982395188,0.2868701562066303,0.2061794240387473,0.21900188314323665
2018-10-19,0.2822612884822432,0.4162372095649467,0.2610402160649673,0.39258799621634827,0.18363691965875437,0.2865928900281637,0.23983318627230252,0.21934792353694516
2018-10-22,0.27062063660458335,0.3979341117254086,0.23137841586602087,0.3456938221761616,0.18363691965875437,0.2865928900281637,0.23107449658946547,0.19537065519119118
2018-10-23,0.2539888479159761,0.37197352868082495,0.20352433775981763,0.3044504127975319,0.18363691965875437,0.2865928900281637,0.2162247723279999,0.17198681513901556
2018-10-24,0.2587066638204456,0.3795880263568088,0.18787991812459992,0.28233939544657616,0.18363691965875437,0.2865928900281637,0.21975774943395157,0.1582444168318652
2018-10-25,0.3225487075784579,0.4724021265502645,0.25519735446260566,0.3825409556576427,0.1827478944467504,0.28904815827307306,0.27303474826392615,0.2132960639183287
2018-10-26,0.30253325466891545,0.44125186048908505,0.23332432849516554,0.34532910372524794,0.1827478944467504,0.28904815827307306,0.25775805086563686,0.1963373643950124
2018-10-29,0.2837039452703646,0.4158261289173056,0.20559479696045108,0.3048261011176432,0.1827478944467504,0.28904815827307306,0.2422435781928917,0.17269082899325502
2018-10-30,0.2752128636908779,0.40465684450798095,0.18605513556915237,0.2762732112413359,0.1827478944467504,0.28904815827307306,0.23528193696303001,0.15605683087110234
2018-10-31,0.2521693714819777,0.3692068934070833,0.18106098461427506,0.26729205295951075,0.1827478944467504,0.28904815827307306,0.21564745727499052,0.15228464555614624
2018-11-01,0.22295750150769217,0.3258052019792066,0.1922833378587246,0.2833019866090727,0.1827478944467504,0.28904815827307306,0.19077821469273798,0.1620085762147926
2018-11-02,0.19476254312078814,0.284131635982211,0.19785711652003213,0.2918787967777362,0.1827478944467504,0.28904815827307306,0.1663681315582449,0.1668819402833188
2018-11-05,0.18700302523627915,0.274045825928623,0.17685589160198,0.2630196037064898,0.1827478944467504,0.28904815827307306,0.15936508620307846,0.14861267436486472
2018-11-06,0.1874419627677349,0.2742215860915754,0.16567914415110294,0.24691990081386622,0.1827478944467504,0.28904815827307306,0.15934982848534524,0.13923543595634552
2018-11-07,0.18150530590729977,0.2649202817605848,0.1571346695782581,0.23391730546742467,0.1827478944467504,0.28904815827307306,0.15433472769075623,0.13215029212549217
2018-11-08,0.14917550518955072,0.21588816402300426,0.24153731079853258,0.35573830577783583,0.1827478944467504,0.28904815827307306,0.1282535160681492,0.20556937542488465
2018-11-09,0.14437678875594429,0.2120538349009815,0.20695796875205358,0.3093088015921184,0.1827478944467504,0.28904815827307306,0.12328349371925333,0.1749497278528157
2018-11-12,0.15511791894179128,0.22862185982705174,0.19073770740398804,0.2860216846700151,0.1827478944467504,0.28904815827307306,0.13282940479312422,0.16124827537655423
2018-11-13,0.2175024848184683,0.31933400619524105,0.22833551405091668,0.3427908453032573,0.1843051946232454,0.28872055897760407,0.18417577976646107,0.19179663588134604
2018-11-14,0.21278164011320416,0.30981643623388944,0.21137828477098286,0.31377230606764517,0.1843051946232454,0.28872055897760407,0.181180855859608,0.17820217227044333
2018-11-15,0.22269493340492458,0.3259762953292159,0.19695614100431552,0.29399744280631024,0.1843051946232454,0.28872055897760407,0.18938810012419033,0.16531088820622764
2018-11-16,0.20727956424376656,0.30122278373927425,0.19228078728044584,0.2845864041613989,0.1843051946232454,0.28872055897760407,0.17639980414438777,0.16211341747263003
2018-11-19,0.1823607746626652,0.2641035560893308,0.1994858851229536,0.2946611611063926,0.1842939988106424,0.28882618274701477,0.15500053892743407,0.1684775776999899
2018-11-20,0.205086263729956,0.3017119649664148,0.19727208125825652,0.2954848198122874,0.18440451790439827,0.2886428290486208,0.1743064312642232,0.16550624230563435
2018-11-21,0.23812255043124225,0.35038208436276447,0.20849796065314552,0.31287685836241214,0.18467804629804596,0.2883657174007468,0.2029264556135849,0.17539983873311749
2018-11-23,0.21982588308172019,0.3213161585319504,0.2066169867736067,0.30642962795763573,0.18467804629804596,0.2883657174007468,0.18859787244464832,0.17501443874507033
2018-11-26,0.21792246514859953,0.3210970376510103,0.1860489217635348,0.2788302565732631,0.18467804629804596,0.2883657174007468,0.1867450401723266,0.15696868173058273
2018-11-27,0.19131921094174806,0.28004632434458965,0.21170498174663283,0.314569675915005,0.18467804629804596,0.2883657174007468,0.16497628186945906,0.1802514175498218
2018-11-28,0.18222126507063724,0.2692544734322053,0.18693307668633757,0.2809943403460164,0.18288460417158342,0.28815993197810846,0.1563104178327415,0.15830481857773226
2018-11-29,0.17108573321577666,0.2545792585276965,0.17442089798993868,0.2627113542857671,0.18288460417158342,0.28815993197810846,0.14794068999209087,0.14873292962912676
2018-11-30,0.17040817940815337,0.2538003962055555,0.16213205816241336,0.2453734683412188,0.18050737788222318,0.28710010146874,0.14669629322020789,0.13785791559611477
2018-12-03,0.16015046167631167,0.2379962701873178,0.1594220974781545,0.24008007412680507,0.18050737788222318,0.28710010146874,0.13801621950057436,0.13582412572570454
2018-12-04,0.1400108136966064,0.20725813931032408,0.17583079381543373,0.2641443068181677,0.18050737788222318,0.28710010146874,0.12112495352755193,0.1503798893516742
2018-12-06,0.225270472965603,0.3471505863746495,0.2508417123111314,0.38373147584593925,0.1830476509310616,0.2886188718679364,0.19125978348573136,0.21066350527348143
2018-12-07,0.23597212327567832,0.3542666923643488,0.23206582681885538,0.3517011681767895,0.18188800528300375,0.2892268235871356,0.20140690173102457,0.19690254425164944
2018-12-10,0.2544125215375941,0.382868896995313,0.2219116048755552,0.33722805053076366,0.18165380628919,0.28941761635410335,0.21727610757277233,0.18769838856927976
2018-12-11,0.24437290262305664,0.3655377977638019,0.20518931743229332,0.30950333949485964,0.18165380628919,0.28941761635410335,0.2093062929027077,0.17431191367683843
2018-12-12,0.2279242891603117,0.34103154307150685,0.191057134683881,0.2877926416176211,0.18165380628919,0.28941761635410335,0.19564546842872102,0.16250963086231768
2018-12-13,0.21734139068413325,0.3242238955651173,0.17600392986395763,0.265597365955045,0.18165380628919,0.28941761635410335,0.18583279653975465,0.1493300052462882
2018-12-14,0.20394170766933895,0.3043229518071908,0.16952144076805553,0.25515848372420963,0.18165380628919,0.28941761635410335,0.17467048659960138,0.14385052006275967
2018-12-17,0.20819154974881424,0.31344365633624555,0.16165188702792516,0.24553319542652313,0.18165380628919,0.28941761635410335,0.17785553668898418,0.13633703588780371
2018-12-18,0.24020696414956969,0.36409009640717377,0.1880264640683959,0.2850853139999952,0.18229567333285773,0.28887566936689074,0.20503398349054286,0.15741504904315107
2018-12-19,0.25044673080341584,0.37770326266858095,0.1828832638899822,0.27538005029132745,0.18229567333285773,0.28887566936689074,0.2140634037496187,0.15375967906382135
2018-12-20,0.24132193807421093,0.3645335469501345,0.1711346661772169,0.2579154431880554,0.18229567333285773,0.28887566936689074,0.2070309871923614,0.14494205848303737
2018-12-21,0.26071499125786135,0.401092183659885,0.18119072121759577,0.2755157108954002,0.18048308576747396,0.28860882031335644,0.22483367961250195,0.1528908079798234
2018-12-24,0.27099960100012643,0.41131928622846403,0.17959497372334127,0.27225793426958406,0.18048308576747396,0.28860882031335644,0.23242105970879925,0.1521045415333357
2018-12-26,0.31514321988621397,0.4793012289883685,0.2292870127240434,0.34621240859590774,0.18192090791155496,0.28893508110003907,0.2688711163610663,0.19215718660077602
2018-12-27,0.2849545039427443,0.42616039591641247,0.26535118381011247,0.39045108227573544,0.18192090791155496,0.28893508110003907,0.24576148688550678,0.2251766668969486
2018-12-28,0.26301208916488894,0.39749723375071927,0.22876461108459362,0.33904305744129487,0.18192090791155496,0.28893508110003907,0.22677542595341363,0.19277626076644175
2018-12-31,0.24274345625356883,0.36663612354274056,0.2128680573926513,0.31516324132921,0.18192090791155496,0.28893508110003907,0.20939553585949042,0.17961922130293118
2019-01-02,0.21199419301337294,0.32130784937347234,0.2188678803841858,0.3236431463720477,0.18192090791155496,0.28893508110003907,0.1834186780891597,0.1855213092914375
2019-01-03,0.18666281293159606,0.2831590664730755,0.2148632937666176,0.31813471169763774,0.18168001864276231,0.2892531833368016,0.1610501511911264,0.18190133399587352
2019-01-04,0.20336265778615245,0.31384444856881727,0.20309614907887047,0.30532916669979254,0.18132571773792133,0.28959493142437,0.17405191375815782,0.17051915718951793
2019-01-07,0.18176605815836672,0.2747404920762952,0.24984127568514292,0.3682590708952786,0.18132571773792133,0.28959493142437,0.15704681078700583,0.21251631613954963
2019-01-08,0.1663872280692395,0.25439064545664963,0.2145805681273197,0.32066351709016544,0.18132571773792133,0.28959493142437,0.142853407637068,0.18114233116712666
2019-01-09,0.1558416893825454,0.23655939777009885,0.20051436348951404,0.29865678207403396,0.18132571773792133,0.28959493142437,0.13423184059543455,0.16946968550492927
2019-01-10,0.14637144410877712,0.21990949326642992,0.18426252942208513,0.2750796183333604,0.18132571773792133,0.28959493142437,0.12548438642276666,0.15540767776804762
2019-01-11,0.13731967867239464,0.20627353134368323,0.1725629122465947,0.25623806517013087,0.18132571773792133,0.28959493142437,0.11814621619606004,0.145121747701553
2019-01-14,0.12423262580069545,0.1860959400541755,0.17586498778030477,0.26064290964174874,0.18132571773792133,0.28959493142437,0.10716726437580555,0.14827206600227325
2019-01-15,0.13199665507409697,0.2022802386133309,0.16477133344258255,0.24743951723342164,0.18132571773792133,0.28959493142437,0.11387801417744588,0.13789426831315635
2019-01-16,0.13100515157191647,0.1964882383386117,0.16114702815304927,0.23993048745694814,0.18132571773792133,0.28959493142437,0.11240313862364062,0.13515719204680632
2019-01-17,0.13424794931059816,0.20227195882726232,0.1522663655184294,0.229011320544062,0.18127939296207296,0.2897395119768405,0.1148173323248202,0.1279085064604832
2019-01-18,0.12539592446609105,0.18860065497052853,0.15743634869198414,0.23458378852174314,0.17955042033641844,0.2902825334298129,0.10841384212196838,0.1329275008301152
2019-01-22,0.12163149070167818,0.18040355361626248,0.14991185012478342,0.22519803451082582,0.17955042033641844,0.2902825334298129,0.10344291188263062,0.12643340038195516
2019-01-23,0.17406432882271528,0.2650988788842017,0.1948761409459699,0.2949024087450622,0.18061186792133266,0.29000179629500433,0.1476756945938969,0.16244131305937176
2019-01-24,0.1672432725632418,0.2510471597599905,0.19484822090450415,0.28863085685553275,0.18061186792133266,0.29000179629500433,0.14391640366243674,0.16413908320373322
2019-01-25,0.15697017739721414,0.2338649695488731,0.18081707075162382,0.26914274127007415,0.18061186792133266,0.29000179629500433,0.1338435666798647,0.15203123898298643
2019-01-28,0.13871662240181426,0.20747507058139594,0.18565737338812682,0.2753248015539485,0.18061186792133266,0.29000179629500433,0.11941409985802957,0.1567984235426138
2019-01-29,0.15635978093043482,0.23828114266675374,0.17891226485862124,0.2694568691399128,0.18061186792133266,0.29000179629500433,0.13359383417521487,0.14963911364492077
2019-01-30,0.16559209945711084,0.24614180812164146,0.17120183830934413,0.25634845464783157,0.18061186792133266,0.29000179629500433,0.13996978728826434,0.14362994557067377
2019-01-31,0.14921984015554562,0.22173292043645124,0.1794441668449377,0.2663359356997394,0.18061186792133266,0.29000179629500433,0.1277399620357038,0.15156491336505742
2019-02-01,0.1324803756343949,0.19824792948155773,0.1774038702431422,0.2636472423130921,0.18061186792133266,0.29000179629500433,0.11367224502982672,0.14948805291187503
2019-02-04,0.1221503659312096,0.1859126262197465,0.16694289265931775,0.24934939863576036,0.18061186792133266,0.29000179629500433,0.10547052648251608,0.14049755819450233
2019-02-05,0.11590594283287046,0.1760325315715009,0.16061089272071363,0.23971606742107085,0.18061186792133266,0.29000179629500433,0.10003146614911369,0.13507187864487005
2019-02-06,0.11395330030069727,0.17098289993304122,0.15333867809261484,0.22989529779238344,0.18061186792133266,0.29000179629500433,0.09746033497085514,0.12902303987405872
2019-02-07,0.11088278670487604,0.16611956016434642,0.14894781633752768,0.2230145080748667,0.18061186792133266,0.29000179629500433,0.09472326137121398,0.12521370367894835
2019-02-08,0.1279223364017322,0.1970381298654133,0.152836581266384,0.23053273587645196,0.18061186792133266,0.29000179629500433,0.11002094208122859,0.1278642421588384
2019-02-11,0.1230959180009632,0.18728736987453423,0.1555262698233035,0.2319684761912362,0.18061186792133266,0.29000179629500433,0.10657796159025816,0.13110835715086563
2019-02-12,0.12459621770111623,0.1906057639860809,0.14857507147610854,0.2230486529004379,0.18061186792133266,0.29000179629500433,0.1073203220210025,0.12469407494764409
2019-02-13,0.11885495844552359,0.18037403002147256,0.1497667067030934,0.22353812893513572,0.18061186792133266,0.29000179629500433,0.10265107372830773,0.1262845300890858
2019-02-14,0.12057486394293926,0.18304244931592764,0.1446176478629212,0.21704588218073684,0.18061186792133266,0.29000179629500433,0.10340339872885693,0.12146867041920852
2019-02-15,0.1306036333781449,0.19914526063997867,0.14533015906092042,0.2185433495253014,0.18061186792133266,0.29000179629500433,0.11195166873563188,0.12181969105550895
2019-02-19,0.1180128426847453,0.17784811799534514,0.16459050978212586,0.24385194997754903,0.18061186792133266,0.29000179629500433,0.10215977517657805,0.13904043677161695
2019-02-20,0.11218833222511797,0.17154679234609527,0.15363016172108185,0.2297784771135486,0.18061186792133266,0.29000179629500433,0.09669848644199668,0.1290345554251323
2019-02-21,0.10346287626468789,0.1562173324638896,0.15983851124782378,0.23731591467415342,0.18061186792133266,0.29000179629500433,0.08934980605349267,0.13464620495731688
2019-02-22,0.1091557346854868,0.16607819826859765,0.1519201091586061,0.22788448206828324,0.18061186792133266,0.29000179629500433,0.09334706621159798,0.12710627066943356
2019-02-25,0.10033322736717733,0.15193951508454118,0.1622716998249515,0.24081963401531747,0.18061186792133266,0.29000179629500433,0.08684467924491726,0.13655307137490907
2019-02-26,0.12983153458192692,0.199201834298496,0.16913549831693292,0.2542785704828043,0.18046092738097028,0.290123338820269,0.11069291800345504,0.14070912191347143
2019-02-27,0.13989914381419966,0.21315034323217721,0.16513523024051696,0.2466625870698693,0.18046092738097028,0.290123338820269,0.11995488881950117,0.13794320977337055
2019-02-28,0.13867394122780508,0.20882835067933772,0.16116414563565165,0.24023705393296096,0.18046092738097028,0.290123338820269,0.11864915285404641,0.13539295439776378
2019-03-01,0.1364279796320349,0.20685076652507278,0.15293598523810376,0.22858087759927553,0.18034002038330377,0.29036680224259664,0.11632790798575324,0.12779135197586977
2019-03-04,0.1215066214774004,0.1829693023236027,0.16973797924098025,0.2510905169066885,0.18034002038330377,0.29036680224259664,0.10484306800452727,0.14302934398163575
2019-03-05,0.1392334428345946,0.21488329641033233,0.1660316239702485,0.2500586527786192,0.18034002038330377,0.29036680224259664,0.1192030310186067,0.13855324447887302
2019-03-06,0.14278629446011165,0.21986661769604599,0.16119683592234235,0.24115745988709034,0.18034002038330377,0.29036680224259664,0.1230669484605218,0.13505070055460294
2019-03-07,0.16052592506973468,0.2475300804405481,0.16294145946386773,0.24525066335852752,0.18034002038330377,0.29036680224259664,0.13778416282894357,0.1358990248239253
2019-03-08,0.1754988322882027,0.2690216473932678,0.16405242691656424,0.24665408841027953,0.18034002038330377,0.29036680224259664,0.15107102064655342,0.13726537475951772
2019-03-11,0.16861850777648457,0.2568336450268377,0.16202898953650308,0.24123733385122867,0.18034002038330377,0.29036680224259664,0.14559583392536113,0.1360390004402381
2019-03-12,0.1484573202569783,0.2204365786270821,0.18868532038644795,0.2789887509358763,0.18034002038330377,0.29036680224259664,0.128136804492502,0.15955631998009873
2019-03-13,0.134437801667049,0.2007760221905128,0.17583717001622695,0.26238139228870083,0.18034002038330377,0.29036680224259664,0.11527341022292416,0.1481193196985296
2019-03-14,0.1266983744436347,0.1897461330484569,0.1661719695734043,0.24829729832457653,0.18034002038330377,0.29036680224259664,0.10843685160256492,0.13963084936388098
2019-03-15,0.1286629745504021,0.1972224382710361,0.15613306162813412,0.23476046082936805,0.18034002038330377,0.29036680224259664,0.11078537457029994,0.13120899492173044
2019-03-18,0.12187180610536383,0.1843071477005338,0.15775648587003324,0.23556856203436125,0.18274399732416002,0.28792378304659066,0.1046393595987627,0.132802314200801
2019-03-19,0.12169961897744003,0.18726227562269504,0.14967624403733054,0.22524781325424273,0.18274399732416002,0.28792378304659066,0.10472735201725793,0.12557672988718288
2019-03-20,0.13049898734896082,0.20276752789704924,0.1486343584699948,0.22408044006026834,0.18274399732416002,0.28792378304659066,0.11281007991602271,0.124636936001958
2019-03-21,0.1406602971625251,0.21664574198581438,0.14741048859671108,0.22211787220467966,0.18274399732416002,0.28792378304659066,0.12099536772958473,0.12383475406552949
2019-03-22,0.13561571810562886,0.2092383204673569,0.14655499501662383,0.21968271312947274,0.18274399732416002,0.28792378304659066,0.11717242961597969,0.12340998234488133
2019-03-25,0.20233824507336856,0.31281869786181643,0.21443051948055503,0.3255822083669295,0.18160677590610427,0.2909988692890223,0.17202044890297952,0.1784488800968721
2019-03-26,0.20272033602673814,0.3106543277653977,0.20193725477157343,0.3025179721498447,0.18160677590610427,0.2909988692890223,0.17384596642479674,0.16954634013548456
2019-03-27,0.18122856846490673,0.273548122537579,0.2119565559151011,0.3146893362831964,0.18160677590610427,0.2909988692890223,0.15554985679614977,0.1785570618448592
2019-03-28,0.17987024974375987,0.27042694770450393,0.18855145984493948,0.2834091308382328,0.18160677590610427,0.2909988692890223,0.15255940329218368,0.1577180270964109
2019-03-29,0.16841873788096817,0.253028774691713,0.18320122179756687,0.27284122821911383,0.18160677590610427,0.2909988692890223,0.1440890688165069,0.15374106402912593
2019-04-01,0.15368334531881117,0.23247936677873693,0.17738787404403492,0.2642303127488986,0.18160677590610427,0.2909988692890223,0.13202986249454524,0.14882162514581884
2019-04-02,0.14478773538801232,0.22325712889344687,0.16747370761388097,0.24865434146720475,0.18160677590610427,0.2909988692890223,0.12496954433421592,0.13967718659325187
2019-04-03,0.14254937245869803,0.2152273554559094,0.15832049753792254,0.23573661195267473,0.1845791140030395,0.28854011799786855,0.12147130049057484,0.13178591481512944
2019-04-04,0.14873003896628859,0.2235319544821557,0.15364918519523277,0.2295598579369969,0.1845791140030395,0.28854011799786855,0.12613178986718698,0.12773135394625407
2019-04-05,0.1453174148141466,0.21964563851112973,0.1505404873292484,0.22428720890457873,0.1845791140030395,0.28854011799786855,0.12401088381853598,0.12550634146202236
2019-04-08,0.13422826840091764,0.2037082742351947,0.1577798481028337,0.23273411194067486,0.1845791140030395,0.28854011799786855,0.1154320291955335,0.13158121562323344
2019-04-09,0.1380469333283409,0.2083534217698786,0.15077983479490992,0.22450858273545674,0.18458124802805925,0.28864726883947867,0.11718415748308061,0.1250551308254676
2019-04-10,0.16274722796974744,0.24581303047789724,0.16224040044665447,0.24441766833208495,0.18458124802805925,0.28864726883947867,0.13777909264322055,0.13497352088662107
2019-04-11,0.15233653524150326,0.22732231045082688,0.171854251993539,0.2547940652725887,0.18458124802805925,0.28864726883947867,0.13011860303733877,0.14422330492832697
2019-04-12,0.14228834001622298,0.21444503101358955,0.1615940194038672,0.24122252248052145,0.18458124802805925,0.28864726883947867,0.12137658396617508,0.13508123798911154
2019-04-15,0.12726662405199382,0.19018197149153152,0.17323436931222916,0.2568283095240756,0.18458124802805925,0.28864726883947867,0.10887600889321777,0.14505571922482832
2019-04-16,0.1289018471089562,0.1948843260944482,0.1604124241713798,0.2405368335043293,0.18458124802805925,0.28864726883947867,0.1093753559139725,0.13330596255346105
2019-04-17,0.12704872650166635,0.19230737097769426,0.15601522091259845,0.2321355515257117,0.18458124802805925,0.28864726883947867,0.10837933810305486,0.1294558440400136
2019-04-18,0.13514132036190843,0.20544589548227965,0.15223433359695032,0.22778663177408137,0.18458124802805925,0.28864726883947867,0.11487387960955207,0.12590413187018645
2019-04-22,0.12928801948462326,0.19463482289982953,0.15495158268895953,0.22980078111069518,0.18458124802805925,0.28864726883947867,0.11009058941929231,0.12864015532522383
2019-04-23,0.13238527533422248,0.20215221699800348,0.1495133449659098,0.22317428640878,0.18458124802805925,0.28864726883947867,0.11287329755495304,0.12359716234104019
2019-04-24,0.13013402251952744,0.19906208106843695,0.14780014076443404,0.21915501078456112,0.18458124802805925,0.28864726883947867,0.11136060487240555,0.12205649279239836
2019-04-25,0.15017062877347417,0.22873590968294413,0.15389058222769114,0.23145527676309002,0.18458124802805925,0.28864726883947867,0.12726195846398852,0.127100358032469
2019-04-26,0.15453415022357256,0.2346852930214715,0.15183833566786606,0.22721738498382651,0.18474881601240556,0.28867829767106407,0.13137915863376864,0.12595440133689617
2019-04-29,0.14569114073007067,0.22108375271076394,0.15394219011946086,0.2279689966146179,0.18474881601240556,0.28867829767106407,0.12434341592493725,0.12746694996091806
2019-04-30,0.1472480357459111,0.2274727532207691,0.1480896701134894,0.22168111962365444,0.18474881601240556,0.28867829767106407,0.1259444690674738,0.12222800837533856
2019-05-01,0.14955280544323535,0.22840774543840958,0.1463430117063373,0.21757730744519974,0.18474881601240556,0.28867829767106407,0.12754710273530215,0.12086642790776257
2019-05-02,0.18586301421700596,0.28247498136819055,0.17619721883813044,0.26397858044135086,0.1849132124001711,0.2885575478267575,0.15682880769147042,0.14458690602170576
2019-05-03,0.18209760932598124,0.27527501973981267,0.17244313201376515,0.2551488919895367,0.1849132124001711,0.2885575478267575,0.15502533745469807,0.14272363230325213
2019-05-06,0.15892143695254912,0.2384674855002665,0.19642404220547893,0.28781912601187754,0.1849132124001711,0.2885575478267575,0.13647402167544878,0.16366691784255122
2019-05-07,0.2079925142590267,0.3184445198447931,0.23232479250658528,0.34570622806435175,0.1867561936676722,0.2889096228022832,0.17579645569956728,0.1901986678362552
2019-05-08,0.29326754409566325,0.44232952773480144,0.303221219502652,0.4465373255647492,0.1863167725712355,0.2917201752577631,0.24689138127728413,0.24784769704041273
2019-05-09,0.2920694633908115,0.4356372046442894,0.2706672021887194,0.3951245640890826,0.1863167725712355,0.2917201752577631,0.24700026308198553,0.22300652601843518
2019-05-10,0.27604261978360073,0.4115079534344351,0.23839123610418955,0.34825034296902607,0.1863167725712355,0.2917201752577631,0.23330944861086633,0.1965113059780226
2019-05-13,0.23690602456870044,0.35056720192987695,0.275600210987227,0.3983520299143471,0.1863167725712355,0.2917201752577631,0.2021227028871956,0.22882081107046598
2019-05-14,0.30157847755808254,0.45392886043960673,0.32039925441729544,0.4693898659052441,0.18911105132918293,0.2935242912489449,0.2528846286852909,0.2605084918086071
2019-05-15,0.28348452028676197,0.4179962964504021,0.3131102480136696,0.4522551185884192,0.18911105132918293,0.2935242912489449,0.24080462504837663,0.2596053486080202
2019-05-16,0.24787730848167103,0.36626076255439866,0.28575901080922594,0.4142374994087699,0.18785956961377664,0.29402826823756456,0.2103900878813311,0.2370000709438771
2019-05-17,0.22122320991033256,0.3272548630892707,0.25851145110133544,0.3753470689862076,0.18785956961377664,0.29402826823756456,0.18744675460151447,0.2140529234578653
2019-05-20,0.2222176873432132,0.3311499117624886,0.22603635572072955,0.3306680526804454,0.18785956961377664,0.29402826823756456,0.18725689641302248,0.18597204138160686
2019-05-21,0.22360062174298553,0.3330160143482013,0.2044641453040153,0.2986985996400379,0.18785956961377664,0.29402826823756456,0.18846627584662554,0.16808800523061215
2019-05-22,0.20311572304441985,0.300326963325371,0.2079957544805116,0.30155398891660284,0.18785956961377664,0.29402826823756456,0.17182660628542828,0.17183375158401712
2019-05-23,0.1902887160368749,0.28327727998057683,0.18614437897206115,0.27146222162428296,0.18785956961377664,0.29402826823756456,0.16056968185440293,0.15300695848894968
2019-05-24,0.22895844094049678,0.34337642967477483,0.2128961859982178,0.3123088324867826,0.18888081824447386,0.29348864289305193,0.19181268224663858,0.17321139163053528
2019-05-28,0.21732579617784267,0.32219705090573364,0.20867791853488504,0.3016794850557697,0.18888081824447386,0.29348864289305193,0.18368185000391993,0.17139344294767975
2019-05-29,0.23637086049501532,0.35416864240429474,0.20481407899633208,0.3001545949119011,0.18878017521424859,0.2934737705914303,0.19824744605214012,0.16684625692116808
2019-05-30,0.24009525697282555,0.3585615290152369,0.19228555147486992,0.28047294624564506,0.18878017521424859,0.2934737705914303,0.20239250013571186,0.15734680421155706
2019-05-31,0.22835212635190819,0.33626355605725833,0.18240992042890974,0.2648130573340551,0.18878017521424859,0.2934737705914303,0.19212639598049328,0.14978560176161546
2019-06-03,0.24142799070023435,0.35756287223821853,0.18086521720027238,0.26579352043501314,0.18878017521424859,0.2934737705914303,0.2021666021103473,0.147602872122434
2019-06-04,0.24016146584886072,0.3545471858872929,0.17293700329657696,0.25178171693531753,0.18878017521424859,0.2934737705914303,0.2015441505083447,0.1413173836000233
2019-06-05,0.21485757021789575,0.31743725736765727,0.1955465071879256,0.28135678703569617,0.18878017521424859,0.2934737705914303,0.18167989100619153,0.16093797447482108
2019-06-06,0.194164547815258,0.28536806838794687,0.18607360420471808,0.26924135454202847,0.1885452515206887,0.2937190121424078,0.16311206996381178,0.15259197089331644
2019-06-07,0.1842982321732792,0.27100897013754677,0.1718417452550891,0.2495450791930496,0.1885452515206887,0.2937190121424078,0.1543404542782081,0.140316805748818
2019-06-10,0.18550192498439255,0.27292021246795606,0.16290784743063036,0.2373200164879272,0.1885452515206887,0.2937190121424078,0.15535709819596827,0.13276346991237525
2019-06-11,0.17823444761849488,0.2613109100471158,0.158603665517778,0.22987956234346113,0.1885452515206887,0.2937190121424078,0.14942882904276228,0.1295588372609636
2019-06-12,0.17283470622479635,0.2541110082544009,0.1516559221152749,0.22028077450653832,0.1885452515206887,0.2937190121424078,0.14510469501350884,0.12369590899931042
2019-06-13,0.16721670456306195,0.2459607261191404,0.1477451304864834,0.21389323553888645,0.1885452515206887,0.2937190121424078,0.14066493024476065,0.12038215266222148
2019-06-14,0.16231851949499024,0.23875405449941134,0.14452582500658367,0.20897040107152087,0.1885452515206887,0.2937190121424078,0.1363996182005986,0.11770719935073418
2019-06-17,0.1526614119341719,0.2240068527837389,0.1466536048599809,0.2108877596754917,0.18880640461005346,0.2935689876521207,0.12832114453741633,0.11954457719436093
2019-06-18,0.14778709786812683,0.21813797518606295,0.14171827988377583,0.20421914755308157,0.18880640461005346,0.2935689876521207,0.12406018755370307,0.11503344672019038
2019-06-19,0.14069158345344543,0.20785729540570239,0.14072618017050464,0.2023758801786259,0.18880640461005346,0.2935689876521207,0.11852490741033733,0.11471093995711917
2019-06-20,0.12942227706312232,0.19052895886719645,0.15077374083543182,0.21574033760925732,0.1883849763937166,0.2887371124581297,0.10931833630102959,0.12315684362941563
2019-06-21,0.13432654634218988,0.20012027740904323,0.14581459802539387,0.2105557752616647,0.1883849763937166,0.2887371124581297,0.11335343060575212,0.1184839305256291
2019-06-24,0.14886316502498403,0.22216674014415214,0.14918762669630037,0.21572579553217677,0.1883849763937166,0.2887371124581297,0.12555340377326032,0.12114188650107913
2019-06-25,0.1461071192876578,0.21771934131718154,0.1464200161064776,0.21088505283620645,0.1883849763937166,0.2887371124581297,0.1236475189958595,0.11934470060255054
2019-06-26,0.16572601183616345,0.2469283067187533,0.1545203213826437,0.22414073983794175,0.1883849763937166,0.2887371124581297,0.13945105567253002,0.1254455190196943
2019-06-27,0.16532084095298594,0.2401808370826952,0.15110721101774394,0.21777772846023832,0.1883849763937166,0.2887371124581297,0.13771849295552185,0.12331361663558967
2019-06-28,0.15654608751299615,0.22741422010005596,0.14856199858981645,0.2136366168969378,0.1862758390618337,0.2878646902413284,0.1304445392786746,0.12116001848470077
2019-07-01,0.1442852357360197,0.21019540493460634,0.15273077667443502,0.21911464226266578,0.1862758390618337,0.2878646902413284,0.12110355511096958,0.12477244924337437
2019-07-02,0.1290760765895015,0.1873081987343808,0.16409808845374418,0.23476701848815765,0.1862758390618337,0.2878646902413284,0.1085672431773676,0.13448547557695628
2019-07-03,0.11287992237268557,0.1623628815570122,0.1781385211599288,0.2544664061156959,0.1862758390618337,0.2878646902413284,0.09466243858200614,0.14621764637366202
2019-07-05,0.1035813894097779,0.15043310593992182,0.1659330438733112,0.23842409041069235,0.1862758390618337,0.2878646902413284,0.08649733523672501,0.13560138292650156
2019-07-08,0.12100901081512877,0.17943518896395286,0.16282086325914658,0.2360290245473071,0.1862758390618337,0.2878646902413284,0.10140667783070137,0.13265996944898445
2019-07-09,0.14031256026073258,0.2072669411807858,0.16319267340249355,0.236980039148807,0.1862758390618337,0.2878646902413284,0.11759202473741165,0.13316134042109093
2019-07-10,0.14411462883749265,0.21239354870436547,0.15672040799526354,0.2270505739378182,0.1862758390618337,0.2878646902413284,0.12110824693485515,0.1280672911858889
2019-07-11,0.1309572407906069,0.19070583384450357,0.1702753074588217,0.24496540763074426,0.1862758390618337,0.2878646902413284,0.11037281270250236,0.1399508985935602
2019-07-12,0.12462591033143436,0.1825821780982612,0.1572614478992706,0.22820383614514994,0.1862758390618337,0.2878646902413284,0.10426241649318503,0.12856350918125015
2019-07-15,0.11688572079995907,0.17032531124150244,0.15666137094011567,0.22677228818798442,0.1862758390618337,0.2878646902413284,0.09780295572429482,0.12834240212728043
2019-07-16,0.12112625746487038,0.1781988047260559,0.14883387427969097,0.2172953953548826,0.1862758390618337,0.2878646902413284,0.10094765937135328,0.12144577524763141
2019-07-17,0.12608079446847503,0.1858543517025698,0.1459099255458297,0.2122527564329078,0.1862758390618337,0.2878646902413284,0.105368175873175,0.11883038549300265
2019-07-18,0.15428502292495017,0.22792704916324377,0.16220303432218464,0.23702503832080285,0.1864877736036954,0.2878601948692836,0.1287754606476642,0.13206695117456682
2019-07-19,0.15044357717697948,0.21971505034191596,0.1598100303536592,0.23172863624467205,0.1864877736036954,0.2878601948692836,0.12627894292582265,0.13151146736316674
2019-07-22,0.16585204405317733,0.24493796425547476,0.16046861007820346,0.2357044071045095,0.1864877736036954,0.2878601948692836,0.13870633753594283,0.13141791060667835
2019-07-23,0.15634402235551023,0.2275161367017918,0.16886280839272533,0.24413571505962944,0.1864877736036954,0.2878601948692836,0.13143484461678684,0.1390880249535424
2019-07-24,0.13958938991631387,0.20268911426208808,0.1737052207792681,0.25104136181901743,0.1864877736036954,0.2878601948692836,0.11721467881297971,0.14295781860437204
2019-07-25,0.1272482332045542,0.18531542288030792,0.1670628560161419,0.24225853924501303,0.1864877736036954,0.2878601948692836,0.10653574317670235,0.1371327759655484
2019-07-26,0.14004458755028867,0.20645141862965402,0.16171531962321606,0.23703314941401055,0.1864877736036954,0.2878601948692836,0.11669121165614049,0.13187736080318868
2019-07-29,0.1343942740426062,0.19600732747917474,0.16290310203634628,0.2359247766271394,0.1864877736036954,0.2878601948692836,0.1126905194614587,0.1335643397095561
2019-07-30,0.1457432441718618,0.21549707909760446,0.15832550386767996,0.23203058042656227,0.1863591443569771,0.28799685817411325,0.1216878777551649,0.12895458828552914
2019-07-31,0.17301475625711116,0.25573363097158464,0.17062265115733066,0.25081965911124454,0.18624998909460916,0.28802045374869645,0.1446521150801555,0.13926739931896748
2019-08-01,0.22610259726995935,0.33149320755087425,0.2122813425448533,0.3112847421138686,0.18757897668361223,0.2879394896244259,0.18797163847274057,0.17304556756886416
2019-08-02,0.25769420265871223,0.3765194024172185,0.2187042160766326,0.3210941813771373,0.1872978098584025,0.28796788899372033,0.2149189763575392,0.17953827425374777
2019-08-05,0.2461801974511254,0.35873994133805037,0.20123351744344775,0.292972838544543,0.1872978098584025,0.28796788899372033,0.20645767837888337,0.16561833445339422
2019-08-06,0.3623023875547402,0.5347377047249581,0.3507704746193776,0.5183282896632184,0.1899711505040511,0.2934126434710744,0.30042537726048196,0.2841787275471362
2019-08-07,0.32677293032308974,0.47182406986755254,0.3708854235527471,0.5361231969814831,0.1899711505040511,0.2934126434710744,0.2745762115439042,0.30609451297192036
2019-08-08,0.28975921669380245,0.4220362161034353,0.3137560745152974,0.4573333187729587,0.1899711505040511,0.2934126434710744,0.2422284854021313,0.25753836499471505
2019-08-09,0.25206387306454847,0.3646667651528961,0.30908033877048136,0.44823276116585287,0.1899711505040511,0.2934126434710744,0.21134405498174172,0.25494881449190787
2019-08-12,0.2510516557561603,0.3661551557773217,0.264368972704227,0.38848429689016944,0.19075932709934712,0.29335798630538096,0.2076220511602406,0.21593680806937707
2019-08-13,0.29617066012120685,0.43675173058848843,0.27436306831694135,0.4094640470628972,0.18969301773514458,0.29192523732600606,0.24492111735444258,0.22443365350508448
2019-08-14,0.2715068274555632,0.3948156926497354,0.3060991046561156,0.44733497587772736,0.18566602664005238,0.2846960724991936,0.22943782994667197,0.25661736220628395
2019-08-15,0.32163229012928674,0.4804337316664791,0.320461186169273,0.47979961971164464,0.18441906193797541,0.2795943749235522,0.268615434928123,0.2644034383103282
2019-08-16,0.30278238567881477,0.4478374715675248,0.2916866650148076,0.431322398977906,0.18441906193797541,0.2795943749235522,0.2564055676153478,0.2439037583296166
2019-08-19,0.26734582491005254,0.38844740976723147,0.2920542457203449,0.42772291899489684,0.18441906193797541,0.2795943749235522,0.2260660128065901,0.2451125008459501
2019-08-20,0.23377053004926762,0.3405528680511466,0.27002914179295656,0.39699673497758003,0.18441906193797541,0.2795943749235522,0.19706689899739702,0.2257750338709121
2019-08-21,0.22418949645134628,0.33276582726187776,0.2329277087835302,0.3458198002810578,0.18441906193797541,0.2795943749235522,0.18868329736304798,0.19326944893500098
2019-08-22,0.2073963532058033,0.3017608732310294,0.23575536975026135,0.34512734766943526,0.18439607575443306,0.2796423163950671,0.1745733690981593,0.1966658663538916
2019-08-23,0.2042441457524088,0.30269223372538756,0.20607063408637938,0.3072598317737276,0.18461813037440966,0.2798117685295887,0.17124135229272122,0.17089937160742058
2019-08-26,0.26375529570093315,0.391374689772172,0.24555241107642523,0.3663626680068607,0.1859571939760778,0.28041862090547,0.21931283311597694,0.20123444745337607
2019-08-27,0.25627767732051276,0.3724001203744134,0.23023899274134885,0.33819263316827824,0.1859571939760778,0.28041862090547,0.21344811165952804,0.19082249631956913
2019-08-28,0.25354853666359145,0.3722711295939504,0.20785495136100807,0.3076919770242158,0.1859571939760778,0.28041862090547,0.21164933491170168,0.17158648811343413
2019-08-29,0.23687709095356912,0.34413481154523373,0.19855776031272054,0.29089538282095145,0.1859571939760778,0.28041862090547,0.1976768829131235,0.16464902202273765
2019-08-30,0.2128940409440242,0.3102824570038583,0.1984386147557956,0.2898164453416042,0.1859571939760778,0.28041862090547,0.17897799643819465,0.1648685010701739
2019-09-03,0.2165704925094853,0.3192540822276688,0.18252369172704141,0.2708523634082917,0.1859571939760778,0.28041862090547,0.18090971885131335,0.15043644932968842
2019-09-04,0.22134865130243597,0.3255091055787324,0.17485105697724262,0.2587033948734702,0.1859571939760778,0.28041862090547,0.18478823002861008,0.14418759699558492
2019-09-05,0.20050984721472637,0.29035851758664194,0.2061217007116507,0.30030878087008117,0.1859571939760778,0.28041862090547,0.1690565976505105,0.17217919893910724
2019-09-06,0.17772635690848695,0.25849199192946737,0.19594057164974865,0.28721768227468,0.1859571939760778,0.28041862090547,0.14931339958987866,0.1630422904143638
2019-09-09,0.1588214159806618,0.2308761441976763,0.19670558012726913,0.28811844530212316,0.1859571939760778,0.28041862090547,0.13365146961240731,0.16371184668078867
2019-09-10,0.1542762923533692,0.22679506585926454,0.17658854923887995,0.26146391459478213,0.1859571939760778,0.28041862090547,0.12868167354751398,0.14590317109981898
2019-09-11,0.15129627217974306,0.221037657171264,0.16643012166464005,0.24552016985944897,0.1859571939760778,0.28041862090547,0.1263240672416174,0.13756781743542082
2019-09-12,0.14217097160901654,0.20612093460431086,0.1623919608326908,0.23885026595942904,0.1859571939760778,0.28041862090547,0.1184403178910946,0.13458737995405431
2019-09-13,0.13367558123589973,0.19391542272119788,0.15541891368023197,0.22892085140563065,0.1867228731213686,0.28083234506361465,0.11101626813189468,0.12848323599123473
2019-09-16,0.1254714029190605,0.18252152213039907,0.1521803533533237,0.22394799453358943,0.1867228731213686,0.28083234506361465,0.10426439170285252,0.12573345284859297
2019-09-17,0.1443951718141723,0.2139778493664357,0.15390155918463305,0.22925369750903254,0.1867228731213686,0.28083234506361465,0.11965971927698629,0.12630143568607938
2019-09-18,0.14483909934848613,0.213185191045884,0.1512173445033207,0.22299483823269142,0.1867228731213686,0.28083234506361465,0.12017907730239862,0.12486308222081459
2019-09-19,0.13629515179411203,0.20118496596505364,0.149363792496706,0.21979886482676844,0.18523107506539183,0.28037266314955467,0.11347079812985142,0.12329708739887778
2019-09-20,0.13199749481237008,0.19739068703157756,0.14245399386230523,0.2108124004792961,0.18523107506539183,0.28037266314955467,0.11032586215597595,0.11727337163363476
2019-09-23,0.16189854839276818,0.24094278480768416,0.15724502327349665,0.23577681078940513,0.18518461323951052,0.2803037588925703,0.13433107332449556,0.12967550941952768
2019-09-24,0.15928248312760873,0.23278998919536767,0.15590784373449906,0.23097036666001294,0.18518461323951052,0.2803037588925703,0.1328810024338496,0.12977766666439933
2019-09-25,0.19932129729958045,0.29800792003911797,0.18666499915413576,0.2784561334709215,0.1849630022677723,0.2801628684657322,0.16625054553109825,0.153225692141065
2019-09-26,0.1916285507010278,0.28030344557969245,0.18955737582323368,0.2774185070964784,0.1849630022677723,0.2801628684657322,0.1612077258146014,0.157665479889309
2019-09-27,0.18286612487792112,0.26931994358468353,0.17124349659293703,0.2530292839639332,0.1849630022677723,0.2801628684657322,0.15315204521648063,0.14176531489345662
2019-09-30,0.199268876023839,0.29530763073894356,0.17000300023653842,0.2532544374534298,0.1849630022677723,0.2801628684657322,0.16648321356525841,0.14026410075910695
2019-10-01,0.18912874702198018,0.27646784135314145,0.17351788223036407,0.25455989622741615,0.1849630022677723,0.2801628684657322,0.15904270604431692,0.14434701253999221
2019-10-02,0.22096881594411766,0.3276247464020333,0.19307073752547993,0.28695637882195235,0.18607599651644346,0.28025260826738607,0.18348872046584525,0.15760674124091828
2019-10-03,0.25552971119380874,0.37785698743606555,0.20714868680338672,0.30613623159289144,0.18638054863724407,0.28017520064101126,0.21328248572184585,0.16997266611230033
2019-10-04,0.24038141383900002,0.3498832585690136,0.20725108238472345,0.30114072650886514,0.18641770743938746,0.2802511978279146,0.20173142154529516,0.17167618525765807
2019-10-07,0.20769038684525234,0.30082522779142434,0.22187005316842434,0.3209649315286205,0.18641770743938746,0.2802511978279146,0.17515713364288216,0.1843878200955164
2019-10-08,0.20504347975384835,0.3021530754381808,0.1953205913129848,0.2874645689260242,0.18641770743938746,0.2802511978279146,0.17153732064089794,0.16089662454571427
2019-10-09,0.24112127791160332,0.35760370104085615,0.2127300467964237,0.3146037499988473,0.18727254624946565,0.280353701266247,0.2011984056278307,0.17424870466413556
2019-10-10,0.22851190827659285,0.3321629306408252,0.21652375541482527,0.31380439299124213,0.18727254624946565,0.280353701266247,0.192472508954642,0.17967678791732813
2019-10-11,0.2048535024597485,0.29814834157717496,0.20381282529798744,0.2960515860378482,0.18727254624946565,0.280353701266247,0.17209204280646698,0.168706395750308
2019-10-14,0.17576882304425248,0.25475988357839513,0.22288048614039224,0.3221502763473492,0.18727254624946565,0.280353701266247,0.14899075345457552,0.1856681643699636
2019-10-15,0.15230669683507722,0.22250274906219564,0.21003988086233139,0.305040602807928,0.18727254624946565,0.280353701266247,0.12872529491628582,0.1742069592958766
2019-10-16,0.13392805520106266,0.19561456952701992,0.20422420463475044,0.29642506751018954,0.18727254624946565,0.280353701266247,0.11333219884952937,0.16941770657752658
2019-10-17,0.1296330396651989,0.19132776749696906,0.18207180971300863,0.266552599517808,0.18727254624946565,0.280353701266247,0.10863118160092973,0.1499873510901784
2019-10-18,0.13190679395192195,0.19464817834553755,0.16928305070878075,0.2478134766443619,0.18727254624946565,0.280353701266247,0.1106968745023328,0.1395327025326451
2019-10-21,0.14130165195306615,0.2092590727895689,0.16125146129056916,0.23690789700415757,0.18727254624946565,0.280353701266247,0.11831270182708829,0.13255252847552695
2019-10-22,0.13941444701741545,0.20478319656586602,0.15578186063123683,0.227675738175044,0.18727254624946565,0.280353701266247,0.1169783305128914,0.12848614534172562
2019-10-23,0.1458873500894716,0.2163308713412158,0.14968122735682976,0.22030062035643933,0.18727254624946565,0.280353701266247,0.12221308802059001,0.12303044969402792
2019-10-24,0.14126603242050367,0.20772142414635741,0.1493103740306172,0.21829398678056736,0.18727254624946565,0.280353701266247,0.11878178474442946,0.12334216697967253
2019-10-25,0.13423026728524867,0.19719945105753967,0.1446847815902611,0.2120309814496001,0.18727254624946565,0.280353701266247,0.11245740483954433,0.11942160402509687
2019-10-28,0.11840587576778783,0.17290825150506103,0.1621253671391492,0.2361682756319734,0.18727254624946565,0.280353701266247,0.09997105962273196,0.13449090465754437
2019-10-29,0.12191279927995859,0.18222892683831787,0.15082765916152524,0.22344685171859505,0.18727254624946565,0.280353701266247,0.10206204762036603,0.12412577858227178
2019-10-30,0.1272154416177728,0.18805783115912983,0.14693687849855713,0.21643451027860683,0.18727254624946565,0.280353701266247,0.10645937378783375,0.12091748164548319
2019-10-31,0.11550854792436593,0.16936060825873314,0.1584925075780076,0.23126012723655084,0.18610760566803708,0.2800837234698231,0.09761023290608853,0.13119031035709294
2019-11-01,0.1318368799179212,0.19786556536975317,0.157405992996219,0.23366814572754274,0.18610760566803708,0.2800837234698231,0.11017173930373905,0.12901568411795744
2019-11-04,0.12547109287976888,0.18506528126378788,0.16831519165594916,0.2462579132501848,0.18610760566803708,0.2800837234698231,0.10657682000982925,0.13974811658789188
2019-11-05,0.13181634410983079,0.199443215726034,0.15681172286213507,0.23236987191561082,0.18498238899982844,0.27996456785479956,0.11109038993765283,0.1287969918849827
2019-11-06,0.14001248230969354,0.20923950489194898,0.1523186097263648,0.22541073322697414,0.18623292793019758,0.2803560092235423,0.11786320432001733,0.12560816046681528
2019-11-07,0.13427846111993763,0.19902209919143904,0.15233047319852644,0.2236815894036933,0.18623292793019758,0.2803560092235423,0.1134475752718265,0.1260590954958169
2019-11-08,0.13193167008432494,0.19667742119468337,0.14400506924478218,0.2127775666378409,0.18623292793019758,0.2803560092235423,0.11095479432166867,0.11883747465996514
2019-11-11,0.12317726919805135,0.18184890960157338,0.1507215997097895,0.22086694399842322,0.18623292793019758,0.2803560092235423,0.10409529462007493,0.12488756998639827
2019-11-12,0.13227546057575862,0.19804236753171262,0.1469584926180046,0.21835504711784096,0.18623292793019758,0.2803560092235423,0.11054174147411522,0.1208864787826661
2019-11-13,0.13603157486978956,0.20135112134658364,0.14432182481348493,0.21315577470135688,0.18623292793019758,0.2803560092235423,0.11382384713768452,0.11905115498878902
2019-11-14,0.14169746609894246,0.21063799522390747,0.14073933681106288,0.20882773337692265,0.18623292793019758,0.2803560092235423,0.11816514567465132,0.11566228371138948
2019-11-15,0.14367291328001813,0.2129969694932117,0.1382273217867171,0.20467071489310315,0.18623292793019758,0.2803560092235423,0.11998147329217987,0.11370984294219612
2019-11-18,0.13029882539563065,0.19079650237887524,0.15706985030410064,0.23034082584148027,0.18623292793019758,0.2803560092235423,0.1097047592994557,0.13019546185087194
2019-11-19,0.1318083931586007,0.196504546341227,0.14645906170006284,0.21829341222305668,0.18623292793019758,0.2803560092235423,0.10950237116406664,0.12011216577944418
2019-11-20,0.14347988081335292,0.2121090373166841,0.14505686756680594,0.21663606096222965,0.18623292793019758,0.2803560092235423,0.118795515874932,0.11917739523579049
2019-11-21,0.1428585433433766,0.21214129913028534,0.14211074888315395,0.21157965193315026,0.18623292793019758,0.2803560092235423,0.1193441802345568,0.11715945578864506
2019-11-22,0.14846297195832583,0.22062404067471078,0.13942242324848364,0.20804610623369144,0.18626504761607288,0.28036767503181,0.12315323567327785,0.11427271998101506
2019-11-25,0.14028639599076212,0.2041105455796172,0.15006379662680552,0.22313495067268818,0.18528270349542164,0.2802495989352055,0.11693760455901665,0.12488314862361774
2019-11-26,0.12800265251603604,0.1869514453394868,0.14843938015021663,0.220028265185113,0.18528270349542164,0.2802495989352055,0.10630853909082162,0.12250010283314515
2019-11-27,0.1203079696414438,0.1755032515316502,0.14507124178792127,0.21535032404380003,0.18528270349542164,0.2802495989352055,0.09943293683050043,0.11949036605307642
2019-11-29,0.12294993893654488,0.18093792678863796,0.13967375849937924,0.20842667397300768,0.18528287662564857,0.2804264866211241,0.10099525906863227,0.1143775693863915
2019-12-02,0.14427898779467158,0.21593687431544897,0.14897406728232845,0.22475538536078773,0.1848417698016106,0.28051075922048463,0.11907470117354542,0.12213383055959785
2019-12-03,0.20665580888591412,0.3115771054363131,0.20889387614743554,0.3151599495059661,0.1864637777747543,0.28110737216939197,0.16992667736578812,0.1711268901054739
2019-12-04,0.23130777817917664,0.3486631467867551,0.2069694779871709,0.31011748930368327,0.18387213937139002,0.2789758976472857,0.19316445874442273,0.1708571451591338
2019-12-05,0.2168720173280461,0.3187553214402841,0.20494090952738975,0.3031941109201036,0.18387213937139002,0.2789758976472857,0.18116168109630237,0.1703288568920325
2019-12-06,0.20123565854005457,0.297345123349549,0.1847484924859183,0.2746484784581485,0.18387213937139002,0.2789758976472857,0.1679449486253713,0.15303390674319572
2019-12-09,0.18388376710022727,0.2702096510129635,0.18225095946665593,0.26956328914375327,0.18387213937139002,0.2789758976472857,0.15352346052265317,0.15105815297368763
2019-12-10,0.22317685431826323,0.33284033914413275,0.2105424482051214,0.31468590435450633,0.18522652644836335,0.2793570805272951,0.18335732184080744,0.17157087736240864
2019-12-11,0.22473507559302403,0.3296072368153085,0.19806100931093584,0.2919730126041646,0.18525868404725276,0.27945846477576586,0.18639975956111404,0.1628982999372273
2019-12-12,0.20849829035663453,0.30574794623016077,0.18733378318605087,0.27507105456440734,0.18525868404725276,0.27945846477576586,0.1738934778640092,0.15439187987386332
2019-12-13,0.18724020689866092,0.27395061035984014,0.18734234703121866,0.2744480949174031,0.18525868404725276,0.27945846477576586,0.15662988287294444,0.15475442391622765
2019-12-16,0.16137837806639838,0.2358591066008486,0.1979650623431628,0.2897285154321381,0.18525868404725276,0.27945846477576586,0.13544235065138893,0.16370912043280134
2019-12-17,0.1453969277815315,0.21368468289756778,0.18282141042048788,0.26909857194568076,0.18525868404725276,0.27945846477576586,0.1212564123090708,0.1504931997700792
2019-12-18,0.14425422515229236,0.2143385366303143,0.16744437563595305,0.24815705471623276,0.18525868404725276,0.27945846477576586,0.12006196388981996,0.13729737199525555
2019-12-19,0.1510884794084787,0.22385127313301958,0.15891355632060983,0.23602477344096492,0.18525868404725276,0.27945846477576586,0.1252940096050626,0.13014430508472502
2019-12-20,0.1503298865414969,0.2216292073758505,0.15224454193658188,0.22567816164063703,0.18525868404725276,0.27945846477576586,0.12467578979340345,0.12488548814572506
2019-12-23,0.14929869950791208,0.2197313912190947,0.14573631449065855,0.21680379428989854,0.18525868404725276,0.27945846477576586,0.12333582677656331,0.11956871931142193
2019-12-24,0.14986184746708114,0.2213803966663958,0.1411437847377691,0.2101260686040029,0.18431708357775467,0.27935446499700395,0.12405498510070544,0.11567087220794581
2019-12-26,0.15052469596249274,0.22183671815204462,0.1382335950946548,0.20516881495788375,0.18431708357775467,0.27935446499700395,0.12427898192548804,0.11298557800783837
2019-12-27,0.14680798255777813,0.216745072999055,0.1353543130248384,0.20131303234217465,0.18431708357775467,0.27935446499700395,0.12169965176703575,0.11116951345476915
2019-12-30,0.16328992923142643,0.2405221256460889,0.14314158524576376,0.2145668871480574,0.18254381769206596,0.2782845446786819,0.13355753498866285,0.11711229978758908
2019-12-31,0.1959757482468358,0.2913923561799562,0.16836325684107578,0.25066561314454094,0.18246019725376206,0.27812295010404364,0.16179290344259628,0.13714186531538705
2020-01-02,0.18551397770450376,0.2717533993789317,0.17637733205551914,0.2582297746480527,0.18246019725376206,0.27812295010404364,0.15518200079446076,0.1454412642165065
2020-01-03,0.16051195863192136,0.23387633426882445,0.19161210256278888,0.2794824091192181,0.18246019725376206,0.27812295010404364,0.13446000488953425,0.15810558857900237
2020-01-06,0.18721573568133806,0.2785063132218325,0.19709091066909296,0.2926237089095742,0.18249887695514166,0.2781316616133898,0.1544723034077718,0.1606197955713748
2020-01-07,0.18838407836867105,0.2778477921050667,0.18435719155714525,0.2716380165727618,0.18249887695514166,0.2781316616133898,0.1570819293402785,0.15186083644841458
2020-01-08,0.18147273553874121,0.2680819942347882,0.16965233876450475,0.2502252207710882,0.18206075057276427,0.2782308475974346,0.15113799518040208,0.13939355250731827
2020-01-09,0.17239579821422213,0.25366516207565437,0.1612678782283148,0.23736576679352855,0.18206075057276427,0.2782308475974346,0.1432377551099674,0.13248973577514817
2020-01-10,0.1561419088491582,0.22889648757505995,0.16784641714219084,0.24579324198812036,0.18206075057276427,0.2782308475974346,0.13020622637933682,0.1379919638836382
2020-01-13,0.14957354871123987,0.22084503768088773,0.15482196815056698,0.22834165479921678,0.18206075057276427,0.2782308475974346,0.1241804042199502,0.12660325657536758
2020-01-14,0.14399092477151493,0.21252977725586256,0.1498754937481802,0.22016910260269562,0.18206075057276427,0.2782308475974346,0.11960229108120912,0.122477590157548
2020-01-15,0.14298627458775526,0.2119525923496239,0.14383358932730395,0.21170025373038354,0.18206075057276427,0.2782308475974346,0.11883782518546024,0.11733813171585245
2020-01-16,0.1422150380024992,0.21126530819091885,0.1401996393449536,0.20629871427753269,0.18206075057276427,0.2782308475974346,0.11816432608787884,0.11423952738130284
2020-01-17,0.13901668334814332,0.20699561755253998,0.1376033834576978,0.2023656704532961,0.18206075057276427,0.2782308475974346,0.11576528414791969,0.11210476185953784
2020-01-21,0.13410775691306748,0.20007185440126113,0.13704310932200547,0.20083290124590414,0.18206075057276427,0.2782308475974346,0.11211949312737704,0.11164723485268024
2020-01-22,0.15117078163838293,0.22762619159220304,0.14507076764572668,0.21450998185511036,0.18206075057276427,0.2782308475974346,0.12568618000837825,0.11764318530911323
2020-01-23,0.1551194227140425,0.22818896876557676,0.14272709195580863,0.2104665174801402,0.18206075057276427,0.2782308475974346,0.12832656999592024,0.11660354341790688
2020-01-24,0.1543573625324806,0.22704337614105005,0.13935194541552726,0.2050020496870069,0.1818108640352082,0.2783478111356135,0.1274483240658128,0.11338725881872465
2020-01-27,0.19064545416516407,0.28687925666354835,0.17524780603199736,0.2583496778528924,0.18253111618843237,0.27825690861995295,0.15791689875093312,0.14128829361623776
2020-01-28,0.28066493227635936,0.41987969435641315,0.2812793079168321,0.4101683595214139,0.18474379797360968,0.28010792023421877,0.23074838808279707,0.22465792314750047
2020-01-29,0.2623691204101266,0.38198919871753045,0.274558609930887,0.3952947747637974,0.18474379797360968,0.28010792023421877,0.2172139475404783,0.22324254402794882
2020-01-30,0.24096098922383663,0.35331167671719166,0.23160079281051826,0.3363136751836717,0.18463733527775122,0.2802616857360821,0.1978209986054215,0.18716083493323768
2020-01-31,0.22062663155337403,0.32280879617386643,0.21396230562507834,0.30941325320306184,0.18463733527775122,0.2802616857360821,0.18158121161258242,0.17308147314012462
2020-02-03,0.28172230407887,0.4109664581071115,0.266079775029878,0.3884948975620409,0.1864439028478695,0.28137830539602193,0.22560458826209426,0.21207424374005265
2020-02-04,0.2662368319628211,0.3879986511640912,0.24323299453728908,0.3500988349566551,0.1864439028478695,0.28137830539602193,0.21808577992597653,0.1960182716373539
2020-02-05,0.23349885863315795,0.3384177170208563,0.24555657956695742,0.35225483555542686,0.1864439028478695,0.28137830539602193,0.19224822098193187,0.19879293639580992
2020-02-06,0.20647300099477242,0.301531547244971,0.220780751929798,0.31995330026650676,0.1864439028478695,0.28137830539602193,0.17035490422541244,0.17944577194698172
2020-02-07,0.19445261308052367,0.2839979328319747,0.19506216531583614,0.2836453825542304,0.1864439028478695,0.28137830539602193,0.1595929010438067,0.15790149486745575
2020-02-10,0.19975604849466977,0.2919914110031943,0.17862755749425674,0.2610840444639283,0.1864439028478695,0.28137830539602193,0.16323152264214494,0.14419543591253686
2020-02-11,0.19309305706130087,0.27936576883185116,0.16925330397594773,0.24590073071187962,0.1864439028478695,0.28137830539602193,0.1579122518089937,0.13714300127482387
2020-02-12,0.1856047852682685,0.27015473069444285,0.15792747092055315,0.22871974141736406,0.1864439028478695,0.28137830539602193,0.15167970359320912,0.1267522980448939
2020-02-13,0.16514127364167358,0.23702533614918306,0.1840812594007586,0.26389057541591315,0.1864439028478695,0.28137830539602193,0.13556838071892158,0.14887056120327846
2020-02-14,0.1659050749146842,0.24084667770990542,0.16618437359960792,0.2415049602768454,0.1864439028478695,0.28137830539602193,0.13470973948118517,0.13342066873018954
2020-02-18,0.15799051992660607,0.22799061936564444,0.16185157953139773,0.23357757681810642,0.1864439028478695,0.28137830539602193,0.12881672063800265,0.1302758977855809
2020-02-19,0.17922602790118863,0.26196955071122197,0.1679913913615837,0.24685695454839013,0.18626577312072617,0.28131852690422504,0.14487327867887498,0.1349269064907268
2020-02-20,0.1766450060861281,0.25456427652634356,0.16385010105939074,0.2380646638246163,0.18626577312072617,0.28131852690422504,0.14390287196391977,0.13276668620757653
2020-02-21,0.19602856528605822,0.28618215225351806,0.16886960073006352,0.2481463848417597,0.18626577312072617,0.28131852690422504,0.15869564779705136,0.13597903671479314
2020-02-24,0.22676082627092442,0.3318001858006493,0.18531584041820653,0.27259107815899514,0.1863774613170479,0.28123150303806266,0.18388479610315442,0.14969211876726782
2020-02-25,0.3812957176507681,0.5636488857022826,0.4208902769279699,0.6295775670704068,0.19033455305414815,0.28835741067799897,0.303623753196636,0.33783983923286415
2020-02-26,0.4205895947036684,0.6162913494147025,0.38653050984193116,0.57252370601367,0.19065395585766232,0.28826023740799644,0.3398912573145012,0.3127635267869998
2020-02-27,0.3958669930753109,0.5719667338957556,0.3301078185353924,0.4819924175526581,0.19065395585766232,0.28826023740799644,0.318843171673562,0.2660966315524138
2020-02-28,0.49732344008021956,0.7225797379571696,0.4514205733129557,0.6667179862132078,0.19462729121046296,0.2940550465802751,0.39402632843710494,0.36017254110086744
2020-03-02,0.49408019049240925,0.7100998465978493,0.39135789268991705,0.5715533792629222,0.19462729121046296,0.2940550465802751,0.3949187338187305,0.3145098911794433
2020-03-03,0.4302107561815445,0.6203434387786442,0.3898178163962285,0.5644122658378051,0.19462729121046296,0.2940550465802751,0.3500895128207167,0.3160506879421131
2020-03-04,0.41764024114220266,0.6097243644968503,0.3284094590815396,0.48177669022937536,0.1935289775302182,0.29373773452633406,0.3358695175844582,0.26333092837686256
2020-03-05,0.3774090217218158,0.5399283853280129,0.32358882187002713,0.46894418214420647,0.1935289775302182,0.29373773452633406,0.30397866832465403,0.2614809631674434
2020-03-06,0.416459111065437,0.6118968541889618,0.33955199966369387,0.5033937074531838,0.1960784594600934,0.2951308475738121,0.3343263802593296,0.27234545914855224
2020-03-09,0.4290229449251559,0.6265440706542944,0.30339585773506494,0.44675352504177335,0.1960784594600934,0.2951308475738121,0.34714454900985864,0.24488726193257074
2020-03-10,0.49083526236650266,0.7263924592255682,0.3759297335591918,0.5554514834883286,0.199148322549504,0.29779482157367987,0.39640099253971994,0.30090172441594254
2020-03-11,0.4550625962682342,0.6625997996971036,0.36276119041002874,0.5259871412239722,0.199148322549504,0.29779482157367987,0.3724154047677378,0.29437747597669967
2020-03-12,0.4546459764039852,0.6691355858793854,0.32185993949933867,0.4740971315557386,0.19916659996016628,0.29760273837576773,0.3675922796308959,0.2581640981108517
2020-03-13,0.5503573011845273,0.8068693194556652,0.455037826240816,0.6682579164271409,0.20297954164474774,0.3025176750344123,0.4390687913051518,0.36174846516357606
2020-03-16,0.4948485089753597,0.7105050313201358,0.4971200821882733,0.7127510301827501,0.20297954164474774,0.3025176750344123,0.40345655785361034,0.4022982243592704
2020-03-17,0.5536585535497804,0.815093704375663,0.5398428653044478,0.7863796004260436,0.20527441402622726,0.3075525211454182,0.4408607938484335,0.4270816685240494
2020-03-18,0.5343083424832247,0.7761138089439897,0.4746260388495256,0.6808255584604164,0.20527441402622726,0.3075525211454182,0.43463728795221523,0.3810229154919025
2020-03-19,0.4950220010390334,0.7225803712400539,0.38965232978016506,0.5614308576496807,0.20527441402622726,0.3075525211454182,0.4017426943729067,0.31129961027424513
2020-03-20,0.45516863891052906,0.6607745808757082,0.3367646798721604,0.4835096697511095,0.20527441402622726,0.3075525211454182,0.3693187327178539,0.26938916129294194
2020-03-23,0.40447600999677247,0.5841423392387854,0.30406610162793246,0.4358521409518901,0.20527441402622726,0.3075525211454182,0.32833917792502854,0.2434383278303999
2020-03-24,0.3641467641315853,0.5282224644584516,0.27201119834611165,0.3897951024709798,0.20527441402622726,0.3075525211454182,0.29607426774094225,0.21717763709709964
2020-03-25,0.34551434748885523,0.4974834042935659,0.22972136158501977,0.33042850406617674,0.20527441402622726,0.3075525211454182,0.2769596421931221,0.1821442381724426
2020-03-26,0.33262255171119826,0.4812433284937877,0.2050056716633618,0.29557811686758534,0.20718449648213566,0.308088375823198,0.267701719956405,0.16181729334216421
2020-03-27,0.2997618972002114,0.4370751722588312,0.1925323065204757,0.2772815793932125,0.20718449648213566,0.308088375823198,0.2446735195985548,0.1538582857273581
2020-03-30,0.30481718585394124,0.44806624884521434,0.1873018838767203,0.27285055385091,0.20621173797459524,0.30793434311880213,0.24750086821065714,0.14817874004214981
2020-03-31,0.27036485914883446,0.39176187527860795,0.23450193569593147,0.33572459177610753,0.20621173797459524,0.30793434311880213,0.2219583566066763,0.18871366966697692
2020-04-01,0.2386991213132571,0.3477826343914691,0.21803045581257618,0.3139937918123658,0.20621173797459524,0.30793434311880213,0.19564896082786506,0.174668018673604
2020-04-02,0.24582749152329075,0.36068230559928915,0.20033143358068994,0.29253133915345614,0.20621173797459524,0.30793434311880213,0.19979694209483587,0.15978157351052358
2020-04-03,0.2251271882037082,0.32350024520819937,0.2241473721755256,0.3222367114926258,0.20621173797459524,0.30793434311880213,0.1844007387387254,0.18116840767160078
2020-04-06,0.196326719036664,0.28238457471853295,0.2208832553396337,0.31808926429174667,0.20621173797459524,0.30793434311880213,0.16021323751793526,0.17793389230356865
2020-04-07,0.1747651809410704,0.25380143646660575,0.19866108105148317,0.2872070597582049,0.20621173797459524,0.30793434311880213,0.142447841336342,0.1593002938645946
2020-04-08,0.17435339945094988,0.25716005562809263,0.18038958630602026,0.2625441478066494,0.20621173797459524,0.30793434311880213,0.1419701292425561,0.14371841031411148
2020-04-09,0.1615771053483801,0.23423301367193636,0.1879977931160749,0.2707752819336299,0.20621173797459524,0.30793434311880213,0.13231329902940653,0.15087104174851426
2020-04-13,0.14521957572689567,0.21118903474347728,0.17654863597191717,0.255016095922874,0.20621173797459524,0.30793434311880213,0.11834085444866738,0.14111185811886673
2020-04-14,0.1333038422855363,0.19688632954371893,0.16306549279391963,0.23617383001274603,0.20621173797459524,0.30793434311880213,0.10920365089719496,0.1299562740955132
2020-04-15,0.12249350319612146,0.17620448773967473,0.18278550231558177,0.26253869103856214,0.20621173797459524,0.30793434311880213,0.10027729281889211,0.1465921660739723
2020-04-16,0.14815200889015134,0.21722226757898921,0.1803562133059633,0.2636240491859854,0.20621173797459524,0.30793434311880213,0.11853607876020436,0.14289473967282207
2020-04-17,0.1470001897024354,0.21305448913606148,0.17088416530041317,0.24789147103384787,0.20621173797459524,0.30793434311880213,0.1189776128313212,0.13634695293787824
2020-04-20,0.13454447433879757,0.1946153750504026,0.16969791704713055,0.2451006317717273,0.20621173797459524,0.30793434311880213,0.10940055299976013,0.13561265001158343
2020-04-21,0.18298012287540028,0.2691089866692526,0.210597148893098,0.30790228842016576,0.20707314437611068,0.30817039666499646,0.1449788697735247,0.1658592418555717
2020-04-22,0.20258821440918684,0.29523201061032667,0.2002409743200304,0.2902269426488305,0.20707314437611068,0.30817039666499646,0.1630928626776636,0.15897812584485904
2020-04-23,0.1866273458418221,0.267701232537023,0.20370497019288447,0.2921364299641098,0.20707314437611068,0.30817039666499646,0.15108930091212114,0.1630028394614314
2020-04-24,0.17393426948974006,0.25101123015753835,0.18216096513961255,0.2628556051563858,0.20707314437611068,0.30817039666499646,0.13970557055077276,0.14493433294279573
2020-04-27,0.14608750557418626,0.20786008298645542,0.2326563592589307,0.33204382492581835,0.20707314437611068,0.30817039666499646,0.11933150987008584,0.18683745451696718
2020-04-28,0.12234803462630317,0.17490538363775998,0.2222071151837911,0.3185369956169296,0.20707314437611068,0.30817039666499646,0.09925149455243171,0.17783506908521005
2020-04-29,0.11570954037725262,0.16858959017359176,0.19449530320679953,0.28083557233652556,0.20707314437611068,0.30817039666499646,0.09327344108153658,0.1545128889101558
2020-04-30,0.10648370531979365,0.15224695158712118,0.19605135226214343,0.2811974902243257,0.20707314437611068,0.30817039666499646,0.08661174755926428,0.15678114120075898
2020-05-01,0.1344794158878821,0.19755000403895656,0.1957018541026746,0.28466779256159586,0.20696152436489912,0.30808249648040836,0.10729396209735854,0.15503211607242903
2020-05-04,0.168110797366135,0.24703773456329323,0.20460174126334585,0.29693134791555653,0.2061802447503721,0.30783145010128965,0.13515560131890506,0.16212923228902712
2020-05-05,0.16610395945602147,0.24035073583165925,0.19168210507257633,0.2757404232007459,0.2061802447503721,0.30783145010128965,0.13463867240438276,0.1529908482600196
2020-05-06,0.14934273273315463,0.2152273501777937,0.19129411307760957,0.274244127868456,0.2061802447503721,0.30783145010128965,0.12148878172504307,0.1528039307779745
2020-05-07,0.14636505792632604,0.21286261814513918,0.1721671296955044,0.24870487331530472,0.2061802447503721,0.30783145010128965,0.11785871675016679,0.13665593882283122
2020-05-08,0.13253447464220378,0.19006780669997958,0.18611929027615803,0.2660595679406077,0.2061802447503721,0.30783145010128965,0.10764438602367213,0.14853360794431986
2020-05-11,0.10900505873233834,0.15719688184667266,0.21645163443346283,0.30870038140095823,0.2061802447503721,0.30783145010128965,0.0897511370899492,0.17321388035268423
2020-05-12,0.09610636718142826,0.14021813120266993,0.19036137716191937,0.27377245937392625,0.2061802447503721,0.30783145010128965,0.07792659817136251,0.1514109276103238
2020-05-13,0.1624198699560624,0.24709844003407908,0.26085832450330115,0.3754217566108883,0.20706736802803372,0.30821386116064087,0.12961219617742187,0.2044216356833083
2020-05-14,0.19080886198270353,0.2862035290974171,0.2475577528894779,0.35384617829381443,0.20706736802803372,0.30821386116064087,0.15503465034230393,0.19545548712246236
2020-05-15,0.17799029811986286,0.26311679183151054,0.23728344956710923,0.3365217250599661,0.20706736802803372,0.30821386116064087,0.14616448397709791,0.18876198384366014
2020-05-18,0.16621029843917848,0.24565554547628027,0.20876428469850816,0.2972322071242759,0.20706736802803372,0.30821386116064087,0.13546883555895806,0.16545822046153236
2020-05-19,0.14806695075806064,0.2165186499554914,0.21177771732153228,0.3001987361960555,0.20706736802803372,0.30821386116064087,0.12108267481095006,0.16841473707086124
2020-05-20,0.15083152001440814,0.22562669662235818,0.19051322523190173,0.272694799412805,0.20706736802803372,0.30821386116064087,0.12255492303452943,0.15049374068281657
2020-05-21,0.1376720888131529,0.20211142701905585,0.20123342334237904,0.28560568551857723,0.20706736802803372,0.30821386116064087,0.11297875038541143,0.16040047814912428
2020-05-22,0.14386292266002815,0.2138404380581705,0.1855469093660791,0.2669643439707614,0.20706736802803372,0.30821386116064087,0.1160861808668859,0.1466452331806348
2020-05-26,0.13876420980996484,0.20270743993193735,0.18079552751836747,0.25842969453111525,0.20706736802803372,0.30821386116064087,0.11274438009518392,0.1439448488184807
2020-05-27,0.1330789697728112,0.19585844128546812,0.1656274933368609,0.2382219816468574,0.20706736802803372,0.30821386116064087,0.10762265462586373,0.13138515656016053
2020-05-28,0.12936585305958104,0.19024194936378078,0.15662627818955588,0.22558251543809185,0.20706736802803372,0.30821386116064087,0.10461918539749264,0.12434633364493156
2020-05-29,0.13675160033437384,0.2020192642870679,0.15199329404095152,0.22076492679108178,0.20706736802803372,0.30821386116064087,0.10982881781027996,0.12029982520390063
2020-06-01,0.13184242989272194,0.19279309388760538,0.1527645574554854,0.22076976156067324,0.20706736802803372,0.30821386116064087,0.10661670927508617,0.12191093949683435
2020-06-02,0.1351743155262729,0.19898331334586475,0.14751179647866375,0.21361422946527703,0.20706736802803372,0.30821386116064087,0.10805019110427971,0.11635494616096513
2020-06-03,0.1292433745065309,0.19379379324316295,0.15404600964019832,0.22153637699460388,0.20674494203220684,0.30823275123770416,0.10528504698897251,0.12318854133559468
2020-06-04,0.1163645607726504,0.1750341589760449,0.15504739301521198,0.22330394571101542,0.20512606188618365,0.3072844147472675,0.09487800789292603,0.12375052980709399
2020-06-05,0.11293688672133775,0.171012519495359,0.14580635460862013,0.21138986451218136,0.20512606188618365,0.3072844147472675,0.09140585492254644,0.11550985102987443
2020-06-08,0.10493885593418065,0.15403062330797918,0.15295324730231574,0.2202552048270071,0.20512606188618365,0.3072844147472675,0.08486551645733419,0.12173232002621782
2020-06-09,0.11289628735930474,0.1688458807565433,0.15148246419325362,0.22124460747362154,0.20512606188618365,0.3072844147472675,0.09000666989493969,0.1192655819346199
2020-06-10,0.1346474288664002,0.20030874530951975,0.16294310099945686,0.23877506980652968,0.20512606188618365,0.3072844147472675,0.10765079527867721,0.12859434044841775
2020-06-11,0.14111945222743638,0.20688984085955714,0.15681390023209346,0.22796445522558215,0.20512606188618365,0.3072844147472675,0.11345108954472703,0.12421856333087856
2020-06-12,0.27414438377129347,0.4397698809498986,0.43469330345220336,0.6509230803386498,0.2088202900240126,0.31373110626223505,0.21677583933657588,0.33796445856990187
2020-06-15,0.3264397698441205,0.48842655325987483,0.4043263107769117,0.5921931769313675,0.20854438144732335,0.313812265027196,0.2645531878854622,0.31953857243858075
2020-06-16,0.2981026052699987,0.44117732842356383,0.33943581025751,0.5039884261081976,0.20854438144732335,0.313812265027196,0.23869435600758146,0.2711487700854813
2020-06-17,0.272037988572839,0.40497332081712234,0.2948466030999559,0.4372189700446909,0.2039615371686775,0.3068550095882244,0.2174673716307914,0.23419044645205936
2020-06-18,0.25851241861015806,0.38347232281332483,0.2592408434809037,0.3864388038254221,0.2039615371686775,0.3068550095882244,0.20609280312865344,0.2057724954712371
2020-06-19,0.2418850787740236,0.363031249496105,0.23155319939119834,0.34555387433149,0.2039615371686775,0.3068550095882244,0.19439460227286054,0.18399395004968966
2020-06-22,0.2461653966045374,0.3728452196359252,0.21523884164984775,0.3241020116498024,0.2039615371686775,0.3068550095882244,0.1967596559282758,0.17019766196033542
2020-06-23,0.22728881570134155,0.34073843931451525,0.226334136542173,0.33573668810483426,0.2039615371686775,0.3068550095882244,0.18406124873897067,0.18147003698377645
2020-06-24,0.21581750489809104,0.3235656802384947,0.2008548566706988,0.30024731305845903,0.2039615371686775,0.3068550095882244,0.17292951397986783,0.15978467890557504
2020-06-25,0.22495899997899416,0.3437546303174954,0.19577987207573205,0.29559654465912766,0.2039615371686775,0.3068550095882244,0.1798022982141466,0.15471705274714215
2020-06-26,0.21744464081866996,0.3294275504833376,0.19136949759769528,0.2850524251982748,0.2039615371686775,0.3068550095882244,0.17533060204111403,0.15259497170504144
2020-06-29,0.22464766558819851,0.3448450784706691,0.18569734038263358,0.2816068571479211,0.2039615371686775,0.3068550095882244,0.1797551442986895,0.1471004918121076
2020-06-30,0.21449815075139766,0.32311914784453566,0.19912066751750485,0.29590441490647074,0.2039615371686775,0.3068550095882244,0.17349798718382706,0.15990578589062468
2020-07-01,0.19701018645655158,0.29873100779765577,0.1869426320681981,0.2788363657544393,0.2039615371686775,0.3068550095882244,0.15866791849283077,0.14925384742424824
2020-07-02,0.18112611413355473,0.27431569059366195,0.18536795080889656,0.27570693784610684,0.2039615371686775,0.3068550095882244,0.14643343454417196,0.1482324716170076
2020-07-06,0.1683729344351127,0.2576030124146333,0.17451477774278568,0.26066055640514385,0.2039615371686775,0.3068550095882244,0.1362710054224603,0.13921249631705582
2020-07-07,0.16681421450042863,0.25607721247561327,0.16214473272680696,0.2437854513141207,0.2039615371686775,0.3068550095882244,0.13418796377903908,0.12875539607766073
2020-07-08,0.17685241872693558,0.27398585281379473,0.16165032299870424,0.2445895068051439,0.2039615371686775,0.3068550095882244,0.1421516550955814,0.1278616136034112
2020-07-09,0.17292100260592436,0.2628579806855418,0.1644906800168617,0.24570472477582295,0.2039615371686775,0.3068550095882244,0.14006543276370773,0.13138499565310152
2020-07-10,0.17528925984351884,0.2709600438649333,0.15675525079751612,0.23725182188077842,0.2039615371686775,0.3068550095882244,0.1411910669480657,0.12398704851643366
2020-07-13,0.1668781540060641,0.25372057098269984,0.1693359471090451,0.2520053777315751,0.2039615371686775,0.3068550095882244,0.13554804123735753,0.1353968707710022
2020-07-14,0.19790556710807616,0.30607622591010625,0.21653781132100636,0.327330068142193,0.20564875422210116,0.30724576009312415,0.15660254599522194,0.16924722242861628
2020-07-15,0.1967003500185481,0.29515419059416603,0.22358849235404804,0.3299130345720998,0.20564875422210116,0.30724576009312415,0.1590070621589435,0.17858095356664513
2020-07-16,0.17729056363927012,0.26696727630509925,0.21207926507730668,0.3133171632293442,0.20564875422210116,0.30724576009312415,0.14289174748764172,0.16872227131663967
2020-07-17,0.17208019895831406,0.2622960244266556,0.19013028126018594,0.2832242944917739,0.20564875422210116,0.30724576009312415,0.13790735006181298,0.15011852134248532
2020-07-20,0.15841382951807562,0.23724813899087055,0.20030808958370244,0.2950880855822959,0.20564875422210116,0.30724576009312415,0.1280243677278695,0.15932243121373799
2020-07-21,0.1423886835161191,0.21484186439531683,0.18984974860813353,0.28086289294363936,0.20564875422210116,0.30724576009312415,0.11505168880799728,0.15051596600189676
2020-07-22,0.14066091574878242,0.21456424460705822,0.17361270204030693,0.2587909892659019,0.20564875422210116,0.30724576009312415,0.11264298589253055,0.13662429065295567
2020-07-23,0.13812508736777113,0.20934417275398917,0.16646732214603305,0.24723471203338448,0.20564875422210116,0.30724576009312415,0.1107614910947268,0.13157988862036754
2020-07-24,0.15058389930556446,0.23233720716717582,0.16872203973474392,0.2534036776705352,0.20564875422210116,0.30724576009312415,0.12015631223816654,0.1322077754134765
2020-07-27,0.15498392865796706,0.23530286372822046,0.16415818468217552,0.24415760063461767,0.20564875422210116,0.30724576009312415,0.12472283858190661,0.1296631118138007
2020-07-28,0.14682439579893855,0.2217113205622602,0.1637130213093116,0.24251486276484827,0.20564875422210116,0.30724576009312415,0.11897780730297208,0.13012871751834076
2020-07-29,0.14821386978231071,0.22564979524349638,0.15482201071339846,0.23170274428903595,0.20564875422210116,0.30724576009312415,0.1187562140675301,0.12198135156543953
2020-07-30,0.1417116651016535,0.21250341409504667,0.1617886996899653,0.2393310533434425,0.20564875422210116,0.30724576009312415,0.11442823818837478,0.12855807281404855
2020-07-31,0.14166375181251722,0.21531828300046904,0.15240959591079734,0.22833077064649435,0.20564875422210116,0.30724576009312415,0.11304916812747393,0.1199789044364404
2020-08-03,0.1422347993390506,0.21411276560239065,0.14991411019734513,0.22328593678453687,0.20564875422210116,0.30724576009312415,0.11393956406544009,0.11844393489640263
2020-08-04,0.13991969059848047,0.2103285899479008,0.1457846644444346,0.2166044291195926,0.20564875422210116,0.30724576009312415,0.1117888289712111,0.11459823476518681
2020-08-05,0.13557547776027726,0.20316849612875493,0.14523979675152793,0.2141426236458075,0.20564875422210116,0.30724576009312415,0.1083136993959642,0.11365639564335928
2020-08-06,0.1279283002500513,0.19185934315784678,0.14643926594888734,0.2155537986562895,0.20564875422210116,0.30724576009312415,0.10235122755041715,0.1147861302660772
2020-08-07,0.12268101077840271,0.18424923394752643,0.14265341225904327,0.21065793039632605,0.20564875422210116,0.30724576009312415,0.0977743540386132,0.11144799202554148
2020-08-10,0.11851726998115714,0.17744151925652837,0.14189349419966957,0.2087099815360044,0.20564875422210116,0.30724576009312415,0.09455199140285905,0.11060612925002045
2020-08-11,0.11633900519854584,0.17472274524334416,0.13837350163152828,0.2042104703650058,0.20564875422210116,0.30724576009312415,0.09248830121833423,0.10753425182295812
2020-08-12,0.13486835343417186,0.20480004143257344,0.1584205544032048,0.23608808743777293,0.20564875422210116,0.30724576009312415,0.10593251494717275,0.12234936735768155
2020-08-13,0.1308245732830462,0.1928468061081335,0.17557924755503174,0.255759769489031,0.20564875422210116,0.30724576009312415,0.10503195972438144,0.13814483151854096
2020-08-14,0.12212502792772084,0.1827363990406763,0.1611319574005734,0.2369744072342733,0.20564875422210116,0.30724576009312415,0.09687894924720766,0.12579210957091824
2020-08-17,0.1212882746756544,0.18118858129632415,0.15380567608703005,0.2261961453602822,0.20564875422210116,0.30724576009312415,0.0958877420808505,0.11974493098417698
2020-08-18,0.11605231658869491,0.1722135447063433,0.1531929990722677,0.2241072615249016,0.20564875422210116,0.30724576009312415,0.09206054202753752,0.11945859252505932
2020-08-19,0.11474342196686121,0.17180197107258566,0.14580998664132588,0.2146233839186952,0.20564875422210116,0.30724576009312415,0.09056979991014312,0.11298950183833291
2020-08-20,0.1260221671494081,0.1899514072734212,0.1490840186916731,0.22045011896319525,0.20564875422210116,0.30724576009312415,0.09900187826798029,0.11481964779533933
2020-08-21,0.13225112415322654,0.19785542269562273,0.1477032405817793,0.21664948280180224,0.20564875422210116,0.30724576009312415,0.1045553713903742,0.11412665806815532
2020-08-24,0.13173649575858157,0.1962956505188563,0.1444108619926016,0.2108984061030662,0.20564875422210116,0.30724576009312415,0.104247989691441,0.11161517311163946
2020-08-25,0.12988201840283492,0.19310941613260799,0.14102655749509124,0.20606607654623008,0.20564875422210116,0.30724576009312415,0.10297938564301234,0.10910530931183735
2020-08-26,0.1262403948473696,0.18779565948251273,0.13895696647947553,0.20240225510170226,0.20564875422210116,0.30724576009312415,0.10028969006868521,0.10749411153360702
2020-08-27,0.1379811662048797,0.20665639243961312,0.1445821584259765,0.2123353527621047,0.20564875422210116,0.30724576009312415,0.10832310170550964,0.11076522662019031
2020-08-28,0.154875495511127,0.23058157178303418,0.15275639871642266,0.22368909064242268,0.20564875422210116,0.30724576009312415,0.12155483342879851,0.11741011909885726
2020-08-31,0.14597143533078066,0.2122179004871187,0.1640540662246992,0.2366688668736984,0.20564875422210116,0.30724576009312415,0.11528977574351301,0.12910531051006693
2020-09-01,0.1684232504765133,0.25192275703944456,0.20174122828535013,0.29570434467873524,0.20282522011384574,0.3026822530051328,0.1302762577205296,0.15496685071375688
2020-09-02,0.18084094515210714,0.2638922650729826,0.192259769471665,0.27861978559559586,0.20282522011384574,0.3026822530051328,0.14081837660408217,0.15075136332399103
2020-09-03,0.18234913590439894,0.2671461788407165,0.17656026837777017,0.25682331011284953,0.20119544916433507,0.30223916937062667,0.14126422596500676,0.13763856062625857
2020-09-04,0.2368084890599984,0.3506075806238787,0.28795991341875693,0.42146198331643014,0.20399840771534972,0.30405293372678116,0.18004661325083085,0.22073956325227054
2020-09-08,0.2404512293186778,0.3475194250885035,0.2815064074835112,0.4023992618556409,0.20399840771534972,0.30405293372678116,0.1899152166180343,0.22060572857491573
2020-09-09,0.23393089896132413,0.3425012879133392,0.24192820456637254,0.3496226975876443,0.20399840771534972,0.30405293372678116,0.18291079459270942,0.187461245278787
2020-09-10,0.219461084114854,0.3175058036420121,0.24068352108165292,0.3441186582756401,0.20399840771534972,0.30405293372678116,0.17319250998091268,0.1878958392871605
2020-09-11,0.21501222144915988,0.3165103679379351,0.2105455247015049,0.30445828530382013,0.20399840771534972,0.30405293372678116,0.16879146887621166,0.1621358907593774
2020-09-14,0.20099979289472947,0.2918107812228518,0.22500217811770118,0.32038950167776287,0.20399840771534972,0.30405293372678116,0.16068599643531611,0.17548263315021484
2020-09-15,0.18321581720702151,0.26810937558560655,0.20437181592383802,0.29317347800126436,0.20399840771534972,0.30405293372678116,0.14524786103841217,0.1582315367250443
2020-09-16,0.17623591034089725,0.255372826523548,0.1856647825990494,0.26753170061506387,0.20399840771534972,0.30405293372678116,0.13795676146835095,0.14322873494475363
2020-09-17,0.1772412143943135,0.25981398285621266,0.17238037556524466,0.24937420469758964,0.20233065803446093,0.3035854199907075,0.1395027100186972,0.1325115775607202
2020-09-18,0.17976598686107154,0.2668400729559995,0.16382057500665248,0.23702129363449054,0.20233065803446093,0.3035854199907075,0.14301731073984,0.12589262724780675
2020-09-21,0.17918068091035666,0.2603776164523001,0.15871273624558369,0.2292389460174693,0.20233065803446093,0.3035854199907075,0.14202234400443087,0.12320958091786828
2020-09-22,0.18898633339882465,0.27950433139468195,0.16497651561977256,0.24130312795455527,0.2024781556931804,0.3037827789439964,0.14899076197901465,0.12664163963119462
2020-09-23,0.189627698230745,0.2764982898974212,0.16513610826775482,0.23806811554091012,0.2024781556931804,0.3037827789439964,0.15091859916041045,0.12839018509122277
2020-09-24,0.19705151364382234,0.290979480173764,0.16397452186597605,0.23962169477705708,0.2024781556931804,0.3037827789439964,0.1552454185551741,0.1258885075570885
2020-09-25,0.20077574386772523,0.2959886989289327,0.15983823445604128,0.23163834221449275,0.2024781556931804,0.3037827789439964,0.15994505605456422,0.12381647546163434
2020-09-28,0.18549948961920848,0.27251505601653864,0.17601882087090748,0.25241736861835873,0.2024781556931804,0.3037827789439964,0.14942065589733527,0.1375854078401058
2020-09-29,0.1773799224318081,0.2610904625116314,0.16124081210628372,0.23361420374331035,0.2024781556931804,0.3037827789439964,0.14101152683777568,0.12483482494705825
2020-09-30,0.17625153629433687,0.2609392113988797,0.15287695970295045,0.22218226349228032,0.2024781556931804,0.3037827789439964,0.1401563865199578,0.118139119106745
2020-10-01,0.18065171721923928,0.2644683311427256,0.14645147251365187,0.21417603753846912,0.2024781556931804,0.3037827789439964,0.14307544079225437,0.11386420298569346
2020-10-02,0.18376907115518126,0.26891855687561034,0.14245049015878364,0.20894130817596748,0.20145396409665328,0.30370969467201986,0.14501604363563336,0.11070730095648218
2020-10-05,0.1905958182422841,0.2800446886535165,0.14351812693930294,0.21124307353431804,0.20145396409665328,0.30370969467201986,0.1499989099145634,0.11125701104920403
2020-10-06,0.19549871312998124,0.2864558959435652,0.14247468740823233,0.20889168598514732,0.20145396409665328,0.30370969467201986,0.15432954921472802,0.11074424888986757
2020-10-07,0.20521863427551207,0.3023202812754348,0.14860405265361992,0.21936011155073387,0.20145396409665328,0.30370969467201986,0.1613462421690332,0.11495419336560651
2020-10-08,0.19947636788775858,0.2915016284294226,0.15645808656980748,0.2271603728983899,0.20145396409665328,0.30370969467201986,0.15908437178719415,0.12279248070649786
2020-10-09,0.18102625749300427,0.2656318646760023,0.16475270157207733,0.23883747917573725,0.20145396409665328,0.30370969467201986,0.14530165092967368,0.1296791031205029
2020-10-12,0.16279106025631246,0.2419490195942605,0.16573724521059513,0.24069914363643055,0.20145396409665328,0.30370969467201986,0.13149144941693874,0.1303041922635152
2020-10-13,0.156507889490425,0.23510426738550005,0.15402308751259042,0.22473306940926907,0.20145396409665328,0.30370969467201986,0.12541714965075185,0.11940783656766613
2020-10-14,0.16298696193462764,0.2453363914309244,0.151887460568233,0.2230641072216258,0.20145396409665328,0.30370969467201986,0.12955813458726645,0.11701853918378
2020-10-15,0.16870865991850953,0.2529673476407417,0.14903628910733768,0.2181070370893995,0.20145396409665328,0.30370969467201986,0.1345667181714009,0.1150807229849809
2020-10-16,0.17374950439284959,0.2620094151053446,0.14582138188784755,0.21387087347700937,0.20145396409665328,0.30370969467201986,0.13905159975767384,0.11237945579706866
2020-10-19,0.18135859662125148,0.2703346755945295,0.14356087379498317,0.2104803691818541,0.20145396409665328,0.30370969467201986,0.14454843354216934,0.1107041428429935
2020-10-20,0.19556230753088255,0.29201655533219306,0.15291586604689023,0.22559528383496258,0.20145396409665328,0.30370969467201986,0.15492422886399249,0.11716461673061736
2020-10-21,0.2038834347173859,0.30014034178963706,0.15110251949495546,0.22114447568825077,0.20145396409665328,0.30370969467201986,0.16164943743710664,0.11670513840089643
2020-10-22,0.2010577300997708,0.29326719276718144,0.14928694158789746,0.2174574983643763,0.20145396409665328,0.30370969467201986,0.15892396226994435,0.11573887522636489
2020-10-23,0.1941207212056657,0.28352935308815436,0.14510074720224542,0.2116412279572454,0.20179560965549959,0.3037780915620912,0.15302376920277216,0.1122342201444779
2020-10-26,0.18127524061884243,0.2665803729178181,0.14216599911588595,0.20818270189679344,0.20179560965549959,0.3037780915620912,0.1424825748279342,0.11036896731654217
2020-10-27,0.2097695572950068,0.31319402560598614,0.2083720766520225,0.30839102181443134,0.20241102265228939,0.30410204496037885,0.16062379152681017,0.1570914139735391
2020-10-28,0.23469921521743586,0.3434885582437829,0.20280523141406137,0.2958992410942058,0.20241102265228939,0.30410204496037885,0.18348285816078946,0.15579970317956215
2020-10-29,0.2729152068910924,0.40201348766371725,0.2648055859689351,0.38772410629639686,0.20428701419720452,0.3049000930373215,0.2098622518726091,0.19940679069821665
2020-10-30,0.27576735973044575,0.39815848938260534,0.25810985579884616,0.3703228991892053,0.20428701419720452,0.3049000930373215,0.2166319717829923,0.1991791367358269
2020-11-02,0.26737203651475683,0.38896514017893885,0.22635517721270337,0.3276179469326905,0.20428701419720452,0.3049000930373215,0.20819656209278223,0.17282712361692015
2020-11-03,0.2638523292150712,0.38296644051954165,0.20977125894520443,0.3024710584983557,0.20428701419720452,0.3049000930373215,0.20668610699276158,0.16074537968415425
2020-11-04,0.25081043683123516,0.3635792518522493,0.19910295778767662,0.28633538932758706,0.20428701419720452,0.3049000930373215,0.1964426275454177,0.15269232647390996
2020-11-05,0.22076112495573197,0.31250501493279914,0.27403072438464315,0.38920470185256484,0.20428701419720452,0.3049000930373215,0.17550072160828384,0.21400982150790385
2020-11-06,0.18892656778285588,0.2716100786671127,0.2519665998423337,0.3615098644949229,0.20428701419720452,0.3049000930373215,0.14861221978256461,0.19462755225229564
2020-11-09,0.16539671937578537,0.23552009732358986,0.2546973451010337,0.3642668240273198,0.20428701419720452,0.3049000930373215,0.1305588882433192,0.19738688692973874
2020-11-10,0.16106532953718522,0.23442710632640704,0.22282515263114044,0.3229891829709852,0.20428701419720452,0.3049000930373215,0.12526141505837363,0.1703957861412365
2020-11-11,0.1572569324666735,0.22692345257703467,0.21077450033606315,0.30310072802011084,0.20428701419720452,0.3049000930373215,0.1237851483387458,0.1624459981608133
2020-11-12,0.1439643716196769,0.20737882430013324,0.20289412973562138,0.29115516330654356,0.20428701419720452,0.3049000930373215,0.11362513250403583,0.15651942503253088
2020-11-13,0.15211429930312365,0.2245434306652126,0.1941261142039743,0.28322369004659653,0.20428701419720452,0.3049000930373215,0.118059713694135,0.1472829549446929
2020-11-16,0.1451849941136778,0.2086934927855022,0.2103854250598447,0.30052403933081157,0.20428701419720452,0.3049000930373215,0.11581582264674747,0.16266288147310554
2020-11-17,0.13305397065893482,0.19198598805698053,0.19191834588836587,0.2763034463739543,0.20428701419720452,0.3049000930373215,0.10426235447466474,0.14731326635473357
2020-11-18,0.1320174557388739,0.19224415546186369,0.17609957940285292,0.2549862267297112,0.20428701419720452,0.3049000930373215,0.10280295738289572,0.13421202304517243
2020-11-19,0.14280505408599353,0.2089378120901631,0.17182573425507708,0.25011180728695565,0.20428701419720452,0.3049000930373215,0.11052305337511695,0.13014643996607173
2020-11-20,0.14432560906248604,0.20800893027038483,0.169512013044681,0.2440474695802628,0.20428701419720452,0.3049000930373215,0.11256862722011161,0.12979124776129453
2020-11-23,0.14560674074287633,0.21198654959165822,0.1588186531660084,0.23071378394779873,0.20428701419720452,0.3049000930373215,0.11243179425687772,0.12032602175527958
2020-11-24,0.1407967602372684,0.2024332293668587,0.16208550441858638,0.23292212873196805,0.20428701419720452,0.3049000930373215,0.1101588070357854,0.124148299146136
2020-11-25,0.12858675056708735,0.1849506836515607,0.16255609327213127,0.23345952174071288,0.20428701419720452,0.3049000930373215,0.10092132295066891,0.12452347733013557
2020-11-27,0.1217925596616381,0.17609674836490777,0.15435226023954818,0.2227937916229439,0.20428701419720452,0.3049000930373215,0.09482330191792615,0.11760895049055262
2020-11-30,0.11815500584559985,0.17072874780770544,0.14976697092705693,0.21627894820891355,0.20428701419720452,0.3049000930373215,0.09170199662397721,0.11404186265230236
2020-12-01,0.1133270732240862,0.1642518214455605,0.14543657267366517,0.21002450359250033,0.20428701419720452,0.3049000930373215,0.08815942317312281,0.11048830819919114
2020-12-02,0.11552984869432442,0.16925976819092273,0.14033342296151574,0.20401602750615844,0.20428701419720452,0.3049000930373215,0.08965174338273374,0.10646254528735544
2020-12-03,0.1206588683604583,0.17709131479776405,0.13919034980490863,0.20269278673731853,0.20428701419720452,0.3049000930373215,0.09334916236149775,0.10534825089837555
2020-12-04,0.12506594060493098,0.18323911134805723,0.1379313902278808,0.2004394662860691,0.20428701419720452,0.3049000930373215,0.09671111979500173,0.10464727804153817
2020-12-07,0.12116626699394317,0.1762926865404758,0.1389106774588087,0.2009200091936641,0.20428701419720452,0.3049000930373215,0.09427278024568986,0.10591458468218333
2020-12-08,0.12279929234646542,0.1797293489846624,0.13621807484703685,0.19863340551561232,0.20428701419720452,0.3049000930373215,0.09479996613502334,0.10309196800920441
2020-12-09,0.12000073822097118,0.17324934608465486,0.14015819114915362,0.20234478222036034,0.20428701419720452,0.3049000930373215,0.0935355602227807,0.10718901591529853
2020-12-10,0.13079490349921097,0.19315261369965814,0.15226879843518093,0.22300734389245905,0.20428701419720452,0.3049000930373215,0.10058409469567121,0.11459733378398666
2020-12-11,0.140361130947682,0.20484847393114902,0.15235414862892993,0.22089174039564835,0.20428701419720452,0.3049000930373215,0.10936921888346658,0.11581462869190018
2020-12-14,0.14784275935337732,0.21659572087750203,0.15070546259398943,0.21934732667238058,0.20428701419720452,0.3049000930373215,0.1147376748760733,0.11401644402573809
2020-12-15,0.16175563907105522,0.2380820923011165,0.1586454018157364,0.2316426161000442,0.20428701419720452,0.3049000930373215,0.12542772791741047,0.11964860064742433
2020-12-16,0.15712941775049738,0.22548719422898109,0.1770288304957942,0.25295823518874844,0.20428701419720452,0.3049000930373215,0.12391159630001962,0.13609740690556238
2020-12-17,0.1485344877554381,0.2166355653506309,0.16291944825748927,0.2355791199805314,0.20428701419720452,0.3049000930373215,0.11598989277725756,0.12438201511888117
2020-12-18,0.14404294298676967,0.20997130904038536,0.1575443139590893,0.22750690016914277,0.20428701419720452,0.3049000930373215,0.11217427344045798,0.12021510320318153
2020-12-21,0.1405522743039157,0.20620297136603705,0.15102309137493597,0.2184798626270162,0.20428701419720452,0.3049000930373215,0.10874947469636101,0.1148693240143273
2020-12-22,0.169056512474005,0.25114487703471633,0.2068810550707818,0.3028081482933579,0.205579619580456,0.3052828188918994,0.12740732083914486,0.15364039762473794
2020-12-23,0.1787030895481122,0.2572229127959044,0.20428429834973927,0.2925982820895921,0.205579619580456,0.3052828188918994,0.13936482735753106,0.15578915577883223
2020-12-24,0.1674568732010162,0.2408275581661046,0.19312630862280689,0.27651046950402736,0.205579619580456,0.3052828188918994,0.13066434787459802,0.14721238954502847
2020-12-28,0.15003456232167173,0.21459986168889947,0.2010042183552989,0.2860752736032804,0.205579619580456,0.3052828188918994,0.11839918716136882,0.1541513010305708
2020-12-29,0.14289762200957778,0.20786384861182225,0.1797035826612442,0.25887313310066734,0.205579619580456,0.3052828188918994,0.11085032091446269,0.1359713127764
2020-12-30,0.15451655847499923,0.2264213021024728,0.17781445916056215,0.25803761519820384,0.205579619580456,0.3052828188918994,0.11873714529951777,0.13333306414825377
2020-12-31,0.1591423923787773,0.23012495980748648,0.1728703434821468,0.24815516248771957,0.205579619580456,0.3052828188918994,0.12389212100871237,0.13099623105939018
2021-01-04,0.15825669179669988,0.22910613993112536,0.16257439539416207,0.23393428141404896,0.205579619580456,0.3052828188918994,0.1226084081032702,0.1227628853291164
2021-01-05,0.1906230871193133,0.28165436456206167,0.22566511749354423,0.328032981618727,0.20626511404422976,0.30550984969629463,0.14438162629427315,0.16611146711862396
2021-01-06,0.20110866420672247,0.2863365945019833,0.22745712627093817,0.3223179070360951,0.20626511404422976,0.30550984969629463,0.15644205522629873,0.17232274855277416
2021-01-07,0.1938935740327904,0.27784556589938186,0.2043829083947688,0.29170411760219594,0.20626511404422976,0.30550984969629463,0.1490287647430632,0.15378858817994623
2021-01-08,0.1752928324387224,0.24778467808506827,0.22934489684278203,0.3231758630301502,0.20626511404422976,0.30550984969629463,0.1370789497345527,0.17493321713361995
2021-01-11,0.15509517137796758,0.22143912704083593,0.20918919130088165,0.2974143346173261,0.20626511404422976,0.30550984969629463,0.12010287033214193,0.15798121561631115
2021-01-12,0.1705931083316523,0.24877720084143218,0.21293932293381368,0.30824721936235105,0.2060007108447437,0.3052132069871861,0.12893731928612653,0.1579450331801655
2021-01-13,0.1772580000810141,0.25323680708244306,0.20783181496185277,0.29570317453825173,0.2060007108447437,0.3052132069871861,0.13784885116240256,0.15716466649686517
2021-01-14,0.16561850781817355,0.23616237424298267,0.20003761682184584,0.28399576285582484,0.2060007108447437,0.3052132069871861,0.12933194758837419,0.15161534119271322
2021-01-15,0.16727813947049164,0.24231648509791773,0.18422845620460215,0.2651950894776298,0.2060007108447437,0.3052132069871861,0.12863594386490712,0.1375791874698477
2021-01-19,0.17958078097501418,0.26043426908141604,0.1808936287214442,0.26048914197923523,0.2060007108447437,0.3052132069871861,0.13843703206762947,0.13492798002201228
2021-01-20,0.1785033452859376,0.2558320336492589,0.18098393943321756,0.2582726930383396,0.2060007108447437,0.3052132069871861,0.13991580406188486,0.13766388369788013
2021-01-21,0.16182976288933715,0.23115955673360578,0.1892115617598933,0.2689194288861357,0.2061467131583088,0.30547410992724733,0.12757097950615393,0.14455784491393736
2021-01-22,0.15123368202232335,0.21819757382234709,0.1731757607757769,0.24831860630635608,0.2061467131583088,0.30547410992724733,0.11773339264942288,0.13081307466154637
2021-01-25,0.154640492177602,0.2246940389823915,0.16388571301617239,0.23652078728863907,0.2061467131583088,0.30547410992724733,0.1193922683552755,0.122730477586319
2021-01-26,0.16640576538798524,0.24308411577192474,0.16678300992054873,0.24187929864579383,0.2061467131583088,0.30547410992724733,0.128657680935646,0.12468684995351301
2021-01-27,0.1729230825625635,0.2496300852628263,0.16388864944349923,0.2350950031155032,0.2061467131583088,0.30547410992724733,0.1348446966837447,0.12371110887096694
2021-01-28,0.2921227426393672,0.45493284283136787,0.48716970303029017,0.7357252682592528,0.21042504173523757,0.3153190167756197,0.21664758420718916,0.35668209527558903
2021-01-29,0.31257311193870985,0.4545143714463703,0.511623006041231,0.743992211459095,0.21042504173523757,0.3153190167756197,0.24671275765824335,0.39005390660784467
2021-02-01,0.29865339647072386,0.4495596207433425,0.4294273386615981,0.6360206884458628,0.20935481040349535,0.31508363273901274,0.2305715734033454,0.3216238907644271
2021-02-02,0.2926970994380136,0.43237002188705626,0.40039589343163295,0.585591419579949,0.20935481040349535,0.31508363273901274,0.22975353208082738,0.3032729625459053
2021-02-03,0.2555724497993854,0.37479798623166827,0.40535166514149057,0.5896476030404421,0.20935481040349535,0.31508363273901274,0.20282206307709424,0.3086085646002298
2021-02-04,0.22096391087914913,0.326903745399205,0.3762282763745217,0.5494765917971478,0.20935481040349535,0.31508363273901274,0.174658071739893,0.2849704697851271
2021-02-05,0.19077046037427003,0.2865931622048193,0.3342905464347281,0.49140931039038305,0.20935481040349535,0.31508363273901274,0.15072718118938877,0.25297044928137435
2021-02-08,0.17721076557404855,0.2669673357810168,0.29790733202773967,0.43781040208516914,0.20999542143079952,0.315318075615368,0.13981112162052936,0.22491693359042447
2021-02-09,0.1751391180378637,0.26656234825785724,0.25993140539259785,0.38421758882650586,0.20999542143079952,0.315318075615368,0.13705454574778117,0.1949561019071151
2021-02-10,0.17958890085438733,0.2729753340545843,0.23220697750689567,0.3439884492806535,0.20999542143079952,0.315318075615368,0.1403179963039086,0.17421903046883638
2021-02-11,0.18387112361340796,0.2785664396840115,0.20979063498002215,0.31121490682888553,0.20999542143079952,0.315318075615368,0.14330760941212406,0.15741776753784292
2021-02-12,0.17972653475964812,0.2701289018810435,0.19694501148534294,0.29039901926242634,0.20999542143079952,0.315318075615368,0.14094171142643103,0.14861469487474083
2021-02-16,0.16609017078660662,0.24954886800939288,0.19674285017761972,0.28872842091563244,0.20999542143079952,0.315318075615368,0.13114099124757844,0.1486005527155575
2021-02-17,0.17105302296498076,0.26214857749534043,0.18902508675766794,0.28296072479356604,0.20999542143079952,0.315318075615368,0.13189317676511156,0.14007538632774577
2021-02-18,0.17921939804593828,0.2694150573358863,0.18192330920915223,0.2693992458342572,0.20999542143079952,0.315318075615368,0.13856393313404664,0.13609506391203177
2021-02-19,0.18722537421733265,0.283444386965191,0.17566488248305923,0.2620207847193236,0.20999542143079952,0.315318075615368,0.14420361002976312,0.1304033440836651
2021-02-22,0.18986547241632024,0.28443592174368176,0.17122285185435349,0.25290749237878757,0.20999542143079952,0.315318075615368,0.1481975823496241,0.1284994488615097
2021-02-23,0.1976027082280134,0.3023646199486879,0.17086056820120732,0.2555198342343149,0.20999542143079952,0.315318075615368,0.15395906796802392,0.12669391589230816
2021-02-24,0.20267427691905254,0.304924563748237,0.16810817762425134,0.24843801126027865,0.20999542143079952,0.315318075615368,0.15889203030598686,0.1262003281971558
2021-02-25,0.1872526418259228,0.2792878771004284,0.18568243455763866,0.2715227061533959,0.20999542143079952,0.315318075615368,0.148136648466709,0.1407686609555294
2021-02-26,0.2419304056739543,0.3790488057595647,0.34121288372415504,0.5142396068983085,0.21267088469990514,0.31848256340693887,0.1810151374406427,0.2477475355366118
2021-03-01,0.27080887004526255,0.40442344843763534,0.32299143692571675,0.47349731216632623,0.21267088469990514,0.31848256340693887,0.20986723564587734,0.2412943753151911
2021-03-02,0.23854260438976316,0.35185248631466737,0.3589275023660743,0.519999037060013,0.21267088469990514,0.31848256340693887,0.18956738935581752,0.2718923894425799
2021-03-03,0.22077185418001338,0.33687236025254863,0.29849346068614535,0.4408508402327757,0.21267088469990514,0.31848256340693887,0.17181032828403012,0.22185017695069947
2021-03-04,0.24004835724437634,0.3679184946598961,0.2846851783517306,0.4225044376209584,0.2118485946376748,0.31829780699102833,0.18490458117974473,0.20966409950984416
2021-03-05,0.264922714964432,0.4024036035557372,0.27028710047957505,0.40028871125163873,0.2118485946376748,0.31829780699102833,0.20519437068241603,0.19999114771991094
2021-03-08,0.2500355444896235,0.36851495566294,0.3005979937981005,0.4358490855679691,0.2118485946376748,0.31829780699102833,0.19776266423876437,0.22753271920783255
2021-03-09,0.23552805016246986,0.35544044787912804,0.25413353809169315,0.37549651621845287,0.2118485946376748,0.31829780699102833,0.1825660739746861,0.18855056423789515
2021-03-10,0.22788623349910786,0.3399992247183907,0.24186487840768356,0.3541980841492826,0.2118485946376748,0.31829780699102833,0.178397514339007,0.1812682272934243
2021-03-11,0.20481572410257845,0.3089101454951222,0.23030541451942954,0.3378710790910401,0.2118485946376748,0.31829780699102833,0.1614584488407051,0.1732543798055463
2021-03-12,0.19042325424076717,0.2897151739342059,0.2101042800228109,0.3091289099670854,0.2128306929302708,0.3184742059409039,0.14953638035658223,0.15706511614561103
2021-03-15,0.18509024606276916,0.27655893326021025,0.20525008696460456,0.3008820005153153,0.2128306929302708,0.3184742059409039,0.14441135661138693,0.15394944712711423
2021-03-16,0.16460377519033698,0.2507621770290488,0.19144608389975237,0.281650777094748,0.2128306929302708,0.3184742059409039,0.12913413093712361,0.14276367317896085
2021-03-17,0.1607073988188365,0.2434560026480277,0.17768060288951393,0.26229796726985366,0.2128306929302708,0.3184742059409039,0.12512431205796123,0.1318955016832319
2021-03-18,0.15700539095268073,0.23576889878249316,0.17187181179848998,0.2530302600850814,0.2128306929302708,0.3184742059409039,0.12255842658263666,0.12812960129863155
2021-03-19,0.17767295510484532,0.2715412993959539,0.19717182303051672,0.29538973652971395,0.21236222452087428,0.3182583734025632,0.13510919612613514,0.14356176226615477
2021-03-22,0.18626634376916723,0.2775615237862812,0.19500360856508014,0.28631778880370223,0.21236222452087428,0.3182583734025632,0.1448616973655778,0.14503035800983427
2021-03-23,0.16501640380309568,0.24240772984170916,0.21942816348260397,0.31879310990584037,0.21236222452087428,0.3182583734025632,0.12984624789416582,0.16520809371002493
2021-03-24,0.1651721529029319,0.25150720050626685,0.20059817935857327,0.2990314741113338,0.21236222452087428,0.3182583734025632,0.1262031364244325,0.14685986447122118
2021-03-25,0.1842362376522101,0.2773910179321678,0.1970863629730849,0.29264273411868397,0.21236222452087428,0.3182583734025632,0.1417128862599792,0.14487837618487223
2021-03-26,0.17606125994394123,0.2608527681342515,0.20302575741257534,0.2964913205135459,0.21236222452087428,0.3182583734025632,0.1379151332297231,0.15194840038384627
2021-03-29,0.16109182224889257,0.2386673881444323,0.1951629234514186,0.28596917262128746,0.21347115978202869,0.31848590591764026,0.12558506644342265,0.14540319498547027
2021-03-30,0.17330473646582184,0.2638058808758462,0.19849163567314343,0.2966745015367396,0.21249791501163107,0.31823106079774915,0.1321818158049065,0.14451923033347308
2021-03-31,0.17321522277673457,0.25700539642410897,0.2013478571632351,0.2946622234896961,0.21249791501163107,0.31823106079774915,0.1351338334776052,0.15031749626357155
2021-04-01,0.1621371989207807,0.2454026426273241,0.18401586727267816,0.2713219803500279,0.21350257427008545,0.31843702818586966,0.12591682326065595,0.13637582143487825
2021-04-05,0.14504417192203692,0.21451658408935503,0.2183210460001238,0.3168212766934264,0.21350257427008545,0.31843702818586966,0.11457281310707196,0.16465406322001885
2021-04-06,0.13587615817857235,0.20846203063147536,0.19095580359684872,0.28338711861224647,0.21350257427008545,0.31843702818586966,0.10420494631739509,0.14041910813260652
2021-04-07,0.14382423396359972,0.21741988538839924,0.1818001544453377,0.2690864490761079,0.21350257427008545,0.31843702818586966,0.11132897533551388,0.13426620752513235
2021-04-08,0.1383645337414129,0.20494748370916063,0.1850356871369896,0.2708178260455949,0.21350257427008545,0.31843702818586966,0.10847752563215722,0.13803296675715088
2021-04-09,0.12909481257609884,0.19344542368378462,0.17157980382693527,0.25303749954441174,0.21350257427008545,0.31843702818586966,0.10020218235906568,0.1267182590908248
2021-04-12,0.12705813690622172,0.18905384804916608,0.16444442877210008,0.24244266045873605,0.21350257427008545,0.31843702818586966,0.09865672395137244,0.12131711176996351
2021-04-13,0.12769872101019164,0.1913483182516333,0.15678666552478382,0.2322985482393405,0.21350257427008545,0.31843702818586966,0.09850247158611516,0.11464850423505776
2021-04-14,0.1304870148056716,0.19468087052637167,0.15420203217843187,0.22779813994512388,0.21350257427008545,0.31843702818586966,0.10123593816848736,0.11342496181406962
2021-04-15,0.13407280116575918,0.20087448066340843,0.1493240436639972,0.2224372322126433,0.21350257427008545,0.31843702818586966,0.10311214229912513,0.10903238821913082
2021-04-16,0.1333881723629604,0.19739646091444865,0.15117921792546063,0.22313559168664865,0.21350257427008545,0.31843702818586966,0.1035046185901573,0.11147243745028171
2021-04-19,0.12927427250313528,0.19048115517022873,0.14850012712144778,0.2194487623178651,0.21350257427008545,0.31843702818586966,0.0998359930735198,0.10933450641651676
2021-04-20,0.13896885465109365,0.20889571308890323,0.15670556598300756,0.23487623465456695,0.21350257427008545,0.31843702818586966,0.10571973077360569,0.11350995753986194
2021-04-21,0.16732589241618973,0.24754845601686903,0.17903352333309375,0.2673694942026552,0.21350257427008545,0.31843702818586966,0.1265611098538062,0.1299781488051731
2021-04-22,0.16596542501960437,0.23958713362753326,0.18995975620296657,0.27692562064512843,0.21350257427008545,0.31843702818586966,0.1289191122983089,0.14152134175042672
2021-04-23,0.17079289832735756,0.25231920373608546,0.18159256933209833,0.2702633577070186,0.21350257427008545,0.31843702818586966,0.1295669690886591,0.13203203355469667
2021-04-26,0.17012442965950525,0.24326826813314348,0.1970815957700771,0.2861328421273626,0.21350257427008545,0.31843702818586966,0.13178965909431595,0.14703444119108405
2021-04-27,0.16283431665821546,0.2367208255341956,0.17595970025828278,0.2593023116740633,0.21350257427008545,0.31843702818586966,0.12381221222745459,0.12885896092341065
2021-04-28,0.16600739951404164,0.2379549873707637,0.1682643046580955,0.24698778920843295,0.21350257427008545,0.31843702818586966,0.12619685589148705,0.12388888078116363
2021-04-29,0.16157258966468002,0.23102279896734926,0.16218694070832196,0.2370358666921111,0.21350257427008545,0.31843702818586966,0.12299466088923372,0.11948050506042121
2021-04-30,0.16231793380380222,0.23345648292386448,0.1549576805540106,0.22748781576330313,0.21350257427008545,0.31843702818586966,0.12265739318802647,0.11314326211812645
2021-05-03,0.17662024437013957,0.25523505233588595,0.16195268273982122,0.23840438451636486,0.21350257427008545,0.31843702818586966,0.13275340105239264,0.11743543737375138
2021-05-04,0.17880537643386352,0.2541673776977926,0.16120865330671919,0.23338700764563103,0.21350257427008545,0.31843702818586966,0.1357758597507912,0.1185426926517793
2021-05-05,0.19017618991982577,0.2722369733834974,0.16438330693362424,0.2404615254373101,0.21350257427008545,0.31843702818586966,0.14230005567258408,0.11890056384278051
2021-05-06,0.1907453675528321,0.26920652125967565,0.16345428634142012,0.23517752577237983,0.21350257427008545,0.31843702818586966,0.14428560833633305,0.120193480595723
2021-05-07,0.1755591494942076,0.25133183872660564,0.16111289031981268,0.2329643461404421,0.21350257427008545,0.31843702818586966,0.13323761390255257,0.12075654571467358
2021-05-10,0.1541360027830575,0.21824714255526714,0.1920322387058092,0.2749393550306789,0.21021060715865536,0.31276808717474225,0.11886470121427044,0.14519446162356375
2021-05-11,0.17038979384237174,0.25169659296905217,0.22920937145604148,0.33755679247531833,0.2106410486322473,0.3128233492366358,0.12502828421905018,0.16599599975837914
2021-05-12,0.20917735975426743,0.3065057873780383,0.2510047657870935,0.3670930466973773,0.208580424256254,0.31218564404351173,0.15849541815471146,0.18480181044160435
2021-05-13,0.2688927361232024,0.39690288080775665,0.34351677801061875,0.5053484789236037,0.21068061049621267,0.31357796355057427,0.2012593214416943,0.2523377381456475
2021-05-14,0.27367027524986165,0.38508435787169915,0.3791386704175126,0.5383300087956281,0.21068061049621267,0.31357796355057427,0.2158760838387098,0.28998333195032766
2021-05-17,0.22121327576295513,0.3085954178939516,0.42618209224357284,0.602517119400846,0.21068061049621267,0.31357796355057427,0.1758936800110109,0.3252770209616015
2021-05-18,0.200377334926229,0.29073020677209155,0.345082735718097,0.49823305143385926,0.21068061049621267,0.31357796355057427,0.1535488036739019,0.2579186432438226
2021-05-19,0.2171165216152735,0.31676997418689157,0.313081421036256,0.45359538555751705,0.21068061049621267,0.31357796355057427,0.166295397052925,0.23309658663496144
2021-05-20,0.23284662717498383,0.3373225796410144,0.28209084898395087,0.4075336982971027,0.21068061049621267,0.31357796355057427,0.17931797639676034,0.2105588869602057
2021-05-21,0.22835952051363018,0.3250095316412601,0.26783574022045564,0.3825339281454155,0.21068061049621267,0.31357796355057427,0.17825680851558673,0.20270476950466806
2021-05-24,0.21408015821554005,0.30673134239543653,0.23507176394460605,0.33719623310298735,0.21068061049621267,0.31357796355057427,0.1659843686461374,0.17650144214275548
2021-05-25,0.1950679283033655,0.2763267780327774,0.2410344378698901,0.3429543612958318,0.21068061049621267,0.31357796355057427,0.15262149938214192,0.1824927059965506
2021-05-26,0.1834115735091737,0.26557770207816644,0.20695560278303415,0.29904188901813566,0.21068061049621267,0.31357796355057427,0.14121072247002198,0.15399908259269376
2021-05-27,0.1745595717342302,0.24775617310290052,0.21731216304669898,0.3085991366791235,0.21068061049621267,0.31357796355057427,0.1366817587155172,0.16369947688411246
2021-05-28,0.1592279024057353,0.22772841749869296,0.19921043282216888,0.28429996355799664,0.21068061049621267,0.31357796355057427,0.12340567686502635,0.14841187262061414
2021-06-01,0.151748889707792,0.21938719658510217,0.1795941015749163,0.25797926139818445,0.21068061049621267,0.31357796355057427,0.11705887612832273,0.13275269240433374
2021-06-02,0.16122195931461347,0.2358042982545209,0.18135529620389423,0.2632563772589837,0.21068061049621267,0.31357796355057427,0.12264923126307847,0.13247392334120361
2021-06-03,0.16994785573634935,0.24403597528049287,0.1771925322671477,0.25353911366296367,0.21068061049621267,0.31357796355057427,0.13207390164057475,0.1319193290113015
2021-06-04,0.17183406642384924,0.2495342647029992,0.16610371830564685,0.24009649526587631,0.21068061049621267,0.31357796355057427,0.13223858432791202,0.12220661733567381
2021-06-07,0.1612292329845012,0.22835347071241263,0.19672598374785832,0.2783002803603003,0.21068061049621267,0.31357796355057427,0.1269239005611269,0.14829795520271233
2021-06-08,0.1506427940790862,0.21755846806753468,0.17404509923324363,0.2500844444503649,0.21068061049621267,0.31357796355057427,0.11645063675048131,0.12899474938596991
2021-06-09,0.15858118306287355,0.23065057308848202,0.16795050108410714,0.2431186064909913,0.21068061049621267,0.31357796355057427,0.12161166287089756,0.12340017309067307
2021-06-10,0.17112302287063785,0.24912343096587433,0.1702193461032102,0.246699810556656,0.21068061049621267,0.31357796355057427,0.1313519721640971,0.12502629823248923
2021-06-11,0.16227205155046392,0.229084929335261,0.20693940913639342,0.2926209810958851,0.21068061049621267,0.31357796355057427,0.12791177115833172,0.15635706808722719
2021-06-14,0.14499170431441677,0.20833536889118742,0.18732857011242987,0.2682508903723624,0.21068061049621267,0.31357796355057427,0.11269271546301944,0.13960815428656598
2021-06-15,0.15186886399799693,0.2235308356536578,0.17616737332503618,0.2557214798734367,0.21068061049621267,0.31357796355057427,0.11736120326171959,0.12945804383169196
2021-06-16,0.1673144592046229,0.2450719168433748,0.17355672591938265,0.2521000186218085,0.21068061049621267,0.31357796355057427,0.12953944919276578,0.12782739108283242
2021-06-17,0.17963123843644768,0.2626960475692593,0.18032404491392096,0.2626321477020307,0.21068061049621267,0.31357796355057427,0.138093292150504,0.13212465528406583
2021-06-18,0.18613290749278932,0.2695656089695118,0.17607579209845126,0.25288649998764584,0.21093849557410005,0.3137624071095485,0.14603830710752108,0.13100844280652316
2021-06-21,0.210357093064508,0.3114119728184768,0.229614323603073,0.3349848920983067,0.21163662018200824,0.31382963466385677,0.16153872196501473,0.1668398235534004
2021-06-22,0.2060505225999011,0.2910684606746988,0.275922746170159,0.3888409781208192,0.2114103916087371,0.313945456190815,0.16427803237609978,0.2088516336179329
2021-06-23,0.1751856598860536,0.24997375102489186,0.256276388733399,0.3643081035369366,0.2114103916087371,0.313945456190815,0.1381005199638187,0.19223410986680609
2021-06-24,0.16322855823616322,0.23488138767029534,0.22510927364137734,0.32220527477154853,0.2114103916087371,0.313945456190815,0.12751781050592076,0.1675904242907214
2021-06-25,0.14818839193388522,0.21590504793044213,0.20479234485366837,0.29344248457787697,0.2114103916087371,0.313945456190815,0.1167039517054376,0.15228123652467543
2021-06-28,0.14713024590294532,0.21312754036468287,0.1891594926306761,0.27118980432458467,0.21294179457015971,0.314697134454533,0.11576447188933557,0.14081440380985785
2021-06-29,0.1474149985565818,0.21490499537712449,0.1732789394234049,0.24974449424902426,0.21294179457015971,0.314697134454533,0.11544758820243678,0.12824312670475627
2021-06-30,0.153076237008414,0.22350372250719758,0.1640988928538678,0.23696032914778434,0.21294179457015971,0.314697134454533,0.11989392962268787,0.12128342213242403
2021-07-01,0.15630816195359232,0.22591084338380749,0.1582224701171766,0.22752612251443402,0.21294179457015971,0.314697134454533,0.12264829343111479,0.1177327652036961
2021-07-02,0.15312026753466212,0.22022246962844222,0.1542707499022078,0.22148381409122656,0.21294179457015971,0.314697134454533,0.12002780031617293,0.11514359547306853
2021-07-06,0.14743284268810303,0.21149102804379943,0.15234105317820967,0.21849873991973662,0.21294179457015971,0.314697134454533,0.11547015582809736,0.11386898402165652
2021-07-07,0.16348628573426927,0.2389696719035796,0.17263153208245985,0.2515017161659175,0.21257154023857106,0.31452931796764444,0.1259318829868586,0.12676535382119
2021-07-08,0.17042930084446506,0.24513615543964493,0.17018552076774007,0.24402516310873532,0.21257154023857106,0.31452931796764444,0.1336450718155905,0.12716419831186712
2021-07-09,0.20655622461273282,0.3038369113159365,0.23529476667030025,0.3416725933660618,0.21214508621390127,0.3142421167305235,0.15879221761268986,0.17173015128666733
2021-07-12,0.20410137542288576,0.2837030357701813,0.29188396979425724,0.4087693226947423,0.21214508621390127,0.3142421167305235,0.162070526707299,0.22175953916546348
2021-07-13,0.18303983677271674,0.2599480570278727,0.2415292988917388,0.3443007467607074,0.21214508621390127,0.3142421167305235,0.1419678542365467,0.18031966155342893
2021-07-14,0.1946857505228098,0.2783484088260418,0.22179516523949827,0.31867496653854555,0.21214508621390127,0.3142421167305235,0.14971811335100893,0.16408833611873708
2021-07-15,0.19176394981359612,0.26990248243218434,0.21271081676658188,0.30166204565849813,0.21214508621390127,0.3142421167305235,0.14948484365236497,0.15970858288014883
2021-07-16,0.1926863549927852,0.27468966899182,0.1918625199552253,0.27571668794171306,0.21214508621390127,0.3142421167305235,0.14823399507350737,0.14192530497384673
2021-07-19,0.21388273022659243,0.30669599336149034,0.2012309601995843,0.29061043153514543,0.21214508621390127,0.3142421167305235,0.1642446634446077,0.14825749340272842
2021-07-20,0.2765887355778409,0.3967512004067506,0.2920588266003761,0.42218980358237834,0.21366503729236852,0.3149766932403691,0.20969162113868914,0.2134677487071971
2021-07-21,0.2740781119278284,0.37935482888213307,0.30898132676344536,0.43327382950181165,0.21366503729236852,0.3149766932403691,0.21429390403498433,0.23446330580019947
2021-07-22,0.23782863810078236,0.33075488033436184,0.2939595930841059,0.41350073621921285,0.21366503729236852,0.3149766932403691,0.1862037799145259,0.22218168878688993
2021-07-23,0.2188969412969869,0.30743807383357147,0.25130411802489805,0.35702326354638525,0.21366503729236852,0.3149766932403691,0.16961231218531472,0.18821930714606488
2021-07-26,0.2085327641051411,0.2922120266342421,0.22946539175734415,0.3232688478274869,0.21366503729236852,0.3149766932403691,0.1617887304941426,0.1704621883523902
2021-07-27,0.2070344145612404,0.2907548148716534,0.20482498310165553,0.29021466313277944,0.21366503729236852,0.3149766932403691,0.1592317746739383,0.15071917581552424
2021-07-28,0.23204521320992066,0.3271923742915553,0.21197178860402,0.304377136253377,0.21304967771429917,0.31471662082092566,0.1768525746178842,0.15572005783122478
2021-07-29,0.22782215089778002,0.3164198857131414,0.21090659720792737,0.29659294023135696,0.21304967771429917,0.31471662082092566,0.17673506412688383,0.15860305366675947
2021-07-30,0.21092336865560113,0.2929289544659163,0.1944688447075298,0.27366935305940576,0.2136104673930901,0.3149732034613568,0.16273956211869733,0.1453524351802499
2021-08-02,0.19231836053902296,0.279445823761232,0.17827707820783756,0.2538275298910293,0.2136104673930901,0.3149732034613568,0.15093278902839946,0.1320549955853862
2021-08-03,0.20852755013338442,0.30350133293676934,0.18212199311382937,0.26057146831633915,0.2099979491909778,0.30959822605767473,0.16280437860752606,0.13398189223073556
2021-08-04,0.20648451255963618,0.2939735920182538,0.19733035851769465,0.27668588750850276,0.2099979491909778,0.30959822605767473,0.16473742728346913,0.14839143462316015
2021-08-05,0.19840198323686564,0.2839071002050194,0.17658832046500095,0.2501903675455786,0.2099979491909778,0.30959822605767473,0.15578508849138722,0.13101191212702984
2021-08-06,0.19150049822160364,0.2727432112437591,0.17341101015094873,0.2441024781929983,0.2099979491909778,0.30959822605767473,0.15106560494090387,0.12951413109142773
2021-08-09,0.1678292625666326,0.2416958685901842,0.18179982133357142,0.25584820528541274,0.2099979491909778,0.30959822605767473,0.13197591199365494,0.1378050575055059
2021-08-10,0.16224107977560387,0.23714334769176226,0.1655180757975523,0.23720550124780967,0.20850811102837752,0.3074215097237596,0.12614822829484668,0.12297492938048048
2021-08-11,0.16869119932879995,0.2434754112021667,0.1606111401399397,0.22898326705975108,0.20850811102837752,0.3074215097237596,0.13312497499747727,0.11988361018650795
2021-08-12,0.16425180842287207,0.23345410961946098,0.16475134065947916,0.232663162357268,0.20850811102837752,0.3074215097237596,0.13051396587910602,0.12411440976065097
2021-08-13,0.15259985629066952,0.21805660691714002,0.15956822504474188,0.22611659213979815,0.20850811102837752,0.3074215097237596,0.12061110755165924,0.11980960615662672
2021-08-16,0.14886096540285315,0.21330731855127047,0.15194594903039715,0.2161231575068916,0.20850811102837752,0.3074215097237596,0.11695205668460097,0.11332289537210409
2021-08-17,0.15705435666687306,0.22690842264931374,0.15257709603161396,0.21912551558911492,0.20850811102837752,0.3074215097237596,0.1228471660165822,0.11283270959518714
2021-08-18,0.18196722211837446,0.2652234557900696,0.19011011820406543,0.27385749383150165,0.2069546502233398,0.30657254513906745,0.14165991257683397,0.13972939966096942
2021-08-19,0.2314606778395465,0.3379720604564059,0.2811001341401189,0.4028185952432102,0.20823915125586456,0.3071458756058524,0.1786867821868512,0.2060672623039177
2021-08-20,0.25581281530719013,0.36535885653621314,0.2598508977304079,0.3662440807324076,0.20823915125586456,0.3071458756058524,0.20246633954965657,0.19410317481967942
2021-08-23,0.22861711230582793,0.31949586641044897,0.301879412381044,0.41901735537896967,0.20823915125586456,0.3071458756058524,0.18410572980235104,0.22974094687727273
2021-08-24,0.19487595977554945,0.27606669827445857,0.27727937981672746,0.38757353172863557,0.20823915125586456,0.3071458756058524,0.1562500704663262,0.2092848902443231
2021-08-25,0.17910968715619913,0.2527589150270938,0.23498404731460543,0.332890740055836,0.20823915125586456,0.3071458756058524,0.14175223692678107,0.17662781285488305
2021-08-26,0.17513639668147107,0.24644983159092526,0.21290050012047956,0.300542704691814,0.20691213267794284,0.3065302614002071,0.13998071346941565,0.1603998356692806
2021-08-27,0.1940275212829028,0.2786147740722265,0.22329046315720347,0.32093101079123065,0.20677200527805173,0.3063113322969226,0.15290380850279106,0.16572526809656518
2021-08-30,0.1800410621895599,0.2489933094512891,0.2642999842642286,0.36893369957730976,0.20677200527805173,0.3063113322969226,0.14551739909652106,0.20259523116256878
2021-08-31,0.16144822144210402,0.2286783005325278,0.22591511116919283,0.3214406982769161,0.20677200527805173,0.3063113322969226,0.1292400577146955,0.17114803328595354
2021-09-01,0.1649291765707836,0.23517443477339,0.20257865203355618,0.28946280061392476,0.20677200527805173,0.3063113322969226,0.13186686270245046,0.1527473678583438
2021-09-02,0.16413231846237442,0.23250327609979285,0.18918778296955985,0.2685851160136315,0.20677200527805173,0.3063113322969226,0.13195406992104944,0.14327847438464952
2021-09-03,0.1663664465956226,0.237245997768114,0.1731512647688911,0.247199942547668,0.20677200527805173,0.3063113322969226,0.13288506974594683,0.1299696126450027
2021-09-07,0.17141666337957107,0.24337280316543353,0.1640682343342128,0.23369000196329615,0.20677200527805173,0.3063113322969226,0.13711985819439493,0.12366754182760767
2021-09-08,0.18943344544219598,0.2732913091931597,0.1855597589790221,0.26915193382575897,0.2062350098174457,0.306076167139422,0.15003852787987548,0.1391281078613944
2021-09-09,0.20176250728444567,0.2862373352165259,0.18066829708284382,0.257639546883446,0.2062350098174457,0.306076167139422,0.16190769718261613,0.13755491736994602
2021-09-10,0.20841656548918464,0.2990880463907287,0.17144970952591232,0.24834350096208901,0.2062350098174457,0.306076167139422,0.1667166372490128,0.13046816080461016
2021-09-13,0.23146021713232923,0.33586258245024647,0.20064122916764493,0.29083202278450493,0.20609255292849826,0.30591558997539914,0.18490099327452947,0.15128430862021297
2021-09-14,0.22860621127091596,0.3246313317359478,0.2108987136627286,0.29787510659730027,0.20609255292849826,0.30591558997539914,0.18602357589250237,0.16297629952509468
2021-09-15,0.2220048682456835,0.3176814714039474,0.18535165380518992,0.2653141317959185,0.20609255292849826,0.30591558997539914,0.17923704522820633,0.14157414561380904
2021-09-16,0.20857166067399058,0.2957898824101305,0.19190584539933542,0.2713762608032706,0.20609255292849826,0.30591558997539914,0.1697018005400633,0.14798873881634278
2021-09-17,0.20600849317435077,0.2960453136610365,0.1724309410001984,0.24744628647754405,0.20609255292849826,0.30591558997539914,0.16568833960939555,0.1308815048590297
2021-09-20,0.22578722277294827,0.3298116138518111,0.19806161618142015,0.2862187883528417,0.20618810466848092,0.30581426631981007,0.18121826825498816,0.14901360374163036
2021-09-21,0.2772595538618451,0.40518649585480887,0.2990307115243407,0.43009352131923234,0.20740718656104196,0.3066878475980868,0.22016142946169107,0.22364906756817374
2021-09-22,0.29061230588000464,0.4139437391474656,0.28070461850704476,0.39482010170009885,0.20740718656104196,0.3066878475980868,0.23580255589589885,0.2156082093669644
2021-09-23,0.2520442534316498,0.35439911380107375,0.31219835342280344,0.4342879554930805,0.20740718656104196,0.3066878475980868,0.20621201177734183,0.24145307551510303
2021-09-24,0.2096498055892811,0.29502346839571736,0.30381773460436623,0.4234186312612775,0.20740718656104196,0.3066878475980868,0.1707723240946847,0.2334540103453115
2021-09-27,0.18631852499662305,0.26621635581164044,0.26437607621185033,0.37171464579382335,0.20740718656104196,0.3066878475980868,0.15136696375436393,0.2027150592251893
2021-09-28,0.19154740708375062,0.2759128904995802,0.2316479401584517,0.3303163364739897,0.20740718656104196,0.3066878475980868,0.15336992164760616,0.17599580478104174
2021-09-29,0.24156066119315334,0.3503956258376895,0.3122662123796274,0.4479930953248021,0.2086754138819148,0.3076044385321387,0.19012201442484367,0.23402873316076217
2021-09-30,0.2608829849144092,0.36872392255289815,0.28789606162402204,0.4047618044272412,0.2086754138819148,0.3076044385321387,0.20995241219116687,0.22042604674526523
2021-10-01,0.2616679784117678,0.37234970384556393,0.24870533052495625,0.35147074386172883,0.2086754138819148,0.3076044385321387,0.20961446201042033,0.18893702193838943
2021-10-04,0.24420239286997913,0.34316974430747915,0.248544740171599,0.3468486686084167,0.2086754138819148,0.3076044385321387,0.19741896912546555,0.19104396621519926
2021-10-05,0.24765867793380814,0.35494621540868937,0.2244925676542826,0.3194127322168944,0.2086754138819148,0.3076044385321387,0.1969724499003006,0.16890717534360117
2021-10-06,0.24121960677569954,0.33935081001804374,0.22600351602477442,0.3155771753339229,0.2086754138819148,0.3076044385321387,0.19456833268377077,0.1733187702314904
2021-10-07,0.2299395490762849,0.32558878947079584,0.20001340118166056,0.28130269994523155,0.2086754138819148,0.3076044385321387,0.18440619710136277,0.15203092182684838
2021-10-08,0.21270755382928125,0.2991225237610629,0.20430724041540982,0.2851976854367002,0.2086754138819148,0.3076044385321387,0.17149388327260995,0.15649903639311571
2021-10-11,0.19578875474947366,0.2764570601391916,0.1910652322150923,0.2679665029211113,0.2086754138819148,0.3076044385321387,0.15712465617494192,0.1455378476476433
2021-10-12,0.20278982997567463,0.29058691141912313,0.18320248287158702,0.2609897400378648,0.2086754138819148,0.3076044385321387,0.1607947354226114,0.1372753770345296
2021-10-13,0.21141213155854954,0.2997405455146319,0.17672360634171302,0.24910137480066843,0.2086754138819148,0.3076044385321387,0.16919879155118053,0.13377780001403908
2021-10-14,0.19733561480030637,0.27756238147129386,0.18394857665411202,0.2572233992464902,0.20959124094859927,0.30797232754454845,0.15871565510628735,0.14045444642856175
2021-10-15,0.16826790847186002,0.23502775328062778,0.21075341361151723,0.29315249584354514,0.20959124094859927,0.30797232754454845,0.13603186812460463,0.16148126803441265
2021-10-18,0.15008680325875207,0.21186016138627914,0.19257538789504913,0.26991521650912853,0.20959124094859927,0.30797232754454845,0.12001187830355207,0.1456273138013774
2021-10-19,0.1492611721948302,0.21300129104370824,0.17596285015034807,0.2481597365108292,0.20959124094859927,0.30797232754454845,0.11927034469190677,0.13248979635663582
2021-10-20,0.1427498579771624,0.20154098749260474,0.17324222791330324,0.24281659879490416,0.20959124094859927,0.30797232754454845,0.11434595340815008,0.13109498973919753
2021-10-21,0.13781465185111869,0.1957404621821981,0.16329000982759512,0.22982969831284705,0.20959124094859927,0.30797232754454845,0.10998648640415089,0.12296395558700227
2021-10-22,0.1312049991624502,0.1856726033757777,0.161499777257037,0.22677149678428588,0.20959124094859927,0.30797232754454845,0.10484539206330094,0.12186201679377387
2021-10-25,0.13510407748285802,0.19370139362836447,0.15528372322282102,0.22019319516140365,0.20959124094859927,0.30797232754454845,0.10708877310991333,0.11589882725765552
2021-10-26,0.13893270301102323,0.19803292581036547,0.15379163799795093,0.21683284352179358,0.20959124094859927,0.30797232754454845,0.11092505475656775,0.11580319874832624
2021-10-27,0.14799084810630359,0.2129938164746837,0.15693960802138962,0.22327862903255763,0.20959124094859927,0.30797232754454845,0.11715820338856896,0.11689706434957096
2021-10-28,0.16596922611395593,0.23887299394927605,0.17007389879680956,0.2419522442900381,0.20959124094859927,0.30797232754454845,0.13163665894315374,0.1266459881631276
2021-10-29,0.16911358439304414,0.2400648491620218,0.16827577721043974,0.2366263414374004,0.20959124094859927,0.30797232754454845,0.13551527560070864,0.12698785351948255
2021-11-01,0.165266233146053,0.23392559788162567,0.16047215790173563,0.2261826444389382,0.20959124094859927,0.30797232754454845,0.131710216706672,0.1208185963549882
2021-11-02,0.16895629272805157,0.23930018278798562,0.15358270112965378,0.21746556961629807,0.20959124094859927,0.30797232754454845,0.13368239919127767,0.11507656181638747
2021-11-03,0.16698553057922638,0.2353223587167754,0.15295667358427512,0.21567836152031802,0.20959124094859927,0.30797232754454845,0.13239959461025003,0.11529073127814031
2021-11-04,0.15163067707550976,0.21243411308875676,0.16563838488157345,0.23228754869659787,0.20959124094859927,0.30797232754454845,0.12067355834484675,0.12564320425933734
2021-11-05,0.1532228885389741,0.22025183523357084,0.1541341486662603,0.21953212888396612,0.20959124094859927,0.30797232754454845,0.12023694056372938,0.11524283854520809
2021-11-08,0.16870867512673143,0.24266307003928372,0.1676590647364915,0.23974873992044662,0.2099985588177754,0.3083375203437479,0.1328368797553678,0.12486353542692306
2021-11-09,0.18619965768936175,0.2649111862181061,0.17176455327483997,0.2447178406226061,0.2099985588177754,0.3083375203437479,0.1465996142972355,0.12842814415941806
2021-11-10,0.19707776574980496,0.2804850495264084,0.16906691639311777,0.24056778643018797,0.2099985588177754,0.3083375203437479,0.15638898156492803,0.12675765671340414
2021-11-11,0.2085386843266132,0.2992426136500363,0.17202942771807694,0.24547709240404014,0.2099985588177754,0.3083375203437479,0.16630126142710686,0.12898934883507787
2021-11-12,0.2023867894013482,0.2861709276714728,0.17987670874876072,0.2525618612811143,0.2099985588177754,0.3083375203437479,0.16309388481747775,0.13708732131055823
2021-11-15,0.17817872918119354,0.2509957929599147,0.1949245070841148,0.2727868709544392,0.2099985588177754,0.3083375203437479,0.14397588862102062,0.14885940836818
2021-11-16,0.1737943200044404,0.24813480294351095,0.1735865134374368,0.24612974628294026,0.2099985588177754,0.3083375203437479,0.13869261858494153,0.13058804340964103
2021-11-17,0.17637466605092278,0.2510363861868982,0.1649906155505807,0.23346013167023943,0.2099985588177754,0.3083375203437479,0.1409705998973719,0.1243525598361645
2021-11-18,0.1862781763029332,0.2663307553704324,0.16332310135340555,0.2329186715619372,0.2099985588177754,0.3083375203437479,0.14762478568049556,0.12211888854371303
2021-11-19,0.19924745766180507,0.2833718017988721,0.16243282378431223,0.23114309686668566,0.2099985588177754,0.3083375203437479,0.1576256140409104,0.12188586847122096
2021-11-22,0.20764406423398163,0.2947866513894641,0.15875091070377456,0.22570370487275257,0.2099985588177754,0.3083375203437479,0.16427816353631672,0.11924619265590589
2021-11-23,0.22357829348813818,0.3189037729720258,0.17101443193340615,0.244531738199554,0.2099985588177754,0.3083375203437479,0.17590982646176487,0.12753810180472402
2021-11-24,0.2336837737117039,0.33129586838186775,0.16715122470519983,0.23717654418101158,0.2099985588177754,0.3083375203437479,0.18543106633834552,0.12575653740250087
2021-11-26,0.2247325726071293,0.3171889943520512,0.16828270956493863,0.23692445294382278,0.2099985588177754,0.3083375203437479,0.1797392161082524,0.12764510536662513
2021-11-29,0.31488086327389564,0.4665419333316867,0.4937624957701523,0.7254861865018686,0.21357306145202104,0.3160387842878034,0.24239463491735466,0.3626674548645239
2021-11-30,0.31437020469783394,0.44065143858859157,0.5105923941641928,0.7241157463223605,0.21357306145202104,0.3160387842878034,0.2553320938658358,0.38993291927794604
2021-12-01,0.312360544738546,0.45403219592602234,0.43289169161816,0.6287929661572825,0.2140660584614762,0.31613651276665083,0.24602712524376885,0.322148647040383
2021-12-02,0.35577649437136327,0.5144703398009671,0.40827031188518403,0.5924219275499646,0.21463049010516977,0.3161046560448034,0.2819694673632658,0.3048044421025332
2021-12-03,0.3459434089716772,0.4898980473116904,0.37870838798080286,0.5398966429065115,0.21463049010516977,0.3161046560448034,0.27862992615568527,0.28761418687067763
2021-12-06,0.34555750494131954,0.49765990016484524,0.31983949645121057,0.4636631484720601,0.21463049010516977,0.3161046560448034,0.2742093597863411,0.2382927009148507
2021-12-07,0.3252317002243035,0.46008507429539985,0.31952154682000367,0.45466868548543476,0.21463049010516977,0.3161046560448034,0.2629149162048682,0.2436024443250563
2021-12-08,0.2624264860664557,0.3663184734072605,0.39402745365033076,0.5589534333899558,0.21463049010516977,0.3161046560448034,0.21449502445630683,0.3031054852422475
2021-12-09,0.21274505615247602,0.3009778497506709,0.35138031107535217,0.502324947697232,0.21463049010516977,0.3161046560448034,0.17212786989968307,0.26760592431860253
2021-12-10,0.21464069663600577,0.31139061283803066,0.3002177023315036,0.43572865400591054,0.21463049010516977,0.3161046560448034,0.1704695032052895,0.22441503733712084
2021-12-13,0.19494020063546758,0.2735393113713808,0.3205077580996363,0.45618012726752516,0.21463049010516977,0.3161046560448034,0.15906917610270638,0.24490477327472351
2021-12-14,0.19121177130219957,0.27803072884869484,0.27202415686520265,0.3960379941719465,0.21463049010516977,0.3161046560448034,0.15150330236896326,0.20279121417099225
2021-12-15,0.21584066257768886,0.31278100651773894,0.2588763900170882,0.37691447789384463,0.21463049010516977,0.3161046560448034,0.17160039433800955,0.193001902043734
2021-12-16,0.1990956964895889,0.2802704274176838,0.28043954305230956,0.39968723233180004,0.21463049010516977,0.3161046560448034,0.1622851950215508,0.21405524489349367
2021-12-17,0.19321917028492808,0.2804318353003789,0.23817847513338075,0.34688447371025705,0.21463049010516977,0.3161046560448034,0.15379822546414357,0.17746522761365777
2021-12-20,0.21166697094935416,0.3053128496464771,0.22312242063615828,0.32445979151542903,0.21463049010516977,0.3161046560448034,0.16875038346176624,0.1665742832912373
2021-12-21,0.2269957307162973,0.3283699200301073,0.21419206400024426,0.3121617365024358,0.21463049010516977,0.3161046560448034,0.18158323438159754,0.1599205760879382
2021-12-22,0.21673926828798118,0.3076526140398854,0.22389532496665066,0.3203289815350742,0.21463049010516977,0.3161046560448034,0.1764630018787967,0.17077323026208405
2021-12-23,0.1814472832478829,0.25559987662271993,0.2529230060774501,0.36098922405842443,0.21463049010516977,0.3161046560448034,0.14853710189118136,0.19381052499744789
2021-12-27,0.15796649130106605,0.2256641797037011,0.22312174336834856,0.3219110995868618,0.21463049010516977,0.3161046560448034,0.127755915921888,0.16914793945439285
2021-12-28,0.15091648876529273,0.21616804538542284,0.1997486265473215,0.2894495285230656,0.21463049010516977,0.3161046560448034,0.12153061752791887,0.15091764445948447
2021-12-29,0.14888261617658266,0.21352271021824065,0.18228126167564396,0.2649862773581304,0.21463049010516977,0.3161046560448034,0.11976536346735185,0.13759270177308452
2021-12-30,0.14192098803632974,0.20251083345276052,0.17513030337480673,0.2541002283214687,0.21463049010516977,0.3161046560448034,0.1147022139000404,0.1328766581451803
2021-12-31,0.1427096071303292,0.20619856783023288,0.16420995946117423,0.23871166316877762,0.21463049010516977,0.3161046560448034,0.11431251743784303,0.12206557809614857
2022-01-03,0.14711129796263372,0.21120998333171448,0.15912728463517312,0.22990737394203561,0.21463049010516977,0.3161046560448034,0.11850352229150948,0.11868265414559005
2022-01-04,0.14068403776722732,0.20021924455335116,0.16065301760732398,0.23081499633571329,0.21463049010516977,0.3161046560448034,0.11365350145038257,0.12066690834653945
2022-01-05,0.14121017161245708,0.20311122971937118,0.15206971495841715,0.22118918683759808,0.21400604310101246,0.3161199315725834,0.1128784659433769,0.11312362912910574
2022-01-06,0.17418748310962978,0.255083369268209,0.2273725080010478,0.33470836398654413,0.21497979070151607,0.31624950452638906,0.13605179419363694,0.16762166468688727
2022-01-07,0.19602089820353857,0.2790378196583606,0.21534405564394377,0.3111097432217128,0.21497979070151607,0.31624950452638906,0.15714146152769426,0.16226413983726592
2022-01-10,0.18727488424806638,0.26457231531116515,0.20321541636750096,0.29257314141248614,0.21497979070151607,0.31624950452638906,0.15060659489706452,0.1539938385143539
2022-01-11,0.1881351790048726,0.26987759470091427,0.18364567012980937,0.2683086269027735,0.21497979070151607,0.31624950452638906,0.15000071511980342,0.13750668146629985
2022-01-12,0.182908322557236,0.2588305581618392,0.18482985338232483,0.26676934005930936,0.21497979070151607,0.31624950452638906,0.14757987576604453,0.14060272221688447
2022-01-13,0.16819048275024395,0.23795022859321222,0.17846155111177642,0.2583513628914757,0.21497979070151607,0.31624950452638906,0.13523132852550274,0.13571280953112888
2022-01-14,0.18931806525992723,0.2748916726314348,0.2160794734888457,0.31811451454668616,0.21578105158795458,0.3163350148187294,0.14761517312229872,0.1594138530976184
2022-01-18,0.1976549039755272,0.2776297040989799,0.21652904566791442,0.3100555803317902,0.21578105158795458,0.3163350148187294,0.1586141217818835,0.1644228873892122
2022-01-19,0.22049467395777755,0.3183756793863633,0.2544061751434403,0.3725948650798695,0.21491089053046408,0.31545052102894056,0.1710706875462688,0.1879134394508952
2022-01-20,0.252852964642983,0.3585326793762767,0.24704030137194,0.3560143469109528,0.21491089053046408,0.31545052102894056,0.19972397457736552,0.1855988809915985
2022-01-21,0.2708098693710088,0.38447415544139846,0.2349262517083841,0.33780831120534377,0.21491089053046408,0.31545052102894056,0.21300023520621006,0.1751146647616673
2022-01-24,0.29817223438825247,0.4243299295183489,0.2508091729857098,0.3621984473906569,0.2144609469317147,0.3151247083754806,0.23393506841117384,0.18630486485402428
2022-01-25,0.3177341060050338,0.4388079575330877,0.23415574914405424,0.33622518129330686,0.21253386270602537,0.3134186520458253,0.24509822443438062,0.17794474457410026
2022-01-26,0.3155941092321788,0.43643929030861267,0.21466507573364735,0.30858073802114633,0.20835377111341025,0.28738506418191956,0.24398370177943418,0.1628230259850904
2022-01-27,0.3111708368508921,0.43201972053568494,0.19817505353755338,0.28456531066647445,0.20835377111341025,0.28738506418191956,0.2419390947160854,0.1504049018119487
2022-01-28,0.2758186859630243,0.37723904172793754,0.19226914105621673,0.27369050024989283,0.20835377111341025,0.28738506418191956,0.21250613588801245,0.14756796366012997
2022-01-31,0.25462506058486856,0.347163370914995,0.21251365285298196,0.3004654854586313,0.20675723991571893,0.28684223508087425,0.1975895371608853,0.1641276824028674
2022-02-01,0.2310473218607556,0.31535323319928843,0.23233764251358824,0.3280769921404071,0.20675723991571893,0.28684223508087425,0.18018209831678017,0.17977778071275738
2022-02-02,0.22026979542688263,0.30695204527003045,0.256025678687973,0.3613135039313438,0.20675723991571893,0.28684223508087425,0.17299306587171817,0.19827374800968983
2022-02-03,0.21118341518110983,0.2966820098933995,0.2164234193733683,0.3094511942868322,0.20675723991571893,0.28684223508087425,0.16292602492758507,0.16518188165600403
2022-02-04,0.2291779343184981,0.3257701780553151,0.21989823157798138,0.3180287779326809,0.20641390063326526,0.2867824676276522,0.17582501067434872,0.1660873817344683
2022-02-07,0.23078682896234537,0.322419244232061,0.2113177741112039,0.3005310489025363,0.20641390063326526,0.2867824676276522,0.17980465655082234,0.1622592268320292
2022-02-08,0.22111586059209964,0.3102900651245048,0.18958579835220313,0.2709807548812412,0.20641390063326526,0.2867824676276522,0.17101925607428886,0.14475662178251048
2022-02-09,0.206391772458134,0.2876874451232584,0.19160968137688394,0.27225994115240315,0.20641390063326526,0.2867824676276522,0.16085472929018024,0.14722372720418797
2022-02-10,0.18391618311720503,0.25535414029956816,0.19576702934482193,0.2780442172765693,0.20641390063326526,0.2867824676276522,0.14417384919672144,0.15052437772376426
2022-02-11,0.2077209253771788,0.2966562000492965,0.25401396163103174,0.36824869045461006,0.2079805815635547,0.28722764239748816,0.15869171464396892,0.18916194668735045
2022-02-14,0.2528864147706247,0.3571391644720031,0.2867120542472392,0.4129761354508438,0.20783237184755343,0.28713002394636566,0.1963270555886612,0.21572736945671012
2022-02-15,0.27925086510990393,0.39098834126498483,0.26064155352855656,0.3726757481411213,0.20783237184755343,0.28713002394636566,0.21641094606308867,0.19801373168618785
2022-02-16,0.2608014884458485,0.36239712333335006,0.2605470349127006,0.36761746763183323,0.20739594182820298,0.28701446063394437,0.20478457263573074,0.20061289070293115
2022-02-17,0.23691328857135374,0.33089769115779133,0.23664434892962127,0.33501245768831867,0.20739594182820298,0.28701446063394437,0.18334899270603008,0.18106748466766603
2022-02-18,0.2560050789238739,0.3642560371815522,0.2537384424778293,0.36678420802407596,0.20787863694469966,0.2871410744746002,0.1952632719942634,0.1906882387784639
2022-02-22,0.2707587281110906,0.3771656424847789,0.23434171791851488,0.333314546477583,0.20787863694469966,0.2871410744746002,0.21045545338046553,0.17887299221936176
2022-02-23,0.2741648695358896,0.3836567346464159,0.20973036547182122,0.300435212062688,0.20787863694469966,0.2871410744746002,0.21276098040855898,0.15872941584522626
2022-02-24,0.28969868299502344,0.4062584067310375,0.20789714907633539,0.29934464711370745,0.20787863694469966,0.2871410744746002,0.22510785267733105,0.156578098824114
2022-02-25,0.2932947229589957,0.4073176378301162,0.19574528030859983,0.27844134833912687,0.20787863694469966,0.2871410744746002,0.23186210748254976,0.14922860162418655
2022-02-28,0.266996554263202,0.36786259137420035,0.2143159124363606,0.301884780762536,0.20787863694469966,0.2871410744746002,0.2138157149886147,0.1650918368307903
2022-03-01,0.2704850995698469,0.37927811196445693,0.20272418521573465,0.29254210103295214,0.20787863694469966,0.2871410744746002,0.21211372117398772,0.15238638258549925
2022-03-02,0.297662922623398,0.41747875778127264,0.22022915225244533,0.31915969697002217,0.20691645039099882,0.2869616445865911,0.23320960273316374,0.16688643386085633
2022-03-03,0.29104249929866666,0.4018288179149864,0.2247600252355214,0.3185494275623501,0.20691645039099882,0.2869616445865911,0.23137517516262712,0.17407709479770397
2022-03-04,0.27871019737504765,0.3869814350147496,0.19595203395747995,0.2807104146477669,0.20691645039099882,0.2869616445865911,0.22030973907331347,0.1503551751884318
2022-03-07,0.2835529760470987,0.39699250173002776,0.1834084578592856,0.2653736076712873,0.20691645039099882,0.2869616445865911,0.22424507167843408,0.13966126935155418
2022-03-08,0.3100017720327104,0.43860710710069944,0.22388946870596216,0.32642556141059154,0.20730268624129167,0.28695123523904675,0.24118900391310802,0.1694184509364111
2022-03-09,0.3172922712529813,0.44282628116501155,0.21323723218896873,0.3044700629645512,0.20577819754653692,0.2865169933530855,0.25185152341504297,0.16454268538662198
2022-03-10,0.2939770499161396,0.4074197062839698,0.21488847436919267,0.30510799958471424,0.20577819754653692,0.2865169933530855,0.23422087343564535,0.16672202992229299
2022-03-11,0.24544894058112643,0.3443311287120685,0.2098676888995631,0.29831790744990416,0.20577819754653692,0.2865169933530855,0.19360144547871502,0.162991518396652
2022-03-14,0.218538255284917,0.3045825022287983,0.18392184167378445,0.26449320915867186,0.20361793473436496,0.28449997562437274,0.1699025295857117,0.1408963011352643
2022-03-15,0.24203625671963447,0.3435318975025736,0.17415899762611486,0.2508135745827322,0.20361793473436496,0.28449997562437274,0.18911312246333314,0.13297615125700793
2022-03-16,0.21928595810874252,0.3053010375336801,0.1814916402569141,0.2577127641382405,0.20361793473436496,0.28449997562437274,0.17260188885453756,0.14045625350880053
2022-03-17,0.19552272089438805,0.27084645571278787,0.21682120010217543,0.3062274633282455,0.20361793473436496,0.28449997562437274,0.15448496429615466,0.1687762032107591
2022-03-18,0.19129937140155506,0.2695606677605788,0.19644888967991336,0.2793390851554968,0.20361793473436496,0.28449997562437274,0.14993411692072733,0.15089353314745835
2022-03-21,0.1464736598237928,0.20047138389953828,0.19904436163349615,0.28214735690788856,0.20361793473436496,0.28449997562437274,0.1142548598462288,0.15361403963464978
2022-03-22,0.13785866489561083,0.1915310759631148,0.17849913879180335,0.25499439971897375,0.20226045631178025,0.28428329585986806,0.107093375834651,0.1365086942252811
2022-03-23,0.13598452092518248,0.19197861214540843,0.16902889606561178,0.24125557873728984,0.20226045631178025,0.28428329585986806,0.10722095081723422,0.12938569299795044
2022-03-24,0.15711806865989858,0.22487956503849046,0.159757512899819,0.2299519365825355,0.20226045631178025,0.28428329585986806,0.12252594679501153,0.12127622686237219
2022-03-25,0.1272688328952003,0.17406008578314947,0.1835100816285007,0.25961001964762415,0.20226045631178025,0.28428329585986806,0.09988522361809704,0.14130066226795612
2022-03-28,0.11522075094283424,0.15875862489049597,0.17456162477267034,0.24834121841073228,0.2019007100673511,0.2843401443205892,0.08948460765386063,0.13342598505741407
2022-03-29,0.1034366138961374,0.14350657830491453,0.17735229118010576,0.25176485086441897,0.2019007100673511,0.2843401443205892,0.08118721947343169,0.1359396379592812
2022-03-30,0.09416785358690713,0.1328859667234464,0.17003390686619113,0.24212698391323145,0.2019007100673511,0.2843401443205892,0.0740934871115299,0.12974604123408492
2022-03-31,0.10645824935679316,0.15346457248768408,0.15919499096613188,0.22873100000606617,0.2019007100673511,0.2843401443205892,0.08256342894802278,0.12032732787147489
2022-04-01,0.12805936081931385,0.18522694250368169,0.16837628954479644,0.24302806478988856,0.2019007100673511,0.2843401443205892,0.09940356389785658,0.126852883148529
2022-04-04,0.12866784060276582,0.18052925222991745,0.1712261583051219,0.24332452828875709,0.2019007100673511,0.2843401443205892,0.10188718266779312,0.1309482078012345
2022-04-05,0.1133218128296915,0.1578160924130771,0.17412562184730185,0.24702356678936896,0.2019007100673511,0.2843401443205892,0.09057177456044238,0.13345031529878637
2022-04-06,0.13407741480784174,0.19274149866910892,0.20404212582308057,0.29579715839149745,0.20221499486433636,0.284280946901307,0.10327411063651033,0.1537971273717031
2022-04-07,0.15983591905275174,0.22596346330118755,0.2025916977885266,0.29123305992586,0.20221499486433636,0.284280946901307,0.12495200250075773,0.1541018821883185
2022-04-08,0.1630541992150274,0.22875575180456661,0.18950750294286145,0.2700671120868552,0.20221499486433636,0.284280946901307,0.1280722971392666,0.1452746262509733
2022-04-11,0.15834824520120927,0.22165064428428785,0.17456778896212055,0.24943104294090837,0.20221499486433636,0.284280946901307,0.12444216560849704,0.1336328113408406
2022-04-12,0.18382132451353683,0.26621832054837175,0.22148713064405723,0.3200909262392907,0.20301563164880276,0.2842854932725435,0.14060487051393541,0.16643831926207098
2022-04-13,0.2004844157487501,0.2837977128497956,0.20756891021065893,0.2955035084021781,0.20325788017702529,0.28431525814725517,0.15620766742259456,0.15825734530511237
2022-04-14,0.17895900077567284,0.24688977268830986,0.22767574297252136,0.32062507075163965,0.20325788017702529,0.28431525814725517,0.14176680757450694,0.17592705152783064
2022-04-18,0.17502623548062413,0.24525145541657775,0.19739923180597618,0.28271647120154053,0.20325788017702529,0.28431525814725517,0.1368156148135477,0.14996844736214404
2022-04-19,0.1773648519285761,0.2463878119375093,0.18550811895681474,0.2636411284336398,0.20325788017702529,0.28431525814725517,0.1392949812025558,0.14193415001214876
2022-04-20,0.16756573643661998,0.2321718316027019,0.17716392949143733,0.2513724287067621,0.20325788017702529,0.28431525814725517,0.13235636586240304,0.13566334911084593
2022-04-21,0.15416749573559374,0.21326906053086284,0.17594444853276825,0.24919038624647188,0.20325788017702529,0.28431525814725517,0.12156965519760808,0.13488078496578415
2022-04-22,0.16953441696850802,0.23939913230061038,0.1963170674638094,0.28313092436364395,0.20331763354164556,0.2842657898835001,0.13045829560589708,0.14765980259095784
2022-04-25,0.22645671043807147,0.3199492097984597,0.3103330909203663,0.4461740620744771,0.20475918728928733,0.28517926376323033,0.1740770465282501,0.23335190602226172
2022-04-26,0.24218959398821127,0.3331693026932108,0.2823997090406367,0.3985657329472073,0.20475918728928733,0.28517926376323033,0.19160705153259014,0.21681786857316204
2022-04-27,0.2785092204745996,0.38979962901404097,0.3332915167924566,0.4782430031454486,0.2067994644337432,0.28610998815408717,0.2143427005811039,0.25114529316336925
2022-04-28,0.2885242359787852,0.3948809234835513,0.304297660593148,0.42797830311484625,0.2067994644337432,0.28610998815408717,0.2288199321545523,0.23400906188838091
2022-04-29,0.26818815374827887,0.36759417341161377,0.2679503904122922,0.3771512458910005,0.2067994644337432,0.28610998815408717,0.21283477692389646,0.2057784370365142
2022-05-02,0.2789895187812128,0.38859882071074253,0.2529125703148587,0.36181614543420015,0.2065140187110046,0.2860204171094094,0.21902836165323752,0.191378084358167
2022-05-03,0.28391774823635196,0.39041221669371484,0.2311312581287338,0.32650370375316434,0.2065140187110046,0.2860204171094094,0.22522993979743902,0.177281300062286
2022-05-04,0.2589875911512043,0.3541188450252953,0.24085958537151264,0.3382974111845096,0.2065140187110046,0.2860204171094094,0.20654527147040716,0.18628113021090953
2022-05-05,0.21590739691515726,0.29377675382660867,0.2756064194242407,0.3859221033616977,0.20642715441156056,0.2860771822232588,0.17366691938601575,0.21374403714585696
2022-05-06,0.24031128464036744,0.3375931003845811,0.3099076074418623,0.4458296038371313,0.20814910067970516,0.2868155771664506,0.18573298531305238,0.23471203998873968
2022-05-09,0.2577318297096378,0.3533359637928741,0.28089091825100376,0.39653648017156307,0.20814910067970516,0.2868155771664506,0.20406199689879262,0.2164083209850983
2022-05-10,0.27738260436658946,0.3867565616173901,0.2813254590852916,0.40303786163290867,0.20817939574846633,0.28675716436938503,0.21681550563700305,0.21359575413836845
2022-05-11,0.28186556588909295,0.38608382220389653,0.26034786720263525,0.36655136990582415,0.20817939574846633,0.28675716436938503,0.22381820921911058,0.2007649302837518
2022-05-12,0.2710259308757974,0.3733420782164339,0.22571072582691232,0.3189364685900635,0.20817939574846633,0.28675716436938503,0.21494040794373603,0.1731958493261861
2022-05-13,0.26290959975507144,0.3620526177737068,0.20271271832133797,0.28600171405773406,0.20817939574846633,0.28675716436938503,0.20871350231689056,0.1556152714352142
2022-05-16,0.23989813709816765,0.32751328446247224,0.21831159431337332,0.3054678975183767,0.20817939574846633,0.28675716436938503,0.19148139930061409,0.16905005733134532
2022-05-17,0.2192815434583102,0.30014705934010405,0.20182637142432192,0.2849713567754052,0.20817939574846633,0.28675716436938503,0.17124777026130222,0.15650747653622976
2022-05-18,0.2013827304337692,0.2755093495469461,0.19248137648257613,0.2719146757650384,0.20615276208814493,0.285146361036278,0.15896931244595155,0.14920252082546173
2022-05-19,0.228341348011166,0.31845225171490893,0.2478639623331963,0.3562510954650104,0.20680159862770608,0.28535053558327184,0.1747399272295662,0.1879213596899926
2022-05-20,0.2374055875024812,0.3231976865795909,0.23664494068016717,0.33325869125709284,0.20680159862770608,0.28535053558327184,0.18773073180389335,0.18327634286572458
2022-05-23,0.2328267183257693,0.31953588219719165,0.20692399773892045,0.2930981152887318,0.20680159862770608,0.28535053558327184,0.18393861038991047,0.15917766395916905
2022-05-24,0.22607615265952696,0.30967183771141044,0.19292836865113905,0.27215154471445746,0.20680159862770608,0.28535053558327184,0.17961042279768658,0.14892602631697455
2022-05-25,0.22696991947402578,0.31434057806662674,0.1769934842964317,0.2520628038979898,0.20680159862770608,0.28535053558327184,0.17978681472652439,0.1355000949610741
2022-05-26,0.2243655630072281,0.30773698259868276,0.1737753513396817,0.24505470823045022,0.20680159862770608,0.28535053558327184,0.17862262568682577,0.13427633301296432
2022-05-27,0.21394081379045082,0.2936277719379112,0.1664929272982676,0.23506888589277777,0.20680159862770608,0.28535053558327184,0.1700465555155809,0.12841402441672722
2022-05-30,0.19686805665848395,0.2688987846492392,0.17689229215978053,0.24851116883990026,0.20680159862770608,0.28535053558327184,0.15695989104237978,0.1370797279724274
2022-05-31,0.19543908698690893,0.27042245015483163,0.1624969171403492,0.23174393183605582,0.20680159862770608,0.28535053558327184,0.15393490814261573,0.12400210453660723
2022-06-01,0.19898765920942885,0.2732789865473565,0.15794695373043444,0.22389906725647968,0.20680159862770608,0.28535053558327184,0.15716163892378748,0.12126871258007964
2022-06-02,0.19321696218342388,0.266070178234609,0.15335705553250456,0.2171395834167512,0.20680159862770608,0.28535053558327184,0.15320221105452492,0.11762223740766387
2022-06-03,0.1833273829231592,0.25219102845755015,0.15495391608497788,0.21880640088618808,0.20680159862770608,0.28535053558327184,0.14570940568524904,0.11904959483494214
2022-06-06,0.14963088794969492,0.20567517497180166,0.1465151657550483,0.20845957990353636,0.20680159862770608,0.28535053558327184,0.11687965544141816,0.11158046549765045
2022-06-07,0.1518580974167978,0.20880819732183736,0.1436912202193521,0.20478018615388235,0.20680159862770608,0.28535053558327184,0.11823045036867877,0.10914250145990854
2022-06-08,0.1445209924223736,0.1971589240760336,0.15037765706465156,0.21259405831572936,0.20680159862770608,0.28535053558327184,0.11331869952277975,0.1153785019080058
2022-06-09,0.1402496498215553,0.19294898557742574,0.14337896804443784,0.20451828021801166,0.20680159862770608,0.28535053558327184,0.10904596121836156,0.10905883794059872
2022-06-10,0.16704306585092443,0.23232333137515537,0.16798668520840365,0.24152894502011626,0.2068898544473612,0.285449574508995,0.12916136050166743,0.12639167566586884
2022-06-13,0.18858020975766987,0.26019487098021377,0.17807702659680225,0.2555384134727678,0.2068898544473612,0.285449574508995,0.14669954698576398,0.13567152111885303
2022-06-14,0.26227630219870646,0.3637395705919142,0.2837583435459716,0.4081540815437003,0.20645991402460595,0.28497333983151535,0.2029250714108785,0.21524074300631152
2022-06-15,0.2632072875261082,0.35765809277589444,0.26154234153565803,0.36893110147229946,0.20645991402460595,0.28497333983151535,0.2057877622766781,0.20160041213614494
2022-06-16,0.23683862492237262,0.32007261336090514,0.25814858194025303,0.3626732409236838,0.2065009728218392,0.2850574805719338,0.18564869095616135,0.20007989773842783
2022-06-17,0.2507227151500624,0.34407027486861885,0.2434328680297324,0.34819519241502755,0.20619783398571556,0.28494494404479237,0.193892549813192,0.18540173612682495
2022-06-20,0.24008824924841132,0.3260561351666423,0.2303386777096258,0.3246115163166861,0.20619783398571556,0.28494494404479237,0.18836484857809677,0.17784948155645477
2022-06-21,0.2249702976089103,0.30682310523076395,0.20137363938127562,0.2855362576480404,0.20619783398571556,0.28494494404479237,0.1752734693907073,0.1543159865604235
2022-06-22,0.21504709436199265,0.29375175373472445,0.18623818974574158,0.2635196832022783,0.20619783398571556,0.28494494404479237,0.1686128458604596,0.1430248050255441
2022-06-23,0.2300103827593536,0.31478255463732874,0.17867325051186322,0.25247210782862234,0.20619783398571556,0.28494494404479237,0.1815673016096381,0.1375657749911921
2022-06-24,0.22675947980301703,0.3122570090127114,0.16265997139934585,0.23197059044991108,0.20619783398571556,0.28494494404479237,0.17904125631062648,0.12503022497780844
2022-06-27,0.21306548859579477,0.2913731814229764,0.17411507569330797,0.24522323121668438,0.20619783398571556,0.28494494404479237,0.1692903613284072,0.13437369513922226
2022-06-28,0.16920943217597983,0.23123828469996088,0.1597880471979376,0.22704448227290316,0.20619783398571556,0.28494494404479237,0.1320188192969406,0.12238480043532873
2022-06-29,0.180392146332496,0.24833536488803598,0.16104234388179117,0.23091133972468583,0.20619783398571556,0.28494494404479237,0.14018849701714547,0.12255757951659738
2022-06-30,0.1782885822719713,0.24388030766358673,0.1566268644806742,0.2228377682935541,0.20619783398571556,0.28494494404479237,0.1394435250928175,0.12014269776292544
2022-07-01,0.17867394359662758,0.24487281470079814,0.15062819121128496,0.2154145193129907,0.20619783398571556,0.28494494404479237,0.13915239622594966,0.11514989193327772
2022-07-04,0.16787865688566583,0.22792794309991002,0.17044147989104008,0.24034521890078317,0.20619783398571556,0.28494494404479237,0.13232369410249567,0.13224482837404078
2022-07-05,0.1665258648582706,0.22895194057576662,0.15798239275657977,0.22567934711431378,0.20619783398571556,0.28494494404479237,0.129624457457509,0.12032707028411255
2022-07-06,0.16573989365251762,0.22682030659936483,0.15225981784661663,0.21729204329521765,0.20619783398571556,0.28494494404479237,0.1293800266500925,0.11705201138196188
2022-07-07,0.158559467960381,0.21636421681454227,0.15275960338850336,0.21619211214516817,0.20619783398571556,0.28494494404479237,0.1241487763688827,0.11710823650860827
2022-07-08,0.14985635886471926,0.20487835485903808,0.14966301620977485,0.21205235373797215,0.20619783398571556,0.28494494404479237,0.11724287407623439,0.1145260605377978
2022-07-11,0.14062483339588816,0.19116025789304425,0.16051182875299397,0.2263391966686354,0.20619783398571556,0.28494494404479237,0.11011430393951666,0.12342989581912894
2022-07-12,0.15394808846996444,0.21252407532039994,0.16098805345033274,0.23090762816225566,0.20619783398571556,0.28494494404479237,0.11878345219722991,0.12172422623130699
2022-07-13,0.17075063496271703,0.23491456303148933,0.16484943081657188,0.23580055938095235,0.20619783398571556,0.28494494404479237,0.13221228926885953,0.12495014415790896
2022-07-14,0.1678760368043657,0.22957907744361702,0.15985232395717697,0.22689292029067215,0.20619783398571556,0.28494494404479237,0.1308898888496513,0.12207123501314686
2022-07-15,0.16090639825579078,0.21995306608864867,0.15337735784115702,0.21766219089281866,0.20619783398571556,0.28494494404479237,0.12490731414218598,0.11675347316970634
2022-07-18,0.14887140251851516,0.20159726101835324,0.18058283672994446,0.25362903476646126,0.20619783398571556,0.28494494404479237,0.1168671562925537,0.13911364637671036
2022-07-19,0.1523449197135862,0.2098547863843211,0.16644641283673178,0.23789825951138907,0.20619783398571556,0.28494494404479237,0.11751466686545327,0.12587873650999862
2022-07-20,0.14953224202797877,0.2042203247393163,0.16417648494827497,0.23236082179716874,0.20619783398571556,0.28494494404479237,0.11687650887061367,0.12558744212965187
2022-07-21,0.14143698802091575,0.19361049831191837,0.15773214330183039,0.2235231251714353,0.20619783398571556,0.28494494404479237,0.11063447693232406,0.12051323366888242
2022-07-22,0.1340601643281628,0.1835461633561892,0.15546719613672266,0.22014681147039664,0.20619783398571556,0.28494494404479237,0.1050383700373961,0.11882079474045251
2022-07-25,0.12962824145550034,0.17791743143408387,0.1472632327899891,0.20969513185990948,0.20619783398571556,0.28494494404479237,0.10059123491486738,0.11190497294600474
2022-07-26,0.13268247935272637,0.18280024881183585,0.14328038772420704,0.20484183359533203,0.20619783398571556,0.28494494404479237,0.10275237117191062,0.10846106284641376
2022-07-27,0.15268784274479796,0.21106289105483422,0.1543001130956827,0.22166845633236665,0.20619783398571556,0.28494494404479237,0.11761601110487611,0.11613703629417069
2022-07-28,0.14781743332300823,0.20159098858539967,0.16617440114903104,0.23479782840981567,0.20619783398571556,0.28494494404479237,0.1162669187022793,0.12756543861589126
2022-07-29,0.13581876337246412,0.18632950144463717,0.1633813632970219,0.23100719690618926,0.2054262466490382,0.2848086208740861,0.10682528096400647,0.12412688776849881
2022-08-01,0.12609472749019024,0.17303875033594587,0.16208861363849825,0.230218744950404,0.20537896701620362,0.2848668882442211,0.09942797458515637,0.1244495012312547
2022-08-02,0.14325532132571495,0.19954878432754414,0.16709067405665334,0.23984891104152792,0.20537896701620362,0.2848668882442211,0.11089717883760648,0.12478208802266794
2022-08-03,0.1637895272899086,0.22689738049820782,0.1717161493460544,0.2454184955363529,0.20537896701620362,0.2848668882442211,0.12770934490308244,0.12874045741299323
2022-08-04,0.15755967753877465,0.21431861503496089,0.1921265632803255,0.269938494183845,0.20537896701620362,0.2848668882442211,0.12497460904792806,0.14729917009984755
2022-08-05,0.14439204467249067,0.19830985388162609,0.17524143994589836,0.24826360511659337,0.20537896701620362,0.2848668882442211,0.11351889817679309,0.13311691696175149
2022-08-08,0.13817043976064636,0.1902868615082497,0.16386644899263403,0.23258592750406237,0.20537896701620362,0.2848668882442211,0.10853092575550288,0.1241534430490468
2022-08-09,0.13743065606192095,0.19013607610728223,0.15483273447650248,0.2205515027530041,0.20537896701620362,0.2848668882442211,0.10780073361043732,0.11690180789819772
2022-08-10,0.1433768738419262,0.1989094545410561,0.15120019289140252,0.21596424967737282,0.20537896701620362,0.2848668882442211,0.11230645473113293,0.11377650827858524
2022-08-11,0.13570553331589275,0.1845722763830143,0.1866388000523289,0.2620151762148918,0.20537896701620362,0.2848668882442211,0.10800765116638207,0.14339763269362932
2022-08-12,0.13114685123435177,0.18206314273793317,0.16631146954992593,0.23751765039694217,0.20537896701620362,0.2848668882442211,0.10258897564356524,0.12559948398930848
2022-08-15,0.12818426762654556,0.17654035408796814,0.16366438607400768,0.23207151179210136,0.20537896701620362,0.2848668882442211,0.10118979859414953,0.12457354766382549
2022-08-16,0.13081253660369463,0.1814883980871746,0.15394047350756568,0.22036910902748447,0.20537896701620362,0.2848668882442211,0.10212503927052034,0.11604844650202253
2022-08-17,0.1292232265647294,0.17853753066419123,0.1509250918334959,0.21465171761585428,0.20537896701620362,0.2848668882442211,0.10143671308072992,0.11391054858047242
2022-08-18,0.129965468419048,0.18049155156969907,0.14533357801026936,0.2076380594440795,0.20651347511394125,0.28513838466352587,0.10182974222093664,0.10919549251363214
2022-08-19,0.12735058937543942,0.17621439090422383,0.14396371083381088,0.2048418174122836,0.20651347511394125,0.28513838466352587,0.10012294095707797,0.1085307602882512
2022-08-22,0.1413318294748428,0.1973567278921548,0.15016396257052222,0.21583755856975073,0.20651347511394125,0.28513838466352587,0.11001010144962395,0.11209841567358951
2022-08-23,0.20016517987146698,0.2785975249098031,0.2210693740282743,0.3173788598426421,0.2064021478786806,0.285039399348723,0.15388807297665952,0.16417748434145568
2022-08-24,0.2108014393285047,0.28962676412222993,0.2088753417428646,0.2961735652301455,0.2064021478786806,0.285039399348723,0.16438841261612755,0.15743290109207284
2022-08-25,0.1982436525422191,0.2706934053827699,0.20183115377889504,0.2841962236211078,0.2064021478786806,0.285039399348723,0.15593775952573086,0.15337215641572438
2022-08-26,0.18224707159200149,0.24924322531648718,0.19119838411988788,0.2696056106622057,0.2064021478786806,0.285039399348723,0.14356230007428333,0.14519576172341525
2022-08-29,0.22955504216378042,0.3183176455131212,0.2395478029230702,0.3450049553468345,0.20738467627981105,0.2852897888562742,0.17693151594576656,0.1798143467963164
2022-08-30,0.24277579839190766,0.33279697484355825,0.22596047349453818,0.32168938451321494,0.20738467627981105,0.2852897888562742,0.19001738777656285,0.17209398124755793
2022-08-31,0.2337317981780047,0.32018267967820224,0.20332337512035314,0.2893464313362422,0.20738467627981105,0.2852897888562742,0.18360570979830468,0.15531446670710872
2022-09-01,0.22338793652618727,0.30558770984194134,0.18836211732178132,0.26628717729909657,0.20738467627981105,0.2852897888562742,0.1752433385070524,0.14223039867932485
2022-09-02,0.21148600600968748,0.2892909834850185,0.17384150677229115,0.24595481126864385,0.20713439534527556,0.2853040535774194,0.1659420085136881,0.13121800826552849
2022-09-05,0.20102492859477783,0.27519821243322173,0.16233870174187626,0.23011403319660403,0.20713439534527556,0.2853040535774194,0.15768737032729518,0.12252445487139457
2022-09-06,0.19977809702256932,0.2742434657430481,0.1555701974806054,0.22133648841306883,0.20713439534527556,0.2853040535774194,0.1563839519815992,0.11691450290907904
2022-09-07,0.2051334353781813,0.2820377169924254,0.15592820012263187,0.22223095175362476,0.20713439534527556,0.2853040535774194,0.1604677063666204,0.11693382145876648
2022-09-08,0.1934119356690278,0.2626989772607052,0.18402767775383344,0.25757991188629886,0.20713439534527556,0.2853040535774194,0.15323052386737102,0.14070006989038902
2022-09-09,0.17632341867259127,0.24037958850091884,0.17567420461184935,0.24731147060154535,0.20713439534527556,0.2853040535774194,0.13863482257321424,0.13344007315214004
2022-09-12,0.1647633200307248,0.22477198040860544,0.16841948009484642,0.23741666051527266,0.20713439534527556,0.2853040535774194,0.12923364439277463,0.12780957431131623
2022-09-13,0.17151209903513664,0.2362796395547077,0.16278360027667205,0.2321768707789769,0.20713439534527556,0.2853040535774194,0.1333895974467282,0.12224658729653956
2022-09-14,0.2145521320483177,0.2969689690124263,0.21235655388318786,0.30452325385938256,0.20755632555055303,0.28533941269226915,0.16617774578522296,0.15996880667553726
2022-09-15,0.21327636919674786,0.29064812463909295,0.20478433964938325,0.2883945605987614,0.20755632555055303,0.28533941269226915,0.16812843354447599,0.15720732918304736
2022-09-16,0.2027391005813246,0.277745672533177,0.18347428133072186,0.25996615863846523,0.20755632555055303,0.28533941269226915,0.15913547726923577,0.14001309177844534
2022-09-19,0.19634374088027107,0.2687461961293886,0.1699940768031476,0.24101263801513498,0.20755632555055303,0.28533941269226915,0.15388738477267863,0.12980191656191775
2022-09-20,0.18871324553982793,0.2579848443446652,0.1638992937360345,0.2316603481803418,0.20755632555055303,0.28533941269226915,0.14790354171490422,0.12441974613771462
2022-09-21,0.19622030745845653,0.2702820208503124,0.16243263316355527,0.23162747756200094,0.20578038739959936,0.2845244794801389,0.15258152128083957,0.12211716069091914
2022-09-22,0.20294783963762209,0.2787418384245444,0.16129282052104466,0.22887586322448072,0.20578038739959936,0.2845244794801389,0.1580630465317128,0.12158224716627611
2022-09-23,0.19409731740800296,0.26489214805031935,0.1576105655425033,0.22167276797317229,0.20578038739959936,0.2845244794801389,0.15160777746525028,0.11955093037019486
2022-09-26,0.21269711691512194,0.2932182184864999,0.17221908277115772,0.24722454932581653,0.20578038739959936,0.2845244794801389,0.16490704543973653,0.13167732260431497
2022-09-27,0.23448276222454112,0.3222527775981145,0.18640479711053848,0.26660717603284656,0.2028578858869743,0.2793428311102331,0.18165847604978702,0.14299511716598673
2022-09-28,0.23462405601988268,0.3208111969472905,0.1769183995488368,0.2510032173729908,0.2028578858869743,0.2793428311102331,0.18345520179425606,0.1366743221281311
2022-09-29,0.21806184155291608,0.2960202364506867,0.18810228674220142,0.26401586138489785,0.2028578858869743,0.2793428311102331,0.17189960091197076,0.14680207478731688
2022-09-30,0.2167815350184521,0.2982090298814476,0.17469358909607313,0.24873388466396062,0.2028578858869743,0.2793428311102331,0.16929398240429447,0.13361603865474392
2022-10-03,0.20985431543879662,0.2873071933619297,0.16609808526977343,0.23502854857871958,0.2028578858869743,0.2793428311102331,0.16487604350731377,0.12814233506414502
2022-10-04,0.19635829780887404,0.2676212221639543,0.169135753967246,0.2372719205792333,0.2028578858869743,0.2793428311102331,0.15462127045018176,0.12992973603953728
2022-10-05,0.18165837780832983,0.24795632298782208,0.1628580928693899,0.22893584583865978,0.20229862309405888,0.27924115757134593,0.1425626529005123,0.12466058958712659
2022-10-06,0.1700771837753634,0.23264187739221395,0.15410750135083395,0.21727115834400526,0.20229862309405888,0.27924115757134593,0.13295815318982634,0.11754015760493955
2022-10-07,0.18490625713040898,0.25530103985677466,0.16199984160142566,0.23099482728505194,0.20229862309405888,0.27924115757134593,0.14322621169757677,0.1222263911050996
2022-10-10,0.18968437516999437,0.26115540037653123,0.1607700962165608,0.2284092785351081,0.20229862309405888,0.27924115757134593,0.1476263564448374,0.12236482679110007
2022-10-11,0.1953795898197681,0.2691816174436566,0.15853108858310727,0.2255051971671272,0.2013184216318571,0.27865790521138506,0.15201649154734126,0.1204266372168828
2022-10-12,0.2011389100113572,0.2772220108469617,0.15788002383373967,0.22467225560290835,0.2013184216318571,0.27865790521138506,0.15650321620713792,0.1198026540114926
2022-10-13,0.1935565090379947,0.2659115320148882,0.15234052232217543,0.21581897560410726,0.2013184216318571,0.27865790521138506,0.15094186081464694,0.11610187627399153
2022-10-14,0.18302089106902297,0.25016287446835467,0.15831700813373395,0.22272695941260803,0.2013184216318571,0.27865790521138506,0.14347597554517444,0.12149734569138954
2022-10-17,0.17281535512897017,0.23719345499770464,0.1474875534641129,0.20920588126358117,0.2013184216318571,0.27865790521138506,0.13421443827565901,0.1122674230750248
2022-10-18,0.16621112203616484,0.22706735427789979,0.14526511217297622,0.20538266793176246,0.2013184216318571,0.27865790521138506,0.1287131907031966,0.11108136085294887
2022-10-19,0.1569256388153235,0.21418651296811764,0.1443958818828478,0.20403481467719128,0.2013184216318571,0.27865790521138506,0.12124241443673632,0.11036648508322792
2022-10-20,0.1509810200790227,0.20727701324518294,0.13810103558433184,0.19653304725767906,0.2013184216318571,0.27865790521138506,0.11593699182858923,0.10478294319444016
2022-10-21,0.14443781354896235,0.19762431466129524,0.13922142206406363,0.1971854192920742,0.2013184216318571,0.27865790521138506,0.1114663368289935,0.10628255346614507
2022-10-24,0.13695586759002953,0.18794307034079616,0.136070247266605,0.19308065278310607,0.2013184216318571,0.27865790521138506,0.10549636358278261,0.1034014900404057
2022-10-25,0.1335033878583145,0.18380811245744816,0.13269661708790093,0.18906418088861768,0.2013184216318571,0.27865790521138506,0.1024742102723353,0.10063384410393308
2022-10-26,0.1300301169619198,0.17756553207020068,0.1439480256462765,0.20329990541182702,0.2013184216318571,0.27865790521138506,0.10050611549739212,0.11032204755746611
2022-10-27,0.12207710447241826,0.16741018963767726,0.1475587917341764,0.20890620879367297,0.2013184216318571,0.27865790521138506,0.09471388702440296,0.11335877845116879
2022-10-28,0.11668794631261514,0.16152169977370015,0.13838600116348343,0.1976733215397004,0.20019029393682608,0.2783031805467057,0.08979653647566238,0.10534477093730012
2022-10-31,0.1159855549509703,0.15861564861452523,0.15513323632121678,0.2190714076798547,0.20019029393682608,0.2783031805467057,0.09016444604908744,0.11933291632930725
2022-11-01,0.11024828577286971,0.15245823987595922,0.14253904449754562,0.203679447123031,0.20019029393682608,0.2783031805467057,0.08426494297385194,0.10839664611317391
2022-11-02,0.10876942305532111,0.15016464572209406,0.13805735678734443,0.19713910048419092,0.20019029393682608,0.2783031805467057,0.08326577899254871,0.10506464876288596
2022-11-03,0.10832109233044429,0.14981090973757474,0.13429736662747027,0.1920216724590534,0.20019029393682608,0.2783031805467057,0.0828018632187848,0.10201369584747903
2022-11-04,0.10669929125337951,0.1474838806180398,0.13529111716443198,0.1924407292842119,0.20074562762040848,0.2785245053196987,0.08195090892718851,0.10270169055828765
2022-11-07,0.10336843787372652,0.1424962187633341,0.1368797637336684,0.19450972060687127,0.20053818767761555,0.27853941550090106,0.0794589670959158,0.10406866239504457
2022-11-08,0.09874221419930729,0.13681520800788718,0.13194511502353223,0.1884000148101353,0.20053818767761555,0.27853941550090106,0.07546681547204767,0.09985213199692698
2022-11-09,0.11937432374051404,0.16634129271032774,0.14110639749262643,0.2030628555914098,0.20053818767761555,0.27853941550090106,0.09066670636611412,0.10613611633690974
2022-11-10,0.13009140494588634,0.18017969765333797,0.14179425871197537,0.20324973085741835,0.20053818767761555,0.27853941550090106,0.09945804843894064,0.10711763400248026
2022-11-11,0.1294667968465819,0.17564769992185045,0.1870759253450509,0.2629177301290755,0.20053818767761555,0.27853941550090106,0.10111026056694065,0.14409444495392718
2022-11-14,0.11895055767531115,0.1629186981245962,0.17530960987245037,0.2482860883585993,0.20053818767761555,0.27853941550090106,0.09186090263407713,0.1338679535850079
2022-11-15,0.13567820180992296,0.18836875131112113,0.167285842746824,0.24001926541110935,0.20053818767761555,0.27853941550090106,0.10355670191029875,0.12612855170090226
2022-11-16,0.15043133647707174,0.2080151835976216,0.1635179062381218,0.23409963841430223,0.20053818767761555,0.27853941550090106,0.11562074442828582,0.12354963336468938
2022-11-17,0.14443342758273237,0.19895977993074013,0.15425003309287622,0.2201733643094914,0.20053818767761555,0.27853941550090106,0.11266863371663438,0.11814301806765048
2022-11-18,0.1370194968130889,0.18895023722979842,0.14503556782053406,0.2072789571911044,0.19835476452985468,0.27706549534267133,0.10647403048591544,0.11042185388500947
2022-11-21,0.1317373836251592,0.18092114586354546,0.14479366346456946,0.20610188877479912,0.19835476452985468,0.27706549534267133,0.10264409725161619,0.11075674871539562
2022-11-22,0.12446313593620983,0.17109101600870066,0.1433465567024097,0.20421901075777052,0.19937400680404238,0.2773984808546483,0.09694690655153881,0.1095870999329333
2022-11-23,0.11852979723345713,0.16262803995175862,0.14935012560705263,0.2123298375129114,0.19937400680404238,0.2773984808546483,0.09253853572899849,0.1144695095832148
2022-11-24,0.11226701973921793,0.15427629191630846,0.15066342381837727,0.21452334677250717,0.19937400680404238,0.2773984808546483,0.08754417581113343,0.1154014470416727
2022-11-25,0.10755892536851674,0.1490995633226,0.13927332319602392,0.20019460163274502,0.19937400680404238,0.2773984808546483,0.0831115043200263,0.10591291835087566
2022-11-28,0.1082714850376838,0.15012569957002936,0.1338864659787864,0.1929005850109906,0.19937400680404238,0.2773984808546483,0.08361775006276645,0.10186844163304497
2022-11-29,0.1476381273906151,0.20573741468879425,0.16161799953737344,0.23397044258609004,0.19937400680404238,0.2773984808546483,0.11321245693699268,0.12180371062307878
2022-11-30,0.14598859330362135,0.2009672109169631,0.15499514876003206,0.22189650753455112,0.19902086914943595,0.27738308620943763,0.11305741827472424,0.11833836647449328
2022-12-01,0.13926365539423058,0.1906526185925676,0.16395943220859555,0.23314429195332564,0.19902086914943595,0.27738308620943763,0.10845545745733534,0.12575115420629224
2022-12-02,0.13042380075864868,0.17921476096816105,0.1567582263777343,0.22367989095360477,0.19902086914943595,0.27738308620943763,0.10096751865369857,0.11954568003634161
2022-12-05,0.12432852595968735,0.17086496232202678,0.1537108199921171,0.21926835530753594,0.19923207493606476,0.27752571902479484,0.09612826307173734,0.11715911848570229
2022-12-06,0.16071907092220172,0.22515255586415345,0.16955119105049044,0.24617185429625457,0.19923207493606476,0.27752571902479484,0.12303973619567747,0.12779561555329344
2022-12-07,0.18939936988706485,0.26331458596347557,0.1816434229844336,0.262469322141916,0.1987264672907365,0.2772390954240739,0.145474843092185,0.13784700958389162
2022-12-08,0.19074193407066842,0.26406562487201063,0.17098223392235512,0.24612041693841952,0.1987264672907365,0.2772390954240739,0.1471739149224244,0.13019590476032988
2022-12-09,0.17846223822357254,0.24610802758559905,0.1594270159347353,0.22856209217034673,0.1987264672907365,0.2772390954240739,0.13827119279526923,0.12183562185746788
2022-12-12,0.1764737404989969,0.24414432735853484,0.14989466804570117,0.21625101813689576,0.1987264672907365,0.2772390954240739,0.13618854541135222,0.11380149911059102
2022-12-13,0.20755043690686437,0.2884802232080557,0.17693949055282387,0.2569183279597469,0.1973662581863298,0.2767869668376125,0.16009050810582592,0.1343953006678374
2022-12-14,0.19968300815925089,0.27278829733677634,0.20518052369800055,0.29041923921442303,0.1973662581863298,0.2767869668376125,0.15657068800732837,0.15883056003455498
2022-12-15,0.18027210445466713,0.24738373810804037,0.1973936620680855,0.28094405902413544,0.19870600216577916,0.2772358595927939,0.14060327949034512,0.15214309241323842
2022-12-16,0.19606220730308932,0.27259475470201333,0.19109459756723324,0.2761395576241384,0.19870600216577916,0.2772358595927939,0.15108574335363123,0.14506928399607083
2022-12-19,0.18673930399766991,0.2575011476075873,0.17656803361328055,0.25293124204201517,0.19870600216577916,0.2772358595927939,0.14505837411310685,0.1352377872885192
2022-12-20,0.17386485295153165,0.23977880837905347,0.1612664988269078,0.2312094587361302,0.19870600216577916,0.2772358595927939,0.13495171697226296,0.12336400651483122
2022-12-21,0.16348694410342457,0.22464743678056084,0.15873248252155714,0.22658815230136473,0.19870600216577916,0.2772358595927939,0.1272956642128884,0.12189005021942877
2022-12-22,0.15293372574266906,0.20950877155332845,0.1695924284430489,0.2412400637403691,0.19870600216577916,0.2772358595927939,0.11952783718885171,0.13075275015253446
2022-12-23,0.18018467208817812,0.2508347380690149,0.1797700166291567,0.26075172700296534,0.19733613070905243,0.27678591467455693,0.13864687201448322,0.1367722185093158
2022-12-27,0.17496452508453442,0.24007836202082478,0.17768268196460035,0.25348671674540657,0.19733613070905243,0.27678591467455693,0.13668985431538513,0.13737816697909877
2022-12-28,0.17514557082777493,0.2426159964605449,0.16267031683879618,0.2348948247248094,0.19733613070905243,0.27678591467455693,0.1354322457171097,0.12427601524054803
2022-12-29,0.17760349861539715,0.2455293664241924,0.15535175706934812,0.2240925907223015,0.19733613070905243,0.27678591467455693,0.13766668190005077,0.11887412726738415
2022-12-30,0.16816315527747117,0.2312813971813895,0.15116904391901287,0.2165328292237492,0.19733613070905243,0.27678591467455693,0.1310574515476982,0.11651726045149711
2023-01-03,0.15911775690964336,0.22064387871897206,0.1399783561946213,0.20248442974696934,0.19733613070905243,0.27678591467455693,0.12414146004453304,0.10750750003447955
2023-01-04,0.1761260912410192,0.2448278142474953,0.1496929234527118,0.2175741659800747,0.19731528172206936,0.2767809288714456,0.13669048033994227,0.11441044254073174
2023-01-05,0.16873676937425608,0.23253240480238757,0.1506294937888807,0.21611761772655166,0.19731528172206936,0.2767809288714456,0.13242674676355107,0.11660589522073823
2023-01-06,0.163889307722765,0.22753174234247817,0.1400628399423527,0.20335730516951184,0.19731528172206936,0.2767809288714456,0.1280638033436244,0.10800743951588125
2023-01-09,0.1577379966618424,0.21670497259638694,0.15394870712829145,0.22030286774449687,0.19731528172206936,0.2767809288714456,0.12382920692715854,0.11954895643997704
2023-01-10,0.16036862447142752,0.22292473556582493,0.14575315912218983,0.21172409018576963,0.19731528172206936,0.2767809288714456,0.12455797824802262,0.11157154633644491
2023-01-11,0.15533406569715358,0.21339786204939734,0.15975527637607895,0.22845899435474837,0.19731528172206936,0.2767809288714456,0.12232069299964969,0.12424921826227954
2023-01-12,0.1512455877392389,0.21037276228633356,0.14493654613352847,0.21075408128936846,0.19731528172206936,0.2767809288714456,0.11818933832237827,0.11193788146616705
2023-01-13,0.14891534291335873,0.20342970414689868,0.19443286875356192,0.27653144906084565,0.19731528172206936,0.2767809288714456,0.11873069486352317,0.15313159179710895
2023-01-16,0.13469793971212718,0.18634320454161554,0.17306957134847967,0.2485232394954927,0.19731528172206936,0.2767809288714456,0.10612093659436633,0.1343531261407913
2023-01-17,0.153574300342334,0.21459263535380793,0.1690034694829895,0.24552722524165774,0.19731528172206936,0.2767809288714456,0.11950699436073454,0.12966740495435586
2023-01-18,0.1500133669408834,0.20782356966603352,0.15926091381794472,0.2293763768772759,0.19731528172206936,0.2767809288714456,0.11760048210031114,0.12312185552879479
2023-01-19,0.16314224549508372,0.2274274808447348,0.15698372392144888,0.22802956642725272,0.19731528172206936,0.2767809288714456,0.12722071351834469,0.12046975964474542
2023-01-20,0.16288754211759215,0.225958400085176,0.15022814503758086,0.2170036157008848,0.19731528172206936,0.2767809288714456,0.1276063018203828,0.11590063226129935
2023-01-23,0.15509554826602434,0.21412869974729698,0.14803950943303146,0.2125052948600929,0.19731528172206936,0.2767809288714456,0.12194701399070434,0.11479685965247008
2023-01-24,0.14475289360760968,0.20072065544767045,0.13830723953549273,0.1996981527135729,0.19731528172206936,0.2767809288714456,0.11328211725421981,0.10669278053268326
2023-01-25,0.13852876932245728,0.19143570818204747,0.1384884758593562,0.19907181294282522,0.19731528172206936,0.2767809288714456,0.10867917035610256,0.10723657126966057
2023-01-26,0.1304027201030038,0.18094789492486352,0.1316363183657881,0.19021707333175253,0.19731528172206936,0.2767809288714456,0.10177489395317914,0.1014693407439524
2023-01-27,0.12515965170164423,0.17345084936924993,0.12998742563516158,0.18751733571312704,0.19731528172206936,0.2767809288714456,0.09790520651953216,0.100481084097268
2023-01-30,0.1191375381868528,0.16546947064000267,0.12664626416048275,0.18314062122018468,0.19731528172206936,0.2767809288714456,0.09305821925036008,0.09777719354392042
2023-01-31,0.1500882334848952,0.2101056343629747,0.15001330611763847,0.21923198759715024,0.19731528172206936,0.2767809288714456,0.11640878581632275,0.11506579523461062
2023-02-01,0.14738029337731617,0.2038653264599792,0.14798145929991435,0.21320404722186428,0.19731528172206936,0.2767809288714456,0.11564222937520512,0.11505732481850178
2023-02-02,0.14102082304210195,0.1936518245122031,0.17221525358983358,0.24596132033469645,0.19731528172206936,0.2767809288714456,0.1113811700975399,0.13483485592496516
2023-02-03,0.14788896724475298,0.2064557305390608,0.15945959196605974,0.23149321776805826,0.19731528172206936,0.2767809288714456,0.11520586132179157,0.1224467660650389
2023-02-06,0.1434767777596272,0.19877362236719806,0.15236931126214637,0.21930514503690615,0.19766437773447798,0.2769275482098159,0.11277457216391758,0.11797142636162206
2023-02-07,0.16072486154724586,0.22445654084654248,0.1553431976199141,0.22608689185047398,0.19766437773447798,0.2769275482098159,0.1249781448389329,0.11899129604979633
2023-02-08,0.1562334924036788,0.21573795713537988,0.15511508368761984,0.22265182875824752,0.19766437773447798,0.2769275482098159,0.12276287316640322,0.1203257947966621
2023-02-09,0.16567519115132012,0.2311722624977925,0.1519383185389358,0.22107688985801785,0.19766437773447798,0.2769275482098159,0.12902246967571723,0.11645299315563373
2023-02-10,0.18397701321778914,0.25633027828545807,0.1594754712700892,0.23178090659153902,0.19766437773447798,0.2769275482098159,0.14342611429327773,0.1223234291208291
2023-02-13,0.17449236187197203,0.24176995188190575,0.1511452213337411,0.21802306351695755,0.19766437773447798,0.2769275482098159,0.13672884603097413,0.11673725686344476
2023-02-14,0.16301170931431663,0.22601041452410467,0.14205171057901805,0.20509029346124716,0.19766437773447798,0.2769275482098159,0.1276399705701018,0.1096506917906511
2023-02-15,0.1551712099685678,0.21354801114620722,0.1621779443182479,0.23172048101814197,0.19766437773447798,0.2769275482098159,0.12228104419894427,0.12634785264574333
2023-02-16,0.14315920633798873,0.19789116466256013,0.15452953611833403,0.2219750064670242,0.19766437773447798,0.2769275482098159,0.11227582495164157,0.11966014610182792
2023-02-17,0.18031397566545415,0.25241054258383583,0.1807454439732472,0.2637358967105961,0.19746680845963738,0.2768003628156954,0.1398614844276553,0.13850486959995462
2023-02-20,0.17520025271520212,0.24266584948130454,0.16929064904468794,0.24396950952761146,0.19746680845963738,0.2768003628156954,0.13762405485738388,0.13142945811198306
2023-02-21,0.18739590942567386,0.26124983515369965,0.16711153603212092,0.2430447102650235,0.19746680845963738,0.2768003628156954,0.14641770236349483,0.12872248703913441
2023-02-22,0.21100332782298148,0.29397912250082764,0.179826309264691,0.26160597976407185,0.19746680845963738,0.2768003628156954,0.16473364177573604,0.13851948464085162
2023-02-23,0.1989342577517843,0.274823965303991,0.1695760551567994,0.24371042067950283,0.19746680845963738,0.2768003628156954,0.1567396438526813,0.13214319885289663
2023-02-24,0.18426421490177236,0.25386885300736345,0.1681776549668464,0.2407292262906076,0.19746680845963738,0.2768003628156954,0.14536718776250085,0.13136691525882016
2023-02-27,0.1771294451026666,0.24608980665851385,0.15231129546162625,0.2205435696924934,0.19746680845963738,0.2768003628156954,0.13855519538407407,0.11765858853729756
2023-02-28,0.16791739166043085,0.2319307792274687,0.149404469308844,0.21440428528511002,0.19746680845963738,0.2768003628156954,0.13205345193104762,0.11632266145753906
2023-03-01,0.1550768781784977,0.2148065863950907,0.13897235980090022,0.20020906087514284,0.19746680845963738,0.2768003628156954,0.12146458818624599,0.1078699878540963
2023-03-02,0.14533928161545184,0.20188831645961583,0.13151794631829683,0.19048702951567031,0.19746680845963738,0.2768003628156954,0.11454769808287447,0.1023978211745426
2023-03-03,0.1394101380979793,0.19258340194200613,0.14059418769757986,0.2020056629862382,0.19587425833906735,0.2760732804677725,0.11042066658815634,0.11014881108783385
2023-03-06,0.13214224292159515,0.18248290610940673,0.15064625414076172,0.2161486010824557,0.19587425833906735,0.2760732804677725,0.1049220570729573,0.11831035073117631
2023-03-07,0.12483910856047276,0.17396882592504676,0.13717706665336343,0.1990051739328015,0.19587425833906735,0.2760732804677725,0.09799350781173664,0.10662299450174766
2023-03-08,0.14398259395888113,0.2016113997590452,0.14437718446188774,0.21064715919318708,0.19587425833906735,0.2760732804677725,0.1127069322793448,0.1116845785685475
2023-03-09,0.14023608454414405,0.19470388925181997,0.14174348765197892,0.20453499890182272,0.19587425833906735,0.2760732804677725,0.11097868661842626,0.11092839826240977
2023-03-10,0.22142554321500074,0.31117247011848437,0.2311624114064651,0.3378024000313491,0.1970755630738097,0.27648718442710263,0.17171686984988896,0.17765026872543443
2023-03-13,0.2569979476105657,0.3581338585898868,0.24223114162353343,0.35106557215200246,0.19570002862520086,0.2761450638777173,0.20081554850092728,0.18768955309302618
2023-03-14,0.26592044474742305,0.3697544740933488,0.2292552516305566,0.3318196255120253,0.19570002862520086,0.2761450638777173,0.20813350797329674,0.1779133326383617
2023-03-15,0.2472352995056637,0.33968219249353376,0.24406005480996018,0.34771623307774296,0.19570002862520086,0.2761450638777173,0.19579157075597897,0.19243074533084267
2023-03-16,0.25375414131561325,0.35399684617053,0.22682617237812452,0.3290510213902814,0.1952891072020111,0.2760521364383086,0.19830652227837212,0.17496923107258808
2023-03-17,0.24015649848168485,0.329484789530932,0.2560025684846847,0.3634442545364751,0.1952891072020111,0.2760521364383086,0.1907079278463941,0.20155324741470462
2023-03-20,0.24894715798135958,0.34765936360848526,0.23505288518493994,0.34133240072531484,0.19521637244820633,0.2759841580230828,0.19457151071211115,0.18155160831583284
2023-03-21,0.23325127368301057,0.321831377957392,0.21923721300760135,0.31337374138542695,0.19521637244820633,0.2759841580230828,0.18461573744458548,0.17183719754743068
2023-03-22,0.21493906675054308,0.29484580038028063,0.2475881900842538,0.3517318960269814,0.19521637244820633,0.2759841580230828,0.17120017056795536,0.19528978306530959
2023-03-23,0.20151284702586603,0.28086300060695957,0.20661051152494259,0.29863698295527197,0.19521637244820633,0.2759841580230828,0.15851554011899266,0.16066658355485228
2023-03-24,0.19593277610283755,0.27230606840563576,0.18545648714481722,0.267195929282711,0.19521637244820633,0.2759841580230828,0.15426609770407396,0.14390006335170252
2023-03-27,0.1835761434714549,0.25376930102645334,0.17430284480390346,0.2494302304753567,0.19521637244820633,0.2759841580230828,0.14524262656689702,0.13595751456129704
2023-03-28,0.17076288178584287,0.23563532655497826,0.17159433690498327,0.24512822401991408,0.19521637244820633,0.2759841580230828,0.13518001557223674,0.13402031955058127
2023-03-29,0.15782548972588994,0.21841123857894473,0.15920559180033111,0.22826866430990164,0.19521637244820633,0.2759841580230828,0.12454919736427861,0.12390778204938524
2023-03-30,0.14869638099622162,0.20548216376361675,0.15617465120086665,0.22363954529937954,0.19521637244820633,0.2759841580230828,0.11741346082828193,0.12168837952380936
2023-03-31,0.1382272677660067,0.19204693009148058,0.14257488554772024,0.2055999950893641,0.19521637244820633,0.2759841580230828,0.10856351620901634,0.11044696949600435
2023-04-03,0.13180162367150738,0.18284038896262308,0.1363706448342744,0.19653565501754308,0.19521637244820633,0.2759841580230828,0.10354885399460961,0.10586365394302961
2023-04-04,0.12513529129473044,0.17396828382785515,0.1298498769329589,0.1878342572673131,0.19521637244820633,0.2759841580230828,0.09814821196608081,0.10073474000079932
2023-04-05,0.13040953662246801,0.18227532689904358,0.12815353146643887,0.18676559220022637,0.19521637244820633,0.2759841580230828,0.10201450193681641,0.09906778299382109
2023-04-06,0.12947960310536855,0.18069501599758622,0.12559680835667714,0.18290616130496867,0.19521637244820633,0.2759841580230828,0.10157597105173215,0.09751835125604934
2023-04-10,0.12533624087471262,0.17410984043574995,0.1304220918121508,0.18864604925757578,0.19521637244820633,0.2759841580230828,0.09885216245272045,0.1017740186140106
2023-04-11,0.13088232871645067,0.18352438270533486,0.12831919021383947,0.18771597364853587,0.19521637244820633,0.2759841580230828,0.10210931011644586,0.09900531248989065
2023-04-12,0.13098936648795068,0.1833273474397746,0.12612829663627012,0.18417415129996328,0.19489669944395938,0.2760284517672588,0.10267852245704445,0.097831625627894
2023-04-13,0.12647941371889915,0.17700188310385506,0.12310639286227598,0.1796864042388,0.19489669944395938,0.2760284517672588,0.09942402997673813,0.09556231977775838
2023-04-14,0.12561726314540966,0.17391854971643994,0.14914209637618192,0.2144758812820709,0.19489669944395938,0.2760284517672588,0.0992785394291866,0.11641221044684186
2023-04-17,0.11907912507409385,0.1665848331696342,0.14676611701465747,0.21259234189440954,0.19347280901212893,0.2755520519780546,0.09399620505688708,0.11483125097340083
2023-04-18,0.11183109739955116,0.15738824801520604,0.1353480833143037,0.19744241253463174,0.19232945287759629,0.27429577279266865,0.08764810771555602,0.10519392175765127
2023-04-19,0.10716131493249248,0.15086405796774044,0.1288202729726563,0.18821538307665414,0.19232945287759629,0.27429577279266865,0.08401385919616157,0.1000505486937096
2023-04-20,0.10446127982878928,0.14651196374876288,0.12808339649285128,0.18653618303844766,0.19232945287759629,0.27429577279266865,0.08215125255437956,0.09918670745424667
2023-04-21,0.11971304706469083,0.17034106325618506,0.1309630015573245,0.19367468098098362,0.19232945287759629,0.27429577279266865,0.09384774374801744,0.10135187742968657
2023-04-24,0.11834314673682311,0.166438897248787,0.13070873711741166,0.1912783646669833,0.18985179416610976,0.27235455007495113,0.09357114572993325,0.1021182985441287
2023-04-25,0.11573155794290968,0.1635183774983204,0.12467229663652796,0.18347045021160063,0.18985179416610976,0.27235455007495113,0.0912995508299306,0.09693497091472489
2023-04-26,0.168313109472212,0.23819603860245867,0.17422988955608715,0.2567762574240531,0.18972337303016906,0.2722790548188223,0.13131647271778943,0.13389152784034686
2023-04-27,0.16819685883511903,0.23557057420088234,0.1636383446821172,0.23837769272564657,0.18972337303016906,0.2722790548188223,0.13242461318793194,0.12705496289751195
2023-04-28,0.16201809653939936,0.22428744556115984,0.19493848503701938,0.28009641509233624,0.18972337303016906,0.2722790548188223,0.12879698535507617,0.15323541624423218
2023-05-01,0.1490947296981796,0.20701439451961218,0.19632461456190742,0.28291480437355543,0.18972337303016906,0.2722790548188223,0.11832859961540589,0.15384261889059275
2023-05-02,0.14326377885988706,0.20122534320514363,0.16953825430159142,0.24741226057595886,0.18972337303016906,0.2722790548188223,0.11259078350958308,0.13145774247833264
2023-05-03,0.18510253202562388,0.2610610236312455,0.19408281319023307,0.28539788064172106,0.1883889721800468,0.2723256314798282,0.14497245679205562,0.15000241340738246
2023-05-04,0.19285380579346278,0.27015163158310723,0.18221224512764478,0.26616635408946615,0.18885387591293268,0.27222327085970066,0.15213138236071222,0.14171429097309268
2023-05-05,0.22046025194870156,0.30990238771586565,0.19646200137025066,0.2887607495499408,0.1872118129570841,0.27251398042685604,0.17403497433751744,0.1526335133019459
2023-05-08,0.20913656950159554,0.28857769517550264,0.25853054329616254,0.3713605151240083,0.1886425929697454,0.27227214203151323,0.16793127474329672,0.20549077166926233
2023-05-09,0.1836900891449521,0.25660367343766466,0.21348125768223913,0.31088486488017436,0.1886425929697454,0.27227214203151323,0.14597745313661792,0.167810905435319
2023-05-10,0.1876838692748144,0.26312154079961586,0.1912131044826949,0.2802583927931004,0.1886425929697454,0.27227214203151323,0.14868136368136103,0.14932802496571151
2023-05-11,0.17652453790930456,0.24567578691050068,0.17929108837441032,0.26038204912544527,0.1886425929697454,0.27227214203151323,0.140538005234515,0.14096423574773526
2023-05-12,0.16244163200349493,0.2273581506312885,0.15871019062070968,0.23219272162334903,0.1886425929697454,0.27227214203151323,0.12895867054269478,0.12423814170514512
2023-05-15,0.15541252539831885,0.21803397524671675,0.14548987778408773,0.21337856394777843,0.1886425929697454,0.27227214203151323,0.12353165037078018,0.11395827115832492
2023-05-16,0.14996186311208992,0.21038492328752958,0.13643596838894906,0.20009148008156094,0.1886425929697454,0.27227214203151323,0.11910201138551423,0.10674321544481229
2023-05-17,0.16461065496709004,0.23166457895844456,0.14300514595123803,0.21076981349191765,0.1886425929697454,0.27227214203151323,0.13029703606431423,0.11126505110129045
2023-05-18,0.15845365445049586,0.2204490119076531,0.15637845737785777,0.22639734518782892,0.1886425929697454,0.27227214203151323,0.1266963637938438,0.12348497036621311
2023-05-19,0.14689447207796413,0.2045935056331058,0.15561217638497765,0.22570770360801506,0.1886425929697454,0.27227214203151323,0.11707905340287093,0.12257514486069522
2023-05-22,0.15595261432672158,0.21935685362202942,0.1494435506784938,0.21971493930634414,0.1886425929697454,0.27227214203151323,0.12320052071708104,0.11631026262025891
2023-05-23,0.16128307885867255,0.2261927165358599,0.1452390057012632,0.21292528342251063,0.1886425929697454,0.27227214203151323,0.1276603143706172,0.11331936763542125
2023-05-24,0.18642844523847857,0.26228832758663884,0.1628684901392079,0.23980281780709733,0.1886425929697454,0.27227214203151323,0.14720271814089503,0.12673910434191069
2023-05-25,0.21276863769399212,0.29878642552850126,0.17965976534179362,0.2644277143446084,0.1886425929697454,0.27227214203151323,0.16807304769090925,0.14043233840269578
2023-05-26,0.19941017683402884,0.2775630069204849,0.1727855561993653,0.2508116056492252,0.1886425929697454,0.27227214203151323,0.158753827675564,0.13656834075797286
2023-05-29,0.1824682152353564,0.2536304446040362,0.1744095833081245,0.2526101130546527,0.1886425929697454,0.27227214203151323,0.14547247223887733,0.13813888045237127
2023-05-30,0.1669110084310278,0.23275014712160752,0.15886790339602325,0.2312581665051896,0.1886425929697454,0.27227214203151323,0.13247928179661256,0.1251791781255639
2023-05-31,0.15585301490126513,0.21796524967679082,0.1447182567124849,0.21167017200865182,0.1886425929697454,0.27227214203151323,0.12330177390071395,0.11357152257242242
2023-06-01,0.15919866615925127,0.2232191143646357,0.1396430106048962,0.2051447096764738,0.1886425929697454,0.27227214203151323,0.12559845654624308,0.10914531235428106
2023-06-02,0.15285822153031592,0.21069708422824043,0.21167967835832457,0.3040989923218347,0.1886425929697454,0.27227214203151323,0.12258554420812907,0.16878596986821243
2023-06-05,0.1379232472091626,0.19145725341915731,0.20188251922423545,0.292068174217297,0.1886425929697454,0.27227214203151323,0.1097005054990189,0.1599485899840551
2023-06-06,0.13105314379304933,0.18347708783590777,0.17392956083325017,0.2539960017387346,0.1886425929697454,0.27227214203151323,0.10339495063670112,0.13660463215504273
2023-06-07,0.12615856792206015,0.1754064312889714,0.1703671208703278,0.24701631116999107,0.1886425929697454,0.27227214203151323,0.1002335963614768,0.13459301572247406
2023-06-08,0.11844660642937677,0.16582829223691467,0.15190150738232572,0.22188811253131469,0.1886425929697454,0.27227214203151323,0.09362187701294081,0.11924838094440791
2023-06-09,0.1145522826849204,0.16010943352677454,0.14356598847933572,0.20928736093874067,0.1886425929697454,0.27227214203151323,0.09088984352788994,0.11300342972723655
2023-06-12,0.11610228877431528,0.16309786525918876,0.13474062361235706,0.19763897383909654,0.1886425929697454,0.27227214203151323,0.09179885779760924,0.10554483950328937
2023-06-13,0.15507988024081432,0.21813531057250132,0.16179236274261133,0.23813682836068856,0.1886425929697454,0.27227214203151323,0.12174870323173977,0.12588109533391922
2023-06-14,0.15081197625309772,0.20975707444199834,0.15509872133532943,0.22531865738053533,0.1886425929697454,0.27227214203151323,0.11961313953418984,0.12218995320197235
2023-06-15,0.1414800547810422,0.19627519721595924,0.15611146144692517,0.22611993369869193,0.1886425929697454,0.27227214203151323,0.11236532080529271,0.12331186593249202
2023-06-16,0.15022457444727821,0.21064241944150558,0.14853197178502314,0.21827097672524806,0.1886425929697454,0.27227214203151323,0.118326865975404,0.11613013722177987
2023-06-19,0.14491501524331762,0.20069102738589817,0.1619376092150015,0.2343820232389968,0.1886425929697454,0.27227214203151323,0.11546979128059022,0.12851579349287517
2023-06-20,0.1524499056301164,0.2139625204720876,0.15205984730877886,0.22362866771001216,0.1886425929697454,0.27227214203151323,0.1201212279312975,0.1187117156695915
2023-06-21,0.14726853462499256,0.20504453340601775,0.14608813574841767,0.21287979782359515,0.1886425929697454,0.27227214203151323,0.11672499997106768,0.11496850249038361
2023-06-22,0.1388699451754284,0.19270454371747028,0.14974425933562363,0.2173039298555297,0.1886425929697454,0.27227214203151323,0.11028110096731544,0.11822073403030635
2023-06-23,0.1298750113908972,0.18090262013549332,0.14039624026411618,0.20485986431533018,0.1886425929697454,0.27227214203151323,0.10271618629229227,0.11042791021372886
2023-06-26,0.14049364269722497,0.19713279428356817,0.1389173122663908,0.20483993820744772,0.1886425929697454,0.27227214203151323,0.11037527721125757,0.10833877272064697
2023-06-27,0.16332986758457801,0.22916560575009334,0.15128874045416424,0.22328641065561658,0.1886425929697454,0.27227214203151323,0.1283023740565203,0.1179785474212068
2023-06-28,0.1569836586114668,0.21815801573577634,0.1493676823068708,0.2177011619964521,0.1886425929697454,0.27227214203151323,0.12447641552595494,0.11790213209390608
2023-06-29,0.14632672496900356,0.20378809288123562,0.14143563699176898,0.2062726847446888,0.1886425929697454,0.27227214203151323,0.11591651440648125,0.11099545998698535
2023-06-30,0.14181675869016275,0.19840996653350398,0.1327912495357929,0.19490152624174215,0.1886425929697454,0.27227214203151323,0.11199082334331333,0.1036604624109313
2023-07-03,0.13898813025675305,0.19445228505612575,0.12819556414490124,0.1882595758411016,0.1886425929697454,0.27227214203151323,0.10973885002874578,0.10009314211669351
2023-07-04,0.13455104009907748,0.18806474206806925,0.12430642647131812,0.18274189785488618,0.1886425929697454,0.27227214203151323,0.10599277533496164,0.09721395327347324
2023-07-05,0.13363969568554757,0.18714951111937456,0.12148034191164653,0.1793167051128533,0.1886425929697454,0.27227214203151323,0.10504055282560104,0.0949824495698548
2023-07-06,0.14326473550230567,0.2012064804255263,0.12650940158035062,0.1871768664807717,0.1886425929697454,0.27227214203151323,0.11232570922401283,0.09845173682715817
2023-07-07,0.17632869445894195,0.24820733707870107,0.1589466156975522,0.23494144644828513,0.1886425929697454,0.27227214203151323,0.13791139575480282,0.1230594374793033
2023-07-10,0.17089511746342145,0.23763118021081517,0.15746316845740005,0.22856649642970883,0.18783876646546904,0.2722453694643603,0.1349118043059816,0.12368570221440468
2023-07-11,0.16376913037791263,0.22931351604439196,0.14335919034913158,0.2098978578418015,0.18861460621310344,0.2722296200229235,0.12868047854830542,0.11185898610057868
2023-07-12,0.1524662940832433,0.2137107237936569,0.13638879663968567,0.19914514637994266,0.18861460621310344,0.2722296200229235,0.12044608464231912,0.10752071376683688
2023-07-13,0.14699343322236913,0.20383477294395927,0.1703180933637689,0.24533221821595141,0.18496628460704023,0.2672165131242877,0.11714196749799452,0.13544906936815992
2023-07-14,0.1351813927697174,0.18981945659593852,0.1490148751976761,0.2178140963057518,0.18496628460704023,0.2672165131242877,0.10663284272688629,0.11702234710811345
2023-07-17,0.1300810526587194,0.18205258437958735,0.14185856803060332,0.20644317180593566,0.18496628460704023,0.2672165131242877,0.10300679498883128,0.111478559182911
2023-07-18,0.12810244366183743,0.18026035488479944,0.13288005715513457,0.19480700844251456,0.18496628460704023,0.2672165131242877,0.10102829758872105,0.10403413619602059
2023-07-19,0.12371947027729402,0.17395742266925748,0.12944472791466544,0.18926635776641687,0.18496628460704023,0.2672165131242877,0.09757726619262586,0.10157377901831287
2023-07-20,0.1339300608365136,0.18881894476150857,0.13083789260959205,0.19252427721394316,0.1832625651335975,0.26706709957632346,0.10491691434585049,0.10153509026124279
2023-07-21,0.13687124211692936,0.19366907909114414,0.12933616637452677,0.19066965236698646,0.1832625651335975,0.26706709957632346,0.10791660525587886,0.10147106640807319
2023-07-24,0.13204926439514597,0.18571170995371986,0.12989749073380152,0.19014657111923802,0.18053106873686403,0.2655108739754954,0.10444572592843017,0.10239597978818128
2023-07-25,0.13502145371243257,0.19058976000163133,0.1265149628513625,0.18673348257150182,0.18053106873686403,0.2655108739754954,0.10605641745522588,0.09896958116041048
2023-07-26,0.13054448320019263,0.18367637559928038,0.12445260034735506,0.18298345173957117,0.18053106873686403,0.2655108739754954,0.10292133605719174,0.09772928876976218
2023-07-27,0.12571830118674787,0.17590543554297008,0.13493084410289452,0.19676388537842415,0.18053106873686403,0.2655108739754954,0.09956322997547745,0.106640648495874
2023-07-28,0.15772960147445914,0.22366509160311882,0.15857142222796783,0.23467747935226807,0.18045272194585954,0.26551467860798794,0.12369241317895208,0.12322373291274648
2023-07-31,0.15492734511624606,0.2157364908403087,0.17377794070573938,0.2513737327454211,0.18045272194585954,0.26551467860798794,0.12342458752549733,0.1377630897397453
2023-08-01,0.14947324809920592,0.21103973028081396,0.151321259219044,0.22342460540469158,0.18045272194585954,0.26551467860798794,0.11826295994755968,0.11963455801425102
2023-08-02,0.1527780008406795,0.21557939741565774,0.14353028559512626,0.21213897200478818,0.17853403585332195,0.26540423328499246,0.12076719355925296,0.113349955782373
2023-08-03,0.2164425466799026,0.3068103235181595,0.21287130958584544,0.31512425439743186,0.17986598732044623,0.26513525307336494,0.16963309085442146,0.16602194494619188
2023-08-04,0.20604940726519083,0.28844699835075027,0.19346405281930035,0.2819797732172431,0.17986598732044623,0.26513525307336494,0.16324933956324855,0.1526192036626438
2023-08-07,0.2177016519868491,0.3066935886038083,0.18658310885800172,0.27478425922471494,0.17986598732044623,0.26513525307336494,0.17174154683773726,0.14614308582018323
2023-08-08,0.20466838181912994,0.2847215274709862,0.19384902385930092,0.28031147535190487,0.17986598732044623,0.26513525307336494,0.16307842997762578,0.15406819700295254
2023-08-09,0.1881678397108496,0.2641153498468453,0.1664464638478228,0.24377141317147705,0.17986598732044623,0.26513525307336494,0.14855940447099394,0.1307620945508421
2023-08-10,0.1764733220332324,0.2474328345474297,0.15254996286346129,0.22311045054994583,0.17986598732044623,0.26513525307336494,0.13962360160092166,0.11990781137524652
2023-08-11,0.1643139942377625,0.23062407633332951,0.14164743674918473,0.20727763412032496,0.17986598732044623,0.26513525307336494,0.13033549824466995,0.11149183407148136
2023-08-14,0.15540967080344603,0.216828523894492,0.15563890277636144,0.22546469307639277,0.17986598732044623,0.26513525307336494,0.12433269121570895,0.12371705836244565
2023-08-15,0.1424672280793292,0.20058215431187196,0.14012811865877706,0.20526086813696676,0.17986598732044623,0.26513525307336494,0.11308379333261177,0.1102765598463346
2023-08-16,0.18317963188155628,0.25928325518831086,0.17614881281322275,0.26000411767237047,0.18037566329310095,0.26491409001397664,0.1437020874003322,0.13687989113689894
2023-08-17,0.18738943369294292,0.26311961877570433,0.16741138275887635,0.24447601449596418,0.18037566329310095,0.26491409001397664,0.1483538109930006,0.13129233635916893
2023-08-18,0.20100673580784956,0.28345604179934886,0.16875738003005325,0.24799933769042698,0.18037566329310095,0.26491409001397664,0.15880898286216644,0.131789296572645
2023-08-21,0.19000026450889407,0.2658923019958297,0.1616759859564787,0.23460012514043652,0.18037566329310095,0.26491409001397664,0.15142894609353158,0.12768493538760278
2023-08-22,0.1750428243523492,0.24533885293541807,0.14757796430989262,0.21500249510479333,0.18037566329310095,0.26491409001397664,0.13889624583442642,0.11606301208551757
2023-08-23,0.16281903058649694,0.22870559816213462,0.13839476350689328,0.2019674266297976,0.18037566329310095,0.26491409001397664,0.12928148396035052,0.1087672610277663
2023-08-24,0.15396214379814332,0.21524614871201217,0.14995172821434682,0.21719994986148145,0.18037566329310095,0.26491409001397664,0.12289461733855049,0.11875124646369274
2023-08-25,0.17179810288762576,0.24284149716722148,0.1550894536828203,0.22941719290318555,0.18037566329310095,0.26491409001397664,0.13438579485619057,0.12090947522676829
2023-08-28,0.16810975404524087,0.2329649015047999,0.1814955867567093,0.2616282095644121,0.18037566329310095,0.26491409001397664,0.13352185861726737,0.14439926512422438
2023-08-29,0.15280966339842816,0.2133910770633988,0.1665334028553016,0.2423016972328239,0.18038361181096807,0.26492201934065446,0.12069263073378578,0.13177696995735397
2023-08-30,0.14303953777343403,0.20002238594197597,0.1589218181034972,0.23160410838294015,0.18038361181096807,0.26492201934065446,0.11321061831976338,0.1260692011025356
2023-08-31,0.1348495996996224,0.18835390858620824,0.1526962253185442,0.22280858835990208,0.17928795801169328,0.26516234793216736,0.10616944565064115,0.12101258737855893
2023-09-01,0.12702930448172278,0.17798614173456623,0.14238844743192264,0.20870349491522477,0.17928795801169328,0.26516234793216736,0.0996792632131809,0.11249604695724379
2023-09-04,0.12188373808383457,0.17040422078420847,0.14033970414927327,0.20525170364823556,0.17928795801169328,0.26516234793216736,0.0955445434870889,0.11090332121027162
2023-09-05,0.13839961995651684,0.195755944910468,0.14259415262420594,0.21160139508895112,0.17928795801169328,0.26516234793216736,0.10760467375400122,0.11141436844028742
2023-09-06,0.1430261212114473,0.20116810417915426,0.13853192464019304,0.20452347205634006,0.17928795801169328,0.26516234793216736,0.11165807494332888,0.10887430068426707
2023-09-07,0.15062719756470444,0.21244086366023887,0.13689235565972374,0.20276019996214112,0.17986637674395234,0.26484247736679134,0.11719050234978018,0.10723576061235475
2023-09-08,0.14489614758295377,0.2034998137927955,0.1320645908047417,0.1947271675760294,0.18025867060121203,0.26482648878845355,0.11318815918312962,0.10392037628920522
2023-09-11,0.13848380197931942,0.19360777501781,0.13604824238041746,0.19896470042485073,0.18025867060121203,0.26482648878845355,0.10873796843196466,0.10733905331374824
2023-09-12,0.1299866945631677,0.18263970731680676,0.12759825859922036,0.18812841503797173,0.18025867060121203,0.26482648878845355,0.10135219944571885,0.10010242238170629
2023-09-13,0.13668835958707437,0.19369164378974044,0.12768362000685152,0.19029255169871576,0.18025867060121203,0.26482648878845355,0.10648010706622581,0.10021010051794282
2023-09-14,0.13399890693005,0.1877337221972968,0.13970141802550567,0.20496570494005484,0.17943103345481454,0.26497308696296273,0.10548362840000178,0.1109454071035113
2023-09-15,0.12637188423495738,0.17705748004571545,0.14395783327326273,0.2113016777177632,0.17943103345481454,0.26497308696296273,0.09949792523640859,0.11422412551474438
2023-09-18,0.1490285341340143,0.2117121088011808,0.15187203349754758,0.22725553491677752,0.17943103345481454,0.26497308696296273,0.11622217102476358,0.11906933890257573
2023-09-19,0.15347223107717156,0.21665105974577561,0.1459389507827843,0.21699897735031737,0.17943103345481454,0.26497308696296273,0.12079638186699805,0.11540078140175111
2023-09-20,0.14998648268276038,0.21181809287904396,0.1372993497936273,0.20455490273892016,0.17943103345481454,0.26497308696296273,0.11843412405812861,0.10901271275162795
2023-09-21,0.1714034619417414,0.24343660533908465,0.15082645369231684,0.22640299458813826,0.17943103345481454,0.26497308696296273,0.13458689187968945,0.11893538671895483
2023-09-22,0.2332115365461802,0.3304714692111043,0.21979151653206785,0.3276080508756446,0.18068655409268097,0.26496360929531315,0.1816944638254202,0.17194617165837922
2023-09-25,0.22103129020672196,0.30917166857270467,0.20062348245329065,0.29387480084614864,0.18068655409268097,0.26496360929531315,0.174218261897614,0.15905948895336786
2023-09-26,0.20175788131709305,0.28243247701524626,0.17776285258873592,0.2607402479496553,0.18068655409268097,0.26496360929531315,0.15885102217657193,0.14077496923606042
2023-09-27,0.23042638314631803,0.32575942834134347,0.19906934114667835,0.2953484637909886,0.1805917528947909,0.26492845938957565,0.1800373084320843,0.15543009591293958
2023-09-28,0.2180327275990701,0.3046079711705395,0.18728497820143752,0.2732377774491746,0.1805917528947909,0.26492845938957565,0.17225403789329863,0.1484931144204752
2023-09-29,0.1992682339977787,0.2783224895125087,0.17709256300428033,0.2579006901459358,0.1805917528947909,0.26492845938957565,0.15756875454126545,0.14030956289573937
2023-10-02,0.18487212896584881,0.25984572535099254,0.1567169649665941,0.23044266812828676,0.1805917528947909,0.26492845938957565,0.14553737362945396,0.12338555961025939
2023-10-03,0.17538676503535666,0.2465620559213908,0.14555511997697385,0.21395164977981065,0.1805917528947909,0.26492845938957565,0.13808292536495437,0.11447662476009551
2023-10-04,0.21304824701657554,0.30177344284978525,0.18606452870369794,0.2753084269980449,0.17962395026955236,0.26517075875658325,0.16676242934212912,0.1443137167445662
2023-10-05,0.20521429876176356,0.28569279121507807,0.1861821241888011,0.26947109127148205,0.17962395026955236,0.26517075875658325,0.16216052909129863,0.14721529544217776
2023-10-06,0.1864117904827305,0.2608611912211555,0.16391590627345964,0.23932510170729945,0.17962395026955236,0.26517075875658325,0.14643318892582347,0.1286340048038399
2023-10-09,0.1743342163206223,0.24296677833929947,0.16567425814002795,0.2402281926957924,0.17962395026955236,0.26517075875658325,0.1378228616554001,0.13098131943949645
2023-10-10,0.1648177208233237,0.23142553884402867,0.14892476810453298,0.2182535269290313,0.17962395026955236,0.26517075875658325,0.12942361461582302,0.11654546719825061
2023-10-11,0.15648240861218643,0.21858606180481832,0.1476705448632037,0.21473493048739886,0.17962395026955236,0.26517075875658325,0.12340621305040586,0.11630205895438148
2023-10-12,0.14716935066333237,0.2052406653608071,0.15353621582156912,0.22263141480399126,0.17962395026955236,0.26517075875658325,0.11626877417116979,0.12119500765117912
2023-10-13,0.15050572351205949,0.2120668091687511,0.14391715227877827,0.21167223578074298,0.17962395026955236,0.26517075875658325,0.11773095955665028,0.11213659405777686
2023-10-16,0.21428611028832178,0.3026080087353654,0.21212161419638353,0.31205538742088795,0.18097254755742576,0.2650413668832705,0.16663922592593805,0.16374717831538657
2023-10-17,0.2074968673436366,0.2871787106749497,0.23349720423271747,0.3344659077861174,0.18097254755742576,0.2650413668832705,0.1645138232421574,0.18452191831984863
2023-10-18,0.1974536657091468,0.27669192148874483,0.19732516281456747,0.28737349750858526,0.18097254755742576,0.2650413668832705,0.15458678867583753,0.15358725793147493
2023-10-19,0.21465847402739446,0.3013565684986495,0.1944197168518882,0.2841958699030474,0.18097254755742576,0.2650413668832705,0.16772316701498702,0.15075029898397185
2023-10-20,0.24535915839083122,0.34545124163006824,0.21482295506664262,0.31421274506464625,0.1815300057216812,0.264871150117242,0.1924389001183766,0.16629653935966046
2023-10-23,0.23592156260471064,0.33042714321907674,0.19535935319549136,0.2834650697600537,0.1815300057216812,0.264871150117242,0.18635047564903245,0.15258252923429533
2023-10-24,0.2170531963136848,0.30233694920620774,0.19058281409239153,0.2743004882565861,0.1815300057216812,0.264871150117242,0.17206258328802182,0.14992183564690703
2023-10-25,0.19762494694397503,0.2750385465533046,0.18963884584904278,0.27282113753739295,0.1815300057216812,0.264871150117242,0.15658466561529624,0.149299956187503
2023-10-26,0.20310730413355693,0.2852710703717808,0.17641856089133873,0.2578988739665285,0.1815300057216812,0.264871150117242,0.1588823624897888,0.1369280628031121
2023-10-27,0.20187077316235325,0.28270345487493914,0.165884033994243,0.24173212978303757,0.1815300057216812,0.264871150117242,0.1582363531663252,0.1292477005051581
2023-10-30,0.19940905988503577,0.2794368264963805,0.15676588569011835,0.22869819170685754,0.1815300057216812,0.264871150117242,0.15638231751168705,0.12199234592540081
2023-10-31,0.18730104761272315,0.26041942478969105,0.17023826901415728,0.24498809297476062,0.1815300057216812,0.264871150117242,0.1481405731734646,0.13401979340419506
2023-11-01,0.1720059750118923,0.23903772268782744,0.1843144481931041,0.2650419156002485,0.1815300057216812,0.264871150117242,0.13625330123749485,0.14526401261861424
2023-11-02,0.15824319323436287,0.22034147873337043,0.1854568705966978,0.2672061074098741,0.1815300057216812,0.264871150117242,0.1251561013481003,0.14596730079040665
2023-11-03,0.148027223225203,0.20604340262964305,0.18725764075336043,0.2698297612869174,0.1815300057216812,0.264871150117242,0.11689681672313935,0.14738345556271168
2023-11-06,0.1381054887116382,0.19277820092138934,0.17516220090370394,0.2540350466236526,0.1815300057216812,0.264871150117242,0.10857642121811095,0.13800470981050608
2023-11-07,0.12992089068894763,0.18227460467792694,0.15692153969071054,0.22898342007051833,0.17968184461965941,0.2647195287682371,0.10140594781381933,0.12279049437321907
2023-11-08,0.12424685025517423,0.17416610112668923,0.14581262584854165,0.21288801550552175,0.17968184461965941,0.2647195287682371,0.09700477269081458,0.11411687265670391
2023-11-09,0.11926172670768243,0.1669171312907591,0.14005988700598465,0.204144466903769,0.17968184461965941,0.2647195287682371,0.09335026076670348,0.10987241120968719
2023-11-10,0.13832438584090656,0.19534450973627007,0.14496787423211305,0.21361230882882276,0.17968184461965941,0.2647195287682371,0.10771838988071154,0.11270294386831764
2023-11-13,0.1345566207011647,0.18780957921340052,0.1622536115125543,0.23551841898426368,0.17968184461965941,0.2647195287682371,0.10700823331652981,0.1287892169522851
2023-11-14,0.14087810791726252,0.19889953837037802,0.14990806122963218,0.22104772607265655,0.1781947717419189,0.26487957560727005,0.11030666755466849,0.1172537841390352
2023-11-15,0.13722192226823915,0.19195841042329115,0.14954572480061967,0.21805549517343295,0.1781947717419189,0.26487957560727005,0.10835765533564361,0.118168241566532
2023-11-16,0.1300193770181569,0.18294788223934066,0.13775097711190437,0.20235102218800627,0.1781947717419189,0.26487957560727005,0.10222222349144602,0.10825379666489068
2023-11-17,0.129872752608597,0.18312133477113235,0.13174127803851948,0.1940270159421366,0.1781947717419189,0.26487957560727005,0.10218304809218583,0.10359277877240654
2023-11-20,0.12622803508055513,0.17696710227231507,0.13509850324376355,0.19724487825794812,0.1781947717419189,0.26487957560727005,0.09994902529588619,0.10695552571486729
2023-11-21,0.12004399459644777,0.1684993317833479,0.1329975191107562,0.1945428718618908,0.1781947717419189,0.26487957560727005,0.09476330568665538,0.10510266149846795
2023-11-22,0.1140721597323392,0.1607929244410955,0.12693051355735446,0.1866069857306203,0.1781947717419189,0.26487957560727005,0.08970083065540084,0.09983242854876961
2023-11-23,0.11125343685062983,0.1561040402563527,0.1315732848763705,0.19234880703167032,0.1781947717419189,0.26487957560727005,0.08789278940389811,0.1039830812595706
2023-11-24,0.10556486138397186,0.1491309053114999,0.12492094464152614,0.18417621710478232,0.1781947717419189,0.26487957560727005,0.08292348887247933,0.09817620768921666
2023-11-27,0.10315051808700904,0.14526845334330526,0.12576623979299356,0.18495687156404908,0.1781947717419189,0.26487957560727005,0.08124346259398872,0.09920191805039377
2023-11-28,0.10701703591038703,0.15167689766492795,0.12184605895783313,0.18119884140544412,0.1781947717419189,0.26487957560727005,0.083408187157945,0.09546271443770049
2023-11-29,0.10695551333178699,0.1512083310420497,0.12051178365141729,0.1789918968394183,0.1781947717419189,0.26487957560727005,0.08356272885035428,0.09473212844466036
2023-11-30,0.1140853348180505,0.16173080106824597,0.12114714693115786,0.18062467301800894,0.1781947717419189,0.26487957560727005,0.08886364192098709,0.0947992533907657
2023-12-01,0.11183278891218862,0.15768691824568384,0.12021241563899548,0.1785069973639944,0.1781947717419189,0.26487957560727005,0.08728135477632258,0.09455529136066802
2023-12-04,0.10829071370066334,0.1524611577151607,0.12141883497000525,0.17919380434842058,0.17964876463544127,0.2644303780029374,0.08483681410674376,0.09546847493212227
2023-12-05,0.118284456034225,0.1681413260780824,0.12267521081963903,0.18351687752361456,0.17964876463544127,0.2644303780029374,0.09218918901103232,0.09600781569702346
2023-12-06,0.1161510221206784,0.1637300957722736,0.12322657737433906,0.18219464017979076,0.17964876463544127,0.2644303780029374,0.09131471761859626,0.09715120287828034
2023-12-07,0.11559606041301607,0.1632834616474809,0.11958818276054145,0.17765403724666085,0.17966901918960876,0.26445926304806455,0.09008636199949246,0.09372098689442583
2023-12-08,0.11589606182598367,0.1636203307875517,0.11846020560787213,0.1758841594306971,0.17966901918960876,0.26445926304806455,0.09032906256585081,0.09283870885103598
2023-12-11,0.11390243357396557,0.15920000183289737,0.13388477509280325,0.1962879799494881,0.17966901918960876,0.26445926304806455,0.08956735116550785,0.10617864117168457
2023-12-12,0.11453439008940935,0.16211403739168415,0.12518577751567822,0.18684503810711528,0.17966901918960876,0.26445926304806455,0.089060186202214,0.09843717951154263
2023-12-13,0.11271268996458361,0.15795678851937553,0.13243424880751253,0.19541383382007507,0.17966901918960876,0.26445926304806455,0.08875386117461354,0.1054015955077523
2023-12-14,0.1088782324352201,0.15428563846296664,0.12335910325442309,0.18431425089253348,0.17966901918960876,0.26445926304806455,0.08524242387212001,0.09723703777374137
2023-12-15,0.11563346773802363,0.16421391359496565,0.12248767820962078,0.18363867663694433,0.17966901918960876,0.26445926304806455,0.09051517368885192,0.09628457042014049
2023-12-18,0.11277030381959885,0.15929279795480614,0.1214868172104561,0.1808207468752994,0.17966901918960876,0.26445926304806455,0.08885607565513284,0.0960248674333671
2023-12-19,0.11616996842886873,0.16527026849606644,0.11842902512147149,0.17796510121444212,0.17966901918960876,0.26445926304806455,0.09110061895275746,0.0929968634765822
2023-12-20,0.11411384671094582,0.16174502806818963,0.11680830761534378,0.174952423631337,0.17966901918960876,0.26445926304806455,0.08971484960566731,0.09217121742456164
2023-12-21,0.14686154902798054,0.20947454993757675,0.14250453594585713,0.21685108413697496,0.17884882205988417,0.2646495550782958,0.11424846088149969,0.11197314683328487
2023-12-22,0.14764135522212762,0.20818479997817152,0.14085303537256683,0.20957929668542954,0.17884882205988417,0.2646495550782958,0.11581521045571641,0.11118278784828417
2023-12-26,0.14124180160540134,0.19825852712959688,0.14305416447278368,0.21137888041983724,0.17884882205988417,0.2646495550782958,0.11141463405582414,0.11377009346075849
2023-12-27,0.1316051578924864,0.18587153884530214,0.13186703033236843,0.19662624172876997,0.17884882205988417,0.2646495550782958,0.10307547890991067,0.10415446391154305
2023-12-28,0.12665326567149504,0.1781352006011787,0.13545793745191698,0.2006008418337237,0.17893305766821022,0.2646470401514866,0.09997081033016732,0.10769095582698526
2023-12-29,0.11956224916401093,0.1696218355809914,0.1257233688586401,0.18806404699978063,0.17642096899457527,0.2631848318842158,0.09382485663930354,0.09914780169276294
2024-01-02,0.11568251401491514,0.16418807280637837,0.1212950747966558,0.18147055434447212,0.17642096899457527,0.2631848318842158,0.09087855755764714,0.09571459664625026
2024-01-03,0.13441931177221056,0.19224766505222046,0.1313516857812171,0.19875122616909227,0.17642096899457527,0.2631848318842158,0.10519998300390913,0.10311115618473231
2024-01-04,0.15768424451495722,0.2254098681038799,0.1448835271117858,0.21923924060661734,0.17642096899457527,0.2631848318842158,0.12408475365542382,0.11443880911364587
2024-01-05,0.15636657320024117,0.22222032237636374,0.1393544349135637,0.2092632907991906,0.17421774251461697,0.2625579583600087,0.12388599322517573,0.11086577841244759
2024-01-08,0.14924801261242426,0.21028112985141,0.1462598140745494,0.21713688242972834,0.17421774251461697,0.2625579583600087,0.1188704543384084,0.11738199915217819
2024-01-09,0.138309394591828,0.19565109736929923,0.1363330569679269,0.20346533321912513,0.17421774251461697,0.2625579583600087,0.10967447358119839,0.1085977645862844
2024-01-10,0.13081089392313006,0.184897017442629,0.1311832591890485,0.1959393466018725,0.17421774251461697,0.2625579583600087,0.1037740999701192,0.10452111855237908
2024-01-11,0.12384068341650345,0.17543805203433835,0.12389509926410236,0.18588561211797575,0.17421774251461697,0.2625579583600087,0.09788800500346548,0.09832176263259482
2024-01-12,0.11877144808515039,0.1678416200814861,0.12129659792582637,0.1815299348565054,0.17421774251461697,0.2625579583600087,0.09400675863725678,0.09639369636972578
2024-01-15,0.12046719929300909,0.1711495647271455,0.11752302543438958,0.17692099039589915,0.17421774251461697,0.2625579583600087,0.09487527226279492,0.09259632956556135
2024-01-16,0.13267001593468997,0.18865441550309198,0.12306952347325989,0.18543475068320456,0.17421774251461697,0.2625579583600087,0.10444358121938357,0.09672947045841994
2024-01-17,0.14540329401106533,0.20646954930509331,0.12885215048662924,0.19342196747261117,0.17421774251461697,0.2625579583600087,0.11463450092200111,0.1013113344363412
2024-01-18,0.16453140931526156,0.2338744663686848,0.14151055644799515,0.2122592774056312,0.17421774251461697,0.2625579583600087,0.12984259352189356,0.11127855210616672
2024-01-19,0.15978142122259664,0.22455434950797484,0.1446688177407608,0.21285665074957438,0.17421774251461697,0.2625579583600087,0.12729457497887964,0.11533867173510576
2024-01-22,0.1491482765363379,0.20946229549677312,0.149222035234617,0.21894490817089973,0.17421774251461697,0.2625579583600087,0.11911365246208483,0.1193152309096709
2024-01-23,0.1388750195408054,0.1963894697335345,0.13655024469253024,0.20215385806593236,0.17421774251461697,0.2625579583600087,0.11024490014649414,0.10855178268639049
2024-01-24,0.13288087606678722,0.1870967302262588,0.1394453047577379,0.20521355311246198,0.17421774251461697,0.2625579583600087,0.10588657136503464,0.11162315808922249
2024-01-25,0.13961639818548077,0.1990301949267232,0.1341029308026639,0.20132823562495492,0.1745406348471552,0.2624410646840004,0.1101553212924624,0.1062521011764261
2024-01-26,0.1452160070012375,0.20640681194945792,0.13211091874477615,0.19753961831212402,0.17091333871324021,0.2544234899753406,0.11479046927021815,0.10496061957405464
2024-01-29,0.1394285201457931,0.1976417961218508,0.12785033968684872,0.19023957247754955,0.17114908562769288,0.25438444228784396,0.1108153122327757,0.10228170235878818
2024-01-30,0.14036306413890065,0.20031484368065566,0.12289240903639162,0.18475683767332007,0.17114908562769288,0.25438444228784396,0.11105877361802136,0.09808494777540823
2024-01-31,0.1352502582691696,0.19208977188662524,0.12203726506377438,0.18211542522126029,0.16863778122278428,0.24749312442488647,0.10755102830121697,0.09807554481460391
2024-02-01,0.1548087864489942,0.2221236642215144,0.13628216496792708,0.20577563075087746,0.16863778122278428,0.24749312442488647,0.12235678867862868,0.10810541633875208
2024-02-02,0.15130352778713285,0.2146012266835826,0.13713257072782659,0.20351879831222391,0.16863778122278428,0.24749312442488647,0.12087383903519087,0.11042505097650952
2024-02-05,0.14097248824826875,0.20116651841500743,0.12763754271001237,0.19084785621908168,0.16877138761833205,0.24757497909769458,0.11249466991734568,0.10236453157356282
2024-02-06,0.13402879388671068,0.19112192410320536,0.12350891234998179,0.18458742423352648,0.16877138761833205,0.24757497909769458,0.10676282474464932,0.0990874326437949
2024-02-07,0.12844346275120488,0.1826137227382199,0.12843184175173328,0.19088755460813683,0.16668518739342408,0.2458878872275967,0.10267175339708941,0.10364796694496572
2024-02-08,0.1203550024599746,0.17250700141039235,0.12230883477434462,0.18398977408163109,0.16668518739342408,0.2458878872275967,0.09584602865532253,0.09853091541949348
2024-02-09,0.11403269834025415,0.16383242815172508,0.11752641821126128,0.1771524303260683,0.16371837750194296,0.24259892632097071,0.0906306631975081,0.0943403879872171
2024-02-12,0.11375236069225408,0.1639217230626641,0.11496374546484589,0.17366494004317518,0.16371837750194296,0.24259892632097071,0.09013480595915802,0.09202749465292152
2024-02-13,0.13791648923455502,0.20140639375216285,0.13243492322254247,0.2026304436042396,0.16291899703103552,0.24259271179063613,0.10920764880384655,0.10604582490587573
2024-02-14,0.19232431735222177,0.27801647991133244,0.18100028694650172,0.27511377539588827,0.1606620982551813,0.23606159156591527,0.15139553563849362,0.14365450306711242
2024-02-15,0.19024231842951356,0.2728968945934325,0.1969065084838558,0.2913778209836736,0.1606620982551813,0.23606159156591527,0.15508953877344894,0.16118222107728383
2024-02-16,0.1700851140793287,0.24572216451185036,0.17400825520787822,0.2593864364069158,0.15755582472314184,0.228544020955777,0.1379787024886851,0.1411175298853477
2024-02-19,0.16182396787211673,0.2345364555002318,0.1567133378997224,0.23513334149799747,0.15755582472314184,0.228544020955777,0.13063842926381325,0.12640483068730718
2024-02-20,0.1643811909311998,0.23775945022001088,0.1482551156298867,0.22310017279591474,0.15755582472314184,0.228544020955777,0.13205477381125755,0.11933659613303678
2024-02-21,0.17307019486036346,0.2501094028284768,0.14661648101634991,0.2211505636809809,0.15755582472314184,0.228544020955777,0.13879579806137707,0.11799726622908419
2024-02-22,0.1623972233377171,0.23358800849335343,0.13921995320238612,0.20873749962749333,0.15755582472314184,0.228544020955777,0.1305481218601992,0.11268839584561004
2024-02-23,0.15430189046338033,0.2208995634133647,0.14274347804462784,0.21250078498070968,0.15755582472314184,0.228544020955777,0.12425940414043683,0.11593900048000334
2024-02-26,0.14513303814755985,0.20778018987812608,0.14494517807924795,0.21564145755681222,0.15755582472314184,0.228544020955777,0.11669751807814639,0.11753114569813787
2024-02-27,0.13446279524260907,0.19339939375760257,0.13282782655423944,0.19934717661884824,0.15755582472314184,0.228544020955777,0.10735487328261768,0.10688311030029331
2024-02-28,0.12781187279480188,0.18381043689438217,0.12874891562226826,0.19260389215866344,0.15755582472314184,0.228544020955777,0.10222582121556002,0.10366538118344792
2024-02-29,0.1328454764356306,0.19167405019060602,0.12514875546959647,0.18870560840653192,0.15755582472314184,0.228544020955777,0.10569138400013676,0.10016711739539151
2024-03-01,0.12871863182179277,0.18446939599293447,0.12620491415093577,0.18860929748882088,0.15755582472314184,0.228544020955777,0.10296556527693569,0.10180009325191548
2024-03-04,0.12180056812702411,0.17487222669441851,0.12242845513298284,0.18329434081602192,0.15755582472314184,0.228544020955777,0.097088438195224,0.09845062677571484
2024-03-05,0.1268522109778581,0.18310428471815438,0.12036390504424241,0.1816287683663267,0.15755582472314184,0.228544020955777,0.10094280851547249,0.09625503946255669
2024-03-06,0.15117661933534698,0.2182170800161684,0.13614992906511525,0.20668728731045546,0.15755582472314184,0.228544020955777,0.12023391811773444,0.10925780746346561
2024-03-07,0.14849802828787512,0.21315805576300736,0.1321689037935434,0.19876835619650735,0.15755582472314184,0.228544020955777,0.11878470746568076,0.1066842666888696
2024-03-08,0.14030937344499322,0.20139335702204345,0.1261303387988697,0.18943099274601827,0.15755582472314184,0.228544020955777,0.11211048714564503,0.10163014456442752
2024-03-11,0.14139684145025172,0.2035617948270431,0.12239131380803014,0.18449992194059642,0.15755582472314184,0.228544020955777,0.11302772664038786,0.09829930407609894
2024-03-12,0.14793323666201075,0.21314620374487617,0.12322378480250135,0.18603001306373998,0.15755582472314184,0.228544020955777,0.11829648512740634,0.09883054094334044
2024-03-13,0.14183647231173402,0.20178100654770895,0.15410827358025037,0.22820707947731336,0.15755582472314184,0.228544020955777,0.11458964146299362,0.12555124780735888
2024-03-14,0.13121871413755198,0.18830438896330248,0.13844025728434203,0.2076299775359132,0.15755582472314184,0.228544020955777,0.10524456384384598,0.11175333772252373
2024-03-15,0.1423284461228292,0.20523931568755246,0.1367905686236914,0.20661355926831046,0.15755582472314184,0.228544020955777,0.11362178784988816,0.10979152771733863
2024-03-18,0.13941799015418144,0.20033711030559487,0.1316141745715596,0.19751233167492782,0.15848910565291863,0.22882032950817058,0.11173677710802035,0.10591742986812427
2024-03-19,0.1334054008168279,0.19176727738461047,0.12545878714506165,0.1884499345665443,0.15848910565291863,0.22882032950817058,0.10705813081089827,0.10103312523244122
2024-03-20,0.1254094048519665,0.18046551970651423,0.12596504158288518,0.18912072208065436,0.15848910565291863,0.22882032950817058,0.10078616134451057,0.10214180801259296
2024-03-21,0.11915955428100089,0.17106734325961623,0.1344285561975993,0.20095911063070365,0.1576334354784817,0.22849383564965448,0.09574842214023103,0.10912052977423621
2024-03-22,0.11203150545504714,0.16175216103335607,0.12541433706782878,0.18895433577407852,0.1576334354784817,0.22849383564965448,0.08969786775294501,0.10115798273279843
2024-03-25,0.11249389484834393,0.16265906447077522,0.12032212981525262,0.18198464974079223,0.1576334354784817,0.22849383564965448,0.08978841757143201,0.09666902855988047
2024-03-26,0.11426469720086302,0.16498032489796716,0.11705582834376128,0.177945665525085,0.1576334354784817,0.22849383564965448,0.09130239008558905,0.09453493990526575
2024-03-27,0.11376845626365917,0.16381471115662596,0.11451266515187974,0.17405692054497415,0.1576334354784817,0.22849383564965448,0.09085130781187599,0.09258218639318427
2024-03-28,0.10928773448035711,0.15655125708705123,0.11859325416493743,0.17826078819417762,0.1576334354784817,0.22849383564965448,0.08740406075630615,0.09580962392970922
2024-04-01,0.11125235607244538,0.16014149785307338,0.11424711280812724,0.17349037074900858,0.1576334354784817,0.22849383564965448,0.0885108884044864,0.09171501544289956
2024-04-02,0.12773155191114333,0.18452332636558427,0.12254766775037051,0.18644512077861305,0.1576334354784817,0.22849383564965448,0.10157575807423663,0.09809377019470371
2024-04-03,0.15162436541098967,0.21981441488205988,0.13846876022210672,0.2103858679434944,0.15738142489633683,0.22852813482066572,0.12084787967128073,0.11090151433459637
2024-04-04,0.14628035805006384,0.2100700687464451,0.13445195268784468,0.20191005876268628,0.1573146611307759,0.22859269201756593,0.11718778332563483,0.10848421588683542
2024-04-05,0.19342194582952832,0.27872547779567486,0.17775616851301662,0.27019604062341146,0.15837953091536128,0.2289110118784127,0.1535687984164985,0.14195585039662043
2024-04-08,0.18544379232783703,0.26452548006136567,0.16770071276308948,0.25080953564050346,0.15837953091536128,0.2289110118784127,0.1484285683793961,0.1353635569859027
2024-04-09,0.17136379908771215,0.24358603730138156,0.1628700789485259,0.2426904032683099,0.15837953091536128,0.2289110118784127,0.13752026500060766,0.13182243529083942
2024-04-10,0.15889196118946003,0.22652926355144987,0.14803907074270622,0.22182034532621894,0.15837953091536128,0.2289110118784127,0.12738025464648553,0.11923861435298182
2024-04-11,0.1692182032490845,0.24263365198628467,0.1444070533515998,0.21888294799726346,0.15837953091536128,0.2289110118784127,0.1353061698961595,0.1158905558753746
2024-04-12,0.15917856725269702,0.22732236433891637,0.1491958391728807,0.22272952516865063,0.15837953091536128,0.2289110118784127,0.12869411065582742,0.12112765781247327
2024-04-15,0.2067743247944459,0.29907360792101745,0.19120377517609286,0.2916786873018901,0.15788959262931135,0.2282286572121627,0.16472808388080135,0.152821461596291
2024-04-16,0.24111800573720032,0.34699829500417395,0.2095226539893582,0.3175838366793712,0.15848610169497823,0.22832170167135152,0.19383837399495865,0.16894700724278622
2024-04-17,0.22480222621135237,0.32042779926497755,0.19587231403458916,0.2926772028845638,0.15848610169497823,0.22832170167135152,0.18191521445289502,0.1594448730659155
2024-04-18,0.20548589559659114,0.2934569965917166,0.17310163187739666,0.25969875201283815,0.15848610169497823,0.22832170167135152,0.1661285528559022,0.14051871536054747
2024-04-19,0.1903874620575169,0.27195002164714016,0.1566418865304236,0.23525848510268194,0.15848610169497823,0.22832170167135152,0.15374277343081516,0.12710805241231904
2024-04-22,0.1913966040903492,0.2736779331404494,0.14718943938346984,0.2226782688092295,0.15848610169497823,0.22832170167135152,0.1538675010914972,0.11901177448759302
2024-04-23,0.17685454795214572,0.2506866922281778,0.17227989627101054,0.25592538885034005,0.15848610169497823,0.22832170167135152,0.14357164652605764,0.14112118166260373
2024-04-24,0.15926140979819214,0.2253475375798505,0.17435025968567694,0.25961699006596595,0.15848610169497823,0.22832170167135152,0.1287366272829356,0.14247827514213712
2024-04-25,0.15394051085568938,0.21901943968757523,0.15496160806433829,0.2326214689363318,0.15848610169497823,0.22832170167135152,0.12359871017493386,0.12521192839673195
2024-04-26,0.14532492701204341,0.20544392863431787,0.14977638838873705,0.22295895652668718,0.15848610169497823,0.22832170167135152,0.11698526948512973,0.12131238090761971
2024-04-29,0.13606305620453873,0.19254446570132808,0.14023203529594502,0.20899308844991035,0.15848610169497823,0.22832170167135152,0.10925443506159319,0.1132009441851983
2024-04-30,0.12820405115383782,0.18101790752776262,0.13404281254247258,0.19943917351414,0.15848610169497823,0.22832170167135152,0.10285852979754065,0.10801658397802685
2024-05-01,0.14755068738634225,0.20952108810183673,0.13944839688660207,0.20926794745815921,0.15848610169497823,0.22832170167135152,0.11795551139012328,0.11140415292434482
2024-05-02,0.1423980643974302,0.20046129456593834,0.13567162338549427,0.20095602772936352,0.15848610169497823,0.22832170167135152,0.11448039251929949,0.10904688324902638
2024-05-03,0.13284421816776593,0.1861555409943593,0.13735739768267377,0.2019729485099786,0.15848610169497823,0.22832170167135152,0.10703198778516723,0.1105814487859944
2024-05-06,0.12131094529609399,0.16917983896938793,0.15517743653764393,0.22615287732122338,0.15848610169497823,0.22832170167135152,0.09805000930225591,0.12525353004038847
2024-05-07,0.11364034161539827,0.15945135013074926,0.14004583105968693,0.20551151229493658,0.15848610169497823,0.22832170167135152,0.09120655529365547,0.11203341743981803
2024-05-08,0.10929872142421293,0.15297023895685896,0.13360119423448064,0.19496096869725218,0.15848610169497823,0.22832170167135152,0.08763027266953029,0.10692987473835902
2024-05-09,0.10471217626968954,0.1466217363361408,0.1274716279053194,0.18565840852159374,0.15848610169497823,0.22832170167135152,0.08376449806468776,0.10193728351505951
2024-05-10,0.09984272955336204,0.1395493594959647,0.12356389698451953,0.17928455053584386,0.15848610169497823,0.22832170167135152,0.07984512937061951,0.09894164097792085
2024-05-13,0.09483072307141277,0.1327067710796999,0.1161575630409652,0.16942734446752808,0.15848610169497823,0.22832170167135152,0.07651175001384306,0.09426860913080738
2024-05-14,0.1309672471781198,0.18378680358398997,0.136547220871599,0.20101476590400189,0.1549478629022113,0.21931319568222465,0.10540388051665767,0.11075610125775956
2024-05-15,0.12659812155987793,0.17647182814114937,0.13118085018477135,0.1917324017581176,0.1549478629022113,0.21931319568222465,0.10249129651699251,0.10753829781481256
2024-05-16,0.11781511117406995,0.1634032870999477,0.14645552769017528,0.21128529702534954,0.1549478629022113,0.21931319568222465,0.09571091615732322,0.11993652326883499
2024-05-17,0.11062490848351647,0.15436474465529776,0.13328626868350912,0.1934338623181668,0.1549478629022113,0.21931319568222465,0.08918037101612397,0.10779128658808346
2024-05-20,0.10526672603204823,0.14648937450303498,0.13114536399986992,0.1895127549182816,0.1549478629022113,0.21931319568222465,0.08499707619679644,0.10609461179832563
2024-05-21,0.10659845529933376,0.14912795519739672,0.12314329561055284,0.1791719356594359,0.1549478629022113,0.21931319568222465,0.0857447350262913,0.09905739787417739
2024-05-22,0.10285576342950209,0.14314942209066003,0.12095249226785398,0.17551640975120567,0.1549478629022113,0.21931319568222465,0.08274111698248159,0.09801932539856481
2024-05-23,0.11362258042750151,0.15902982929118115,0.12000292700295695,0.1756919496331356,0.1549478629022113,0.21931319568222465,0.09123460856118283,0.09671962263737473
2024-05-24,0.1280668461289688,0.1791998919440076,0.12348723995688768,0.18077050127564412,0.1549478629022113,0.21931319568222465,0.10276207037949413,0.09959841668131784
2024-05-27,0.12088101877443935,0.167664219773181,0.13833770923206812,0.19915621692945779,0.1550255251223307,0.21936938070109946,0.09761962564861452,0.11217633137295265
2024-05-28,0.12826927447594516,0.1797213105109184,0.13034408768719657,0.18998498972680877,0.1550255251223307,0.21936938070109946,0.10287552163077965,0.1046644162514476
2024-05-29,0.1428440799823052,0.19969044624552781,0.13295898969791714,0.19387186806638743,0.1550255251223307,0.21936938070109946,0.11460648851852649,0.10687807210887328
2024-05-30,0.1812985747931839,0.253367543034582,0.16188623957897386,0.2360345261977238,0.1553885073346558,0.21944056422595806,0.14565388610570873,0.13003856728437602
2024-05-31,0.17865302602596755,0.2483631619901734,0.15189716684848775,0.22007464052692383,0.1553885073346558,0.21944056422595806,0.1439995766911028,0.12285807969247238
2024-06-03,0.1617689232064582,0.2232913988171639,0.18275366278646799,0.26160967588497536,0.1553885073346558,0.21944056422595806,0.13127463803809736,0.14928829786093106
2024-06-04,0.1536786784304841,0.2137129857708344,0.15898430814836229,0.23033676319752644,0.1553885073346558,0.21944056422595806,0.12379807402422899,0.12867752341630717
2024-06-05,0.14849492886681281,0.206399630333352,0.14603216305362365,0.2115525296191197,0.1553885073346558,0.21944056422595806,0.11942029625004166,0.11814281904184536
2024-06-06,0.1387181747007089,0.19226811522636483,0.1422692516133789,0.2051390006998489,0.1553885073346558,0.21944056422595806,0.11189964827398523,0.11536526456570166
2024-06-07,0.13109158445162328,0.18220777456257228,0.13122171473137012,0.1899871705879207,0.1553885073346558,0.21944056422595806,0.10528912204494284,0.10584378219461088
2024-06-10,0.12340830364962019,0.17135514588925901,0.12787865032464296,0.184652190161968,0.1553885073346558,0.21944056422595806,0.09950081161505536,0.10320866640886847
2024-06-11,0.134310374726893,0.1874341159518244,0.12552187002622517,0.1837974137231707,0.1553885073346558,0.21944056422595806,0.10812419855978447,0.10170442726858565
2024-06-12,0.13433126386436067,0.18694073653871943,0.12208910745222148,0.17793904591003684,0.1538672475615157,0.21830534403148358,0.1085149443493508,0.09907565608444323
2024-06-13,0.12471906810639066,0.1727161711525657,0.13406562448321374,0.19381328305613396,0.1538672475615157,0.21830534403148358,0.10112799985553456,0.10966923355797953
2024-06-14,0.11759892318369902,0.16356570726135594,0.124586719163223,0.18123934035986047,0.1538672475615157,0.21830534403148358,0.0950028547301345,0.10123056448958234
2024-06-17,0.1376659404480779,0.19215169370372256,0.13127383772997442,0.19202825457445521,0.1538672475615157,0.21830534403148358,0.11126547594333812,0.10637046219988806
2024-06-18,0.13683443892978753,0.1905039137761762,0.12646937546271103,0.1842038274013394,0.1538672475615157,0.21830534403148358,0.11094537743968813,0.10300951745150676
2024-06-19,0.12886957439737723,0.17899146811311584,0.1261248318924616,0.18286366833925166,0.1538672475615157,0.21830534403148358,0.10458698575361217,0.10296494098110823
2024-06-20,0.12809368133160226,0.17865203417529216,0.11952289623671952,0.1744483820478671,0.1538672475615157,0.21830534403148358,0.10380035237033064,0.09713775795379159
2024-06-21,0.14936294093504998,0.20887829659632445,0.1300760325350574,0.19085810480909082,0.1538672475615157,0.21830534403148358,0.12124583016460865,0.10571615389275003
2024-06-24,0.1434041971912451,0.19976243962483572,0.12566918006296265,0.18314974939931855,0.1538672475615157,0.21830534403148358,0.11652897332552685,0.10256957596703585
2024-06-25,0.14016560138614897,0.19552757886567224,0.11996009367692717,0.1752787969655347,0.1538672475615157,0.21830534403148358,0.11392525358922816,0.09786983739289286
2024-06-26,0.13171072316687882,0.18330619166809892,0.12184911997110331,0.17699744989592525,0.1538672475615157,0.21830534403148358,0.10714466393748175,0.09964680264235157
2024-06-27,0.12326538890054728,0.17185397642750333,0.1183399818756628,0.1721789413122337,0.1538672475615157,0.21830534403148358,0.10028225227211902,0.09667986635912874
2024-06-28,0.11645217946622366,0.16239370583648033,0.11649762311528927,0.1695570266968875,0.1538672475615157,0.21830534403148358,0.0946523695573758,0.09516320850799818
2024-07-01,0.11843586561255459,0.16553579716505168,0.11338941096676775,0.16578460096343817,0.1538672475615157,0.21830534403148358,0.09611046912468786,0.09231572124326065
2024-07-02,0.11318651182856809,0.1579788352580338,0.11256847712387241,0.16400309486891665,0.1538672475615157,0.21830534403148358,0.09196843681610577,0.09184422612240467
2024-07-03,0.1076917682203049,0.15043773782172706,0.11066255416860282,0.1613312641669112,0.1538672475615157,0.21830534403148358,0.08750707058160465,0.09025164529130036
2024-07-04,0.1059392668058069,0.148286980155749,0.10811946840573328,0.1580662405965446,0.1538672475615157,0.21830534403148358,0.08606935306372952,0.08804818212462971
2024-07-05,0.10852007586234724,0.15207194110815217,0.10761578095184501,0.15757949205102195,0.1538672475615157,0.21830534403148358,0.08821538619521918,0.08759051015977413
2024-07-08,0.11256125914448978,0.15786608793538892,0.10805552579653377,0.1583891228762327,0.1538672475615157,0.21830534403148358,0.09158043338727896,0.08796710011214842
2024-07-09,0.10778442727441823,0.15112028130779537,0.1070090628658833,0.15661195170676565,0.1538672475615157,0.21830534403148358,0.0877858868951858,0.08731076933192651
2024-07-10,0.10870223120650985,0.15270855629923297,0.10530862565532095,0.15474548864462048,0.1538672475615157,0.21830534403148358,0.08856028563053898,0.08586528643998319
2024-07-11,0.11619389229273569,0.16335954214813028,0.10817771003950954,0.15884728052749347,0.15394439353860423,0.21842157784355845,0.09479776626895811,0.0881258756917594
2024-07-12,0.11425701134940264,0.16049311995010068,0.1070899471598015,0.156976818264013,0.15394439353860423,0.21842157784355845,0.09327710678711214,0.08739563626741709
2024-07-15,0.10841085015631707,0.15195488127723641,0.1114880019701125,0.16269364908499168,0.15394439353860423,0.21842157784355845,0.08854268767317008,0.09125394122668386
2024-07-16,0.1267827614952557,0.17823489983809526,0.11842301610824027,0.17445494174004492,0.15394439353860423,0.21842157784355845,0.10331590275011242,0.09668824529435138
2024-07-17,0.1244426591901654,0.1745154765308153,0.11527444246829849,0.1692810039080154,0.15394439353860423,0.21842157784355845,0.10143259597857422,0.09446998900582088
2024-07-18,0.1635461478169562,0.22924760404809139,0.14483851306345943,0.21237124927392068,0.15411015032532827,0.21838311826391604,0.13290596283464878,0.11780614322417711
2024-07-19,0.19791739586691426,0.2769747916421044,0.16815968885768756,0.2452292930483434,0.1543783983528848,0.21840354232257822,0.16123850498610093,0.13677552578262409
2024-07-22,0.19876072846323178,0.27770435635271834,0.1591439718318362,0.23146707555117793,0.1543783983528848,0.21840354232257822,0.16206032455656993,0.12983250813873126
2024-07-23,0.1789949482942833,0.24929736667898794,0.178972875360353,0.25774804179382127,0.1543783983528848,0.21840354232257822,0.1464319096215113,0.14690808786133108
2024-07-24,0.16379893010017854,0.2287676100154158,0.15885330521355212,0.2302683033625657,0.1543783983528848,0.21840354232257822,0.1336971150657749,0.12981545443929615
2024-07-25,0.2598755049298995,0.3631511041613232,0.24732030378203662,0.35969124664261354,0.15534527575130386,0.21980332326775956,0.21024333755208344,0.19967757648684425
2024-07-26,0.24711627624900623,0.34435278302157357,0.223645017886396,0.3230530107143273,0.15534527575130386,0.21980332326775956,0.20052469155730157,0.18163880800228377
2024-07-29,0.21960468295191804,0.3050784608169259,0.233301927781163,0.3346486861541091,0.15534527575130386,0.21980332326775956,0.1785513563651028,0.19041091758285794
2024-07-30,0.20336272532984512,0.28462628808794116,0.20092067008561,0.29221040027339457,0.15534527575130386,0.21980332326775956,0.16547955366522898,0.1636214161902653
2024-07-31,0.2139959340771722,0.29940454661810156,0.18954690778984018,0.2757448499904386,0.1553048326388754,0.2198541220269778,0.17378217001214882,0.15384999770490154
2024-08-01,0.19303090567317427,0.26921149725217836,0.18792861182480908,0.2706882512787946,0.1553048326388754,0.2198541220269778,0.15695660983898208,0.15326978156611296
2024-08-02,0.23133239856082732,0.3227265606909456,0.20352018562381785,0.2969465413913612,0.1551272293642878,0.21960462114952134,0.18848081554949214,0.16631175421787342
2024-08-05,0.3242961530648729,0.45096718146954695,0.298689157354993,0.4331495826853303,0.15507515367321745,0.2194452084451634,0.2647646025831819,0.24342173265122113
2024-08-06,0.5749783457914863,0.7989888861390184,0.6010697440607673,0.8706534654799161,0.1585331028971695,0.2330602135593874,0.4655151322235797,0.48626463235339784
2024-08-07,0.48300517266223686,0.6677549553975743,0.6335211071510922,0.9061459303981803,0.1585331028971695,0.2330602135593874,0.39343725054471,0.5180116549269053
2024-08-08,0.4149382160750523,0.5751957080472772,0.5227731214720615,0.7524059039048883,0.1585331028971695,0.2330602135593874,0.33689744951214956,0.42564156555737837
2024-08-09,0.3549471789791949,0.49178090302310395,0.47921846619232933,0.6869378560446062,0.1585331028971695,0.2330602135593874,0.2889069904377053,0.3905785945013427
2024-08-12,0.3046049447857295,0.4222605300392605,0.44035533566502494,0.6316757729903448,0.1585331028971695,0.2330602135593874,0.24834185531999672,0.35969403117552806
2024-08-13,0.27538914609299026,0.3827667439455012,0.36655947142410583,0.528134546439974,0.1585331028971695,0.2330602135593874,0.22404014073774267,0.29840320812601895
2024-08-14,0.24171414119870116,0.3352349354047855,0.3463041926345217,0.49723892976085177,0.1585331028971695,0.2330602135593874,0.1969439302759774,0.2826797211518644
2024-08-15,0.21291051138706318,0.2954588584030398,0.31940575730355636,0.4588726456666878,0.1585331028971695,0.2330602135593874,0.17340737831965555,0.2602431460864346
2024-08-16,0.18954100179564481,0.26356073719224576,0.27660630660568775,0.39807540972960176,0.1585331028971695,0.2330602135593874,0.154275600234414,0.2247703835360644
2024-08-19,0.17124889847799774,0.23823017522108775,0.23514823519134165,0.33884436674463686,0.1585331028971695,0.2330602135593874,0.1393359116202461,0.19068571591867542
2024-08-20,0.15686865599763522,0.21832353306748525,0.19640441014498772,0.2833357010328729,0.1585331028971695,0.2330602135593874,0.12737425427622406,0.15896684312945558
2024-08-21,0.18737302621662733,0.2607001243382175,0.19657891219899493,0.28480009382827204,0.15815941690265217,0.23293424041471092,0.1524507208056597,0.15896633568077803
2024-08-22,0.18472906347532825,0.2569416154126508,0.17370497798593454,0.25122393601236265,0.15815941690265217,0.23293424041471092,0.15020049588650058,0.14045844779027827
2024-08-23,0.20682232897050934,0.287962624135292,0.17838786945773533,0.25861212929703253,0.15815941690265217,0.23293424041471092,0.16859089702926702,0.14449849849763546
2024-08-26,0.18344840781643323,0.25508996173283266,0.19418245868245315,0.2793641294449368,0.15815941690265217,0.23293424041471092,0.1496696321318115,0.15809192924162144
2024-08-27,0.17747962057053346,0.24702556707586304,0.16945587396078537,0.24511787550373043,0.15815941690265217,0.23293424041471092,0.14451952607090102,0.13721768953512176
2024-08-28,0.1618135909686611,0.2250734640775595,0.15948160888726615,0.23002074510053744,0.15815941690265217,0.23293424041471092,0.13167478934987698,0.12925545137254074
2024-08-29,0.20159387980146826,0.28037111106007045,0.18150457313629298,0.2632554964720722,0.1586360341258719,0.23289609912515968,0.16395806734080265,0.14656411921144266
2024-08-30,0.18056278413759508,0.2504889259239155,0.18881579496221756,0.2711660621763633,0.1586360341258719,0.23289609912515968,0.14715228087823007,0.15341848339864744
2024-09-02,0.16402550311976216,0.2277451135226535,0.1718512200303654,0.24753865248249285,0.1586360341258719,0.23289609912515968,0.1334475387109318,0.13926237564292615
2024-09-03,0.16927009702597984,0.235338717776535,0.15742300113467644,0.22789400922720307,0.1586360341258719,0.23289609912515968,0.13751373691823263,0.1270545619105105
2024-09-04,0.33824052967335105,0.4707834244964128,0.34388912919511616,0.5005564736115893,0.1607062987571362,0.23746281623813925,0.2723967696426895,0.27559731159838896
2024-09-05,0.3159248837129218,0.43876824330928266,0.3008377620550534,0.43569237921407966,0.1607062987571362,0.23746281623813925,0.25490146862378765,0.24267886142530523
2024-09-06,0.2788703704979907,0.38692723815167074,0.27010434370027814,0.3902532469036557,0.1607062987571362,0.23746281623813925,0.22521284192422947,0.21857677532146597
2024-09-09,0.30275453928001417,0.42075800442446976,0.26267159688607494,0.3813943112350597,0.1605521189035819,0.23738145715447903,0.24407839054153682,0.21084770886853202
2024-09-10,0.26551472093618234,0.3677040578842993,0.2766359167132012,0.3977786879758145,0.1605521189035819,0.23738145715447903,0.21450164643430386,0.22395846521098636
2024-09-11,0.23834300560109578,0.3307400866963849,0.23662204096353046,0.34188338651509254,0.1605521189035819,0.23738145715447903,0.19226883093069919,0.1906042305536846
2024-09-12,0.2129939381535788,0.2952872497867986,0.22298437190485915,0.32131071244555853,0.1605521189035819,0.23738145715447903,0.1718476568376519,0.17987552142099558
2024-09-13,0.19306783537952654,0.26794081936904185,0.19800189481821384,0.2858486957733901,0.1605521189035819,0.23738145715447903,0.1555457805935559,0.15928271692667786
2024-09-16,0.17671590854923847,0.2453877318653258,0.17755064525704622,0.25644858871764736,0.1605521189035819,0.23738145715447903,0.14211272390738158,0.14266792202433976
2024-09-17,0.17940666720292475,0.24949995906710512,0.16249300306582748,0.2357385966209379,0.1605521189035819,0.23738145715447903,0.14417563672321876,0.1300840074166339
2024-09-18,0.1794735715946194,0.24964716937164702,0.15120364778148843,0.21934417261746209,0.1605521189035819,0.23738145715447903,0.1443535894275201,0.12106249055263581
2024-09-19,0.182276845000943,0.2538235151145737,0.1439563435672926,0.20907530077152087,0.1605521189035819,0.23738145715447903,0.14678541216874205,0.11526192136465402
2024-09-20,0.16202576625959064,0.22515316854727457,0.1779666050767464,0.2559678046438036,0.1605521189035819,0.23738145715447903,0.1310173649278013,0.14412152434604136
2024-09-23,0.15036978832029269,0.20985339796141084,0.15734884848190384,0.22850389500870977,0.1605521189035819,0.23738145715447903,0.12143124114591373,0.12668568768327043
2024-09-24,0.14016156087914267,0.19569887399011315,0.14378160279534932,0.20882001012982362,0.1598544555284115,0.2367227212162556,0.11299567746166267,0.11570665861562918
2024-09-25,0.1283332310049975,0.180337418544814,0.13548068599922708,0.19713719498172771,0.1598544555284115,0.2367227212162556,0.10377661216654574,0.10975916279382764
2024-09-26,0.1219018183646623,0.1713583877891342,0.12525396511693038,0.18312186980309392,0.15876227179307434,0.2354191527542389,0.0984410293527503,0.10133712470770222
2024-09-27,0.11510091995112559,0.1619260763942497,0.11864841662479775,0.17350060658985902,0.15876227179307434,0.2354191527542389,0.09294707434776281,0.09578711950997672
2024-09-30,0.1638836251745196,0.2296282145864053,0.15584503298475277,0.22818216586800702,0.15821851285289137,0.23525302178117502,0.13192041497362045,0.12522865879617448
2024-10-01,0.1537369664613002,0.21491275713278596,0.14502694144963418,0.2108686500468632,0.15821851285289137,0.23525302178117502,0.12382691520982014,0.11698921128525744
2024-10-02,0.2188820137639368,0.3052492099202864,0.2019883642046601,0.2938532928679191,0.15851330306759215,0.23549600742318175,0.17592492717880862,0.16140116448076142
2024-10-03,0.2012464588321704,0.2798993846284741,0.1818888189995964,0.26264416099864724,0.15851330306759215,0.23549600742318175,0.16199575227833116,0.14624762242385975
2024-10-04,0.22157332304234756,0.3088583113191331,0.18087139738315466,0.2640203760780425,0.15828047763054648,0.2355097015318177,0.17834879322200126,0.14580751241285653
2024-10-07,0.20030473821491168,0.27821761730899675,0.17761795585445866,0.2567644375413665,0.15828047763054648,0.2355097015318177,0.1614503535664948,0.14425921774180267
2024-10-08,0.26526142053487134,0.3692832342224762,0.23234757369318876,0.3383834360870902,0.15980135639861145,0.23617395957768936,0.2130744825891508,0.18628380173798353
2024-10-09,0.23849746482865464,0.3310440445918356,0.21484591281412513,0.3093430161323571,0.15980135639861145,0.23617395957768936,0.19258333383117215,0.17394611353203399
2024-10-10,0.21572214405004053,0.2993457760810901,0.19030441477392201,0.2742143312486349,0.15980135639861145,0.23617395957768936,0.1737811690067293,0.15329849352330777
2024-10-11,0.19904682654972716,0.2766818343923923,0.1689986078725652,0.24428183609376766,0.15980135639861145,0.23617395957768936,0.16035693358049882,0.136019801457906
2024-10-14,0.18151597936220643,0.2524243342811813,0.15461596965696706,0.223143711847698,0.15980135639861145,0.23617395957768936,0.14644761215646995,0.1245562312751848
2024-10-15,0.1655265773783745,0.23026556591445704,0.14637373035147505,0.2111315741048839,0.15980135639861145,0.23617395957768936,0.13360192651098507,0.11798784611377267
2024-10-16,0.17554266079223535,0.24455381143273852,0.14204557108785543,0.20645222597069118,0.15980135639861145,0.23617395957768936,0.1412841612604404,0.11383401341219306
2024-10-17,0.16057347344131645,0.22321898502599505,0.14436268804541585,0.20790988633596696,0.15980135639861145,0.23617395957768936,0.1296769624946497,0.11654734301195052
2024-10-18,0.14804733736508346,0.20602603557619864,0.13472727825902803,0.19467818931111042,0.15980135639861145,0.23617395957768936,0.11932139609083249,0.1084983899616376
2024-10-21,0.13552372566814996,0.18851963590675286,0.14103236174672862,0.20309168410753328,0.15980135639861145,0.23617395957768936,0.10943919236764135,0.11392333541386254
2024-10-22,0.13579059999680332,0.18947707836492625,0.13044236117850982,0.18929467630839072,0.15980135639861145,0.23617395957768936,0.1094258739080092,0.10484911653279462
2024-10-23,0.1284915816487846,0.17918187516492745,0.12434723795236766,0.18002787298353848,0.15980135639861145,0.23617395957768936,0.10359681880595312,0.10012399594241912
2024-10-24,0.14863184149108,0.20779511690608177,0.13240168209624256,0.19276730089125604,0.15980135639861145,0.23617395957768936,0.1199515355792002,0.1061924284678953
2024-10-25,0.14044949467664147,0.19604810671340855,0.12706065731422478,0.1839227412511864,0.15980135639861145,0.23617395957768936,0.113599935540419,0.10235836624616287
2024-10-28,0.16244311734687789,0.22727194611366078,0.13754778999831702,0.20036323243141693,0.15980135639861145,0.23617395957768936,0.13136008494948995,0.1103397289801953
2024-10-29,0.1519455669214863,0.21188300777540553,0.1335860084656634,0.19300883418916556,0.15980135639861145,0.23617395957768936,0.12297067178239852,0.10780779394198425
2024-10-30,0.14126082508430138,0.19700974613227365,0.12770863133465626,0.1848117200257178,0.15980135639861145,0.23617395957768936,0.11419275219530053,0.10299744627725022
2024-10-31,0.15615249494866112,0.21831289215369673,0.13157460785394587,0.19138597619289394,0.15980135639861145,0.23617395957768936,0.12602559895893126,0.10511172707842918
2024-11-01,0.21373384268170947,0.2979570066038543,0.18661193855368385,0.27081667690577316,0.16078733473044504,0.2362732744875529,0.1719906752624156,0.1486302495376008
2024-11-04,0.19470863028981167,0.27022779453889256,0.18066241099279168,0.2587427088895688,0.16078733473044504,0.2362732744875529,0.15724555097823814,0.14525935919869026
2024-11-05,0.18126432466752607,0.25204685537107513,0.1600853004821663,0.23051302983157887,0.16078733473044504,0.2362732744875529,0.1460918490932569,0.12810290848608014
2024-11-06,0.16438711164885633,0.22804021742153624,0.1650641477343986,0.23612772341555593,0.16078733473044504,0.2362732744875529,0.13272024159861764,0.13271755921158218
2024-11-07,0.13875800581030606,0.19129469265882884,0.29484334058482453,0.4184514351622514,0.16078733473044504,0.2362732744875529,0.11310939288505606,0.24013405922812503
2024-11-08,0.12408338963074628,0.17237802701353122,0.2596218456166135,0.37125587114335057,0.16078733473044504,0.2362732744875529,0.10048177658484723,0.21021371749738652
2024-11-11,0.11521087247607409,0.16035548261241706,0.22363190441242314,0.3207733039910776,0.16078733473044504,0.2362732744875529,0.09343656400099846,0.18064998121124812
2024-11-12,0.11118123154377169,0.15478910469994214,0.19548340667625297,0.280951403815719,0.16078733473044504,0.2362732744875529,0.09016003719329471,0.15769617349162157
2024-11-13,0.10543283266277692,0.14678004991652585,0.17398082549977822,0.2500396226269928,0.16078733473044504,0.2362732744875529,0.08556892191105435,0.14049401422302626
2024-11-14,0.09841624458377685,0.13711293214544487,0.16317849574519333,0.23437024427704575,0.16078733473044504,0.2362732744875529,0.07999935705822878,0.13213258359634467
2024-11-15,0.10498715357399702,0.14676448712750328,0.14648073095214592,0.21228503896270187,0.16078733473044504,0.2362732744875529,0.08524681316310724,0.11847107518798401
2024-11-18,0.17399990752900119,0.24231605903212425,0.1870302766410995,0.2708978829038061,0.16016055498852527,0.23575675552469877,0.14060530570714655,0.1503269573086181
2024-11-19,0.1596014602665392,0.22181931063104385,0.17400833705016772,0.2496726372940483,0.16016055498852527,0.23575675552469877,0.12935538060571555,0.14083125019813278
2024-11-20,0.17098802349949738,0.23794308056945468,0.1627882503126778,0.2350855571836787,0.16016055498852527,0.23575675552469877,0.13869261642476624,0.131213812248959
2024-11-21,0.18185088889748657,0.25301447746934697,0.15807879894262844,0.22833998365847052,0.16016055498852527,0.23575675552469877,0.14765227242804857,0.12749434125939102
2024-11-22,0.16802333370129507,0.23354870434135108,0.14675517515388137,0.2111035244098678,0.16016055498852527,0.23575675552469877,0.13641511983418791,0.11879850600404537
2024-11-25,0.149939238652798,0.2082197294462414,0.17310301956823088,0.24753575079864734,0.16016055498852527,0.23575675552469877,0.12197623519156549,0.14114843587024584
2024-11-26,0.13730291280355822,0.19103467298178348,0.1599651117199638,0.23016161083723266,0.16016055498852527,0.23575675552469877,0.11155062582490145,0.13021313480552119
2024-11-27,0.12743231486891715,0.17792258618426013,0.1489123474654294,0.21485214671765215,0.16016055498852527,0.23575675552469877,0.10354661033789789,0.12132651498950466
2024-11-28,0.12146840808354559,0.16956102155166544,0.13562457933487154,0.1964923092060188,0.158476273223759,0.2348833077769026,0.09871702571095888,0.11027899404976897
2024-11-29,0.11507158617925534,0.16045822941134394,0.1282290552240712,0.1849243116739682,0.158476273223759,0.2348833077769026,0.09345662791936508,0.103471023142805
2024-12-02,0.10865605114935217,0.1510933584379568,0.12484446580649017,0.17986393782242657,0.158476273223759,0.2348833077769026,0.0879605295693335,0.10083803567211881
2024-12-03,0.10368574393708241,0.14389729822322425,0.11894779200724465,0.17154945499206614,0.158476273223759,0.2348833077769026,0.08382698424397088,0.09587366116975651
2024-12-04,0.10003902555444733,0.13913664463959738,0.11430662563884122,0.16506291161993908,0.158476273223759,0.2348833077769026,0.08083242655816002,0.09209239691114235
2024-12-05,0.10299580008796083,0.1426446059999094,0.11221165244235426,0.1620135719548917,0.15796628808246868,0.23501081965125584,0.08314859164852001,0.09025560843049851
2024-12-06,0.10338846435594107,0.14252680631682887,0.11038527746392152,0.1590102556726793,0.15796628808246868,0.23501081965125584,0.08339955958905308,0.08879523029736473
2024-12-09,0.09568416104894883,0.13162013014648477,0.12520460175335912,0.17864963414564425,0.15796628808246868,0.23501081965125584,0.07718608964301284,0.10124194701422248
2024-12-10,0.15685800028848274,0.21481375491605348,0.16270628625410588,0.2327138577659321,0.15835729435861073,0.23486726232787863,0.1261482286036319,0.13063335861652411
2024-12-11,0.1478935660898708,0.20100755660983588,0.14923427531811562,0.21076064523654564,0.15835729435861073,0.23486726232787863,0.11908173901072183,0.12029443420681146
2024-12-12,0.13616495159731556,0.18394969306917405,0.1445300725767329,0.20221858507172155,0.15835729435861073,0.23486726232787863,0.1096056796874473,0.11658377762581397
2024-12-13,0.14025613022957195,0.18881670594613606,0.13457168227991523,0.18769692374733937,0.15835729435861073,0.23486726232787863,0.11274290778343338,0.10785476653316367
2024-12-16,0.13212010682442976,0.1773274497668386,0.1267746567862602,0.17519531297814447,0.15835729435861073,0.23486726232787863,0.10613889679868647,0.10165284713078243
2024-12-17,0.1562839275585457,0.209627260507489,0.1369873790952425,0.18918050062069564,0.15835729435861073,0.23486726232787863,0.12548386986927568,0.10958274464499648
2024-12-18,0.1862788888321738,0.24927872741369775,0.15617346056247938,0.2144252446562453,0.15835729435861073,0.23486726232787863,0.14979035807001917,0.1255131196863915
2024-12-19,0.7373850021452784,1.0246229418825068,0.629477782619545,0.9046625774413064,0.16219450628364693,0.2507453857654369,0.5947743743489904,0.5071995144312071
2024-12-20,0.586681483493777,0.8142047289285663,0.5528494848028886,0.7855833734595432,0.15847982275319752,0.23786213912068283,0.47586058863493724,0.4495346669639362
2024-12-23,0.48011299847516753,0.6661805419639428,0.5580772834844312,0.7914201645724913,0.15847982275319752,0.23786213912068283,0.38798630118149213,0.4547494861143664
2024-12-24,0.3943977554670144,0.5479544952321639,0.46888605942446504,0.6672362387761188,0.15845251984834383,0.2379752815340091,0.3198983947106058,0.3811195330681075
2024-12-26,0.32973825729211903,0.4582552054014022,0.4336348941457817,0.6168193846409535,0.15845251984834383,0.2379752815340091,0.26780976126879363,0.35308917657951316
2024-12-27,0.3012047534695912,0.4184714011248111,0.3578107104447371,0.5122509367066205,0.15845251984834383,0.2379752815340091,0.2448865821892152,0.291913840828643
2024-12-30,0.30217634291816586,0.4198647286269247,0.31442063440303447,0.44987340528291336,0.15845251984834383,0.2379752815340091,0.24582458510475647,0.25483197740781904
2024-12-31,0.3088409124904876,0.4280820963904998,0.2853668317712157,0.40877462640357703,0.15836761067226457,0.23790176417279446,0.24996693926294195,0.23119389054559333
2025-01-02,0.2709097206045037,0.37527463343054734,0.24083588359642627,0.34423911533680435,0.15836761067226457,0.23790176417279446,0.219009503801103,0.1955356699512692
2025-01-03,0.2552186730577315,0.3533994512453336,0.205782492206527,0.29477857977656324,0.15836761067226457,0.23790176417279446,0.2060668433098182,0.16678692156128003
2025-01-06,0.2225265752427803,0.3078395952004699,0.21957124783222748,0.312505568552854,0.15836761067226457,0.23790176417279446,0.17967530351220076,0.17848599693870607
2025-01-07,0.19923587684498956,0.2754018241090578,0.18518913205748183,0.26487945623207065,0.15836761067226457,0.23790176417279446,0.16063270299339544,0.14996180017506766
2025-01-08,0.23620880650520393,0.32690906821739874,0.20224910292531617,0.29131883156707805,0.15884821488153578,0.23774664532510414,0.19214294038506488,0.16396600000546865
2025-01-09,0.2118292883595555,0.29333160019554017,0.17978293750143204,0.25759642898710516,0.15884821488153578,0.23774664532510414,0.1721788477850314,0.14618312106236414
2025-01-10,0.20157495090087152,0.2786217430284995,0.16120007110966195,0.23118243943642242,0.15884821488153578,0.23774664532510414,0.16363225789796595,0.13071035323537272
2025-01-13,0.22276223927944083,0.3077857046248888,0.17037422848337613,0.24482498335798605,0.15884821488153578,0.23774664532510414,0.18084252545936338,0.13793324115459632
2025-01-14,0.19927021043822313,0.274668035716363,0.1554874933781622,0.2219220796834995,0.15884821488153578,0.23774664532510414,0.16158102847112696,0.12620168560280962
2025-01-15,0.179088680566438,0.24686076108096233,0.14313599274705552,0.20395342716188689,0.15884821488153578,0.23774664532510414,0.14480950619836735,0.11607482512592213
2025-01-16,0.15606783319458595,0.21480934283196626,0.20767203782372123,0.2932536327793247,0.15884821488153578,0.23774664532510414,0.12661583797902543,0.1698260332274964
2025-01-17,0.1584777621012149,0.21775501804031477,0.18024590908057841,0.2564326025805248,0.15884821488153578,0.23774664532510414,0.1288276141461442,0.14637585852772927
2025-01-20,0.14379367577084878,0.19760310713148477,0.1650175946345226,0.2346574300350103,0.15884821488153578,0.23774664532510414,0.11742911378128805,0.13559246892938656
2025-01-21,0.13296423782410305,0.1829229545249514,0.1480216757135227,0.21077897658036915,0.1559150960518095,0.23213703670667368,0.10869806492126007,0.12104958692376917
2025-01-22,0.12204758628598256,0.16799289390172262,0.14456048637070218,0.205184105588207,0.1559150960518095,0.23213703670667368,0.0998332269374625,0.11849700362399156
2025-01-23,0.11762641251211281,0.16187799557087162,0.13136699450183026,0.18732255075909438,0.1559150960518095,0.23213703670667368,0.09607903827645427,0.10737811794407408
2025-01-24,0.11138501891479302,0.1533310213488243,0.12343707367002849,0.17601662467073387,0.1559150960518095,0.23213703670667368,0.09057354942617263,0.10063661610572071
2025-01-27,0.10547230059553414,0.1452711817131446,0.11771262799434606,0.1677978163556511,0.15562607222476882,0.2322749288315423,0.0855441513436873,0.09582559185691311
2025-01-28,0.24663528446485783,0.3404177278152935,0.22819623890276364,0.32689400858761253,0.1574204801609643,0.23370845449627886,0.20015579960558427,0.18442055490562265
2025-01-29,0.2149447220540346,0.29675774160418533,0.22154666722432942,0.31399083624376983,0.1574204801609643,0.23370845449627886,0.17403882948520538,0.18044137131718882
2025-01-30,0.19683303007247377,0.27188923004284815,0.19084383433450752,0.27196205820112773,0.1574204801609643,0.23370845449627886,0.159668897122193,0.15489848889392316
2025-01-31,0.17640336130360046,0.24346447197381174,0.17564860346587596,0.24994110282183044,0.1574204801609643,0.23370845449627886,0.14291318399395725,0.1430779096136234
2025-02-03,0.17989845323788134,0.24843390984903227,0.16037400383472655,0.229566342712947,0.1574204801609643,0.23370845449627886,0.1458810199222238,0.13018702273631516
2025-02-04,0.23306843004310385,0.3213525444118215,0.19722358515513083,0.2824520081730123,0.15830938224237695,0.23381834666615864,0.18952963893092237,0.15987035036731423
2025-02-05,0.2045196312003017,0.28189069024231994,0.19487606645585132,0.2765394578080752,0.15830938224237695,0.23381834666615864,0.16645436563751898,0.15950587671749422
2025-02-06,0.17969365448480634,0.24795248698936112,0.19615196391680167,0.2780922869469633,0.15830938224237695,0.23381834666615864,0.14636433387028686,0.16024623359084822
2025-02-07,0.16371644469953484,0.2262360719527005,0.17251843326828703,0.24576915727267892,0.15830938224237695,0.23381834666615864,0.13332738767880353,0.14038255789259527
2025-02-10,0.1845316241793693,0.2551738417398829,0.16823655509930713,0.24127271070040637,0.15830938224237695,0.23381834666615864,0.15037239236604888,0.1366672816028977
2025-02-11,0.16669363139854254,0.23052848605806278,0.16012963470829894,0.22816710143895097,0.15762415333895963,0.23381630046722646,0.13580897550183246,0.13051058486126038
2025-02-12,0.16088860080305223,0.2227039526666688,0.1447912900050956,0.20720254808922023,0.15762415333895963,0.23381630046722646,0.13126492727004763,0.11761113719536144
2025-02-13,0.1495975999263709,0.2068526463785525,0.1344527583663288,0.1920775056226117,0.15762415333895963,0.23381630046722646,0.12176167164342955,0.10909905596898622
2025-02-14,0.13656618350614036,0.1887442478863254,0.13673490626192442,0.1947564297518541,0.15762415333895963,0.23381630046722646,0.11090847136088094,0.11120428717989539
2025-02-17,0.12684241011328112,0.1755073652038383,0.12883333000040825,0.18387301986370203,0.15762415333895963,0.23381630046722646,0.10310222875275239,0.10441518066303683
2025-02-18,0.1408130212725498,0.19502606498520209,0.12827490303603534,0.1841032162975172,0.15762415333895963,0.23381630046722646,0.11475018208373476,0.10374806929673337
2025-02-19,0.13415268673074077,0.18524522644319616,0.1225104673199541,0.1755246445141681,0.15762415333895963,0.23381630046722646,0.1084197756864357,0.09934639311975821
2025-02-20,0.12624624937195694,0.17441320168900057,0.11735131425269624,0.1679860119355767,0.1574942804388327,0.23393810993413983,0.10204699656767928,0.09499065432880695
2025-02-21,0.1329553168979679,0.18371024750837053,0.11672719082506527,0.167358240349581,0.1574942804388327,0.23393810993413983,0.10753056977020585,0.0941859161031794
2025-02-24,0.22093174119063486,0.30478152543828235,0.1980514033517114,0.28372825805071333,0.1587633031325959,0.23447058007360128,0.17959019679348595,0.1592648192168626
2025-02-25,0.2196601435282266,0.3028276964407198,0.18524185877467925,0.26412826154615765,0.1587633031325959,0.23447058007360128,0.17837578685379912,0.14957809270055128
2025-02-26,0.20953245203704696,0.289078570086194,0.16781644014695046,0.2394188903140962,0.1587633031325959,0.23447058007360128,0.17015855377216257,0.1356080688404156
2025-02-27,0.18813629117751474,0.260021897800729,0.1530108660554655,0.2181255558032402,0.1587633031325959,0.23447058007360128,0.15299063258607115,0.1239568222562092
2025-02-28,0.22646462552817237,0.3122396709854477,0.17569422747162267,0.25138564822835774,0.1591202885178838,0.2344037659776795,0.18374941889175359,0.14198284682067702
2025-03-03,0.19924900450166794,0.27471720612252565,0.1770113329061812,0.2511894124547342,0.1591202885178838,0.2344037659776795,0.16066290665729613,0.14376898708751784
2025-03-04,0.2619125025920661,0.36081832462823343,0.22007495041771408,0.31407178827342175,0.1603193991401768,0.23496750301229427,0.2128497563913522,0.17731002096667373
2025-03-05,0.2479704425862983,0.3417494779069438,0.19973828332288335,0.2842677810452069,0.1603193991401768,0.23496750301229427,0.2013583240584792,0.1616072203277697
2025-03-06,0.2170801588325073,0.29932491428037733,0.19314015880830881,0.2734620565850685,0.1603193991401768,0.23496750301229427,0.17603348019920878,0.15611954865276512
2025-03-07,0.2614545982315366,0.36010362101178606,0.21359212429639685,0.30451813276190987,0.16109633657640238,0.23517013907934628,0.21234849680809742,0.17188361337303243
2025-03-10,0.22881952673052952,0.315242060782355,0.2014954184965454,0.2850948823829799,0.16109633657640238,0.23517013907934628,0.1855771219140117,0.1630531608297163
2025-03-11,0.30056807637640004,0.4130542261893568,0.2545020822687635,0.3621363771557952,0.1624032885022459,0.23624536395438933,0.24349044818562754,0.20469256203891914
2025-03-12,0.26340273067236875,0.3620466587772775,0.22757993413704858,0.3215780295940451,0.1624032885022459,0.23624536395438933,0.21344045784937973,0.1841007652835482
2025-03-13,0.22781005298910162,0.3130930783668286,0.22994452518395514,0.3240148151934683,0.1624032885022459,0.23624536395438933,0.18460307251064167,0.1865656393772156
2025-03-14,0.2146393071451187,0.29503970191382806,0.19911458112873093,0.28216439440590474,0.1624032885022459,0.23624536395438933,0.17381257220213023,0.1607896927805067
2025-03-17,0.18637870989972183,0.2562115321303928,0.22217053712930618,0.3129861301056302,0.1624032885022459,0.23624536395438933,0.1509790960563227,0.18060071574902245
2025-03-18,0.16712037706017746,0.22982471747326672,0.20463179781312824,0.2889365540093783,0.1624032885022459,0.23624536395438933,0.13524865932705513,0.16539697256051727
2025-03-19,0.18388391518464142,0.25274919544088686,0.18990482034079575,0.26949891679499,0.1624032885022459,0.23624536395438933,0.148909206629807,0.15254154443346152
2025-03-20,0.1629924642349143,0.22411733975279038,0.1936815720059648,0.2733728254100682,0.1624032885022459,0.23624536395438933,0.1319050859127659,0.15653345068662208
2025-03-21,0.15202607608463325,0.20908008516675872,0.17170800383203955,0.24356189326266095,0.1624032885022459,0.23624536395438933,0.12297757910049564,0.1382947263507996
2025-03-24,0.14057617837685743,0.1933698185803881,0.15842292772883182,0.22465562277191767,0.1624032885022459,0.23624536395438933,0.11357226650180872,0.1276505664250559
2025-03-25,0.12481343682212909,0.17183675816979088,0.17683043634319673,0.250097142809125,0.1624032885022459,0.23624536395438933,0.10086579441784664,0.14321961923054924
2025-03-26,0.1174010214004072,0.1616574460479315,0.15963911160736688,0.22689520169962124,0.1624032885022459,0.23624536395438933,0.09477598507250465,0.12881333444401627
2025-03-27,0.14716467153095691,0.20258875716359495,0.1603854041252304,0.22924292294595258,0.1624032885022459,0.23624536395438933,0.11929401325079574,0.12917560803095768
2025-03-28,0.14777803558707592,0.2035457289433136,0.15026446209907773,0.21455917755489848,0.1624032885022459,0.23624536395438933,0.11986381338510906,0.12128389291688248
2025-03-31,0.22122450131903748,0.30381701449962445,0.20252423946582487,0.2892185732330428,0.16348247519204762,0.23681820414521448,0.17952539386568653,0.16267223340545017
2025-04-01,0.2147171856073693,0.2950498038210189,0.18776452851015601,0.2673785614949666,0.16348247519204762,0.23681820414521448,0.17387906364495112,0.1513280529839445
2025-04-02,0.19474038344314915,0.2678025790646963,0.17237266701550358,0.2449835493822015,0.16213117811662275,0.23588770923576705,0.15742526146088198,0.13885762902332432
2025-04-03,0.1777965134329077,0.2453687983348166,0.15873145513146547,0.2258488857784872,0.1620860013433043,0.23607254526814556,0.14433185888078892,0.12734113390320229
2025-04-04,0.3861403157808909,0.533953223494787,0.34976636236102465,0.5064989924207293,0.16288655295246068,0.239606955222649,0.3114490405052541,0.28010939875745405
2025-04-07,0.5707720924212762,0.7860611002754172,0.5317830483126892,0.764919763676786,0.1661258474469996,0.24901052627855383,0.4601516072501547,0.42479633471334594
2025-04-08,0.49267676905058355,0.6791812481086377,0.46978586313544946,0.6723112252532654,0.1661258474469996,0.24901052627855383,0.39680911211923997,0.37679358933364765
2025-04-09,0.4671437423147915,0.6436337437213665,0.42283848315296935,0.6062145547873093,0.16647759229956013,0.24889996690890873,0.37614066758301906,0.3389009237798978
2025-04-10,0.3685527117784382,0.5084031695753491,0.597692801362133,0.8473094585332859,0.16647759229956013,0.24889996690890873,0.29635216762069044,0.48219171140514194
2025-04-11,0.41973325899300873,0.5777823662102428,0.537078787198817,0.7686671773594506,0.16753888437925687,0.25011175223997834,0.33783584384838716,0.4301251307155969
2025-04-14,0.35739848132949437,0.4923311444351228,0.4788565020472296,0.6825497888390443,0.16753888437925687,0.25011175223997834,0.28770451068209235,0.3846078125667997
2025-04-15,0.30112383349640814,0.4147663128809809,0.4673460964602739,0.6645448982110523,0.16753888437925687,0.25011175223997834,0.24249779840826155,0.37633576161793725
2025-04-16,0.2646295017385929,0.3646900887001409,0.40195258867229,0.5740283818401647,0.16753888437925687,0.25011175223997834,0.2128837354895192,0.3227740399700706
2025-04-17,0.27684982663703117,0.3815830199085694,0.3570169142373102,0.5116003001251134,0.16753888437925687,0.25011175223997834,0.22304616100805438,0.28658915798861195
2025-04-21,0.24134737955442498,0.3326108854014986,0.3299149498398207,0.4708044340317871,0.16753888437925687,0.25011175223997834,0.19425785894211872,0.26570372608818543
2025-04-22,0.28597362295695405,0.3941998849370727,0.3158100269342864,0.45347604787513224,0.1669965549784101,0.24998914991444557,0.22984667093304242,0.2523780464046151
2025-04-23,0.24946410715356304,0.34345499130432044,0.2999926296265718,0.42763037595440256,0.1669965549784101,0.24998914991444557,0.2006245431748671,0.2410972103412045
2025-04-24,0.21988729003393925,0.30293019951210237,0.27305068179197123,0.38974328767905314,0.1669965549784101,0.24998914991444557,0.17671386594172378,0.21902901438677674
2025-04-25,0.19511135558944726,0.26890445967742205,0.25157729884568025,0.3591406831595456,0.1669965549784101,0.24998914991444557,0.156643447589409,0.2015625818371333
2025-04-28,0.1748498118717685,0.24114183240123996,0.23074367210998015,0.32974590158553146,0.1669965549784101,0.24998914991444557,0.1405003542523381,0.1850635272785163
2025-04-29,0.1678177796531961,0.23151114138721166,0.2019855533261664,0.2896193828213252,0.1669965549784101,0.24998914991444557,0.13474840759433104,0.16128060751055479
2025-04-30,0.15294185577196617,0.21098885289799219,0.18472444128072962,0.26431618547110924,0.1669965549784101,0.24998914991444557,0.12267909374246137,0.1475855190011038
2025-05-01,0.15379280549555308,0.21227578755424437,0.16585161755074457,0.2381323068101201,0.1669965549784101,0.24998914991444557,0.12340525908515827,0.1319803368833694
2025-05-02,0.1437708321790988,0.1984415648558086,0.15062999000730404,0.21600668362441522,0.1669965549784101,0.24998914991444557,0.11546043885288582,0.11995202213765853
2025-05-05,0.12961504046772254,0.17900863243073792,0.16482699117891997,0.23537413313839203,0.1669965549784101,0.24998914991444557,0.1041945031105349,0.13185421491128463
2025-05-06,0.14418019631139622,0.19918918906720764,0.15455417525381282,0.22230204249168206,0.1669965549784101,0.24998914991444557,0.11576175214690047,0.12281554728343004
2025-05-07,0.15969663148274038,0.22054062128487084,0.15235243213562427,0.2192735782342645,0.1669965549784101,0.24998914991444557,0.12822087920347983,0.12107676881285469
2025-05-08,0.14622137669237134,0.20167804298941272,0.1511285718881698,0.2161799979365014,0.1669965549784101,0.24998914991444557,0.117167112086294,0.12058229610907839
2025-05-09,0.13334069458819475,0.18422298033471735,0.1469137949118277,0.2104307684784211,0.1669965549784101,0.24998914991444557,0.10704048743284461,0.11727942967620777
2025-05-12,0.12390728854525423,0.1715005309061121,0.13858084415238509,0.199101110869983,0.1669965549784101,0.24998914991444557,0.09943945353466468,0.11042315435461407
2025-05-13,0.1056093756993356,0.14650012349263553,0.2244975247187765,0.31964714602523664,0.16712940085013284,0.2497454538169397,0.08536284502085094,0.180625204241789
2025-05-14,0.10080134665107665,0.13980172528399504,0.1955594308969435,0.28076522317807134,0.16712940085013284,0.2497454538169397,0.0814499707468584,0.15744650816165723
2025-05-15,0.10875578573768929,0.15076592497451768,0.1766961349794609,0.2547108810048666,0.16712940085013284,0.2497454538169397,0.08790204920469495,0.14238595790872433
2025-05-16,0.1016056274182433,0.14089308211620497,0.1669228243933133,0.24025387215569638,0.16712940085013284,0.2497454538169397,0.08209478206401606,0.13497659007222695
2025-05-19,0.09538323908890356,0.13242171193223523,0.1560297011790175,0.224961199147224,0.16712940085013284,0.2497454538169397,0.0770417156688804,0.12608053668417696
2025-05-20,0.12024725952150683,0.16707171796744694,0.15242106884154122,0.22101914028339176,0.16712940085013284,0.2497454538169397,0.09742931973588881,0.12271772167648563
2025-05-21,0.11488320025406962,0.15958497334519375,0.14290481732179644,0.2069140356913873,0.16712940085013284,0.2497454538169397,0.09301014847807863,0.11528361735369162
2025-05-22,0.1975430109554095,0.2737001621019346,0.19550009532434687,0.2829105005764741,0.16680321861725445,0.24979534080712493,0.1593054748458931,0.15627303424744582
2025-05-23,0.18034420546353824,0.24968157489488207,0.18250476989957615,0.2620751525012843,0.16680321861725445,0.24979534080712493,0.14522110642539635,0.1464332374653484
2025-05-26,0.2135746811447521,0.2961161368974512,0.18950333105210476,0.2736503745773428,0.16690353186157186,0.24969004076799028,0.17244368653646727,0.1513928019056684
2025-05-27,0.1915738493964907,0.2650886968134944,0.1915267945014152,0.2741967723953913,0.16690353186157186,0.24969004076799028,0.15447628564657578,0.1540075470651815
2025-05-28,0.1711133269859959,0.23722222008288438,0.191294467216781,0.274057730370373,0.16701199083323764,0.24972652426276185,0.13822194330431548,0.15380678187852503
2025-05-29,0.16720187512779794,0.2324551055282695,0.17180058037395907,0.24815129878994008,0.16701199083323764,0.24972652426276185,0.13518307807648278,0.13775458914840671
2025-05-30,0.1556766918027891,0.21653762922560932,0.1573819153795898,0.22804116907427113,0.16704254298115384,0.24939546019420944,0.1261198831440709,0.12701415749623624
2025-06-02,0.14383282296277344,0.20013774362591438,0.14968041719823683,0.21592801520612764,0.16704254298115384,0.24939546019420944,0.11641807254173711,0.1201436245133009
2025-06-03,0.13506885534453061,0.1879816565933643,0.13929581839443694,0.2012536682753981,0.16704254298115384,0.24939546019420944,0.10913306268790447,0.1115591327150857
2025-06-04,0.12534195036051532,0.17453634729656142,0.1358277649557494,0.19595568352908213,0.16704254298115384,0.24939546019420944,0.10128683858031068,0.10882642886908962
2025-06-05,0.11909144193893323,0.16594899752120668,0.12764233135080266,0.18443710028656662,0.16704254298115384,0.24939546019420944,0.09612192437454904,0.10185467190952147
2025-06-06,0.13851512263409438,0.19284021543022076,0.13193953320718965,0.19125506410766174,0.16704254298115384,0.24939546019420944,0.11163675434374282,0.1051105475515006
2025-06-09,0.12535740901592196,0.174285314619766,0.15841057105774492,0.22706031741576949,0.16704254298115384,0.24939546019420944,0.10128559545321739,0.12722574756959187
2025-06-10,0.1295079080748811,0.18047202862069306,0.14599943755820038,0.21083076135274048,0.16589587878888484,0.2479781716137047,0.10480768321422072,0.11659642780318528
2025-06-11,0.12256712518148327,0.1707521530614184,0.13800767942335251,0.198809725991103,0.16589587878888484,0.2479781716137047,0.09917944783460676,0.11030231623024957
2025-06-12,0.1257682549900826,0.17538146248538414,0.13138797934378765,0.1898967064499528,0.16589587878888484,0.2479781716137047,0.10173867296766494,0.10480080837367158
2025-06-13,0.14074255196128627,0.19643410584830473,0.13309340389480007,0.19280304228511377,0.16589587878888484,0.2479781716137047,0.11407102444383727,0.10613465679242881
2025-06-16,0.21443879884048211,0.2979711589673906,0.1921897502461396,0.2787573929428772,0.1662176299257822,0.2481022340528361,0.17327082323573115,0.15369337527200275
2025-06-17,0.1928883855736534,0.26750449681177696,0.1977083564633555,0.28255503193655845,0.1662176299257822,0.2481022340528361,0.15604598443559436,0.15831155223050966
2025-06-18,0.23821864702891893,0.3307117167868145,0.2120036822069843,0.30629891774046664,0.16681605992607595,0.24825139318149295,0.19270980067385873,0.16963019851158612
2025-06-19,0.213200633607443,0.29528648702875204,0.20526597266701974,0.293861627505019,0.16681605992607595,0.24825139318149295,0.17260844759838867,0.16522953763452702
2025-06-20,0.23939358834938718,0.33227645503560477,0.204742971016866,0.2955147759005273,0.1654825702745487,0.24782914113463875,0.19343020998564847,0.16365812291083098
2025-06-23,0.2149826895545499,0.29740299165802153,0.20042032796480047,0.2866017343571717,0.1654825702745487,0.24782914113463875,0.17362564542478018,0.16123418786368982
2025-06-24,0.19336197791111265,0.26790147169244266,0.18350269574395883,0.2631609199028054,0.1654825702745487,0.24782914113463875,0.15632289788345788,0.14756097911425087
2025-06-25,0.17102628502909556,0.23671667513381653,0.21129367014603428,0.3015691842224885,0.1654825702745487,0.24782914113463875,0.13865328870344523,0.1706849999722576
2025-06-26,0.15493320593180493,0.21505703668899204,0.1917526589852072,0.2750729594990785,0.1654825702745487,0.24782914113463875,0.1255413070276109,0.15440796965430093
2025-06-27,0.14420963691377775,0.20044048591002284,0.17284882704000748,0.2486018140484218,0.1654825702745487,0.24782914113463875,0.11689415296904328,0.1390374579925684
2025-06-30,0.13473059313174207,0.1873564351596148,0.15881524112431356,0.22858599231759272,0.1654825702745487,0.24782914113463875,0.10919452933957026,0.12771584269704275
2025-07-01,0.1394290962671454,0.19416944399191333,0.14852969064409133,0.21461283780393983,0.1654825702745487,0.24782914113463875,0.11299022072918419,0.11912957923989488
2025-07-02,0.1354894388339215,0.18888715913591556,0.139465821596014,0.2015371505726779,0.1654825702745487,0.24782914113463875,0.10998977808646625,0.11198134094798047
2025-07-03,0.12755880790800744,0.17813196989974636,0.13173845680633778,0.1904067783704145,0.1654825702745487,0.24782914113463875,0.10370367442819306,0.10584218159621697
2025-07-04,0.12028604209115712,0.16800214434063632,0.12531696650944718,0.18141349658692407,0.1654825702745487,0.24782914113463875,0.09756767023132562,0.10070034080824448
2025-07-07,0.1471231771553746,0.20587621376252577,0.13592310760469425,0.19796904543013896,0.1654825702745487,0.24782914113463875,0.11947630141687093,0.10892284772579292
2025-07-08,0.14866232996098994,0.20736191119664743,0.13204629466216047,0.1916781188707976,0.1654825702745487,0.24782914113463875,0.12033403899749982,0.10600689157004453
2025-07-09,0.1377042009831062,0.1915984789921785,0.13802068933003153,0.19900455624482555,0.1665901717375139,0.24823068685885,0.11136245837665987,0.11124042642861584
2025-07-10,0.1260818564067841,0.17579068600129022,0.13957932083678182,0.20141479876392168,0.16561122997414673,0.24716511959123838,0.10205309805759578,0.1123691919370523
2025-07-11,0.11864755497438079,0.16574959545686677,0.13084772650620835,0.18924224655869734,0.16561122997414673,0.24716511959123838,0.09606254577530687,0.10484570452484167
2025-07-14,0.13186934035269882,0.18453770749105827,0.1302264025050472,0.18912867257575547,0.16561122997414673,0.24716511959123838,0.10680560281709842,0.10411131992572448
2025-07-15,0.14828509946273882,0.2077622560978173,0.1342177076358132,0.1952027228221851,0.16561122997414673,0.24716511959123838,0.12047937257694676,0.10743356622018486
2025-07-16,0.14518398007694627,0.20369595761301906,0.12888006213769992,0.1872995928610783,0.16561122997414673,0.24716511959123838,0.11831322572291549,0.10351150737388178
2025-07-17,0.1370586711998828,0.19162021459760417,0.12416516627731505,0.18005653753839215,0.16561122997414673,0.24716511959123838,0.11120603812374641,0.09965022702479279
2025-07-18,0.1270187715276052,0.17766770386013594,0.12464849041886136,0.18036869168505515,0.16509771471084211,0.2472098342340786,0.10321291086513971,0.1003896269988115
2025-07-21,0.11979328484412255,0.16798041797719343,0.1187234564859071,0.17239412631579942,0.16509771471084211,0.2472098342340786,0.09733767719552107,0.09538231117808618
2025-07-22,0.12132332699017068,0.17033350912158873,0.11561884624360302,0.16839902407443386,0.16509771471084211,0.2472098342340786,0.098584868421305,0.09278281608044879
2025-07-23,0.1149731760290244,0.16165821088582127,0.11261188831901028,0.16404192840821738,0.16509771471084211,0.2472098342340786,0.09353499133905958,0.09055814629456328
2025-07-24,0.10641394201973786,0.14972892534728327,0.13014593100496114,0.18883487390759923,0.16509771471084211,0.2472098342340786,0.08681911134533091,0.10526516886557055
2025-07-25,0.10298864963285348,0.14500330769053904,0.1217383291368429,0.1778157909663019,0.16509771471084211,0.2472098342340786,0.0835053235063557,0.09790682824940657
2025-07-28,0.09776936438953254,0.13750217576475446,0.12061235447424584,0.17571684410880536,0.16509771471084211,0.2472098342340786,0.07926395033277328,0.09711778034946923
2025-07-29,0.0978756852493905,0.1378520954972408,0.11517307523859277,0.16873822154186557,0.16536171195950997,0.24746779879980085,0.07918795625450377,0.0926001304205437
2025-07-30,0.12702293009936927,0.17865561569364885,0.1280207484964877,0.18813250765483672,0.16536171195950997,0.24746779879980085,0.10281026506818683,0.10286971224162994
2025-07-31,0.12012732142809573,0.16850549847299023,0.12692539483835302,0.18514594490180455,0.16536171195950997,0.24746779879980085,0.09716384964675283,0.10236411561974744
2025-08-01,0.15314966112203598,0.2149747083050075,0.14191555944983267,0.2081946424857705,0.16499071886943784,0.2475631626404559,0.12399390832603574,0.11410185409752245
2025-08-04,0.26384249896776524,0.36932838119843053,0.2417109421875222,0.3534754954651836,0.16690873944006718,0.24919256611537402,0.21340356299396074,0.19372732233046536
2025-08-05,0.23231448000950206,0.3240771265288397,0.2667872941486238,0.3854366151516695,0.16690873944006718,0.24919256611537402,0.18872190245240003,0.2164590878153303
2025-08-06,0.21594632335168573,0.30205211680579197,0.23003749289677816,0.33447632472177696,0.16690873944006718,0.24919256611537402,0.174676829063271,0.18519267573198478
2025-08-07,0.19489595903086465,0.2718365510273703,0.21439952194102158,0.31057978840874867,0.16690873944006718,0.24919256611537402,0.15701430428153934,0.17277472218770587
2025-08-08,0.17720249249636766,0.24929915636406386,0.1890215539673082,0.27608091106218435,0.16655844425966743,0.24928504874760976,0.14275974544740577,0.1527199302732015
2025-08-11,0.1608643197874935,0.2254063460590611,0.19308169001050157,0.280830121332679,0.16430757118250944,0.24723018547757963,0.12965382898311228,0.15645749848138174
2025-08-12,0.18065690788198852,0.25400508868204424,0.18365742173054933,0.2697646786513287,0.16430757118250944,0.24723018547757963,0.14557760324925972,0.14761227125909496
2025-08-13,0.16420314910437261,0.22969240300097452,0.1950630065904187,0.28338506757352705,0.16430757118250944,0.24723018547757963,0.13323429548754018,0.15786921195770773
2025-08-14,0.14975369593867216,0.2101789506952735,0.17350149797490488,0.2534707341486026,0.16430757118250944,0.24723018547757963,0.12125897220451538,0.139772585250474
2025-08-15,0.15088413720229943,0.21216039152063113,0.15854105533287496,0.23249820709963176,0.16430757118250944,0.24723018547757963,0.1218429602885526,0.12741361726418682
2025-08-18,0.14872282819708532,0.21035603191654145,0.14611896838955168,0.2153792263101417,0.16430757118250944,0.24723018547757963,0.12153850330672085,0.11850917135968667
2025-08-19,0.1397918306071671,0.1974462168740125,0.13652202083102158,0.2009475682058131,0.16212180161746165,0.24505102968620981,0.11415354341393778,0.11074437085319541
2025-08-20,0.14893946940853536,0.2107788092870522,0.13327551908233695,0.1971997800972466,0.16212180161746165,0.24505102968620981,0.1213463137915601,0.10776514440594383
2025-08-21,0.14516185237480328,0.2050359398657311,0.12737733678481078,0.18815557713623676,0.16212180161746165,0.24505102968620981,0.11845260795005895,0.10331940023128847
2025-08-22,0.16277561970424625,0.23028622071319305,0.13418487012894958,0.19881516217738207,0.16212180161746165,0.24505102968620981,0.13284304512673084,0.10859631137578417
2025-08-25,0.14668475134102577,0.2057174383621636,0.20045641749612164,0.29160869689335217,0.16261461922799736,0.24517138182017825,0.12062849971127922,0.16489603892965402
2025-08-26,0.1514310255278849,0.21409559864483124,0.1771300299637765,0.260904771563755,0.16261461922799736,0.24517138182017825,0.12379824825598225,0.144158234169005
2025-08-27,0.14224144683090978,0.20072851531072036,0.16239538585069932,0.2385579591116247,0.16261461922799736,0.24517138182017825,0.1165814751253025,0.13251364402664803
2025-08-28,0.14089549963618203,0.1991512261465619,0.14905636761473207,0.21981299169934285,0.16261461922799736,0.24517138182017825,0.11537420905627314,0.12143530611300955
2025-08-29,0.13217002878998751,0.18640856858799915,0.14199253486656546,0.2085438010738962,0.16261461922799736,0.24517138182017825,0.10836330467138747,0.1158990031920539
2025-09-01,0.15386345599024714,0.21789282627084858,0.14427627386924857,0.2138056808945785,0.16261461922799736,0.24517138182017825,0.12586827326634958,0.11718998006641879
2025-09-02,0.1683750535431674,0.23805423975051396,0.14517252949635973,0.2150106435541326,0.16261461922799736,0.24517138182017825,0.1380226089679928,0.11834193665655361
2025-09-03,0.18644595563756194,0.2637980535924915,0.1507081304294512,0.22312278555122575,0.16261461922799736,0.24517138182017825,0.15317291355669646,0.12299019744469607
2025-09-04,0.1712878494748638,0.2415337323282574,0.14959371270240343,0.21948091673338727,0.16261461922799736,0.24517138182017825,0.14133605672829036,0.12302969362396408
2025-09-05,0.15563190355144246,0.219257571242943,0.15367866294454474,0.22506160266197797,0.16261461922799736,0.24517138182017825,0.12839510207268692,0.12643000714214
2025-09-08,0.14352920594374763,0.20255063164553466,0.14018425736583678,0.20658059188059158,0.16261461922799736,0.24517138182017825,0.11784411662630447,0.11486804682714578
2025-09-09,0.13446850992940124,0.18967813410074133,0.13135236104169695,0.193772020663773,0.16261461922799736,0.24517138182017825,0.1101717541921086,0.10749633660016093
2025-09-10,0.12645582692469692,0.17832764483516944,0.12455487825624531,0.1838366308143779,0.16261461922799736,0.24517138182017825,0.10346746297047264,0.10185162367889608
2025-09-11,0.12946495287208898,0.18275788652794475,0.12064185357137436,0.1787452979556008,0.16261461922799736,0.24517138182017825,0.10575733447723408,0.09849111113864581
2025-09-12,0.12204300657338174,0.17159682772108303,0.12446708909269438,0.1829339684878921,0.16261461922799736,0.24517138182017825,0.099866420032365,0.10193578513007065
2025-09-15,0.11660847732678237,0.1644819376421418,0.11773689794563894,0.1739584329131415,0.16261461922799736,0.24517138182017825,0.09516937709831795,0.09598249505642623
2025-09-16,0.14175845317832247,0.20089286744216558,0.12880220531028025,0.19148104398370477,0.16261461922799736,0.24517138182017825,0.11612939696380606,0.10493434985804764
2025-09-17,0.15504589384160639,0.21911971155995655,0.13192772354963944,0.1955256299977023,0.16261461922799736,0.24517138182017825,0.1271392556199725,0.10763213248457201
2025-09-18,0.14442685269862754,0.20332105664209632,0.13222866468315722,0.1944199220810682,0.16261461922799736,0.24517138182017825,0.11875320988288127,0.10841030584867037
2025-09-19,0.13423278891032292,0.18933938717126408,0.12389409875584376,0.18298243173851178,0.16261461922799736,0.24517138182017825,0.11007281600957877,0.10112095241468247
2025-09-22,0.12594968908542292,0.17741679479465136,0.11991574527197335,0.1767584700256525,0.16261461922799736,0.24517138182017825,0.10323873141869552,0.09782511195471384
2025-09-23,0.1381885787604777,0.19515943718760304,0.12162841599813329,0.18040791624189428,0.16261461922799736,0.24517138182017825,0.11313109133887436,0.09885395372784808
2025-09-24,0.1469497247613602,0.2070859952373092,0.12314330764972325,0.18244836217274163,0.16261461922799736,0.24517138182017825,0.12029947664910254,0.10022210273922734
2025-09-25,0.13765839807568225,0.19344265966068883,0.12247607250172468,0.18007688452490522,0.16261461922799736,0.24517138182017825,0.1129695284684652,0.10006563219979671
2025-09-26,0.1441653505880479,0.20323227541265274,0.12139644605294864,0.17889177139633855,0.16261461922799736,0.24517138182017825,0.11803751430028518,0.09814753071905181
2025-09-29,0.1347407070102597,0.18838176985103763,0.14876027334734007,0.2160089056013054,0.16261461922799736,0.24517138182017825,0.11104605473546987,0.12192706676263793
2025-09-30,0.1474945659111836,0.20817148038394495,0.14183401769408643,0.20871197750061857,0.16261461922799736,0.24517138182017825,0.12092942012096469,0.1148538442227324
2025-10-01,0.14535101252338484,0.20371457858690528,0.13534997981326535,0.19793044898633572,0.16261461922799736,0.24517138182017825,0.11921379562373698,0.10993033489264901
2025-10-02,0.13778433913329557,0.19221300861153034,0.12809077954016684,0.18688175489219527,0.16261461922799736,0.24517138182017825,0.1128255407058375,0.10412239366267619
2025-10-03,0.13904357465602435,0.19372940856448895,0.12341355939424217,0.179827835778537,0.16261461922799736,0.24517138182017825,0.1137349599531926,0.09998502511130661
2025-10-06,0.13305866777342024,0.18450305412545062,0.11938496769346238,0.17257036383278407,0.16261461922799736,0.24517138182017825,0.10882532089696267,0.09665035063544472
2025-10-07,0.1254202056666024,0.17336326877801547,0.11674759620700403,0.1674451391832086,0.16261461922799736,0.24517138182017825,0.10254495028617089,0.09446904975269833
2025-10-08,0.14174596253537874,0.19617988064091718,0.12169666696440723,0.1751275546583257,0.16261461922799736,0.24517138182017825,0.11539911941963372,0.09781403924844317
2025-10-09,0.1344360104477489,0.18415670327665365,0.13097585316212418,0.1849479999612956,0.16261461922799736,0.24517138182017825,0.11000648500539317,0.10634428173338474
2025-10-10,0.12799896294860347,0.1760730299973148,0.12166798496429959,0.17271768683424832,0.16261461922799736,0.24517138182017825,0.1042281858570129,0.09804783757603616
2025-10-13,0.3072945820715116,0.4290874839895707,0.28416572298639675,0.41087252022928905,0.16511842249893255,0.2494387700684046,0.24687267217889144,0.22560107088765521
2025-10-14,0.2822082752208026,0.3880954186502798,0.2931271289108758,0.4132558333140765,0.16511842249893255,0.2494387700684046,0.2297400573345685,0.2372315332739452
2025-10-15,0.2810672968284864,0.3913941214790777,0.2589051120708342,0.37202042124243895,0.16510395350314871,0.24932988402477452,0.2289516211812172,0.20967825323922393
2025-10-16,0.25240036984343606,0.3498648417905556,0.23311991087031014,0.33227309119910514,0.16149006155089957,0.23890544206349618,0.206536514828132,0.18942378293078516
2025-10-17,0.3244001990023786,0.4507759629142926,0.2834762243293616,0.4067668397892725,0.16351363869317637,0.2408230435232704,0.2637131216344687,0.2277409024151618
2025-10-20,0.2957029441118513,0.4055788274293646,0.32803579158972385,0.4602485479858525,0.1619597477477726,0.23985400451014594,0.24281284369937073,0.26813281978830755
2025-10-21,0.2545665752099635,0.34969539638634517,0.31671036693344745,0.4458788304156308,0.16123893500958514,0.2396819616010353,0.20844061743192385,0.2579863042359244
2025-10-22,0.22243219242540713,0.3071703968531207,0.2701209365781241,0.3829747723400939,0.16123893500958514,0.2396819616010353,0.1812344344903582,0.21905824996548248
2025-10-23,0.21433672170283535,0.2964725910669678,0.2367317592720588,0.3374217325272093,0.16059934766161507,0.23968329000510227,0.17433608421957353,0.19150651628696763
2025-10-24,0.19317629325733865,0.26574167863096576,0.22405633254569424,0.31717796835759043,0.16059934766161507,0.23968329000510227,0.1577283910604778,0.18237528130551522
2025-10-27,0.17306345079559138,0.23822542472470185,0.20555690869941956,0.29130913403976855,0.16059934766161507,0.23968329000510227,0.1412618184369279,0.16705652096872428
2025-10-28,0.15726676187980304,0.21681503987944847,0.18473344083271548,0.2625577320070958,0.16059934766161507,0.23968329000510227,0.128098132153468,0.1499985453861197
2025-10-29,0.16209203539167016,0.2242417822639998,0.1673798862259791,0.23980799488896798,0.16107872136573811,0.2397802303744268,0.13166434839098468,0.13526441101869047
2025-10-30,0.16607707093849844,0.2294473649296598,0.15629815212370735,0.2239729604805828,0.16107872136573811,0.2397802303744268,0.13489472137663272,0.126436345884209
2025-10-31,0.1557689946659654,0.21506505799938458,0.14436885949212308,0.20640656732213628,0.16219332834762457,0.24018709746419067,0.1265590012055905,0.11693975096356761
2025-11-03,0.15933632057066394,0.2201294194009528,0.13748114993110455,0.197193055747281,0.16219332834762457,0.24018709746419067,0.1293914600650369,0.1110674211987684
2025-11-04,0.1484215578200343,0.20455803116616433,0.13096073367341476,0.1869175418028892,0.16219332834762457,0.24018709746419067,0.12065166299963828,0.10611644341397196
2025-11-05,0.19007873832286082,0.26277624688060897,0.1585665058680638,0.2276689614413739,0.16153702998587355,0.23977084059347614,0.15389331163577982,0.1271843319743272
2025-11-06,0.17527922204980784,0.2410767456714547,0.15859232936468548,0.22458159260696797,0.16153702998587355,0.23977084059347614,0.14268204469863224,0.12870784848307132
2025-11-07,0.1964531683683426,0.2715774470650959,0.16074582354387235,0.23054780516800805,0.16153702998587355,0.23977084059347614,0.15946958232749575,0.12937027535309115
2025-11-10,0.18067079432536193,0.24894179757931914,0.15259989476115976,0.21684984307158922,0.16153702998587355,0.23977084059347614,0.1475371359250298,0.12388239737154355
2025-11-11,0.16438160226566334,0.22565764684552833,0.16457767458655026,0.23235180205111242,0.16153702998587355,0.23977084059347614,0.13466505883226415,0.13439555600084363
2025-11-12,0.14947739377418923,0.2060483327390983,0.14912085337546488,0.21196667200523223,0.16153702998587355,0.23977084059347614,0.12209233016292427,0.12102633722288962
2025-11-13,0.1452444461163438,0.20066425916161867,0.1380516011430883,0.1970635273720313,0.16153702998587355,0.23977084059347614,0.1184637948041503,0.11162046714624503
2025-11-14,0.20486819308570015,0.28337566377033596,0.18222011457116716,0.26090473715640206,0.1622524693159909,0.23993650371923458,0.1663012920154336,0.14563946563972444
2025-11-17,0.1911768316129987,0.2627327598296346,0.1716593516074485,0.24273045961711956,0.1622524693159909,0.23993650371923458,0.15583436578428184,0.1384410227162637
2025-11-18,0.23039199461429916,0.31795558408420865,0.1924386505437069,0.2742867619425981,0.16349750176501587,0.2403109611617715,0.18729540589472896,0.15382331507345437
2025-11-19,0.256382122481128,0.3530818046841054,0.20362121005106482,0.28968999858006284,0.16342468823152534,0.24008914926720898,0.20889180469410032,0.16390158821200315
2025-11-20,0.23090284047565723,0.3169065476146507,0.191327249181381,0.26959837752620164,0.16342468823152534,0.24008914926720898,0.1890072918250957,0.15539313159776275
2025-11-21,0.25527719488909684,0.35252608624349696,0.1976302557861136,0.2824596725916121,0.16389209317864806,0.24011900036985215,0.20809852426864572,0.15977282502690948
2025-11-24,0.22944598197674337,0.3141507172579091,0.21924494290091756,0.3075979766222826,0.16259750376814042,0.23939665489071155,0.1884705909224521,0.17982240030790386
2025-11-25,0.20039021058245332,0.27424842567683844,0.2398768983532642,0.3366462310602596,0.16259750376814042,0.23939665489071155,0.16491324721494852,0.19710739772390173
2025-11-26,0.17680952709723774,0.24240607883432758,0.2351868654253303,0.3307981520641891,0.16259750376814042,0.23939665489071155,0.14531049718485095,0.19278425064282864
2025-11-27,0.1577977368010962,0.21683758141656984,0.22044347883869297,0.31103079476304035,0.16259750376814042,0.23939665489071155,0.12976576291550163,0.1807360405357227
2025-11-28,0.1442308117953185,0.19923231525949833,0.19042048551239477,0.27108409509427395,0.16259750376814042,0.23939665489071155,0.11840828998830386,0.15582143050151098
2025-12-01,0.13422778807728808,0.18505610174834328,0.17944435129359027,0.25423656403466915,0.16259750376814042,0.23939665489071155,0.11028085443365275,0.1468308068973604
2025-12-02,0.14936716411301432,0.2071260819152516,0.16583201805010062,0.23734950099099442,0.16176515361434207,0.23906625246368243,0.12249792398091347,0.13487371134296455
2025-12-03,0.13939470029381595,0.19267615396512133,0.15667349892313126,0.2229143193374033,0.16176515361434207,0.23906625246368243,0.11496910082137325,0.12853881740785286
2025-12-04,0.12924518410495744,0.17865273377857505,0.14613204889989878,0.20821170292493688,0.1596251715613912,0.23780460572132062,0.10633884066447885,0.11972864360922306
2025-12-05,0.12114078142288176,0.1673477407065084,0.13560362927464648,0.1935714810716933,0.1596251715613912,0.23780460572132062,0.0992910924242028,0.1108899587288605
2025-12-08,0.11429048825599553,0.15784436449952371,0.12838727482693418,0.183595582039665,0.1596251715613912,0.23780460572132062,0.09352430652311951,0.10526549557359574
2025-12-09,0.15015014628290713,0.20793198903318777,0.1424440975721133,0.2058099700939941,0.15916480361029933,0.23783342530715268,0.12215906778959061,0.11595858375553265
2025-12-10,0.150510923792607,0.20774038006604684,0.13729625135393692,0.19698701545452124,0.15916480361029933,0.23783342530715268,0.12256725569492628,0.11207486349161078
2025-12-11,0.13986967893821944,0.19219347915269838,0.148615251651376,0.21111852133588946,0.15916480361029933,0.23783342530715268,0.11421083393912825,0.12208810553756576
2025-12-12,0.12727224961563743,0.17511890396660962,0.1498358605016819,0.2130324003033267,0.15916480361029933,0.23783342530715268,0.10404316385201884,0.12279225524104628
2025-12-15,0.1457904521606671,0.20203933036831742,0.14522647600012728,0.2092535521338449,0.15916480361029933,0.23783342530715268,0.11909027970166823,0.11797436408876942
2025-12-16,0.15955213286866,0.22160516278073508,0.1452749896640299,0.2090497769533169,0.15916480361029933,0.23783342530715268,0.13141361639928234,0.11818777337352844
2025-12-17,0.15006601166255995,0.20804107809245528,0.13696895579445037,0.19622769375255936,0.15916480361029933,0.23783342530715268,0.12394999359672798,0.11198703565803549
2025-12-18,0.17141315935349133,0.23815903641066866,0.142945351479077,0.20646902506110001,0.15916480361029933,0.23783342530715268,0.1411595237283807,0.11627205264073735
2025-12-19,0.1592177166654476,0.22016757606086304,0.14284696658228327,0.2037242277520699,0.15916480361029933,0.23783342530715268,0.13131246367069555,0.11729523397748666
2025-12-22,0.14212685434610917,0.1953842072089395,0.18492145022411682,0.2614679384590133,0.15882055202384676,0.2379406276744071,0.11790714557213283,0.15289347265712444
2025-12-23,0.12722469132045466,0.1756232600655687,0.17356730766935574,0.2468910266485555,0.15882055202384676,0.2379406276744071,0.10529861078757391,0.14271693647920108
2025-12-24,0.11810483513140196,0.1635622374191184,0.15424148057705883,0.2208733128111836,0.15882055202384676,0.2379406276744071,0.09760942751129066,0.12636405305873294
2025-12-26,0.11036267710485631,0.1527146681466938,0.1471886673518616,0.21030376214963795,0.15882055202384676,0.2379406276744071,0.09155952719611742,0.12090770582063483
2025-12-29,0.1095980169889072,0.15202851597365585,0.13478282032122935,0.19350082608682803,0.15882055202384676,0.2379406276744071,0.09069015369264459,0.11004441135053089
2025-12-30,0.12770300950153013,0.17743239554922466,0.1333572851658434,0.19281172639877606,0.15796906532365845,0.2368251628544729,0.10529425712357927,0.10885624515849356
2025-12-31,0.12759278070075952,0.17694479391457996,0.12797940356666165,0.18443289065677165,0.1569852856720724,0.23660884585581046,0.10524952544371906,0.10468866285346158
2026-01-02,0.14150581803717044,0.19635423474049069,0.12865035011320614,0.1860772686422843,0.1569852856720724,0.23660884585581046,0.11684438790566423,0.10493130762968454
2026-01-05,0.1324716798987033,0.18334255106415895,0.12767173383924058,0.18304738517593888,0.1569852856720724,0.23660884585581046,0.10990706351886763,0.10481082787648997
2026-01-06,0.13540338598344193,0.18916599262885092,0.12145634893609117,0.17644888709868087,0.1569852856720724,0.23660884585581046,0.11322366007762853,0.09991190717649605
2026-01-07,0.12752451197359554,0.17807935696524785,0.11883710931743063,0.17118999583106267,0.15562035754528625,0.2362278695057751,0.10675865750150229,0.09748525215320923
2026-01-08,0.14030808586880972,0.19634067088221338,0.12086382266811951,0.17542059601725254,0.15562035754528625,0.2362278695057751,0.11710939565835794,0.09864310040124985
2026-01-09,0.1362821373739651,0.18952464964130836,0.11840568051240583,0.17101971389203507,0.15562035754528625,0.2362278695057751,0.11327619149714224,0.09694855946987818
2026-01-12,0.12535254160441328,0.17426750385835843,0.13243721861635344,0.18949981587657844,0.15562035754528625,0.2362278695057751,0.10482608715763818,0.10913591849689856
2026-01-13,0.13738193816580102,0.19141320422934924,0.12710145446190935,0.18459395723983454,0.15562035754528625,0.2362278695057751,0.11379009369754521,0.10374090531674728
2026-01-14,0.15809212912056625,0.21965880887839637,0.134692657012564,0.19538894806505858,0.15562035754528625,0.2362278695057751,0.1308374716891397,0.10982721624900753
2026-01-15,0.17116289007509033,0.2373667970937904,0.13819740539847347,0.1994776973685217,0.15586629713323222,0.23633987471287216,0.14139181166900544,0.1121760581301481
2026-01-16,0.15625536956397534,0.21572544395620855,0.14310627461209158,0.20401268011583393,0.1555051304613687,0.2365076340973818,0.12962143807458326,0.1172504438018256
2026-01-19,0.14406855466411328,0.19979169254159337,0.13049290194249286,0.18753936660951917,0.1555051304613687,0.2365076340973818,0.11927136290818238,0.10630680168239338
2026-01-20,0.23741205707368085,0.329238862451055,0.20714670453172124,0.3008994731543755,0.15720782536228006,0.23749185831133987,0.1946111980517549,0.16738966860450227
2026-01-21,0.24629288296014495,0.3407483782582226,0.20295926091981242,0.2919472187989064,0.15720782536228006,0.23749185831133987,0.20258329565458547,0.16482366460004244
2026-01-22,0.21531294592456485,0.2954192265668374,0.258099204821591,0.3647490165053232,0.15618121779393246,0.23740425620367658,0.17820920593234568,0.21259225218409825
2026-01-23,0.18527496995416515,0.2547500881325157,0.23429088944204113,0.33313942127888774,0.15618121779393246,0.23740425620367658,0.1527860613474143,0.1921999185209589
2026-01-26,0.17891251099858252,0.24717943331593845,0.2001149053870071,0.28705642475155474,0.15618121779393246,0.23740425620367658,0.1472279904505409,0.1632179481289759
2026-01-27,0.16741304813515967,0.23117665051666716,0.17736147579990125,0.2541156835951521,0.15618121779393246,0.23740425620367658,0.13770076004836643,0.1445734063565355
2026-01-28,0.16083985618911378,0.2222542464028471,0.15868600521195853,0.22772253782040916,0.15618121779393246,0.23740425620367658,0.13204044411296173,0.1290482977248173
2026-01-29,0.15130355861006717,0.20876565071209421,0.14415540523471448,0.2069921245937136,0.15618121779393246,0.23740425620367658,0.1241763407275479,0.11746216532829241
2026-01-30,0.15759386128311237,0.21778662081575142,0.13674461058502213,0.1973111424677263,0.15618121779393246,0.23740425620367658,0.12944478169248758,0.11131679585065292
2026-02-02,0.16407218588855643,0.22701656095959813,0.13350367714547196,0.19282396082144931,0.15618121779393246,0.23740425620367658,0.135062342051995,0.10873670229559092
2026-02-03,0.1489638664681029,0.20522688557180963,0.1446245179157542,0.20623434573113172,0.15618121779393246,0.23740425620367658,0.1232540780982987,0.11890937002181992
2026-02-04,0.18548405296480852,0.2571190481896879,0.15816095635579347,0.23010920349795097,0.1564628512527604,0.23723925946934885,0.1523110313366426,0.12887582241150952
2026-02-05,0.19170225836287513,0.2646933351658069,0.15323679240396426,0.22140021309428706,0.1564628512527604,0.23723925946934885,0.15764136522236533,0.1253979054224916
2026-02-06,0.2567478254025699,0.3541322613798946,0.21020402325002402,0.30443518574189604,0.15760062334290068,0.237797063904564,0.20976532561878714,0.17064289335349037
2026-02-09,0.21737289780159363,0.29570288816527224,0.2890104265819201,0.4075309181172327,0.15760062334290068,0.237797063904564,0.18002869097260085,0.24009156827953543
2026-02-10,0.18975024252303307,0.26015581572704166,0.2376729718891758,0.33919276408803584,0.15760062334290068,0.237797063904564,0.1561953239168986,0.19567754163023363
2026-02-11,0.1852469875159266,0.2549804942436848,0.2039580740192759,0.29245723129649454,0.15760062334290068,0.237797063904564,0.15263776439159982,0.16728261276501807
2026-02-12,0.17229086356816148,0.2371496410699764,0.18028813332268911,0.25799770116125015,0.15760062334290068,0.237797063904564,0.14239263677996708,0.14802449324158692
2026-02-13,0.24484499357710776,0.33853641843527255,0.2276216189275383,0.32887326067365474,0.15926535360594518,0.23863537128892723,0.20112912493114957,0.184609273341304
2026-02-16,0.2275308585771616,0.31263181676387003,0.20659226642199657,0.29457237304458656,0.15926535360594518,0.23863537128892723,0.18777693991468117,0.16925809595392244
2026-02-17,0.21930465477258942,0.30240774524870234,0.1818403000627884,0.2607914861246627,0.15926535360594518,0.23863537128892723,0.18118216583640667,0.14859574561672378
2026-02-18,0.19723916899436733,0.2717857784949758,0.1704103488311477,0.24297524482527344,0.15926535360594518,0.23863537128892723,0.16381970328032713,0.14014465836760776
2026-02-19,0.1785725811620671,0.2450831203342864,0.15674592410082833,0.22366418694619544,0.15926535360594518,0.23863537128892723,0.1472112068432833,0.12864308012547238
2026-02-20,0.17821141017013953,0.24543591009889282,0.14340222675054798,0.20646903587860363,0.15830941750030433,0.23857035352323525,0.14634199717660745,0.11697085887366648
2026-02-23,0.1611416822163848,0.22112834833553063,0.14805035056923316,0.2109378322883855,0.15830941750030433,0.23857035352323525,0.1330639034527385,0.12187991132696399
2026-02-24,0.1917886809559478,0.2666968186857985,0.15928105822043265,0.23147342994962505,0.15862842826970372,0.23844372389595256,0.15855027853224052,0.1296656837588509
2026-02-25,0.17542187135323506,0.24087999567944152,0.16696744804549862,0.2378260547650363,0.15862842826970372,0.23844372389595256,0.14507175285935153,0.13804177078379548
2026-02-26,0.1522524681377614,0.2088593286780593,0.17726527863056424,0.25223551523114496,0.1573438527741865,0.2381671786074641,0.126066782005189,0.14672943191324878
2026-02-27,0.15570109022342693,0.2158659529369087,0.15601121235951482,0.22544357063642576,0.1573438527741865,0.2381671786074641,0.12871102667891718,0.1278206308901138
2026-03-02,0.1771858781834309,0.2459364881067486,0.15688850842186502,0.22758182444695146,0.1573438527741865,0.2381671786074641,0.1464841639365619,0.1284140013171184
2026-03-03,0.2015604035309807,0.2801001125282027,0.16421991275553172,0.23869665451957753,0.1573438527741865,0.2381671786074641,0.16713329399582078,0.13464864640925553
2026-03-04,0.2316327891678409,0.3210886152960956,0.17869307852536587,0.259788685338285,0.15763959878626893,0.23801880130841824,0.19156069355061442,0.14669278160873042
2026-03-05,0.20262370122068352,0.2787618931709622,0.19880320754751202,0.2831805598818318,0.15763959878626893,0.23801880130841824,0.16885654226288854,0.16567041417190234
2026-03-06,0.23276414537969503,0.3243449835647534,0.19697002311913392,0.28705829995828935,0.158257147570599,0.2379538530809714,0.19319309239513535,0.16198835731791933
2026-03-09,0.3262156651665489,0.45373061870515025,0.285497576343257,0.4159382781125195,0.15993558070310784,0.24034375918790943,0.26857964377014315,0.23396161618147157
2026-03-10,0.2823098610051551,0.387681803715792,0.2965128291368937,0.42112902406869107,0.15775498219361955,0.23800344449551117,0.23480891473097973,0.24713130872589223
2026-03-11,0.243590445325939,0.33867238806677696,0.2423274946430854,0.34815469772447266,0.15775498219361955,0.23800344449551117,0.2026483545867861,0.20195417571204485
2026-03-12,0.21525982578022285,0.2990371295744252,0.20732649940158338,0.29856058329263907,0.15545401629080358,0.23567700720471482,0.17927917818012856,0.1729652851391851
2026-03-13,0.24913394328004257,0.34821040455961194,0.2118535883944377,0.30949224484948323,0.15630760376535044,0.23563490416314348,0.20711188843279685,0.1752722632936411
2026-03-16,0.2277132822930822,0.3183986035552981,0.1883244461642558,0.2720892558364359,0.15630760376535044,0.23563490416314348,0.18959359011130048,0.15680718449434525
2026-03-17,0.1940660362639789,0.2682033692196299,0.23142398740374964,0.33048827732203384,0.15570040389616205,0.23575873881197723,0.16229112219257993,0.19445906713691202
2026-03-18,0.167206680972115,0.23116500087553124,0.20200557152687237,0.290711382737362,0.15570040389616205,0.23575873881197723,0.1393119775344343,0.16865044328693532
2026-03-19,0.2099238595661711,0.2918269100536522,0.2045463923897538,0.29859774212731666,0.15646318578809498,0.2356874463610476,0.17440766256199555,0.16852241219833844
2026-03-20,0.19236654049138147,0.26653614091334954,0.18840264373123505,0.27137444199215766,0.15646318578809498,0.2356874463610476,0.16041511282218554,0.1571106279389869
2026-03-23,0.22439376042858739,0.31311461957962583,0.19146091828874273,0.28020529371630376,0.15489414688461464,0.23351335022610129,0.18702215672088324,0.15841160096561785
2026-03-24,0.20199329078371486,0.2864101874244963,0.17340837225807051,0.2521928574822671,0.15489414688461464,0.23351335022610129,0.16995811811682482,0.14562355276988212
2026-03-25,0.19766344803615254,0.27908564863271584,0.1545653715651716,0.22623242388636788,0.1536333943194651,0.23319400687395916,0.16572880687389374,0.129175851790636
2026-03-26,0.17670559670989494,0.24737602278369128,0.15652528503214658,0.22662770893306675,0.1536333943194651,0.23319400687395916,0.14849515955872705,0.13164694747122552
2026-03-27,0.19754466263441373,0.2771173655086839,0.15604301949993615,0.23011656783491446,0.1535263308692852,0.23316627530178716,0.16507335610294435,0.12984436747007397
2026-03-30,0.24495473925889433,0.3411822670962363,0.19292766313319998,0.2828780516473095,0.15430247032139005,0.2331723559729565,0.2046717507763529,0.15983500708466197
2026-03-31,0.2224471443703132,0.3078558574924032,0.17548425485532274,0.2540196830075133,0.15430247032139005,0.2331723559729565,0.18674035591664104,0.1465627876616907
2026-04-01,0.1811183866480719,0.24816315387980015,0.26296857251703837,0.37518579622211384,0.15430247032139005,0.2331723559729565,0.1535063875953479,0.22257304695189817
2026-04-02,0.15624411452424358,0.216637865497003,0.21674276855380054,0.31607014459122884,0.15430247032139005,0.2331723559729565,0.13264646752875128,0.18381077239593227
2026-04-06,0.14223050231764744,0.19690419931015066,0.18924687935885118,0.27593518001291056,0.15274786284160474,0.23213257106446952,0.12067015291773062,0.16050778254334014
2026-04-07,0.13957137272846198,0.1933938583557554,0.16468298712095214,0.24109699663241374,0.15274786284160474,0.23213257106446952,0.11808730054005594,0.13910720635871773
2026-04-08,0.16487053399365192,0.22902086329959714,0.1602974820569802,0.23620516652093687,0.15274786284160474,0.23213257106446952,0.13960510933382828,0.13505778722686212
2026-04-09,0.13149896229435176,0.18038413306995324,0.2586967811232342,0.37279159639612275,0.15274786284160474,0.23213257106446952,0.11266211285915714,0.22221100945739594
2026-04-10,0.1104314662641922,0.15248649544323234,0.23302903965377952,0.3380454582400111,0.15274786284160474,0.23213257106446952,0.09420626514776084,0.19879688529626655
2026-04-13,0.10318155452858191,0.1427375136221644,0.19827575968205957,0.28931763023602824,0.15274786284160474,0.23213257106446952,0.08776544674892663,0.1686537977008201
2026-04-14,0.09957801071612721,0.13782803234112423,0.17329879401641993,0.25333505727876576,0.15274786284160474,0.23213257106446952,0.08478156415115823,0.14751557100039075
2026-04-15,0.09157225035772032,0.126364225521405,0.16059165751665294,0.23366658815661098,0.15274786284160474,0.23213257106446952,0.07782985056194307,0.1368098811989903
2026-04-16,0.08788859323291359,0.12137268658701353,0.14351935905328567,0.20948196762206323,0.15274786284160474,0.23213257106446952,0.07453688646175256,0.12188763882345613
2026-04-17,0.08482009190338868,0.1171233990077403,0.13232225915826856,0.19313436076235774,0.15274786284160474,0.23213257106446952,0.07190712112648937,0.11231613268571206
2026-04-20,0.0800246268023897,0.1105552261245062,0.12682544991374756,0.18486867399734627,0.15274786284160474,0.23213257106446952,0.06792888602778521,0.10776357038200587
2026-04-21,0.12617385757778304,0.17476778484988365,0.138807458517224,0.20527276353332846,0.15274786284160474,0.23213257106446952,0.10693770216967356,0.11736518429722582
2026-04-22,0.13873091815780808,0.19174182507748974,0.13620708983241075,0.20044993431967773,0.15274786284160474,0.23213257106446952,0.1177063365725857,0.11550659430005493
2026-04-23,0.1277584303246787,0.17655815806707872,0.13195318857670535,0.1929857554528622,0.15274786284160474,0.23213257106446952,0.1087395176673476,0.11244259709132387
2026-04-24,0.13151940698985126,0.18206514100076926,0.12313625192110556,0.18134122264905067,0.15274786284160474,0.23213257106446952,0.11170678062518236,0.10436693934337138
2026-04-27,0.12127123211531088,0.1680983745932285,0.12290155677736699,0.17979469598674097,0.15274786284160474,0.23213257106446952,0.10318986159025745,0.10444734317605492
2026-04-28,0.11083461222153401,0.1540587322469403,0.12320133267325123,0.1800841851668614,0.15270576482526999,0.23223235654625657,0.09425355490302396,0.10462370941586026
2026-04-29,0.1056844765086214,0.14733556719382185,0.1152433131072848,0.17019838947136204,0.15270576482526999,0.23223235654625657,0.08987784729570902,0.09865891454551828
2026-04-30,0.12853254829876926,0.1790437429339029,0.12092864836758421,0.1801516630492045,0.1509810867820412,0.23008821210269997,0.10906451680910227,0.10301606736462043
2026-05-01,0.11069292487513727,0.15267809403299226,0.1602731060384558,0.2321878087508495,0.1509810867820412,0.23008821210269997,0.09474174548716255,0.13779295802120825
2026-05-04,0.10799791369444744,0.1499697459287655,0.13833001706729064,0.20462705751623989,0.1509810867820412,0.23008821210269997,0.0921994871930641,0.11843497648704454
2026-05-05,0.1442276977789862,0.19977781195125968,0.1449758409303876,0.21611712337890668,0.15046146059109372,0.2302664753915243,0.12301723198706807,0.12405405063906934
2026-05-06,0.13063741399279388,0.18047775809560307,0.14553046334056702,0.21353055898432105,0.15046146059109372,0.2302664753915243,0.1117946074923476,0.12535514142784032
2026-05-07,0.12384001749745721,0.17182020035765833,0.13151617739727256,0.19433996995971053,0.15046146059109372,0.2302664753915243,0.10599933287364142,0.11281297616276406
2026-05-08,0.116301635339295,0.16156775472074564,0.12513771227373527,0.1844516376276864,0.15046146059109372,0.2302664753915243,0.09976120014424844,0.10748538141122449
2026-05-11,0.11505574428153337,0.1602787342880904,0.11757538303372657,0.1741222759974528,0.15046146059109372,0.2302664753915243,0.09865203391898619,0.10070742554880256
2026-05-12,0.14439258693362905,0.20143044867138699,0.12847056552815841,0.19210693080913402,0.15046146059109372,0.2302664753915243,0.12393042532335176,0.11010468217610583
2026-05-13,0.13524800352545246,0.188366309627245,0.1258699180642317,0.1859330530313049,0.15046146059109372,0.2302664753915243,0.11637709338487073,0.10848030455409516
2026-05-14,0.12841452343982918,0.17856931999729997,0.11849467401704684,0.17567212637132376,0.15046146059109372,0.2302664753915243,0.11018743354168777,0.10204809590106313
2026-05-15,0.11808360597267131,0.1641460828334011,0.1193215191550811,0.17607231780711846,0.15046146059109372,0.2302664753915243,0.10137759300782515,0.10286731571514401
2026-05-18,0.14444122654341318,0.20195002621656594,0.1263717084111605,0.189080509470434,0.15046146059109372,0.2302664753915243,0.12395944008364883,0.10810742104853785
2026-05-19,0.13365625198546444,0.1865054292732597,0.12674583689649704,0.18699975524681983,0.15046146059109372,0.2302664753915243,0.11529335194588552,0.10942864867985193
2026-05-20,0.13302694162591056,0.185754927922867,0.11832346105446732,0.17591343994823574,0.15046146059109372,0.2302664753915243,0.11433578990511739,0.10173686494644553
2026-05-21,0.12258731110573462,0.1709872586160571,0.11985426203822629,0.17683544250451966,0.15046146059109372,0.2302664753915243,0.1054815435032839,0.1033449706745372
2026-05-22,0.11158425806274114,0.15584270778698117,0.12125681311872279,0.1787218504556609,0.15046146059109372,0.2302664753915243,0.09611175117845086,0.10453759819505695
2026-05-25,0.10705861776114367,0.14985420622784518,0.11394058818312242,0.1691963630485104,0.15046146059109372,0.2302664753915243,0.09202247510218116,0.09792529772300766
2026-05-26,0.10381078174255243,0.1447514146834847,0.11035731197561696,0.1640571247674198,0.15046146059109372,0.2302664753915243,0.08882907730058127,0.09495005196934436
2026-05-27,0.11233295012139605,0.15744140039283883,0.10921439567881346,0.16332466145053143,0.15046146059109372,0.2302664753915243,0.0965924333471671,0.09378493141127058
2026-05-28,0.10407607130543645,0.14473592055814585,0.11640180210169604,0.17208243218644476,0.15046146059109372,0.2302664753915243,0.08919997276039622,0.10052295537157072
2026-05-29,0.09540967504787781,0.13307723006920347,0.1165204913364946,0.17251633284998016,0.15046146059109372,0.2302664753915243,0.08186447677565017,0.10045221993781496
2026-06-01,0.08900211912474601,0.1242922865508033,0.11452672068289198,0.16989587379134682,0.15046146059109372,0.2302664753915243,0.07628685810817268,0.09858890640525442
2026-06-02,0.11068520129459913,0.15487171614893727,0.11634832548330618,0.17474167326544177,0.15046146059109372,0.2302664753915243,0.09464741825666968,0.09973439433988124
2026-06-03,0.10602021801696321,0.14811959071303002,0.11518618275821248,0.1712938190429525,0.15046146059109372,0.2302664753915243,0.09104810214302822,0.09929756581384626
2026-06-04,0.11132494099136905,0.15558012102111826,0.1109538767301557,0.1660504608514148,0.15046146059109372,0.2302664753915243,0.095312830464385,0.09540347327939729
2026-06-05,0.10247143588110227,0.1426610346628373,0.11690583397091787,0.17311003598261457,0.15046146059109372,0.2302664753915243,0.08771156642821985,0.10098198047430998
2026-06-08,0.43284911227534356,0.6346017035620627,0.33137411933369343,0.5150528987908783,0.15345412190366792,0.23758416843327781,0.36852270675019194,0.28100248549260226
2026-06-09,0.3609015080663849,0.5237673385894048,0.323174413562412,0.48694363864913,0.15345412190366792,0.23758416843327781,0.30750991234253244,0.27722681446226405
2026-06-10,0.32455630577483985,0.4753744695368892,0.26796441546186245,0.4090661061890708,0.15345412190366792,0.23758416843327781,0.27660668411858935,0.2279128037709162
2026-06-11,0.3357955024767545,0.49167597664633944,0.25414464333354425,0.39064288899511923,0.1537744176512872,0.23743920201075377,0.2851438614795297,0.21570858416562602
2026-06-12,0.28562007332357975,0.4154400647944107,0.2646236936607492,0.3989489321068312,0.1537744176512872,0.23743920201075377,0.2437313138819289,0.22724361860381873
2026-06-15,0.24140764634461093,0.35193825666790196,0.24810908481047989,0.3755002116849555,0.1537744176512872,0.23743920201075377,0.20620330625743938,0.2127940033495573
2026-06-16,0.20692916663006963,0.30141170358781794,0.23331197954287516,0.35352013036450586,0.1537744176512872,0.23743920201075377,0.17663869384827632,0.20007799708951587
2026-06-17,0.1927701698243611,0.28204203577734016,0.19718481420841252,0.30181983057712086,0.1537744176512872,0.23743920201075377,0.1643119473621608,0.16821407510639166
2026-06-18,0.2342849871800834,0.3435441586053338,0.20512649658121687,0.3190881705136539,0.1546034848983017,0.23725474463633042,0.1991316086076475,0.17465381580723016
2026-06-19,0.20295802427181173,0.29517651510867965,0.22144488435838783,0.3371010792505768,0.1546034848983017,0.23725474463633042,0.1736056594506095,0.19139165627672575
2026-06-22,0.19237251610101203,0.28219838428626015,0.186907430466463,0.2884045840461798,0.1546034848983017,0.23725474463633042,0.16434004262843976,0.16018402753897926
2026-06-23,0.19167916251600622,0.2811009299284763,0.1686401916602047,0.2601661455504867,0.1546034848983017,0.23725474463633042,0.16371250988348984,0.1441816305911414
2026-06-24,0.2347669950206541,0.34511977467861754,0.1891115140004301,0.2964949581305582,0.15532327021771644,0.23718136454004135,0.20032891424526775,0.16156674669902044
2026-06-25,0.21200377774034698,0.309985363497226,0.18038363532261525,0.2769899641052018,0.15532327021771644,0.23718136454004135,0.18138668687371726,0.15528241312232538
2026-06-26,0.1991255206446456,0.2923536849056579,0.15855836906613724,0.24548754170573328,0.15532327021771644,0.23718136454004135,0.17066616325078832,0.13613779602536688
2026-06-29,0.18144617949629877,0.2655898446812916,0.1476667466535831,0.2269852157249275,0.15532327021771644,0.23718136454004135,0.1554263262285182,0.12697361228989362
2026-06-30,0.16280750342814443,0.2380777474995275,0.14273186191564452,0.21853501226577327,0.15532327021771644,0.23718136454004135,0.13958566971007055,0.12279094589204967
