date,realized,base_0.850_0.95,base_0.850_0.99,base_0.875_0.95,base_0.875_0.99,base_0.900_0.95,base_0.900_0.99,base_0.925_0.95,base_0.925_0.99,alt_0.95,alt_0.99
2010-12-22,-0.06514513322775306,0.088006157275277,0.15313523829263564,0.0877719354584706,0.15234989038177293,0.08768427609054717,0.15226288798728033,0.08845005995221886,0.1479454475310554,0.08793061250328293,0.15303079256365287
2010-12-23,0.06393154084579437,0.08669322476819007,0.14493310330091172,0.08648281038423701,0.14428340197094405,0.08639698767100619,0.1442473123736198,0.08710253111252779,0.14028338464036016,0.0833955435434073,0.13936839252403854
2010-12-27,0.07032774214205628,0.08515421661033154,0.1532678735247807,0.08482841354396861,0.15237112065046687,0.08463897196931049,0.1519726738842727,0.08543055343571065,0.14762122994302349,0.08166758626263844,0.14703821681896675
2010-12-28,-0.00852520082335973,0.10422176949971977,0.1856984811566668,0.10360950687667389,0.1837881482003539,0.10346060018566158,0.1837636194907777,0.10421585460384267,0.17849495246820246,0.10060134619682876,0.17942458068949219
2010-12-29,-0.01379332213233576,0.11232493702640334,0.19246055888282781,0.11176580315425247,0.19063361825379438,0.11163250070584411,0.19068463368407015,0.11235745463172699,0.18549268665108845,0.11687682622035454,0.1999926843188192
2010-12-30,0.01379332213233577,0.10916933232641746,0.18649558694992352,0.10852907088145639,0.18441964894375612,0.10841152456914108,0.1844678332498754,0.10909724908065244,0.179483013022975,0.11215399819091612,0.1912773320454972
2010-12-31,0.013042430413179346,0.10714656462419132,0.18526386449261623,0.10641443472663456,0.18285738922759606,0.10634018708438644,0.1828664901795254,0.10702773264912788,0.17795371970190302,0.1090804793072774,0.18896480663291737
2011-01-03,-0.007918593413310042,0.10928240969188963,0.1888545055946837,0.10856951720908029,0.18650441744682023,0.10849441966299617,0.18666670043484213,0.10920492684107788,0.18149098795817223,0.11049676832136031,0.19100818715531903
2011-01-04,-0.013146802670868802,0.10890839822486446,0.18624460940647591,0.10824145349762195,0.18403094116168806,0.10816029728893474,0.18407541669336527,0.1088376770718345,0.17910024900102975,0.11081218823385196,0.1897232311939507
2011-01-05,-0.020930996692017922,0.10572909901300222,0.180345674689039,0.1051096133773886,0.17827859863698348,0.10502597626887841,0.17826752959283515,0.10567144081494838,0.1734871357822671,0.10648099524610202,0.18187312213499138
2011-01-06,0.022081083075255175,0.10151020834061102,0.17236597943561982,0.10089097131822544,0.170320827381679,0.10079914388364507,0.17033977365603697,0.1013813485758911,0.16565130452707638,0.10126906905606098,0.17240187257528283
2011-01-07,-0.015055293050849494,0.0999551475031384,0.17328843707515468,0.09927795419769046,0.17106418932699213,0.09919197048561426,0.17115842743532686,0.09978178418286479,0.1662788470067922,0.09897848998759422,0.17211783303759243
2011-01-10,0.02306907377440308,0.10048679217161056,0.17093545026662024,0.09974920630642274,0.1685924726910669,0.09967162423190307,0.16879534078461902,0.10001932344389472,0.16492881620230193,0.10043236426645283,0.17096290411688325
2011-01-11,-0.03776225612432814,0.09914850829927349,0.17153044161051725,0.09840757088423732,0.1692389545997529,0.09831935932877105,0.16926842895032293,0.09875813660433781,0.16553923892946096,0.09749243396575265,0.16863997173483486
2011-01-12,-0.039244396086176976,0.10021540235760533,0.16934014477941492,0.09973811755856671,0.16776438525844445,0.09958304419475965,0.1674486230564221,0.09999194155300828,0.16389471553586774,0.09840764587895269,0.16647849927988834
2011-01-13,0.00919405802220662,0.09361192875819384,0.1578457853199888,0.09301210793593916,0.15594518823748899,0.0928903579688903,0.15569592904505858,0.09325000380483388,0.15257955962186293,0.09105696395673174,0.15356027561490268
2011-01-14,-0.05841534959646239,0.08817140317112933,0.15254399846691855,0.08755576604331919,0.15063127549234256,0.08741848965303403,0.15028690753692076,0.08775043766103194,0.1472980691117987,0.08776650075403075,0.15188448845518973
2011-01-18,0.026174491379041712,0.08789131755492922,0.14587844193060664,0.08736155057558427,0.1442566642946118,0.08725820302485213,0.14409855121537984,0.08755582943848923,0.14140107851989617,0.08462071050998882,0.14051366829656645
2011-01-19,0.08685383464980016,0.08189270634752434,0.14218535926814724,0.08140614032258671,0.14075567821460125,0.08127492289000425,0.14033207280236204,0.08158899782098089,0.1376867879918877,0.08083470157536342,0.14089436026281796
2011-01-20,0.03853167877432389,0.09984717945038003,0.17604784709438778,0.09908057802724385,0.17377346287568304,0.09904700127504888,0.17430092779115264,0.09958466098950623,0.16970451240031395,0.09197697304477577,0.1638150908533743
2011-01-21,0.02633174624870698,0.11620783043818714,0.19853201361823658,0.11545337185511151,0.1963883847639638,0.11538239512876163,0.19675655058388422,0.11595507244371729,0.19192988023638158,0.11524209761604645,0.19808577076168224
2011-01-24,-0.04541201083184286,0.12275732791624126,0.20829554431415132,0.12194757835495716,0.20603693789106994,0.12185848462900292,0.20647061826404026,0.12245722003201526,0.20137787175713368,0.12401122549143066,0.21162964840520335
2011-01-25,-0.0034052246298388765,0.12259466798100682,0.20174133618507212,0.12189170400543572,0.19987158473319233,0.1217816611159963,0.20021644899413857,0.12231389286368659,0.19560961428464219,0.12357613597307732,0.20451699598703577
2011-01-26,-0.055521123356404176,0.11377380070118641,0.1893103469579814,0.11314993980854249,0.1877928851564992,0.11300271201602564,0.18799159861492065,0.11348447443749034,0.18370586301147562,0.11677464018694497,0.1954507998693224
2011-01-27,-0.029889385724397137,0.11055701231661759,0.17917867062426024,0.1099999284707261,0.1778819867174668,0.10988171252005172,0.17812371480392847,0.11028474152083138,0.17440045092006165,0.10984096304002146,0.1790692622096931
2011-01-28,0.21581022654799864,0.1009069263225903,0.16533497509120468,0.10039662911723679,0.1641463815296701,0.10027605985139709,0.16443714754225994,0.10065267762556002,0.16084588471268504,0.1012907398907081,0.16697574203323107
2011-01-31,-0.025778531328076434,0.13821561265363955,0.2459404719873393,0.13717806140449348,0.2438354494110899,0.13718649211546613,0.24506967176232744,0.13757675750288584,0.2390744628543864,0.1147838674387695,0.20906498099590437
2011-02-01,-0.10234974847880883,0.16145247264699925,0.26293269956608095,0.16059990939670438,0.26142991912185354,0.16065509297967984,0.2625612409692734,0.1608675328817078,0.2576094248321777,0.1708493532061359,0.28035943806864116
2011-02-02,-0.01889549490604549,0.1524765102272255,0.2408067276648304,0.15176921187357026,0.2396679060447315,0.15188940557990777,0.2406925413628905,0.15193001433003162,0.23701009211105217,0.1529824824729725,0.24357434910275066
2011-02-03,-0.03589676382998957,0.13449669503447265,0.2163057255896543,0.13390460500658471,0.21545160804023758,0.13408943677278334,0.21655449806513097,0.134060879213981,0.21309071539380028,0.14078190570886567,0.22826603477340768
2011-02-04,-0.04660561375178662,0.12827277656876834,0.2036299617054258,0.12780631179286206,0.20302387247728892,0.12803736410916605,0.20406964266329616,0.12791939495125168,0.20121162967701006,0.1333679748304353,0.21316678725541105
2011-02-07,0.02173323665243709,0.12018593952486421,0.1891809242041791,0.11982027754107814,0.18873366392275998,0.12004068237146048,0.18967920313208222,0.11989274492630889,0.1872156685112939,0.12350297997257086,0.19546904558341327
2011-02-08,-0.02929470935301365,0.11429510332101428,0.1835765897223407,0.11398397904905382,0.18320838728085323,0.11422774528227775,0.18419057542891834,0.114048040825224,0.1819762298064486,0.12010078819808247,0.1936348175141909
2011-02-09,0.003787883316936935,0.1144220756191001,0.1796343791661293,0.11416834755980186,0.17933404045925042,0.11435168760686235,0.18014822499428756,0.11419176933171431,0.1784168474493892,0.11946257627104324,0.1883071115854861
2011-02-10,0.013767426465974121,0.1090126104227505,0.1729426278729937,0.10845111476652645,0.17226986822442084,0.10858841257362759,0.1729737245853726,0.10844213393217561,0.17143606036737785,0.11505822232952138,0.18325288190504138
2011-02-11,-0.025174394259350585,0.10945553594356422,0.1741231116318316,0.10892492023501163,0.17348925751460748,0.10901572504773345,0.1740729136332729,0.10887648849604833,0.17269221614275868,0.11265997781554767,0.180124004975224
2011-02-14,0.016435262485912427,0.10184723387929483,0.16245163930598744,0.10264597025878422,0.16335869779454323,0.10248119228250056,0.1628025492359635,0.10230607332945979,0.1651053555815181,0.11028585020275031,0.17469394293642376
2011-02-15,0.025991562152190048,0.10052992066570975,0.1637140242148844,0.1020936584737325,0.16562317936231385,0.10152263031619338,0.16477715224431802,0.1013273199002891,0.165735642429801,0.10740257714489947,0.1728107067256027
2011-02-16,0.021155216273511957,0.10962515115456033,0.1769051212178187,0.10958491032198518,0.17687268834335992,0.10952800857379927,0.17665186590333104,0.10946546717260434,0.17502233453054386,0.1099943627661771,0.17719394568334412
2011-02-17,-0.007805503454202329,0.111845094359878,0.18289585694552724,0.11282848722402213,0.18399113474651227,0.11270029380007125,0.18333079890518753,0.11250637179096545,0.1847695700595314,0.11473040184136118,0.186875204653418
2011-02-18,-0.009691172153176372,0.11800687513699745,0.19187050096704386,0.11910506520189106,0.19334634167122697,0.11870867114987625,0.1921423577710656,0.11860435410766382,0.19177949502446687,0.11649898511943718,0.1884194666383506
2011-02-22,0.23584405465809571,0.11500811448021812,0.18561528051004886,0.11590778958033227,0.18651193425021667,0.11615413198023805,0.18671594574501718,0.11585680389998776,0.18837738344173677,0.11370930311308967,0.1830330124731652
2011-02-23,0.061981167355685894,0.12430316263001032,0.21876988876818892,0.1272427055640352,0.22155258198670716,0.12688946891462982,0.221514793589195,0.12634137702903872,0.22349350921440134,0.12731445490429474,0.2219314418996644
2011-02-24,-0.03728855476531438,0.1824289100275401,0.2973595142869114,0.18316437885588624,0.29823360179537883,0.18311168204152992,0.2982436694460524,0.1828544167590312,0.2953954108545524,0.18772508790826234,0.3051509449662373
2011-02-25,-0.10369419575549749,0.18556415533233145,0.2947117275077498,0.18548544308360473,0.29463926364419923,0.18577480426853235,0.2952268243469335,0.1855731529252646,0.29290258414853326,0.19480302664298674,0.30917146900029735
2011-02-28,-0.04632182904156697,0.1728961873740328,0.26968304590003134,0.17268291087728038,0.2693945844939522,0.17299903970402344,0.2699971789830096,0.1728687003886133,0.2681126353483028,0.17575354422683415,0.2740497643650921
2011-03-01,0.1353689403563297,0.149990618819207,0.23611812687160025,0.14939632914836032,0.23532736204157065,0.14993394138600905,0.2364672459154754,0.14959553584656976,0.23435268070154533,0.1507684536063762,0.23777289114290506
2011-03-02,-0.014864814585585794,0.15586816722692182,0.2570339114247503,0.155431733433402,0.256507598814858,0.15564422457227794,0.25682322816848524,0.15521602581559332,0.25438201261286136,0.15598387730205585,0.2574349049351488
2011-03-03,-0.1069721195521677,0.16508745259804475,0.26122800577466737,0.1659831318017856,0.2627860448251563,0.1645465465578355,0.2593340982408006,0.16483209945441618,0.2603539383692275,0.16074353675257794,0.25201849849097013
2011-03-04,0.024430317506900428,0.15543053157741585,0.23981070924002584,0.15552990342970663,0.2403672828158727,0.15464095992903237,0.23818357683188596,0.15459297217687354,0.23820836690756061,0.1540149674672793,0.2354790311636354
2011-03-07,0.0806075654654366,0.13520755550915536,0.2158055631546081,0.13655802176074167,0.21735127599422013,0.1361330970867803,0.21644526285784374,0.13592590833512394,0.21861496090625238,0.1349695057259783,0.2143266567995625
2011-03-08,-0.041507934789650515,0.13932112109096764,0.22738852006479207,0.140001017709607,0.22811570056248992,0.1403884240086769,0.2285418173389759,0.1400514647677578,0.23043243858428059,0.14141966698593858,0.22992969849222722
2011-03-09,0.019980684690483246,0.14628617601078284,0.23195850972916396,0.1472522464086384,0.2329760605440037,0.14751101373778866,0.23304098670380335,0.14693464316196442,0.23605066065811467,0.14734097813269298,0.2326523456458894
2011-03-10,0.07890076396145508,0.14469084676521507,0.23240601152122461,0.14576751572029742,0.23355524903333716,0.145807612280615,0.23316556893523618,0.14557814190574228,0.23545771930906859,0.14550497068088877,0.23252429360885699
2011-03-11,-0.0858486827302521,0.15150416523874674,0.24684255099717464,0.15257693160608907,0.24801872403302522,0.1527685107693702,0.24793455756723481,0.1524828851844968,0.25007527041798305,0.1534597651209397,0.24883498920510053
2011-03-14,0.05096953680443694,0.15559143092093927,0.24187199283046362,0.15641734752537423,0.24274302684718177,0.15676990617517386,0.24300570524429638,0.15656813019215726,0.24440144981999762,0.15713518435483098,0.24348873505484228
2011-03-15,0.14060522547000098,0.14843286442107012,0.23927981744846732,0.1494435585718822,0.24043673295121354,0.14949809937942155,0.24019698946105567,0.149489700826523,0.2415389359336073,0.14965197425882207,0.2402427598877712
2011-03-16,0.1896956172466696,0.1768920667914372,0.290770857331802,0.1776936813808846,0.2918795210783437,0.17744447371396663,0.29101268681403303,0.17696382899467245,0.28921740672311125,0.17256556899245795,0.2834393114662424
2011-03-17,-0.1087676739794405,0.2160140218644758,0.3542820889357031,0.21639632084852367,0.35492264980007937,0.21630158609991149,0.3542953633095902,0.21569694900131825,0.35069809502792715,0.2117051865812458,0.34745146492467016
2011-03-18,-0.07600586606180078,0.22812536649209345,0.3536514649348403,0.2290602774328635,0.3549981652402375,0.2284900130878757,0.3535139046092394,0.227881119751306,0.352196612455907,0.23253908167113052,0.36008737837659316
2011-03-21,-0.17044473940102695,0.20253751141920565,0.31570363413136676,0.20366822737032464,0.31753123444846004,0.2027190879638797,0.31556935340174,0.2021031417117155,0.314559068479833,0.2058925304525739,0.32056064740726853
2011-03-22,-0.019598863486837967,0.17362634009045014,0.2637664447589679,0.17446948308020485,0.2650183575410556,0.17341457077160238,0.26263301220007196,0.17342930739037246,0.26132575280402914,0.17329037905991612,0.26237323577024535
2011-03-23,-0.05283097435797646,0.14404562019883504,0.22736470576152815,0.14433467123434598,0.22785551666565484,0.14353544513824057,0.22596354049565506,0.14377434766185057,0.2259886957549886,0.13193165359945666,0.2062489033794944
2011-03-24,-0.06297479916138854,0.13526734499126614,0.21112861960630924,0.13591048797812516,0.21209002720063286,0.13501366454469077,0.21020362809655613,0.13514587919703913,0.21092483638577036,0.1251616380522532,0.1935693914144892
2011-03-25,-0.005012541823544286,0.11118574040605975,0.17206022950620056,0.11177102695786743,0.1726158849718202,0.11187959699307522,0.17269921962659868,0.11180655355241192,0.17377395857222097,0.11248579082358827,0.173414102536217
2011-03-28,0.08197358295967264,0.10257881936145224,0.1627131607329012,0.10293499705095792,0.1630419885877366,0.10313376766625071,0.1631054043047127,0.10312536195522838,0.16411995676423222,0.1027557264106313,0.16245327388578065
2011-03-29,-0.06811142585914581,0.1224553579588921,0.20053380972882523,0.12291085467699878,0.20119679690984854,0.12219964460621859,0.19953110493032483,0.1222895499599905,0.19816560797820706,0.12905948584552845,0.21134191185176168
2011-03-30,-0.025091921378405005,0.11362001760207113,0.17580541190330365,0.11403024343782459,0.17615641484405356,0.1141065341013094,0.17598808526892942,0.1140995122938781,0.17661902438019678,0.1364988079039304,0.21324907455705056
2011-03-31,0.0016925250866910917,0.10259012878725954,0.16187879059693508,0.10296376491296247,0.16216342820122573,0.10301578519201479,0.16187521337609834,0.10284847070337336,0.16409591981732288,0.1261653358997069,0.1999014547287791
2011-04-01,-0.019351770660950125,0.10129623790857954,0.1618803628535631,0.10184941039604707,0.1623593292614581,0.1019861977872615,0.16243164732688753,0.10167818522717244,0.16430376777558345,0.12279313069837007,0.19640568058479072
2011-04-04,0.0057306747089850745,0.10128988244505184,0.16026743463840976,0.10171759582575934,0.1606384132397412,0.10183608570328362,0.16062710018877152,0.10154034253853776,0.16273375872750276,0.10183851113919797,0.16052223258654424
2011-04-05,-0.014388737452099556,0.10103977714873835,0.1611283607088775,0.10133412527157405,0.16138719802969553,0.10145295895436357,0.16134722451162734,0.10127721732660927,0.16310788448925323,0.10132041380637087,0.1610277925905918
2011-04-06,-0.020498521548341045,0.10236390924445553,0.16175541606958646,0.10269590594404467,0.16207936633310488,0.10272608384342533,0.1618839416317599,0.1026793626261446,0.1632860244366025,0.10266101563942284,0.16168717624536877
2011-04-07,0.012349465975074362,0.09997303654503142,0.1581632256360783,0.10049552956544355,0.1586856136615641,0.10062102346176906,0.15891272990476077,0.1004425717866499,0.15985941711096235,0.100680918217252,0.15888167109185866
2011-04-08,0.04346024126723467,0.09974356099542453,0.1593913748232825,0.10026301207032531,0.15991979616192162,0.10039125948266267,0.15996456889230282,0.10031152285488071,0.16106881926887906,0.10037883918722189,0.15974384519912432
2011-04-11,-0.07432322496898364,0.10540455250691724,0.17023241025172922,0.10598921478485684,0.17083644335890263,0.10612445891939826,0.17090001518860418,0.10607841445472585,0.1717157984846034,0.10701785073028107,0.17205738407540516
2011-04-12,0.02969339292514635,0.10514080411630367,0.1621482878045548,0.10563614929680008,0.16263944590065033,0.10578564688943805,0.1627278571353528,0.10570766633205411,0.16365250690388247,0.10677010672266336,0.16413040260748055
2011-04-13,-0.009997142949422215,0.09794319109646221,0.15787447762108286,0.09861639272476312,0.15860073227293803,0.09859895379702925,0.15842541076003921,0.09851416860460059,0.15983932392668695,0.0988850450703701,0.15868854657374384
2011-04-14,-0.039173432947130875,0.10312728024373165,0.16384751833619096,0.10387906624136475,0.16459362723016807,0.10392241253626629,0.16451791093018425,0.1039111793210626,0.16575505429737064,0.10376960709228486,0.16413797086547605
2011-04-15,-0.0601637569185012,0.10592151923447785,0.1667366435713977,0.10569852093941672,0.1665138081675306,0.10545562215467745,0.16581712530293227,0.10521699320587335,0.16449765004855346,0.1038281925879516,0.1632901577719786
2011-04-18,0.10169846605131175,0.09637239169735082,0.15062146544261204,0.09664589054459861,0.1510399710510775,0.09616383465579938,0.14995291963117008,0.09605539719296315,0.1496380143347458,0.09377101319403644,0.14631170168760615
2011-04-19,-0.06895075647083632,0.08918853742830532,0.1488627900226481,0.08969714187481787,0.14936159730596107,0.0898768425035739,0.14955865840301627,0.08958598718104978,0.15083208265494655,0.09864846315839641,0.1646018983912291
2011-04-20,-0.049200861254516615,0.09848510926524527,0.15192824309266967,0.09894107462958708,0.152374130635037,0.09904930733185136,0.15238789502715833,0.09891196048479355,0.15345447345668714,0.10000042934676293,0.15364790791771984
2011-04-21,-0.025539022452618153,0.0849472433099341,0.1321618308202659,0.08535471939855498,0.13254579795633714,0.08542474273466331,0.13245229927738658,0.08541966178036389,0.13307330081599245,0.08650084294791086,0.13402329495612222
2011-04-25,0.07094241078916114,0.0769664112653474,0.12120737895664481,0.0773121922029211,0.12152704372418156,0.07739976753560311,0.12148119679574373,0.07735779131166585,0.12210177292760285,0.07786218540923202,0.12205161281761608
2011-04-26,-0.009557256563407175,0.07980850707148608,0.13185426360695243,0.08013703508057651,0.13217144534607664,0.08013820520047413,0.1319073499605646,0.08014476839313002,0.13203876026954217,0.08252436787094611,0.1354322366183856
2011-04-27,-0.017436670378333744,0.09087934685283477,0.14377976267635925,0.09122492517209739,0.14416452674980573,0.0912592813968907,0.14406397285380154,0.0911547355314423,0.14446004549452052,0.09090996610829027,0.14335487802950783
2011-04-28,-0.04872501971157376,0.09003511416095249,0.1419981583875603,0.09059142506730573,0.14257122214022996,0.09047474176155408,0.142112013962314,0.09045509406654925,0.14270819092993883,0.09044399592687004,0.14185038429861796
2011-04-29,0.008852628464196545,0.08364128149788023,0.1299396106306353,0.08395124573694628,0.13027524423917675,0.08398522084605116,0.13020169986387256,0.08382322803908782,0.13095473361858984,0.08470360183418149,0.13121796593368565
2011-05-02,0.08072044406003404,0.08012323947360246,0.1282294828207196,0.08059550186547301,0.12874238241636246,0.08047557171396225,0.12829694701296795,0.08036214765326316,0.12894748182265675,0.08006901155448466,0.1273075226095732
2011-05-03,0.04344519257684656,0.08783503819781119,0.1449373531269855,0.08867718836293267,0.1457745221313529,0.0883939383014007,0.1449008768215384,0.08837535107083473,0.1452883635453945,0.09123100081838607,0.14899112022310107
2011-05-04,0.022499468937714318,0.1017217119565208,0.16379840745428031,0.10239934914211551,0.16451296910315005,0.10209395644253354,0.16360574720121746,0.10214384469506521,0.16381350293373267,0.10320312420701776,0.16507241640370718
2011-05-05,0.06351340572232593,0.11013197751152096,0.17563132788480637,0.11081514762074039,0.17635549109507592,0.1104834564733073,0.17537051345499605,0.11050937086741175,0.17626695686648994,0.11069410163534801,0.17549925673746247
2011-05-06,0.01092907053219023,0.11588043898673259,0.18792250141510278,0.11713969491953659,0.18908514176421737,0.11729174630054624,0.1893374762777421,0.11695876797368909,0.19000907149835441,0.11864541958192039,0.19132335839675488
2011-05-09,-0.06976957055512366,0.12660005140775935,0.20122076537065006,0.1279120318391514,0.20247077557070386,0.1280112270058102,0.20260897558319346,0.12772107130911578,0.2029873369849712,0.1278334777846366,0.20218683035484974
2011-05-10,-0.07563325171012072,0.12175037715053337,0.18872495403819012,0.1229089737917917,0.18978883716055595,0.12306434059429235,0.19004930793117233,0.12275687000915358,0.19061450305137978,0.12368563220924977,0.19096483995959035
2011-05-11,0.06331999147676382,0.10613364577329897,0.1638922163653134,0.1071656933629275,0.16487413967190864,0.10722271456430617,0.1649809767966385,0.1069757057278,0.16526276628623315,0.10815473853430736,0.16638177653576164
2011-05-12,-0.05580586720499762,0.10148605589335084,0.16525415407415545,0.10267401963882554,0.16631755157630274,0.1025900659711149,0.16582077064413003,0.10255888766382647,0.1663707539142478,0.10353528408392475,0.16716758109198349
2011-05-13,0.06286057018488757,0.10538245475360024,0.16396958617768959,0.10645658771912808,0.16500825727241494,0.10650069166731276,0.16506916525029725,0.10631419280580136,0.16521069237160435,0.10676344246776931,0.1654024289230103
2011-05-16,0.06629444783983593,0.10243605731472627,0.1671219115990874,0.10393821324607881,0.1685706697391005,0.10384812444406989,0.1683507773764504,0.10371044574450482,0.1685199810607083,0.10471470207326634,0.16963268206452875
2011-05-17,-0.03856303473431036,0.11529687961365502,0.1877252752417377,0.11613587264072311,0.18849598274991208,0.11623723094176959,0.1884431737158421,0.11611190912140179,0.19034413037377007,0.11720301135946898,0.18962782718291266
2011-05-18,-0.07819256838537504,0.121802315787072,0.1914054323418446,0.1226817817367012,0.19219346014959413,0.12289277117860785,0.1924202993850875,0.12270096208515438,0.1940225920793934,0.12244672519720262,0.19142872538903863
2011-05-19,-0.04473186677142723,0.11122969686443747,0.1724436253147566,0.11186560359745512,0.17308932068510996,0.11200392083204616,0.17311924011589816,0.1119341119016703,0.17425269310099498,0.11232562644494774,0.17345055490388891
2011-05-20,0.11606334477685687,0.09774596839032867,0.1532175125867758,0.09834615789576494,0.15382051818437248,0.09847395423551403,0.15393159030696296,0.09838796036822664,0.15478436260029416,0.09834973822079382,0.15355688631349018
2011-05-23,0.04706751085798573,0.10084657202818903,0.1676190581575229,0.1012794096149252,0.1682080082476659,0.10118232848640347,0.1677489570356595,0.10108147799204265,0.16907506883006626,0.10242169534196184,0.16925595186231568
2011-05-24,-0.024938948347252066,0.117795934124467,0.1898439068810744,0.11901331619965577,0.1911030098132086,0.11853527520670884,0.18986451303595334,0.11862551811137173,0.191484376075382,0.11873078039751933,0.18997170475398648
2011-05-25,-0.04299888523631398,0.13948788481321092,0.22087531456157997,0.1404741397880036,0.22235482954435842,0.14011677499841924,0.22160095074882832,0.13942617226401138,0.21974440953340046,0.14940941979398034,0.2360830552798311
2011-05-26,-0.05912457580205743,0.11599629687270424,0.1814107335535051,0.11758005213396519,0.18306682706793898,0.11732089644189082,0.1825211875499206,0.11711837985746174,0.18302420621420953,0.11699135654624858,0.1819190320809537
2011-05-27,-0.006860020666163171,0.10618740958461512,0.16508767850912828,0.10741757282564414,0.16642068661692974,0.10705220419586592,0.16552842142207125,0.10706498959719508,0.1666761637954167,0.10695060451097532,0.16527026839842038
2011-05-31,-0.03372893699437418,0.10062090713466937,0.16001240112257858,0.10246977189095796,0.16206687048556642,0.10210581516800012,0.16113352695349512,0.1018503411511809,0.16126396733766427,0.1203684892496454,0.19155021318964086
2011-06-01,0.16929205650362092,0.09602843928413049,0.15082618598900896,0.09748183599222335,0.15232421633762888,0.09743163438440094,0.15232860669316817,0.09718120851067745,0.1523647473209894,0.09695108304366591,0.15145187561345
2011-06-02,-0.011541760440171571,0.10576106619170371,0.17901663549358254,0.10697000095418904,0.18038439352020327,0.10654585964615583,0.17917231559940688,0.10663283526175539,0.18128202199320684,0.1085258958236096,0.1818764432341248
2011-06-03,-0.007769184472915963,0.12759532218165806,0.20186246407813072,0.12847899279510197,0.20284647924319732,0.12843174406550437,0.20232327042155543,0.12842099400296783,0.20397197984348586,0.12754560273027546,0.20074891853216234
2011-06-06,0.02963993046474546,0.12807096417199734,0.20313052513609153,0.1287456081742595,0.20394940086953914,0.12877918839716138,0.203337617957731,0.12880902928406404,0.20478532302022945,0.12778251026993065,0.2016606812652716
2011-06-07,-0.02297694079489626,0.1311774891475388,0.21111483066380402,0.13213749096442645,0.21224504952914677,0.13195997436907342,0.21105919180191574,0.1322124539913524,0.21244138152041084,0.1311657712932858,0.20964322647629513
2011-06-08,0.039071708821236666,0.13062477984632667,0.20638969552755917,0.13224989927173292,0.20805266472255687,0.1321097222337072,0.20755234003563833,0.13210475464696925,0.209206084178828,0.13112217709918034,0.2057075848724299
2011-06-09,-0.055813171258814,0.1315980209574352,0.21175753101744207,0.13278929979315499,0.21301567267590518,0.13290379724458862,0.2127743420624045,0.13294028237960606,0.21432664366083043,0.13256469089308817,0.21208907803090404
2011-06-10,0.05953163503875147,0.1308110551664069,0.20487642245448423,0.13292107849189846,0.20685722575617965,0.13297777261152824,0.20687815590766562,0.1327459267832924,0.20739525006035087,0.13266360058615148,0.20615852929327613
2011-06-13,0.038996363002943464,0.1281919881992492,0.20776637639373696,0.13044082085990613,0.20994742993585747,0.13038675752440018,0.20967789560859734,0.13017228503357317,0.21033025119488424,0.13068986714528766,0.21013572201475497
2011-06-14,-0.07132676504143241,0.15228736918792912,0.24571809159105273,0.1530336659332907,0.24679768346660097,0.15327219137204853,0.24738369538029978,0.15267093317058678,0.24386840864402873,0.1539629446737569,0.2488137058767675
2011-06-15,0.15493272413082124,0.13756414032413727,0.21485134318055843,0.14000316741273733,0.2172078670256016,0.14007933603617753,0.2172561833966598,0.13972384361238108,0.21764033094813504,0.15127507208767546,0.23759958864228806
2011-06-16,0.06404003856680797,0.1372627965006636,0.22752686503974442,0.1396505633552163,0.23003995347400433,0.13965919226847398,0.22991898874568975,0.13944178954540135,0.22987293799628641,0.14148614527191972,0.23269733824768474
2011-06-17,-0.03948471632285262,0.16021676482795846,0.25867842795272616,0.1635452299708838,0.2618868938343046,0.16347047797666156,0.2614982967858014,0.1631681748549691,0.2619575840866725,0.1825849862595358,0.29426492864236004
2011-06-20,-0.08896877302929056,0.1653525737122187,0.2598713239510795,0.16802946142191758,0.26250122276791155,0.16816685055610514,0.2625846965457374,0.16777921914883362,0.26335102920424436,0.16720600741979305,0.26076866883829775
2011-06-21,-0.05818887130699724,0.15277896633154806,0.23691166977904018,0.15474376891388594,0.23906033914026723,0.15448359044979248,0.2380496993973735,0.15431628742570674,0.24024220627026605,0.15424814711765333,0.2374522765695398
2011-06-22,-0.018192047987278113,0.13605768294653184,0.212484303109234,0.1379597298527708,0.21455548461627572,0.1377260099353804,0.21371234356911428,0.13755697804430358,0.21533528489595835,0.13722525026588264,0.21269768101862252
2011-06-23,0.040735597699604435,0.12947200396986638,0.20453971584275826,0.13048207900491243,0.20563571703732894,0.13060864342927858,0.20520832276685558,0.13056200963760278,0.20660316601188522,0.12924658892348334,0.20283452619357056
2011-06-24,0.0896862135643833,0.13055416830679442,0.20976722101157091,0.13161325725612424,0.2109254379505439,0.13176022755766406,0.21051875313898546,0.1316918161965807,0.2119860215514289,0.13079992272292,0.20863560226597838
2011-06-27,-0.02592559989505661,0.1387699471194222,0.22700730245807008,0.14184652605476578,0.22995868733015412,0.14156977580661706,0.2293423705125071,0.14126428657015244,0.2301645095839744,0.15436379573988815,0.25265247973321364
2011-06-28,-0.0700008835294111,0.1488476159711243,0.23537409111019744,0.15161109270346895,0.2379844675295587,0.15121744838821433,0.23696371666888932,0.1513153271304092,0.23840598330090035,0.1503199413860416,0.2355281347914235
2011-06-29,-0.10437566489896605,0.14031741128098785,0.21902346758345,0.14202954683037666,0.22076300603500823,0.1418330146651944,0.21997532397762096,0.14186944048555303,0.22207521853349146,0.14129279451000637,0.21877505069791398
2011-06-30,-0.04439912406575526,0.12436301038423668,0.19208249446812484,0.12548225327023987,0.1933305080153916,0.1255542295694279,0.1931078782520028,0.12542455568433758,0.19394954976483633,0.12497416761225265,0.19183155476512964
2011-07-01,-0.04014123355451432,0.10766175060971707,0.16926535804132645,0.10861533392399553,0.1703338986166068,0.10869451764734472,0.17015994778392343,0.10855555970686576,0.1710314024964914,0.1074884757770265,0.16791925002134492
2011-07-05,0.011901173980297877,0.09986053254117838,0.1573347884398197,0.1006957016395722,0.1582544005653087,0.10088552438546863,0.15830654135775296,0.10071812205409383,0.15890043409929108,0.09958803033338143,0.15592690238090992
2011-07-06,0.01728438091324128,0.09728736343141547,0.1561987880646541,0.09814460125934771,0.15715380865942005,0.09829221601108959,0.1570976824353317,0.09816526574987332,0.1578344964155702,0.09661659965858375,0.1540670059881581
2011-07-07,-0.02415726020100332,0.10304642759550496,0.1659242215464208,0.10359951032066293,0.1665643097099288,0.1040500652060795,0.1670984969582023,0.10394385577189733,0.1663086315978751,0.10288665361458246,0.16492274784696004
2011-07-08,0.0,0.10130584960375061,0.16026376241058052,0.10245853899948477,0.1614993576914031,0.10232964700668179,0.16091317104196023,0.10240438209576531,0.16187923164951917,0.10061601788449501,0.15793655386047123
2011-07-11,0.14234820938537618,0.10095525577926356,0.1611542065617299,0.10201561370657135,0.16226907820502812,0.10200035882070967,0.1618615537475664,0.10201597848237624,0.162945219534531,0.09962759619262407,0.15770683762112733
2011-07-12,0.0774040179474958,0.11022484255823879,0.18320181184190662,0.11194234962196266,0.18499944636943053,0.11179337801198738,0.18435403695760763,0.11167650675643852,0.18599269963257406,0.11384844888932888,0.18720099385774994
2011-07-13,0.0020110615123794372,0.13681944914700267,0.22116609828796172,0.1375478862602274,0.22208397157976037,0.13703983685642765,0.22033115089187594,0.137521437366682,0.22253833857802477,0.1357721242069505,0.21756574396699116
2011-07-14,0.0437308686311675,0.14203297321290773,0.2253633898353775,0.1444778538483629,0.22808805018223188,0.144074600469662,0.22698620077330708,0.14405003999895244,0.22737649470670718,0.1599020422094952,0.25602215674111994
2011-07-15,-0.06300124181868473,0.15869647957877364,0.25583896230998693,0.15892750658902957,0.2562223022668575,0.15971962905512777,0.25897107324981283,0.15976627634868346,0.2543210829417388,0.16151609341030995,0.26123296208478974
2011-07-18,0.07018690147955912,0.14449147032983437,0.22698822146258965,0.14705923481079775,0.22952445993769588,0.14703426761201524,0.22910549421345525,0.14676990709907298,0.23053809688644375,0.15897255405816146,0.2515713130192625
2011-07-19,-0.08670766958768142,0.15523590312988672,0.25195878774951747,0.15603987751503776,0.253090177609328,0.15665139504950218,0.2554514727984039,0.15659694591364498,0.2507563530048773,0.15647944964985386,0.2544233524759103
2011-07-20,-0.006266339042809091,0.15458383854205737,0.24215263175166812,0.15541611052527324,0.24334085519505055,0.15595441258599568,0.24589348344657144,0.15583905202062287,0.2408799780673327,0.1556782246147037,0.24440860484912943
2011-07-21,-0.08354104953068567,0.13262037831223383,0.2108520746964118,0.13524516408827797,0.2134528619667493,0.13510444654450116,0.21281325102870524,0.13504918032326033,0.2135760597713927,0.14588426107597238,0.23383748330802376
2011-07-22,-0.0022805026987252177,0.13473339229419654,0.21110855165673623,0.13485779885676852,0.21139303706659732,0.13548483153583357,0.21325174559609789,0.1355904153531326,0.20939556960983843,0.13431198977214706,0.21110500966626738
2011-07-25,0.09934933396754556,0.12379368183558065,0.1983243835994636,0.12401732260390562,0.1986547428055752,0.12475323308688782,0.20077284587104938,0.12472035110090658,0.19741892337312128,0.12691550563169007,0.20370816854485935
2011-07-26,0.04447423170386325,0.12298816783766303,0.2011327933480786,0.1255252801758056,0.20358638683373736,0.1253186926237328,0.2027672541818163,0.12535973327640534,0.203712985285348,0.1325407817631647,0.21845087140595143
2011-07-27,0.12745762124095558,0.13754461303789225,0.22084932681584157,0.14004241742183426,0.22332724412666877,0.13985590671239673,0.22244504351868521,0.1399309679879851,0.22376233977271856,0.15082040745997868,0.24436883162207565
2011-07-28,0.03253711676091223,0.17020735731527592,0.2774909177850147,0.16946510184019897,0.27679168847406954,0.17009691874560187,0.2787172925386467,0.16976285633177712,0.27252148797618647,0.16497739572818507,0.2705454161102257
2011-07-29,0.06166476653984693,0.18247554495509483,0.291756545305619,0.18097970195515192,0.2898792889817624,0.1819508944444531,0.2926948364132776,0.1815907738401345,0.2855158966398077,0.1856320361912777,0.29823306689718165
2011-08-01,-0.06504029717112805,0.18880124058024828,0.3033776171436307,0.18782474325991413,0.30229868223154976,0.18848336416781128,0.3043859923439058,0.18810387093204994,0.29797693040437645,0.19005446464149206,0.3067319941532873
2011-08-02,0.04665448749685827,0.18518444131827166,0.2911418739525752,0.18420586921018325,0.29004276721587996,0.1848386490986842,0.2921284119738227,0.1845248631272764,0.28638028274945737,0.1869932281969552,0.29527571979019085
2011-08-03,-0.058559390003176816,0.17520364341641018,0.28168102690804103,0.17461868376986314,0.2810063149467444,0.17540486840144415,0.28431750468566486,0.17524710923153117,0.2767221964677571,0.1773630992713505,0.2864329632893059
2011-08-04,0.3031730984089438,0.17224778106028052,0.27148985303939915,0.17156673151282273,0.2706747029413807,0.17237882887577163,0.2738109847374165,0.17219754907976761,0.266658402174038,0.17343845054141624,0.2744891221583179
2011-08-05,0.010681848346860354,0.21852407893109835,0.36331669191408955,0.21758618588780593,0.36245204122547514,0.21872960824499654,0.3666252139346263,0.2177993093428653,0.3568237619509218,0.19432604214435703,0.3269478550520376
2011-08-08,0.4054651081081644,0.2441975147547076,0.38790094092231286,0.24350276269173945,0.3872241340041772,0.24467355833096516,0.3902322639261412,0.243821614312558,0.3812499174168338,0.2524604891181603,0.40232058779409835
2011-08-09,-0.3141401314148024,0.3107093515036147,0.5130187200438681,0.31010771709707297,0.5125175529451185,0.3116912961699478,0.5156413635979378,0.3103696766783126,0.5055710265131389,0.28243437347006917,0.4697371849245948
2011-08-10,0.20390665101510164,0.3175244851993687,0.48558326280553055,0.319044570567525,0.48743451017579775,0.32004200875786765,0.4902373458081762,0.31863610989197144,0.4825199833732373,0.31558520291042474,0.48240702745324754
2011-08-11,-0.09740588437854374,0.2948293837815935,0.47953771551011726,0.29596947774146903,0.4810781789725141,0.29740933172064543,0.4845789924982807,0.2958249165753206,0.4767252795086228,0.2988841568447017,0.486839779982065
2011-08-12,-0.07009237682036837,0.29194143277578855,0.45805411366822424,0.29451567339557416,0.4609330121976438,0.2951792066966027,0.46238925178931295,0.29404508534326873,0.4582728222886955,0.30446591197430656,0.47746483815628904
2011-08-15,-0.13180414088003298,0.270350529537321,0.4246365084105134,0.27166749052029776,0.426381509880626,0.27258086788376046,0.4290006027364238,0.2712443795045548,0.42253271667617726,0.27772013490232955,0.43675470882729767
2011-08-16,0.030286616501374417,0.25100740179983305,0.39036477705688805,0.2508134042895423,0.3903662683572523,0.2517395216561828,0.39319695905180063,0.25024150591703753,0.38413788473336846,0.24979082104620545,0.3888497532452575
2011-08-17,-0.03942773610312356,0.22666254907087757,0.3615793257233338,0.22613341244692234,0.3610973667231061,0.22785690189503924,0.3646799122094273,0.22649960949501874,0.35706578862802196,0.23302098700527002,0.3719025232026339
2011-08-18,0.3009720883724127,0.2189034812122948,0.3450247015754686,0.21848229101461733,0.34468617745839225,0.21985903507015153,0.34785735170534254,0.21849881780759858,0.3399661200944503,0.2221735903930947,0.35045090412202784
2011-08-19,0.008866133673831137,0.25943259664586393,0.4278790574912793,0.2599312714448086,0.42868853277033653,0.2611267087660064,0.4309921217559542,0.25998734961297354,0.42395106924442894,0.2402241586779744,0.3980276067743833
2011-08-22,-0.014270917127957462,0.2827295587380304,0.4488416120034671,0.2847476315889161,0.4512052023330536,0.2858389920590677,0.45406208169810663,0.2845748844611399,0.4482471114874232,0.2918088734672281,0.4626194382577698
2011-08-23,-0.1571003604509713,0.2725462177031391,0.43033988906992143,0.272577211943401,0.4304728405603066,0.27412482256784443,0.4336910337387316,0.272895752190574,0.4259544659568845,0.27995047636632636,0.44249665169365826
2011-08-24,-0.010253657800577905,0.2503513050856544,0.3879902453168264,0.25148674266842147,0.3893782857186004,0.25224639085438416,0.39084701092237234,0.25150622138251466,0.38589430486013093,0.24780114779416093,0.3839429761002272
2011-08-25,0.10212408629413999,0.22281863433483529,0.3523120761010942,0.22322553685724056,0.3528881201482851,0.22417167878854852,0.3554085438000672,0.22283358705700707,0.34731792947244616,0.22627250894284512,0.35780078546605915
2011-08-26,-0.11079668226627183,0.22728004224573245,0.3658347097300511,0.22777451142008381,0.36653764609359224,0.2287521318841858,0.3693244358727884,0.2272868644414298,0.3602118300171581,0.22207532609352065,0.3576573682563798
2011-08-29,-0.09761685612035331,0.22526216211880992,0.35055841527020143,0.2256935637700545,0.3511218069565033,0.22658714313884037,0.3531332004725091,0.22566341476092597,0.3471592432137994,0.22189760933585564,0.3454371530225633
2011-08-30,0.01872081679921757,0.1995708762005702,0.31118819038871903,0.20052953402954835,0.31228602388774457,0.2014219107660993,0.3145011754163509,0.2005980551591821,0.3099261519558473,0.19596891071633477,0.305693813788163
2011-08-31,-0.03937882841963967,0.18563106096601917,0.29558741023386553,0.1866808001087146,0.29678947955855367,0.18768369943382024,0.29934442528655103,0.18681342462082237,0.29509938400051167,0.18752310677002154,0.29878052681492595
2011-09-01,0.006305191128314871,0.18002698245523535,0.2833310242630912,0.18100440568532983,0.2844426318318607,0.1820642191240528,0.28708286648223674,0.18122329802495732,0.2829356614077987,0.17923378953271002,0.28223398021667273
2011-09-02,0.06390978801406151,0.1711577755934151,0.27164220024825547,0.17178745037059795,0.27237863988400585,0.17285937263505016,0.27524671053466304,0.1720070153246228,0.2704246834214361,0.1710698567650113,0.27179089780502114
2011-09-06,0.08691310172052201,0.1776614473484029,0.2850931316061458,0.17903294998897493,0.28657977489717745,0.1798837819755884,0.28849255091399084,0.17906451731990636,0.28452443385858506,0.17217915670202125,0.2765895966248991
2011-09-07,-0.1029609944105353,0.19481083712112338,0.3138275927928049,0.19678894040127823,0.31607888621107305,0.1974534029529732,0.3172853530752561,0.19670165221557936,0.3142625044719767,0.18918327336796442,0.30472065816718746
2011-09-08,0.0277713563860725,0.19157902067813687,0.2975129157056069,0.19305148712063203,0.2992828932260553,0.19364885425332037,0.3003735950079393,0.19298698097298111,0.2977409300036831,0.18710831271683165,0.290513486585399
2011-09-09,0.1154493123101634,0.18040360060812996,0.2875160988268053,0.1824575777973847,0.2899040694957112,0.18282494442052485,0.29025166757209064,0.1821036698765028,0.2889837069878962,0.17932744337838508,0.28457573756832844
2011-09-12,0.001815588619602516,0.19561260518707102,0.31627866862357357,0.19735937747589305,0.3183538810013712,0.1980186583996427,0.31946449199519406,0.197201438542001,0.3174235589868785,0.189493785301964,0.3058620992397021
2011-09-13,-0.04451065850762042,0.20649016727078176,0.3267142166773832,0.20815004934445272,0.32873283986049984,0.2089609306453881,0.3302187041761032,0.2080221526646829,0.3275210920508244,0.20674617793037714,0.3264878196307853
2011-09-14,-0.06462883497822851,0.1977179309470282,0.3104056634329495,0.19940358433012303,0.3124157147977971,0.20018515700320688,0.3140680304508492,0.1991645359849247,0.31098791439947204,0.196801948667699,0.3084370833568244
2011-09-15,-0.07905571899192855,0.1815168614905408,0.2840677440133851,0.18337625277597006,0.28626505487739423,0.183973426369365,0.28773596019050485,0.18290098277509143,0.28479367392555527,0.17974944894277564,0.28070260656606094
2011-09-16,-0.031456128083027446,0.16419091858301113,0.25579243148268055,0.16563264197117733,0.25749940076642447,0.16626336210446485,0.25891430790220094,0.16536368761783912,0.25638440988738387,0.16107510050337204,0.2505057358844698
2011-09-19,0.05495025352436654,0.1490601119232705,0.2348193533050927,0.15068310743046864,0.2367079128466742,0.15117803411916383,0.23787942799305228,0.15029291688966512,0.2354001380522911,0.14719528632425624,0.23129916950242252
2011-09-20,0.003964024096032871,0.1508885372621564,0.2425003634788134,0.15265510841963592,0.24454933138880144,0.15316924414001595,0.24573984776488,0.15227548553891831,0.24310174962608966,0.14772720675502796,0.23685086574625597
2011-09-21,0.12727326337002104,0.15566422742077946,0.2471687350211105,0.15735568805056582,0.24908179436909986,0.15792871016750515,0.2503978709023112,0.15710709269425424,0.24699049002655102,0.15426103674335714,0.24411850853710715
2011-09-22,0.10254304549055729,0.17163003011534797,0.27868099174256616,0.1734097296343519,0.28089843424901834,0.17356032564109955,0.2808314710236078,0.1724924597023679,0.2786754619040138,0.16432858362851896,0.26652329573142813
2011-09-23,-0.002421308689010339,0.19570576604073253,0.3151957609128596,0.19731486130326495,0.3171926584251454,0.1976530496088204,0.31756797729852004,0.196230853489339,0.31542882326867727,0.1931199405311712,0.3110617317044245
2011-09-26,-0.05557677758572481,0.2032358932029331,0.3214255356377255,0.20486364446719324,0.32343720012466065,0.20530811692475048,0.32433669857207675,0.20384609807229812,0.32142653308288255,0.20613608941010841,0.3257667212033808
2011-09-27,-0.034149023924699484,0.19128954275591023,0.3001945592686792,0.19270610557840293,0.30183646023363225,0.19321736050112645,0.30280912860951187,0.19211708714818068,0.2991276043112125,0.19196917290946988,0.30096098636477536
2011-09-28,0.08559607379009164,0.17793632383165284,0.28026027923887936,0.1791606324833285,0.28161840458996235,0.17971535703984723,0.28254101598045445,0.17877003907491473,0.2789191053782171,0.17875481675552912,0.2814006019725783
2011-09-29,-0.056070741637233204,0.1849703003228605,0.29780492341571096,0.1867704115008467,0.2999372119334879,0.18745397743065886,0.30171446532179447,0.1862310763960396,0.2975824428363458,0.18312703148976528,0.29483322347839785
2011-09-30,0.1008188067774851,0.18329363470415566,0.2877499520761442,0.18485127357203182,0.28955863159290673,0.18554116131533127,0.29127965615413726,0.18437128931993665,0.28715268692853585,0.18351881914222193,0.2880264768290965
2011-10-03,0.05634337042287866,0.18848464912348362,0.30416341932356233,0.1903682998831339,0.3063815663020569,0.1910788642625992,0.3081320854301447,0.18982919918024208,0.30405868014444304,0.18610421410125913,0.3003879980561063
2011-10-04,-0.10744066324178911,0.20323944198354357,0.3250338492016357,0.20518399981202695,0.3273143836377253,0.2059686697696168,0.3292596516727598,0.2046953697265885,0.3248087983087492,0.20282843344412854,0.3242846805025741
2011-10-05,-0.0765985394788572,0.19181759446839675,0.2987140445436004,0.19356855256402483,0.3007416737533012,0.19425941196539406,0.3024654644184169,0.19304829024427672,0.29792609910654977,0.19068052532087698,0.29681301737430643
2011-10-06,-0.04158266460803048,0.16783497709892803,0.2626766316077332,0.16928962528350466,0.2643262714330097,0.16999840730059015,0.26610004185271796,0.1688816072997788,0.26103702152058655,0.1672518187106443,0.2618824607260501
2011-10-07,-0.0019318344630856426,0.15885673008654044,0.25080592529126794,0.160188592436467,0.25233439021604076,0.16066328288156817,0.25320718771654793,0.1598402242072493,0.25125370457204005,0.15732868657519716,0.24863532995916326
2011-10-10,-0.0919456803397434,0.1501519861711098,0.2392563000949578,0.15178379520182808,0.24103283658103192,0.1522675399786527,0.24205242706495864,0.15137941085483864,0.23971598399588115,0.15063671487906713,0.23999942789993536
2011-10-11,-0.004857325882859989,0.1372318285082961,0.21423294570956536,0.13867118139083753,0.21578709677853258,0.13912606201731464,0.2167642036662393,0.13834054306262253,0.21419569588258863,0.1352639968526695,0.21088887277346033
2011-10-12,-0.04991678761579139,0.12495275376699146,0.19930140861054127,0.12630138064900492,0.20071674713416324,0.12683987439011965,0.20193946151844866,0.12606901695013878,0.1983891162782157,0.12537468516485054,0.1997259628291417
2011-10-13,-0.018076670400179136,0.11765845486444232,0.1854339447882889,0.11886996170227691,0.1867277834251234,0.11935368257681848,0.1878990408568727,0.11863017160958231,0.18410465492418657,0.1162768972935081,0.1830068005268238
2011-10-14,-0.0835232419681102,0.10768384441590158,0.17135544582653747,0.10884155907902558,0.17261879663688304,0.10927046434978188,0.1737552445314979,0.10846409836078957,0.16935892177268058,0.1077469942882103,0.1710892241167096
2011-10-17,0.16751704133052195,0.09762927706724643,0.15224521863000193,0.09850094864979039,0.15319311739485256,0.09894173846612564,0.1543502929987368,0.09825146576452273,0.15076176811396147,0.09462471457029611,0.14722766985025296
2011-10-18,-0.05636595797788973,0.12074057202102267,0.20136118415713222,0.12178424823364761,0.20252368795347978,0.12248843042914109,0.2040931787942884,0.12159781351791041,0.20180009653436948,0.11602822254785433,0.19427270893658796
2011-10-19,0.08732818358185646,0.13047698897598325,0.2055515901426996,0.13128429774147637,0.20628497166247037,0.13226580963154658,0.20820143652057843,0.13136269763435346,0.2040732666168009,0.13385296350005435,0.2107924059826728
2011-10-20,0.00982382936660695,0.13874676616026654,0.2250265773133889,0.1393648523469877,0.22612220424889876,0.13960265826925344,0.227025444716476,0.13891688405743774,0.22470163434129045,0.13843585112134002,0.22527316130544783
2011-10-21,-0.10478563780353459,0.14831419730108772,0.23625618409625418,0.1488414575606536,0.2370867256051188,0.1494272965598762,0.23861840896537473,0.14854694814906844,0.23689987482839847,0.14983293395641553,0.2395461261093631
2011-10-24,-0.06803547553062406,0.13805023868973054,0.21380730629264405,0.13860923900956867,0.2148225493886462,0.13872684585736914,0.2153780897831058,0.13820743626196413,0.2132481854011636,0.13759572326171746,0.21373313453273252
2011-10-25,0.09636598215684997,0.11626265362948583,0.18261751522402075,0.11710502333134722,0.18359501421443164,0.11755012966896931,0.1845562232180506,0.11686907820133909,0.18320013553057218,0.11717961330867482,0.18436742276010729
2011-10-26,-0.07606758563778403,0.12340787958891646,0.2000667950084241,0.12495530122494904,0.20167236985466502,0.12428097941333383,0.2002108427892036,0.12411994059245769,0.20243393309625465,0.1252422352563784,0.20182311980877057
2011-10-27,-0.1594111989817838,0.12395731479971765,0.19276269884586644,0.12513255918200042,0.19390115207720757,0.12466703768194222,0.1927624106193951,0.12454569287187381,0.19515232666038318,0.12490943657437731,0.19325414280477
2011-10-28,-0.0372117348588625,0.09641880015400464,0.14498879845860244,0.09750319972073702,0.1460915548468854,0.09729991919718574,0.14549760974795561,0.0971267430962798,0.14628954450690104,0.09820551170155564,0.14701134632481305
2011-10-31,0.19996630037862081,0.07965453069722031,0.1242102470284694,0.08044470986564808,0.1250374471111966,0.08058530004759427,0.1253411502716235,0.08031831899525925,0.12460005187223602,0.0807106545132671,0.12560796962234708
2011-11-01,0.14889178737075134,0.09987452064291702,0.17277428368478914,0.1010583243513733,0.17413444157757574,0.10100322907659119,0.1737217658922134,0.10054575480881639,0.17227127078264431,0.12668976434738008,0.21420972138595903
2011-11-02,-0.0601573740767812,0.13912654026344012,0.23054782172385593,0.14085278005350646,0.2326153005980835,0.1402094689835035,0.23099306579119172,0.14013805568710866,0.2296746662460713,0.195200758067653,0.3186929795833397
2011-11-03,-0.07087088832962296,0.19157295390649956,0.3021158765631942,0.19096436086877078,0.3016657350958937,0.19205135207802962,0.304202128532937,0.19083303598584372,0.29766450971330644,0.21167857614865265,0.33435652817054873
2011-11-04,-0.011210140473610655,0.1297403036871792,0.20567257656906945,0.13106094419161335,0.20739447513330586,0.13044161115018413,0.20574496647966137,0.1304934960931975,0.20510353175924867,0.18878745859366805,0.29880971038899834
2011-11-07,-0.010331703301144236,0.12381605097707932,0.19868798056581788,0.12512506443143243,0.20038356762715787,0.12449341189336222,0.19866804244138359,0.12461125261599584,0.1981141125095451,0.17467068687865603,0.27952913996505646
2011-11-08,-0.08272637248446249,0.12137951212855032,0.1955813620083795,0.12247221239822226,0.19711185936003914,0.12187167863372819,0.1951853901119653,0.12174729628434154,0.1947492243057206,0.11668196978828117,0.18685437656365012
2011-11-09,0.27449506816982705,0.11362973343780643,0.17918328200462658,0.11501149914313097,0.18084881756384819,0.11457442476965575,0.17962272079241487,0.11466038868979204,0.17880585362595636,0.1523586344780893,0.24058142960549156
2011-11-10,-0.09722018855096533,0.19631465754565589,0.3254085758806082,0.19600028291032529,0.3253166887116176,0.19792130807414116,0.32970207704912996,0.19548904548510862,0.3190597225730538,0.19078201214798246,0.31677247469397296
2011-11-11,-0.08820352007707642,0.21264916678497234,0.33560568231223525,0.21285092344642112,0.3360904767478047,0.21428178256772984,0.33917803233878907,0.21273382980099856,0.332741672474014,0.22678634758054522,0.35713386171713607
2011-11-14,0.035642157557582876,0.19031485966379327,0.3013006504404741,0.1910351187569194,0.3020454435750663,0.19257474220598658,0.30509985549508745,0.1910271346104281,0.2993192615608357,0.20380910821938386,0.32156142760418
2011-11-15,0.0028869306337691845,0.17776054894608173,0.28644674231909734,0.17764820604497,0.2863719829450064,0.17979627990695415,0.29064208689014714,0.1780951219922449,0.28362617418324393,0.19355138633477306,0.3109232472147287
2011-11-16,0.07078498666193309,0.13159633336240656,0.21713038579516641,0.1336833612217952,0.21980858056578717,0.1324592349654819,0.21673455784620985,0.13249954304312392,0.21500818595476126,0.18788819027213355,0.3011346998304715
2011-11-17,0.029405235360693106,0.14196821380064206,0.23768341273840327,0.14493221054392047,0.24078250445582494,0.14366402613720217,0.2377143712058075,0.14360855383150273,0.236720218374401,0.18782248661086445,0.3045721540106818
2011-11-18,-0.0755132343101854,0.15090710016864217,0.25009031404674303,0.15371085792335615,0.2533659312365756,0.1522316453625342,0.24977459976501315,0.15223051843375068,0.2490496044800726,0.19397504850197994,0.3123836549093803
2011-11-21,0.02804066015552192,0.1439999402308941,0.2338690293448665,0.14661446139134962,0.2368498028764818,0.14529665196651784,0.23366695529961337,0.1452930255120603,0.2331027670256427,0.1841253112123169,0.29209567908225875
2011-11-22,-0.02897859988349847,0.14399055201429026,0.23832798243213763,0.14608806984115247,0.24053097816382427,0.1452685797122462,0.23846440765518173,0.14503921788472104,0.2382339436892441,0.1762664551618046,0.2843145688607251
2011-11-23,0.060974153172035826,0.14852035409894287,0.24187266170545269,0.14995322087050497,0.243600057674657,0.14955886075661395,0.24260287842988779,0.14911007490758665,0.24117209766313535,0.17023871040691987,0.27263520923365164
2011-11-25,0.014317264284988097,0.15411728389673074,0.2547599157699173,0.15478922928987582,0.2557728433886091,0.15496920994167873,0.2560156167003059,0.15420070791552298,0.2535256930144876,0.1698052745560171,0.2758994771782886
2011-11-28,-0.0702992074010068,0.1696535930123312,0.2746868634500734,0.1698236547861688,0.27499966240920093,0.17120288169385703,0.27789714140565264,0.16999300900480246,0.2729160528396895,0.17347181215454083,0.28024960080039313
2011-11-29,-0.047483828255376566,0.1418053969020834,0.23163588008260555,0.14388483964037094,0.2342099553692741,0.14275877301818174,0.23106058387097522,0.14277347982559277,0.23095100894190565,0.16374109934591627,0.26027063616069407
2011-11-30,-0.09727032417579913,0.13158850613921422,0.2159864474058214,0.13367234976381323,0.21832081168097414,0.1324631366198531,0.21524741305058057,0.1325476572015049,0.21503760641895237,0.15155119818887247,0.24235614463549726
2011-12-01,-0.014128110381897006,0.11653095697432864,0.18905436484205437,0.11860042092546826,0.1910966545007603,0.11773339569660052,0.18887427243069543,0.11771609794964029,0.18837987195429606,0.13769695373820875,0.21806412335299835
2011-12-02,0.004005102750448441,0.1053469794525188,0.17452901397750367,0.10710777045676656,0.17652709040035625,0.10615234451388343,0.17402651848810738,0.10617402835992293,0.17361742943351036,0.12849205046157647,0.20684743781426057
2011-12-05,0.011560822401076006,0.10350169886444355,0.1721607354696083,0.10475836108907634,0.17381008412344914,0.1040497393187134,0.1716290971934962,0.10409408702964398,0.17031231263149274,0.1249596102691826,0.20170872986364638
2011-12-06,0.010362787035546658,0.10817837179440777,0.18095690171514547,0.1101287382288201,0.18296876680012678,0.10936537375602524,0.18077906400947685,0.10925172469642658,0.18038808537887138,0.12381144240608039,0.20038465052009052
2011-12-07,0.019014657393513063,0.11483179893388185,0.19089668155287395,0.1161423481731508,0.19238126095380473,0.11497160514777406,0.18965671292604888,0.1153021952735485,0.19082584805646696,0.12300804423522047,0.19904337937531413
2011-12-08,0.06482187826753363,0.12234377742572768,0.2026279271904626,0.12293451430830088,0.20339090017110434,0.12275203234548099,0.2026541193392507,0.12249396222958524,0.20284735566213058,0.12288919626752857,0.1993335312940735
2011-12-09,-0.14806701087364352,0.13396606840154382,0.21997943600347733,0.13448592119754546,0.22062881496996403,0.13567088798640975,0.2234823359738832,0.1344125379028272,0.21826414238064834,0.1312289806858281,0.2149467106427243
2011-12-12,-0.02728315240611944,0.12965756780840382,0.20336265187432495,0.12992013188424256,0.20374419092275325,0.13103808271823325,0.20627017472002623,0.13003781363709044,0.20175081232165007,0.12749441582234775,0.19951974538065348
2011-12-13,-0.010180197550976338,0.1128835818128496,0.18218637906630697,0.11326517660184553,0.18264491527252433,0.1143150837920776,0.18495571055090426,0.11337583560747796,0.18080527297707202,0.11409255588002885,0.1836554405683803
2011-12-14,0.024491020008295696,0.10083914939421343,0.16669875872560463,0.10166560371669293,0.16769030796472417,0.10158299277703932,0.16730770438743764,0.10128843418296764,0.16677543783369017,0.09723396364129613,0.16095061515179673
2011-12-15,-0.03636764417087483,0.1008556359093481,0.16915578421319238,0.10223243742462343,0.17058775392310022,0.10161618195316262,0.16900965057035683,0.10170413680279683,0.1692018104840743,0.09894477749560268,0.1654883614946932
2011-12-16,-0.0332014301554125,0.09168476846028834,0.15251610511176358,0.09289593936440425,0.1539868053868341,0.09274021184288855,0.15334814113174566,0.09238340614746417,0.15138315719854403,0.0906821611345886,0.1509885708632344
2011-12-19,0.025605950905171277,0.08263750233182739,0.13766751022503,0.08326711161359411,0.1385337358419555,0.08326827456837696,0.13832807099645608,0.08295384008628687,0.13660109537419104,0.08150285601042474,0.13617647108806769
2011-12-20,-0.07065671764950707,0.08574118405628237,0.1458591442546377,0.08695035407284138,0.14733473371625802,0.0867357808993911,0.14653221869237207,0.08643441599635769,0.1447850446352445,0.08487637415382161,0.14436866967259562
2011-12-21,-0.08022216678425972,0.0764495543418608,0.12556490318727126,0.07707717227190289,0.12643145838060638,0.0769569933670747,0.125952521176803,0.07674404042421744,0.12458253642008212,0.07652572915247126,0.1257727722058725
2011-12-22,-0.012679202495387011,0.06372953855465516,0.10384168726259403,0.06449063498672496,0.10477021600844645,0.06439579986967497,0.10444567339740737,0.06417500734744784,0.10317547635403969,0.06462647224274366,0.10521450264340851
2011-12-23,-0.020530680542410442,0.05128393323673174,0.08656908976402942,0.05177559731398526,0.08726732820905425,0.051358424159844304,0.08578799675952659,0.051566794258718594,0.08608596420372078,0.05028161422724073,0.08405247412349773
2011-12-27,0.05536122715968683,0.05052603702607798,0.08523813992034203,0.05111199671745103,0.08595258602169638,0.05097062292868651,0.085373726064347,0.05089697773769334,0.08429283313519799,0.04936921693670995,0.0830793614387772
2011-12-28,0.07090796942305097,0.06420969700467911,0.11069927284586412,0.06546162573549387,0.1120803654266121,0.0651758871582402,0.11134275608030358,0.06485918641834926,0.11013676074599923,0.06651588862785866,0.11360454374092305
2011-12-29,-0.03769127110138317,0.08164295456645458,0.1392075844761379,0.08322335417101932,0.14077417044197596,0.08278250239404318,0.13957718358717522,0.08249675627917594,0.13784653659163681,0.08437359099791758,0.14193289235237677
2011-12-30,0.03257617043461267,0.0862580614287403,0.14153000894302012,0.0875176112456445,0.14284356438663942,0.08726469459076046,0.14214359535471494,0.08687949682625161,0.14115239777302332,0.0842502520921387,0.13722054128102207
2012-01-03,-0.018547005662648795,0.08716997427201212,0.14633865600480273,0.0885837358014236,0.14780523093121478,0.0882749629075729,0.14698188893552958,0.08788277191037393,0.14593273433953288,0.08615065871778578,0.14331588593894662
2012-01-04,-0.033196232489522894,0.08631298725468842,0.1428211062258918,0.08774205312889521,0.1442925385393181,0.08723718627673227,0.14290508869270066,0.08706907518563341,0.14182382448054753,0.08417165056129691,0.13794887534313813
2012-01-05,-0.03387051457081992,0.09245135060905545,0.1499057932480028,0.09378782784831911,0.1514568344817335,0.09407083233885537,0.1523262956531464,0.0937038271505277,0.15006980640126533,0.09331885624763438,0.15074987768058765
2012-01-06,-0.04037594255750354,0.07957760259935939,0.12997176702063754,0.08082356000746885,0.13170086255198263,0.08053281671518907,0.13087810618399376,0.08046739890031712,0.1287353799256536,0.08091627624050757,0.13127183039892518
2012-01-09,0.021103900732937213,0.09184806840632985,0.14689491883332847,0.09219317304910536,0.14734560277302083,0.09262488327471113,0.1483060611479392,0.09196787319872804,0.14534109660165703,0.09304175163008893,0.14883522939637034
2012-01-10,-0.01819973605864601,0.0890641027926367,0.1455910045739358,0.08992247511021631,0.14650134526782788,0.0904208772961384,0.14790665179019416,0.08947786761059481,0.1442118383803628,0.09096006527110566,0.14859730303824406
2012-01-11,0.01725006837093882,0.08237956617879691,0.1347576090308723,0.08371938623800416,0.13617335784714588,0.08408276343523445,0.13733878947273184,0.08362927117476962,0.13556188117930537,0.08263310349343339,0.13483657627203574
2012-01-12,-0.027940160455192334,0.08902010593884063,0.14535525211395567,0.08968383282721874,0.14608078229616997,0.0902757073771639,0.14764854782526216,0.08935687027828523,0.14404008636099797,0.09036484054541287,0.14781238863597718
2012-01-13,0.021267113767344154,0.08087962182479184,0.13181922612791147,0.08187325844118369,0.133158602364867,0.08205563698576068,0.13387212160873255,0.08173911251545617,0.13173856296151384,0.08153096403988266,0.13268015989877374
2012-01-17,0.05986477543769162,0.07694515438222034,0.12823498246550075,0.07767847066836595,0.12938082808104784,0.07765050094330707,0.12908005241635853,0.07761292483731258,0.1270855985989469,0.07822230875924303,0.1299248767601287
2012-01-18,-0.060821713309759294,0.08818819094881464,0.14811097917671057,0.08950464306340425,0.14981550042665187,0.0894929918797283,0.14981882140954872,0.08926654480980753,0.14729586474959488,0.09127781686464895,0.15227298786836443
2012-01-19,-0.0500595190047489,0.07936157976215959,0.12891583454945468,0.08052482050274797,0.1306357412081281,0.07993418638144285,0.1290477986698131,0.07986396872421558,0.1273216075367583,0.08089584896980356,0.1304476322757256
2012-01-20,-0.08340349053772149,0.067329507420202,0.11041165210419229,0.06857670127958658,0.11185517185685853,0.06789948994082089,0.11023941578551094,0.06793426648181516,0.10914595815837025,0.0680725453305507,0.1104857965046496
2012-01-23,0.021110391527627417,0.06221558441043409,0.0999234005043873,0.0630210100980746,0.10089726400061895,0.06301456001410656,0.10081959516437353,0.06285059079520061,0.10017615472055068,0.06490660181270994,0.10391381201282188
2012-01-24,0.012772925116734729,0.07886234276531931,0.12998993922501173,0.07974226188584475,0.130786644141099,0.0802899164652324,0.1320124866108079,0.07965680693912897,0.12933593195831378,0.08317310825082083,0.13613101358064822
2012-01-25,-0.03224352398394691,0.08327056864482124,0.13650863221391854,0.08411234916165236,0.13733259668730596,0.08460380862037495,0.13847438526145692,0.08397844007400802,0.1358074013915876,0.08715655791571505,0.14210219681666061
2012-01-26,0.014100016678195193,0.07939083725192286,0.12852283391187,0.08012142388121055,0.1292243718867095,0.08064341663481367,0.1304223163399212,0.08007967966357582,0.1279730859870724,0.08297710887852446,0.13382708802261545
2012-01-27,-0.00215633506734595,0.07718810407212323,0.12732074168187013,0.0779498016316076,0.12806159954311144,0.07850081690997754,0.12936510164843823,0.07795938020626833,0.12688134038813062,0.08067678691316241,0.13247301662523026
2012-01-30,0.04588202577201386,0.06890620573345382,0.11406026538131603,0.06969750558779104,0.11510673683840468,0.0698689294016829,0.1155988709814846,0.06965983869935732,0.11478025115285279,0.0688357336057401,0.11389227499916432
2012-01-31,0.002059732963010784,0.06893246421803031,0.11694518618916563,0.07009359441257601,0.11828818612924988,0.07006376975604443,0.11815024905596022,0.0699251200211052,0.1176080870695036,0.07147548860499635,0.12028052650174731
2012-02-01,-0.04686300997884893,0.0696534226194294,0.11638898130013545,0.07096633336765847,0.11795612790302917,0.07043599917548832,0.11654604015113325,0.070357904287916,0.11510440938365357,0.06972862086852642,0.11518844047320163
2012-02-02,-0.03120976000996996,0.06682756947862717,0.10917432458365171,0.06776577446366766,0.11034519916563826,0.0674239329466494,0.10940596678903684,0.06735733885954281,0.10850433223846105,0.06785277841776653,0.10995468057652913
2012-02-03,-0.05018156553485998,0.05976970954708828,0.09853454269905702,0.060591127674696425,0.0995125142292691,0.06027620137119299,0.09868464668521902,0.060151393626677645,0.09779617845279848,0.06021464392493954,0.09841325300127307
2012-02-06,0.03787027405540975,0.05511234483078914,0.08982664452714603,0.055481805803261466,0.09031293549270915,0.05531951974125299,0.08978691157576718,0.05524545366491379,0.08985109002365764,0.05597391774768932,0.09082801307588598
2012-02-07,-0.006212954184718364,0.05768472403372812,0.0980057692483862,0.05806096921571994,0.09850158785127122,0.05795383867470871,0.09823787937987184,0.05776722150050697,0.09787146388319118,0.05825590259343,0.09861377147538994
2012-02-08,0.028485589793841592,0.060549648825727914,0.10062235283410578,0.0608543439913336,0.10101219618623515,0.06079147232283951,0.10079328681731442,0.06059569096949602,0.10033987485751657,0.059158918007266206,0.0980305429330127
2012-02-09,0.02555181144034986,0.06538161846709709,0.11015333718263279,0.06585906488331994,0.1107742970274319,0.06564770591039057,0.11033627864659074,0.06539817532964558,0.10985013531457327,0.06551388663385178,0.1100548050136141
2012-02-10,0.10969891725642453,0.07389085932132247,0.12385369595016887,0.07419071272644877,0.12428159671375116,0.07408015742463023,0.12395100824053149,0.0738754700383681,0.12383231015981375,0.07328050289840654,0.12285214781827687
2012-02-13,-0.08793007250670225,0.11144415480586822,0.1868814577780127,0.11149766253396781,0.18690123398597347,0.11296798648822726,0.18932923510345648,0.11166938309675618,0.185926502639164,0.11376508632291561,0.1899262357434066
2012-02-14,0.025921617251417336,0.11415624999994645,0.18233029508417176,0.11441639811350258,0.18253221555601726,0.11557435455299299,0.18448632915234445,0.11434095097510333,0.18123884554167854,0.11773741758802334,0.18754337866629292
2012-02-15,0.0787033338274549,0.10720518019316275,0.17626929648294798,0.10721326425749464,0.1763035430961606,0.10844314857521636,0.17847094686694637,0.10727181640130659,0.1752121285225361,0.10994647089489058,0.1806373070925389
2012-02-16,-0.09521557689994524,0.10306124278754583,0.17250897531346482,0.10334081313951225,0.17302722597597403,0.10385881648747274,0.1742622851487008,0.10331838692690348,0.17191188378880987,0.10415997482238241,0.17431190463935806
2012-02-17,-0.07787717345638774,0.12230410271849497,0.19447116752477103,0.12281345343133816,0.19492833987902292,0.12374308816023669,0.1966134891353949,0.12263760364679221,0.1928909097136113,0.125671732642061,0.19950609553538956
2012-02-21,0.02279776244427245,0.11019372205671955,0.1759084509096898,0.11075356379419744,0.17644950248027247,0.11148572691870093,0.1779036132965442,0.1102711355058399,0.1746134745641762,0.11341368575653153,0.18047892406748547
2012-02-22,0.0,0.10498795545946585,0.17242278503485087,0.1055172831266317,0.17292474920596593,0.10628317165364912,0.17436744155850994,0.105133900458646,0.17124587346821826,0.1095068909992786,0.17900897788688855
2012-02-23,-0.07949310612081768,0.10236935638233337,0.1673756870928688,0.10255751721130478,0.16750628236613507,0.103727782324524,0.16958198196109553,0.10289908230408402,0.16704081230930817,0.0850498184152067,0.14021642034945717
2012-02-24,0.02990548277890454,0.09852795157752428,0.1575218017729928,0.09927141794852887,0.15816801277957312,0.09999639243902272,0.15964507431249847,0.09907783600010606,0.15640651014021448,0.10116362783062768,0.16123669803339533
2012-02-27,0.049587623341913085,0.09437920665065086,0.15587714453821766,0.0949779052779029,0.1563788517414709,0.09582680026377222,0.15797663181645638,0.09508288221612396,0.15521386148265867,0.09682422619748954,0.15943885303712915
2012-02-28,-0.012724929655977395,0.106306376614965,0.17604218414719128,0.10723124461325963,0.17689384084693946,0.10808142341826307,0.1787194395600845,0.1068964469936859,0.1747141769219569,0.10946150745725731,0.18048737324008537
2012-02-29,0.02583270880767835,0.10699295140409068,0.1744869963960712,0.1078202257808599,0.1751959952368078,0.10875837504063998,0.1770368336633624,0.10765824208022157,0.1732817164016931,0.1110915792545423,0.1804125873487942
2012-03-01,-0.06558808602644987,0.10881904520826613,0.17933932238790412,0.10969453819066464,0.1800879469171322,0.11067440986176187,0.18199141330071192,0.10942679132239906,0.17789834667472945,0.11181960798849787,0.18359377367987012
2012-03-02,0.001736614039917092,0.1055470000234585,0.16968690709682177,0.10658021678009928,0.17060577330809548,0.10721533011249389,0.17181803965045706,0.10665044712786856,0.16960986503291012,0.10691802610735585,0.17143623694465585
2012-03-05,0.04301738508369086,0.09861060868985144,0.16158698949944497,0.09953046197223715,0.16243997527881013,0.10020695073697378,0.16374853943827594,0.09965849507584361,0.16156651472784272,0.09939689507956218,0.16262164950164368
2012-03-06,0.14516703631021946,0.10549154172927705,0.17446537901450945,0.10649656376561582,0.17538859809871282,0.107284566495963,0.1768816429448252,0.10666058992126543,0.1744823454763555,0.10806496839248338,0.17777342261664456
2012-03-07,-0.09019630147678177,0.14395808819247885,0.23884697422946385,0.14554289515285748,0.24041763612567466,0.14615296983200587,0.24165792514034376,0.14529141555365702,0.23807696975649764,0.13906838071021915,0.22969093434124144
2012-03-08,-0.06052630467803989,0.14541604271513495,0.2317056280224558,0.14693877736113542,0.2331636407106326,0.14754678067173393,0.2343971640561489,0.14671547501386126,0.23103945638614398,0.14836143287745615,0.23502373404894844
2012-03-09,-0.04792702703018582,0.1311102768098537,0.21007409245529163,0.13244069665758565,0.21133285085644832,0.13303884359809057,0.21247328567841747,0.13226266774241802,0.20929997606551187,0.13449963626222072,0.21425457650793578
2012-03-12,-0.08983135278693707,0.12017322558357284,0.19331608616001286,0.12145996203924354,0.19447265543194653,0.12207260161022371,0.19558394269447685,0.12132488280514334,0.19260694858551616,0.12404847625498829,0.19828180448628022
2012-03-13,-0.05520455434709568,0.11049526339697147,0.1760885332089938,0.11164400360753507,0.1771494078658696,0.11218586153467713,0.17821700333119117,0.1114833067232019,0.17543688718714695,0.11204315890008328,0.17748543286693208
2012-03-14,0.033879028899522934,0.09899018777400725,0.15929465171688698,0.10007998078597714,0.1602567739231435,0.10061439467113703,0.16127256628376432,0.09995496829389293,0.15871303156260608,0.10202492506476105,0.16307700251505125
2012-03-15,0.007159158465591074,0.09900486108722145,0.1629728433867838,0.10016967337611912,0.16396116720749812,0.10083925235216806,0.16521661688078942,0.1000767907218101,0.16248714933497735,0.10352622319782066,0.1690190639173746
2012-03-16,-0.06358782749179094,0.1003812566304827,0.1643592319676067,0.10156220061439651,0.16529519672615095,0.1023507344790922,0.1667038212633134,0.1015919471198916,0.16406077901068275,0.10546470516516132,0.17123073806134262
2012-03-19,0.038635777878301095,0.09738135601861175,0.15655497951316033,0.09842658593367803,0.1574453731247425,0.09902409820983,0.15855604797168257,0.09844020379055131,0.15650444118217693,0.10049514366011417,0.16052064389663784
2012-03-20,0.03527472192090859,0.09891431967602081,0.16297003329398627,0.10008758724259835,0.1639691813099264,0.10070730691183898,0.16512687571926185,0.10001599999179842,0.16256639628206598,0.10298835024002483,0.16836547953015418
2012-03-21,-0.029308512642337557,0.10661098508525742,0.17540294241150892,0.1079031568500778,0.17645490520361432,0.10866037609929366,0.17785616358321274,0.10792819107155575,0.17526949314666884,0.11093232307404645,0.18098702730777586
2012-03-22,0.028666458045642378,0.10411380029131276,0.16916029654942602,0.10531390034827114,0.1700658551281334,0.10618688981310812,0.171616328524059,0.10553984045979671,0.16921071304016458,0.10929000032027014,0.17601673541468482
2012-03-23,-0.04936836597796613,0.10486076378486522,0.17279174204960243,0.10619382096516514,0.17379157781269838,0.10706579412894061,0.17536892334434895,0.10643462755322533,0.17284446160603978,0.10953324373194057,0.17872033344308874
2012-03-26,-0.038519204881790975,0.1018103625628796,0.16485413969102145,0.103032463794278,0.16576900481434506,0.10379985248317661,0.1671343508388329,0.10329258310144657,0.16486146558455758,0.10573854952126238,0.16971111272425732
2012-03-27,0.08917126808353523,0.09458711324235679,0.1536851503746557,0.09576682018966587,0.1545552715822161,0.09651267476278219,0.1558878071644134,0.09600283879898285,0.1536992004013595,0.09847271089311788,0.1585214088766519
2012-03-28,-0.007727018484710356,0.10967394427907051,0.18230394739289923,0.11088786586786975,0.18333750382843003,0.11168675877742279,0.18493196763506783,0.1109819943433997,0.18199620351903217,0.11092461310312236,0.18315649366783363
2012-03-29,0.0006462035766063014,0.11413477805236578,0.1857055602769359,0.11549080106473979,0.1868314013471842,0.11626505593990187,0.18829269846985133,0.11559408516063935,0.1857307345334231,0.12103689735279129,0.19536760287760527
2012-03-30,0.0012911557636198078,0.11128513707931088,0.18143445937720565,0.11260560037321345,0.18253780185593665,0.11336649238545898,0.18398377219379125,0.1127184087604443,0.18145266336707588,0.11700698517862436,0.18929896063637816
2012-04-02,0.008991711191964086,0.10860579509423664,0.1774534743847234,0.10994657494520224,0.17849228257080918,0.11087798984903677,0.1802422581059595,0.11012967874329892,0.1772311330360854,0.11341460683332409,0.18368399901342358
2012-04-03,0.0012779554454919874,0.10823506591510174,0.17716148379144447,0.10951738881633101,0.17817396145005254,0.11040066557624385,0.17981376177304204,0.10974778803583726,0.17699572868813854,0.1118887732498485,0.18164160357128215
2012-04-04,0.04860769906537679,0.10707834045021135,0.17501994780608462,0.10826558974492279,0.17597438971522072,0.10916293323676068,0.17766131115271594,0.10848625901993011,0.17454738158776986,0.1104399068588768,0.1791991236722444
2012-04-05,0.01569132979467538,0.11389691270396897,0.18803645910802336,0.1152274732525325,0.18910912550070502,0.11623347189214142,0.19104076847867218,0.11544200361235314,0.18736850467288105,0.1158995509861513,0.18999984705111353
2012-04-09,0.1189799238902295,0.11832674231787337,0.19385920282476868,0.11969527806722573,0.1949590065223358,0.12070918215302129,0.19690092770116752,0.11993294658255602,0.193303199557055,0.12134917686663743,0.1973903560117174
2012-04-10,0.08065594127342494,0.14162543631976077,0.23446468940522042,0.14313034107152722,0.2357609227382118,0.14434241746857635,0.23819692269473547,0.14318333630633132,0.23381000216771955,0.14119965109033455,0.23245639421819653
2012-04-11,-0.01831281069928938,0.1619945075027871,0.265650110781231,0.16327081882748373,0.26669499802511143,0.16498666133841774,0.2697707687582287,0.1636388307120854,0.26481844669625476,0.16530585283344465,0.269781495881565
2012-04-12,-0.15182239006766718,0.1604661182589183,0.25958204115528677,0.16160223394432965,0.2604779957445227,0.1633930732902048,0.2636300788041658,0.16210986711431072,0.2586856508958113,0.16590306038678537,0.2672426070730926
2012-04-13,0.12806590261196743,0.14581583554500654,0.23097725660544563,0.14669092826416527,0.2316108029920043,0.1483758822675286,0.23437400525015195,0.14729056494863027,0.23034607198400142,0.1477148741935575,0.23287685529728472
2012-04-16,0.0,0.15572030202318518,0.25706132438915974,0.1562773385244072,0.25753117241522094,0.15797936159332582,0.2600738414446007,0.15667504186851033,0.255465941730624,0.15841251706941145,0.26048216519536926
2012-04-17,-0.05736905735666868,0.16124726296092845,0.26063676988024487,0.1618296322389572,0.2611383329568243,0.16345661652320312,0.26362251156778593,0.1621815372069607,0.2592425140892682,0.16801863643701462,0.2706186400339391
2012-04-18,0.00970358018273898,0.15306767091678203,0.24503194403498837,0.15362322224284758,0.24554591091196476,0.15506094433188367,0.24785694580787493,0.15384360520827228,0.2437669705427529,0.15764379583155452,0.2517278131287618
2012-04-19,-0.015135424065100803,0.14561848094943328,0.2360988353048931,0.1463636587916814,0.23679774609933066,0.14757325845364105,0.2386493308545663,0.1465929879100608,0.23490508626536205,0.1502239978252703,0.242842772277368
2012-04-20,-0.051407966711510725,0.14124019492776863,0.22816637387573202,0.141986614151914,0.22887287084201322,0.14303470554774048,0.2304698289410344,0.1423179067594029,0.2271184580328015,0.14460395196234027,0.23305200587876126
2012-04-23,0.08409236546608918,0.13362533428265372,0.2143861425911793,0.13432054273122263,0.21505148557393736,0.13532740372317723,0.21660039598713354,0.13455780936444844,0.21338240226210378,0.13619945542734574,0.21806165333586558
2012-04-24,-0.04694684567514267,0.14124020595606712,0.23224357986262054,0.14159749853100367,0.23255665514056173,0.14309567890386726,0.2347102939765084,0.1423897855791332,0.23113246157439268,0.14335980341470847,0.23524027455373248
2012-04-25,-0.07334328372697808,0.1413483801922503,0.2270738031309867,0.141636734357355,0.22731765300798418,0.14351627121263674,0.23051167148585422,0.1424017974781814,0.22615589628171143,0.1445092021443271,0.2318719109149954
2012-04-26,-0.03509131981127017,0.12978816310837324,0.2076034944931291,0.13009869407246544,0.20785486365345984,0.13184250786117396,0.21075395408951722,0.13083265696460922,0.20664688217697819,0.1321779011736422,0.21104834171930317
2012-04-27,0.004914014802429163,0.11922315359630796,0.192297923827912,0.11982532365006848,0.1928249226859533,0.12120090666236295,0.19527198311402877,0.12027608380666872,0.19143090642005336,0.12184705687446568,0.1960915639651288
2012-04-30,0.049606824075987904,0.1150214094878847,0.18724591422019368,0.11562533659591435,0.18773709310374836,0.11704091039713381,0.19030478122355415,0.11612825564051814,0.18632438222361297,0.11759727758813365,0.19100874476171179
2012-05-01,-0.03259547824945123,0.12214720718584803,0.20052795833557177,0.1228431678286628,0.20107553239693166,0.12442670697280578,0.2040150306477337,0.12339387598982532,0.19947262122661447,0.12441701658677784,0.20370142959246784
2012-05-02,0.016726793805313365,0.1209222920464563,0.19523077016944623,0.12152142891670957,0.19571224829333417,0.12302066082365325,0.1984629847799882,0.12202872405692328,0.19404991519356748,0.12329870070635217,0.19869211413364724
2012-05-03,0.03949409903915957,0.11859549903377536,0.1934824080767561,0.1192274507397004,0.1940224132421158,0.12066757833533202,0.1966561681628399,0.11968845708440316,0.19223066005421374,0.12090895197158273,0.19689094885876823
2012-05-04,0.087201184335744,0.12439809896872715,0.2037703354198847,0.12530633662607943,0.20458736489474286,0.1266463838614227,0.2071561646050804,0.1256225288333257,0.20250948284215897,0.12658779075867266,0.2068956718212717
2012-05-07,-0.011548684784782208,0.14155663144055172,0.2327767802032675,0.1420267965589962,0.23320215613385017,0.1437679598863039,0.23619918932220216,0.1426036456895661,0.23122162113104092,0.14337025706511622,0.23539695331084778
2012-05-08,0.005791013814777717,0.14306260911246105,0.23123144038259436,0.143418662158677,0.23154780334892996,0.145161606961224,0.23452601791045244,0.1440731145156373,0.22979379460756197,0.1457149797227434,0.2352491617887379
2012-05-09,0.05265719325081836,0.13981336076933037,0.22661860222902683,0.14013197473977537,0.22690875715071482,0.1418021395772823,0.22986908243229473,0.1407812390668051,0.22530605982917337,0.14195458872101477,0.22999266793599715
2012-05-10,-0.06427295215446746,0.14552926417507958,0.23771221977176407,0.14591062666223503,0.2380675634105395,0.1476529388278807,0.24104402937621608,0.14656412506881802,0.23622965233229531,0.14743223991231358,0.240573819824957
2012-05-11,0.0547657501968199,0.14213742234280846,0.22787634637292492,0.1428145292617745,0.22846275764032156,0.14431157874233935,0.23116818896630448,0.14331419413273297,0.2267901230526618,0.14425087617317262,0.23103677836689365
2012-05-14,0.09489874182279573,0.14273551561885064,0.23355123840731573,0.1434845430453752,0.2342378164141074,0.14492424299684592,0.23687760434332467,0.14388956202772582,0.23218505174323745,0.14474586975555048,0.2364902384060455
2012-05-15,0.0045620517078423725,0.16093492262053263,0.2639595721053387,0.16136889891447365,0.264348715967327,0.16298917363273868,0.2669810758136618,0.1619271545776276,0.26215939286383166,0.16269754347491308,0.26654862406651453
2012-05-16,0.013562594872757468,0.16333538258415292,0.2642926250063555,0.16399496634469984,0.26489585079043493,0.16544073059075712,0.2674324689444877,0.16448244308066207,0.2626090419944329,0.16581804868515523,0.2677333314936182
2012-05-17,0.09502438969480011,0.15946570430510024,0.2586958455843409,0.16050456812475286,0.2596438775776535,0.16160808201381605,0.2616152456443647,0.1609368356740665,0.2575579012321968,0.1616578181679863,0.2613447741374875
2012-05-18,0.024602975173661945,0.17457504599011153,0.28675597257685514,0.17491335264455696,0.2870406892322149,0.1772343653619408,0.29074336167002524,0.17624800050437428,0.2852301218103168,0.17726824044599968,0.29080816299919515
2012-05-21,-0.13137095059936782,0.1797498802768754,0.2921202057010933,0.1801467220892342,0.2924912615370882,0.18226005582545426,0.2959076168331833,0.18138661824683747,0.2906943762347157,0.18217814433407511,0.2956627639876893
2012-05-22,0.021129129487120046,0.1690545962741398,0.26855845075745277,0.16929759124230553,0.26878133103324175,0.1713107141989253,0.2719866510847577,0.17045709474941495,0.2670705451674746,0.17102969615813313,0.2714677128613255
2012-05-23,-0.006694959173423949,0.15596351869909902,0.25362479674675764,0.15659784978538227,0.2541773090700423,0.15824261071704032,0.25690502287704325,0.15747452451192306,0.25213251017470756,0.1584272292785845,0.2567202201354247
2012-05-24,-0.03601939412382395,0.15311245127135342,0.24719339794200174,0.15343075130597403,0.24753701432516573,0.15488137291808957,0.24997799658616018,0.15434330142610336,0.24612007577381473,0.15488247538082583,0.2495328971967899
2012-05-25,0.010161750259499513,0.14521719584535397,0.23362785853501408,0.14556893059745274,0.23399335192544432,0.14701815069501645,0.23637067270397638,0.14650866105908178,0.2325398036044015,0.14566599591325868,0.23375510974099065
2012-05-29,-0.03412343227313348,0.13952646289977344,0.2264722491838684,0.1402013848316248,0.22714253258848185,0.14140240362146034,0.22930600307528007,0.14086979181882164,0.22526710669524355,0.14029150624518752,0.2269512618868438
2012-05-30,0.13792022595477701,0.1334079166876317,0.21471431227824084,0.1337783114548314,0.21508056670262948,0.13504308231119944,0.21721379365500396,0.13456689521339948,0.21357107035572528,0.13298423063401482,0.21331837665023012
2012-05-31,-0.003319505122852705,0.1578054964745517,0.25998867250633906,0.15834709639540895,0.26054299744014386,0.15979726343201775,0.26299585577712786,0.15918900408241687,0.2588985016660789,0.15584042785823995,0.2561886131153488
2012-06-01,0.10261360420402979,0.16257951113171656,0.26243096381880854,0.16311662851607245,0.26288108638318153,0.16458711946166577,0.26529293783525054,0.1640633328583555,0.26122979934068336,0.16443009649935447,0.26445809602876497
2012-06-04,-0.02046301034233225,0.17703057698106509,0.2894304920976147,0.17685730309865919,0.2893517284135959,0.17855338879374646,0.291999646477418,0.1780730360633861,0.28760530619929703,0.1758155990006777,0.28706309998266183
2012-06-05,-0.0567081053710433,0.17636936344528611,0.28344065784888783,0.17595454288945292,0.2831246689699154,0.17776437353501848,0.2859371534561227,0.17729640853733966,0.2814543959886733,0.17730597067770076,0.28451594666502433
2012-06-06,-0.10770433715810393,0.1650889558261888,0.26399213179526654,0.16526041888597198,0.26414624676910636,0.16686445352153026,0.2666911271749229,0.16641804052598502,0.26269771728319713,0.16494190169235778,0.26309933630904525
2012-06-07,-0.020055366813348432,0.15032667712555575,0.238442858271785,0.15020510814818,0.23838208038673783,0.15157657825521803,0.24052192087499968,0.15119625810472923,0.2369553387812833,0.1489351275202926,0.23587780761582416
2012-06-08,-0.02281821935056993,0.13684792266582396,0.22018823354063582,0.13715771868433874,0.22049378270293896,0.13834700271995048,0.22258158140743325,0.13787444775089558,0.21907222427030845,0.1373685382661612,0.2205479818723034
2012-06-11,0.10413508306822113,0.13001531640866937,0.20921865100936216,0.13016657868891598,0.20940296536833064,0.1312398783813797,0.21122665404795996,0.13082480765234003,0.20772151194613403,0.1300920920113085,0.20903778302709594
2012-06-12,-0.0644253413513601,0.14599700031767468,0.23947139026849026,0.1460201227768164,0.23957600125040612,0.14731708945083904,0.2417414713422919,0.1467058569482322,0.23762923821236231,0.14368238175260842,0.235483551278045
2012-06-13,0.09411600230648426,0.1448675382077994,0.23152568675943963,0.14487894061666115,0.2316111725103314,0.146298835234185,0.2340472110352054,0.14550621828469193,0.22964592964491692,0.14484871227354434,0.231215115322138
2012-06-14,-0.11285084316706451,0.1535852865317269,0.2511505062559038,0.15352746941126166,0.25122536207476487,0.15439156117266603,0.25239213549318146,0.1539082899436322,0.2491328180758927,0.15191131874363942,0.24814761037358654
2012-06-15,-0.02664331471121628,0.14913259681529023,0.23614935428522837,0.14911438006730138,0.23623739770215826,0.1502925377118674,0.23829295406545137,0.14961996214150905,0.2344186255576094,0.14830475102190366,0.23468392496128737
2012-06-18,-0.14175350261424505,0.13507345838823684,0.2171570386980651,0.13508570103579293,0.21726358055027573,0.1361911865244091,0.21922396668142974,0.1355455706929853,0.21545780875976667,0.13606649947385344,0.2186234649022394
2012-06-19,0.0032697576815567068,0.12188844438374305,0.19182222932554052,0.1218487980883982,0.19187209654791307,0.12277725242322672,0.19338780439625436,0.12238269517832231,0.19041313617737582,0.12043821410619188,0.18936995549653296
2012-06-20,-0.06403085169199396,0.10994773443841861,0.17800237531232643,0.10995137970788756,0.1780982715735367,0.1105911396732424,0.17894786567911414,0.1103319945902465,0.1764574654491923,0.11230175073840319,0.18140520336517083
2012-06-21,0.15249202958798133,0.10377534418301963,0.16596746584818953,0.10390825821338717,0.16612917886665318,0.10466916938025152,0.16733786790305985,0.10435079715171694,0.1645492396685077,0.10400018398702723,0.1659734169037089
2012-06-22,-0.10326002292820634,0.13237456768597108,0.2192370383510711,0.13258875347594756,0.21953023910339786,0.1336842612193453,0.22143593630751218,0.13342674601859805,0.21841891364695495,0.12984738917749655,0.21474376596112443
2012-06-25,0.11808975589925669,0.133570558540665,0.21144661140913448,0.13358266335126656,0.21148235325341802,0.13499132369951952,0.21380888491510924,0.13462102131899006,0.21071864279063668,0.13615161765824133,0.21517576371569486
2012-06-26,-0.03292067862008944,0.14889154037110688,0.24350627121747942,0.14882761370841713,0.24366127706554547,0.14979161248079673,0.2454669844609077,0.14924559748230856,0.2418834668998445,0.15058784633201644,0.2459030615842568
2012-06-27,-0.013786279110034083,0.14996563385487996,0.2393351553453645,0.1498362430055823,0.2393741388356473,0.1509370208335792,0.24137850341908415,0.15041433591976558,0.2378052538447703,0.15563275316383945,0.24802814712220178
2012-06-28,0.013279051100173578,0.1426069241074147,0.2284019101996661,0.14289212977587176,0.22875080428115566,0.14372352491640752,0.2302276871758155,0.14337685060257122,0.22738991452968066,0.14829770576057022,0.23700601060169546
2012-06-29,-0.14321793280420522,0.13938874196579257,0.2242889141689476,0.1396243145236829,0.22460409214658558,0.1403867641837344,0.22590970075350225,0.1401297452226175,0.22346904744253224,0.14776393437264065,0.2379800785271347
2012-07-02,-0.01652930195121047,0.1331496421957265,0.20828438985323777,0.1333315843147865,0.20851452457747321,0.13406270289957936,0.20982475468571163,0.13376168814252554,0.20776665741443445,0.1328822170381312,0.20752771581887103
2012-07-03,-0.00836824967051669,0.11622158096655406,0.18624877225484288,0.11618441469027617,0.18630441648865415,0.1169499636175749,0.18768046218661655,0.11655472543446559,0.18506700393354641,0.1196998299265443,0.19161316474883985
2012-07-05,0.04919024419077178,0.11083471329588271,0.17808578969527825,0.11068258748639553,0.17804474332276204,0.11152372259204664,0.1795854297032961,0.11105920074065077,0.1769783984217399,0.11371211244872667,0.18267151033404383
2012-07-06,-0.02312241742085415,0.1162760313704121,0.18935641255559127,0.11600402132690131,0.18918448076891564,0.11711085111635898,0.19106860723570623,0.11656656675660074,0.18809537306726903,0.11769350735404714,0.1916715213177352
2012-07-09,0.050181565534859925,0.11531523143330111,0.18514957363774684,0.11521552372170403,0.18516264394176676,0.11627171064802598,0.18701057125281143,0.11564846887930635,0.1840790724923541,0.11706906429132687,0.1880283455696601
2012-07-10,0.04033244200597169,0.11962559835201451,0.19542799686780835,0.11949337976006275,0.1954177809165908,0.1207223471143751,0.1974028009436414,0.12016830226806263,0.19430075154786197,0.12087632758937238,0.19748916996536217
2012-07-11,-0.042002356115158075,0.12838084379018838,0.20922154182622463,0.12831284039434013,0.20926308614736944,0.12964113760838586,0.2113225671818066,0.12911194354233568,0.20805373777545128,0.12968694951179824,0.21136799227629094
2012-07-12,0.020948946917325628,0.12684251829354468,0.20278063070024,0.1265425240859321,0.202627942885387,0.12759876850736832,0.20436986907590454,0.1272183879231725,0.20152896599410622,0.12777537827519483,0.20451462878187013
2012-07-13,-0.09073799679028437,0.12373097648910558,0.20080522912894186,0.12345587527179747,0.20064668975047326,0.1247165261196639,0.20261162065990124,0.1243168231090786,0.19967489596759225,0.12479599331872178,0.20273479018168966
2012-07-16,0.021862022842772853,0.11859139165105374,0.18751196443377516,0.11827220228400781,0.18732883941488016,0.11922407330743218,0.1888767862745029,0.11889376733453454,0.18626393297725968,0.11905260104395442,0.18842910020797551
2012-07-17,-0.03751556342277639,0.11159021239985732,0.1815811380847828,0.11139985827772621,0.18147835812177074,0.11261178641397247,0.18334179116406138,0.11222127684791552,0.180602237868505,0.11274737786604415,0.18350862736699194
2012-07-18,-0.019608471388376313,0.10879354301360789,0.1747954071451801,0.1086999832522868,0.17477093652950926,0.10985205984981931,0.17643322009252693,0.10949198688696528,0.17390446182972666,0.10980053818925826,0.17639797081323813
2012-07-19,-0.04493004974919495,0.10305794285987148,0.16618070229126936,0.10292680615823353,0.16610053398071506,0.1039924807267747,0.16774050147038225,0.10361327219080461,0.16533931663419918,0.10401640039507914,0.16776984579855336
2012-07-20,0.051713917887192,0.09710692412593311,0.15580338032970928,0.09708594184799084,0.15580121768122426,0.09808722563907461,0.15732082171794284,0.09771729883730233,0.15501247116225766,0.09808332370734568,0.15732893004132145
2012-07-23,0.13491335061797466,0.10147386529148114,0.16686226614712557,0.10137403820319094,0.16680601651271687,0.1025101139971829,0.1684829523203458,0.10214949478849064,0.16595131018151787,0.10251121585554274,0.16848768129660321
2012-07-24,0.09472412782427699,0.13294185776167178,0.21997673671257645,0.13322844027340877,0.22027551952244528,0.13467747416069392,0.2227027710066819,0.13408972815947695,0.21934195077704877,0.13496656183909933,0.22324596906434516
2012-07-25,-0.056784909648049865,0.1590308233944159,0.2600120983510278,0.1598517853539758,0.260758804978822,0.161151870482211,0.26301374127674243,0.16043917607131788,0.2591069422600513,0.1600942981452027,0.2614023062783168
2012-07-26,-0.09826179109200503,0.15748433281555108,0.2513656867156598,0.15825087694432746,0.25210715364592434,0.15945517010021482,0.25423973184654824,0.15876929801091655,0.2506594257855223,0.1574548742106304,0.25101477052951837
2012-07-27,-0.04850497951043384,0.1437017431146588,0.22792628277717855,0.14431578270568157,0.2284764893662956,0.14534014495808187,0.23024382375087196,0.14475924027465162,0.2269726991178212,0.1447228443738263,0.2294012471812686
2012-07-30,0.07662831779251668,0.13015606487730172,0.20820063276402032,0.13042115484194128,0.2084506833346336,0.1313459028821476,0.21005008256313867,0.13083602562869528,0.20710168200633533,0.1301241549899398,0.20819138626436223
2012-07-31,0.04871092800600554,0.1380397584417853,0.22559605938304803,0.1384477460645745,0.22602079156367022,0.13951379757373558,0.2278260998337496,0.13894540641639688,0.2246382923041675,0.13925546039713152,0.22749578635599285
2012-08-01,0.00158353160564422,0.14900883358189546,0.24215110346606913,0.149514128405069,0.24264152368913602,0.15064778393911815,0.24455867754491323,0.15005592479556615,0.24120948114991664,0.15020344191792062,0.24396383453611262
2012-08-02,-0.07613859462786994,0.14845076339619037,0.23941908922150465,0.14862266322619452,0.23966048982300783,0.14969360987604585,0.2414907638683022,0.14923253965915634,0.2382984296520594,0.1481009850080724,0.23904399581673835
2012-08-03,-0.11636116708184079,0.1400188381243578,0.22314451881584546,0.1401431295058997,0.22334292699447247,0.1410277089755461,0.22482231613760872,0.1408461643446905,0.2231526252532898,0.14033659107892896,0.22389344124761934
2012-08-06,0.019627094113688372,0.12547215685193824,0.19843557441616777,0.12568176017327062,0.19869467982161307,0.12647523217181147,0.20008214617016024,0.12612220385137765,0.1977501279457611,0.1263454084800516,0.19989537826956297
2012-08-07,0.0025046976150094316,0.11692612604275097,0.18989749566351194,0.11710812643096459,0.19013139798790135,0.1178841448432968,0.19141158415922072,0.11766220926684662,0.18980889760883116,0.11736761013795187,0.19067941046187703
2012-08-08,-0.04280436253341762,0.11598582673905174,0.18802894014960203,0.11613946846187993,0.18821113379905058,0.11691730816711637,0.18941448828277477,0.11692532432250523,0.18872191792214846,0.11549962603992774,0.18724971471973717
2012-08-09,-0.0026143805740708207,0.1109297682749287,0.1784438941412296,0.11104507636240973,0.178585220256716,0.1119804023242252,0.1801991694248872,0.11196906867744519,0.17908590461877305,0.11093814712654039,0.17871643801169493
2012-08-10,-0.035979896977183824,0.10520216492879551,0.1710533010770954,0.10529051519813955,0.17115808638758723,0.10641664061636658,0.17289974686805493,0.1064018395545779,0.17171383086995834,0.10456261752325799,0.170359828656802
2012-08-13,-0.07316905392711133,0.10074118343963093,0.16258720110403135,0.10089580726132262,0.16269792658504478,0.10179916300830079,0.16403980513431501,0.10177179840651931,0.16327510592819247,0.10037986468761045,0.16211729803637645
2012-08-14,0.08060403241462935,0.09260611262058838,0.14827237594636444,0.09269145045829845,0.14833518837433488,0.09359743507912972,0.149786749177546,0.09356446949282793,0.1488873750822202,0.09312516665557308,0.14934035257978717
2012-08-15,-0.014925650216675593,0.10332008772576237,0.17081154628819725,0.10337632270809895,0.1709083107359756,0.1042949352197657,0.1723366953364525,0.10424146536925431,0.17034005451306508,0.10398320139713828,0.17211554084634148
2012-08-16,-0.023514223090256994,0.10548629584750094,0.17080498099262814,0.10560731803660048,0.17095855502955945,0.10654420539599867,0.17238645245353046,0.10647930112598626,0.17021715526554845,0.10487455132989254,0.16999882473671396
2012-08-17,-0.060580885893927974,0.10090686979053551,0.16314925800989738,0.10105323481390886,0.16332865165389157,0.10196306108204092,0.16477434190985954,0.10185754958072392,0.16243351734155526,0.10019482971574213,0.16233956753006357
2012-08-20,0.041505775558595984,0.09463642159331817,0.15160464588510747,0.09468183303768375,0.15168582993582652,0.09554184767687027,0.1530390807857364,0.09545380126879714,0.15097935740446675,0.09474015353262859,0.15204015638874252
2012-08-21,0.06889776472954474,0.09631446767863429,0.15842122348080906,0.09656599384084145,0.1587055386403691,0.09731734880743861,0.15986384079445215,0.09727548542788117,0.15773802370876383,0.09610777322656171,0.15828191212686227
2012-08-22,0.005974129948659487,0.11221903604672379,0.1844247608182629,0.11231297867137281,0.1845542564985984,0.11314529206495047,0.1859129006254294,0.11307104300981391,0.1839904722871836,0.11265855546137811,0.18536634990871334
2012-08-23,0.05472881573701459,0.1157573903645204,0.18795342645791113,0.11596417906529653,0.18818030212865014,0.11680859412928718,0.1895303141605374,0.11675242886108939,0.18755893421772665,0.1152971630261105,0.18729104524740606
2012-08-24,-0.050106820054178866,0.1236144974387435,0.20266296577815585,0.1240523631465052,0.20303040029819353,0.124859320342045,0.20428377737023853,0.12487946798795091,0.20237866603736518,0.12420034501093997,0.2035070377394468
2012-08-27,0.07424912537577874,0.1219313171643845,0.19574493445542,0.12214652766704076,0.19593668301417466,0.12296796402286204,0.19724468083110472,0.1229160401563308,0.1952548204288554,0.12190636617936473,0.19575194454806252
2012-08-28,0.00852623922824488,0.12905740269516686,0.21202597607749343,0.1292756856415931,0.21222596792982493,0.13017068931813747,0.21354261908908498,0.13023270925395625,0.2115648317771398,0.12995786558277675,0.21347246783500531
2012-08-29,0.03398240549202562,0.1323038366700669,0.21498666617677692,0.13262849701680934,0.21526188467176785,0.13351260683126814,0.21667075850459003,0.13354730311279367,0.21446769093138357,0.13288614297274448,0.21583959603940778
2012-08-30,0.044145889811516015,0.13518980795978103,0.22068283131201455,0.1355575781244492,0.220979880042959,0.13647162319237865,0.2223962802708096,0.13652484862178496,0.22008885863479713,0.1359103969666181,0.2218369043817135
2012-08-31,-0.02039730772908377,0.14245048267715477,0.23285517093136485,0.14243936964722292,0.2328565628033931,0.1436295400791492,0.23438022675288042,0.14365514623294554,0.23215739536346786,0.1432912078016321,0.23419560259534908
2012-09-04,0.028774904897509064,0.1392747340525516,0.22548714847651977,0.13957975616209378,0.225775344944161,0.1404535279324231,0.22695522769044477,0.14062070221630443,0.22530508647226086,0.13946497723331644,0.22576119275728745
2012-09-05,-0.013438052162040926,0.13878678568045533,0.2271968175027138,0.13898077278877405,0.22733668879461494,0.14053051707945938,0.22975436070221314,0.14042104787362483,0.22806570055214442,0.13993114194779113,0.22871673715067595
2012-09-06,-0.128551062625942,0.13505469777046802,0.2195270183840559,0.13543465264212007,0.21983268134625725,0.13672765854311933,0.2219498668500256,0.13668260193409545,0.220161056848636,0.13607139522689582,0.22096663297950755
2012-09-07,-0.08143256196259067,0.12533436922317046,0.1994259128266053,0.12563178049646384,0.19966436173965574,0.12668046753344764,0.20132312876443786,0.12671527475167776,0.19932418764682194,0.12755490085456944,0.20286037017395966
2012-09-10,0.12409900828149364,0.10985679469059623,0.1764988453342926,0.1101590936395944,0.17670115084346455,0.11117550062826814,0.17830553605151309,0.11119422447095388,0.17671642750154531,0.11141417909778173,0.1788746906309841
2012-09-11,0.00795354452760526,0.12816839682803777,0.21258880295203134,0.1287244707966381,0.2130897423782264,0.12956505572031943,0.21439053216807039,0.12973173691001083,0.21257490867611195,0.13047575478196008,0.2162696306828424
2012-09-12,-0.03788096506907837,0.13467058359173043,0.2188306045668812,0.13520439344611165,0.21926141699543983,0.13604090480505546,0.22055844079196127,0.1362175263969661,0.21849450600602022,0.13453048033328377,0.21855743433548594
2012-09-13,-0.11738754425316639,0.12915074471772528,0.2083975224675228,0.1296464941958046,0.20877022437084605,0.13037910089584756,0.20988792462763142,0.1305364010561872,0.2076655247733734,0.1292824064267971,0.2085711275971598
2012-09-14,0.032215671116341646,0.11889635422518209,0.1891954849522596,0.11947139037014763,0.1896604580611848,0.11993036729558709,0.1903023464189226,0.12011991091359857,0.188834005945589,0.1199906306767537,0.19068742148777762
2012-09-17,0.005498295638597876,0.11371655290427272,0.18648191953293794,0.1141541845893646,0.18681896747889173,0.11471385638922324,0.18783313812876481,0.11488288494520157,0.1868478017110395,0.11503916020481247,0.18833557467737413
2012-09-18,-0.028503841430712905,0.11385232527923855,0.1858363063616054,0.11410654619921423,0.18600274172368444,0.11523250948116207,0.1880107715657494,0.11513727829001585,0.18614315042421317,0.11442056469654867,0.18666546691680344
2012-09-19,-0.021383566025322962,0.10981482196687554,0.1782926601740289,0.11009041227316577,0.17846488117534048,0.11117202792536539,0.18027926899271812,0.11110111604477949,0.17849154926483266,0.11019705028744524,0.17869073665869442
2012-09-20,0.013595916047639317,0.10457612903486872,0.170019387463648,0.10492080705975658,0.1702286205868424,0.10584082652388654,0.17190566550336192,0.10575948385398024,0.1703093934328639,0.10499425942398273,0.17054508873097107
2012-09-21,-0.006417134320633428,0.10327197945380469,0.1693257734533308,0.1036363082691503,0.1695503704977085,0.10457387262574952,0.17112006879543704,0.10451585491207237,0.16957982358405882,0.10362016674404405,0.1696346997090137
2012-09-24,0.012086887283582494,0.10128670173297893,0.16544219336129742,0.10198298391221339,0.16598579183056753,0.10259047349897987,0.16715677146669347,0.10252681174802611,0.16588830357017748,0.10179172642873008,0.16597988796706006
2012-09-25,0.0865990422858227,0.10084895102808039,0.1654344821961048,0.1015996950950289,0.16605771602577288,0.1020786274181307,0.16699133982380357,0.10204614377420107,0.16587132554411194,0.10175393884221234,0.16666734326730698
2012-09-26,0.08566028104545474,0.11798474481754177,0.19502156595034606,0.11870176385768051,0.1956756483447654,0.11896896730299485,0.19613748094347888,0.11899098473427655,0.19515596784740133,0.11944581796644137,0.1969288390546392
2012-09-27,-0.12464770968128973,0.13863531370219673,0.2274770598180365,0.13930937711036437,0.22820147032371463,0.13922983282829512,0.22817750598441658,0.13936748377058614,0.22732538220443896,0.13936793404868872,0.22859858516797205
2012-09-28,0.05824347933095203,0.1361914546130028,0.2160114373135255,0.1366230842281971,0.21653119807944562,0.13650993317949478,0.21646013561729846,0.13662788603048126,0.21549880013957828,0.13651311201600083,0.21655555780568414
2012-10-01,0.03682163246577451,0.1334599742052422,0.21830377492600056,0.1340975551152512,0.2189303287763888,0.13420853973433094,0.21918013860565963,0.13420289457916443,0.2180256740616014,0.13300952584826792,0.2175304788143459
2012-10-02,-0.03809389726843114,0.14014654928549686,0.2283563300759417,0.14074023987831516,0.22897750060415056,0.1407394119238037,0.2290513808172061,0.14071425785612118,0.22753535108436357,0.13924773850272545,0.22696363973990696
2012-10-03,-0.017983785892460358,0.13617705432369356,0.21974537625672658,0.13667155255137203,0.22028123566182947,0.1364472439088898,0.2200227508261741,0.13679498896840836,0.21917154953377502,0.13509463664578034,0.21810097874054687
2012-10-04,-0.05872267275756784,0.12800759771030995,0.20727209323478266,0.12843424492063907,0.20776162820993696,0.12821155291587238,0.20745990435828549,0.12850091991275447,0.20627986267201975,0.12707641696054384,0.20585601348046528
2012-10-05,-0.015235751777421097,0.12114675300732113,0.1947273069447676,0.121435298128882,0.1951018440973807,0.12123400877579843,0.19484431736797841,0.12144653246058844,0.1938195015315847,0.12077780117646214,0.19431735785648752
2012-10-08,0.053001534444567615,0.11295625361344147,0.18313081654118055,0.11338648102319845,0.18360322346072114,0.1132536320072788,0.183420980979604,0.11336966297012982,0.18185227916354774,0.1118415440554951,0.1816113912269946
2012-10-09,0.08009361509839548,0.11950159957427259,0.19600861099357264,0.1198309805347784,0.1964412490558568,0.11966856036747474,0.19621942208679616,0.11975331694070318,0.194505128277441,0.11945266585309122,0.19628349208591828
2012-10-10,-0.004898968769089833,0.13583013787966125,0.22304581558644476,0.13624770460404514,0.22371421016614237,0.1357145355758814,0.22317736991726853,0.1359424512066864,0.22167492905695155,0.13597475821790572,0.22382693901037126
2012-10-11,-0.04392173954426861,0.13450626486631256,0.2181711852332118,0.13494846843694003,0.218846932651231,0.13435088974351195,0.21822305625052937,0.13452111146612641,0.2165792591271463,0.13214175640894044,0.21489719726301393
2012-10-12,0.03467097977211764,0.12675820577087957,0.20481833795061224,0.12673004638100374,0.2049446524947111,0.12646515865356617,0.2047997477554375,0.12690303573184994,0.20429677727502046,0.12593851314895152,0.20409680796252047
2012-10-15,-0.05541054361126168,0.1253638558633935,0.20530659332970275,0.1254221283628217,0.20553841691419839,0.1250761796243177,0.2053075731200871,0.1254931911399212,0.20459024657662325,0.12452183300385541,0.2045583803999412
2012-10-16,-0.0032797667970012483,0.1233045676168168,0.19857964786738644,0.12347197599519089,0.19894949975287202,0.12303986184205647,0.19846642913385826,0.1234377316042769,0.1974097115453113,0.1229442663810909,0.19871603465159304
2012-10-17,-0.009904339795135685,0.11457397079841786,0.18638292323807126,0.11472959918719272,0.18673270822956592,0.11429130684541272,0.18625802242116218,0.11463753589699013,0.185414945486835,0.11294134764743123,0.18438710566933864
2012-10-18,-0.002657808873521057,0.11053935134878269,0.1796509819718591,0.1107619732073995,0.18004454888021906,0.11039553379947342,0.17971196023439087,0.11052672957197233,0.17792645074338323,0.10959140460619488,0.17880376162111714
2012-10-19,0.12668833829864995,0.10602572177604172,0.17278652931927208,0.10631653835388744,0.1732296186218907,0.1059138149372775,0.1728584645150262,0.10586153526260958,0.17075907455520653,0.10532274199732354,0.1722488808886258
2012-10-22,-0.02612975263623075,0.1360178823634207,0.22436602875041126,0.13621272479432084,0.2247959953831403,0.13583056798078244,0.22468548471391828,0.13552197143962702,0.22217400242331475,0.13995778307126222,0.2317191100640343
2012-10-23,0.12484455324175868,0.13713760671637992,0.22111705025425712,0.13734431697881855,0.22152153571599295,0.1369576012429155,0.2213790489135654,0.13677012996634236,0.21941830781823252,0.1361056294078122,0.22023791388370637
2012-10-24,-0.02691228081744742,0.1587105109875946,0.260951506881239,0.15955844754837747,0.2619389388303101,0.1592065309368382,0.2618033759867199,0.15887794189222582,0.25825670866060935,0.16102050956421995,0.264996573592194
2012-10-25,-0.011522761236780263,0.15678283616177904,0.2532020534804773,0.1575944619293964,0.2542408635798752,0.15700704966729948,0.25366803715832026,0.157217137709503,0.25225680673512324,0.15650319742182434,0.2530454740928013
2012-10-26,-0.017256203313263132,0.14798804637664845,0.23979773135257662,0.1486769386192947,0.24058116607655852,0.1483592099383963,0.240338432744545,0.14851323280881495,0.23866512029876724,0.14795592736649046,0.23993208853054837
2012-10-31,0.043401483417585415,0.13982453293145958,0.22658910744967925,0.14067539366940868,0.22752587870965152,0.1403419937450857,0.22736126080070343,0.14045380279238381,0.22561770737834003,0.14025906262610718,0.22744356925229506
2012-11-01,-0.10835184304541183,0.14177816145803243,0.2317791054722057,0.142590048648746,0.23271892590537022,0.14223497876883232,0.23254085550395548,0.14235668314474512,0.23082322167378305,0.14273125250834495,0.23352898547479628
2012-11-02,0.052520821075722944,0.13646958273351614,0.217360572441321,0.13677596529385933,0.21787031792755432,0.13633918950023644,0.2175590517622308,0.13648503613459742,0.21629642987187203,0.13742910977923717,0.21952956793983816
2012-11-05,0.04610647207769399,0.13446373034577097,0.2202844334978725,0.13505491620604468,0.22099155965767717,0.13472625322671924,0.22078358405360862,0.13486115368730517,0.21935628825031794,0.1350698187682837,0.22156037988821253
2012-11-06,-0.04667513857012998,0.1431419627975595,0.2337602566407921,0.14313960740879816,0.23400690842460414,0.1428776045182029,0.23397311256849884,0.14294503837473024,0.2322479911689598,0.14313713670725034,0.23464719609451812
2012-11-07,0.08187877376310947,0.13830660894898783,0.2226583588528965,0.13831509663075256,0.22294901727922536,0.13794198567571103,0.22278860687685406,0.13800813823046265,0.22117468525216324,0.13802395371291165,0.22313415632972144
2012-11-08,-0.031410620621107,0.14666694123303334,0.24087316221555832,0.14694028710969656,0.24137248605307743,0.14678503425347716,0.24140713488841967,0.1468752747587603,0.2395986599451729,0.1474446985735944,0.24266711062625831
2012-11-09,0.006469025255125947,0.14402831697240928,0.2325238886291338,0.14376443237066547,0.23256935215261468,0.14355207912904178,0.2325395916836994,0.14367235037703685,0.23091792190757818,0.14338767931749813,0.23248925421978867
2012-11-12,-0.10948867372355874,0.13561998730227104,0.22117239119735563,0.1351301491078848,0.2209050195332168,0.13489407092831615,0.22074385094532625,0.13520254097176804,0.21942162334573911,0.13464481907605894,0.22058723202740865
2012-11-13,-0.0018001805041479657,0.13067607801779116,0.20859288382546123,0.13047257283633565,0.20860014808427785,0.1303688563557202,0.20870180405403665,0.13039220120155498,0.20720864525564456,0.13119598354413203,0.2102215381469951
2012-11-14,0.07350719112033181,0.11920840529076415,0.19377458689407207,0.11905956147761879,0.19382166365890036,0.11895373349637034,0.1938605030403998,0.11894280100548961,0.1924088707921561,0.11885694012072977,0.19379993846414226
2012-11-15,0.0038986404156571017,0.13088454457835672,0.21497142064632135,0.13066277733584442,0.21498333265446154,0.13062454940808593,0.21510473549369935,0.13067838002093357,0.21360798088653246,0.1309747841831224,0.21575693434318235
2012-11-16,-0.09192514286044211,0.13271277867026815,0.21501058425732578,0.13250881724690367,0.21504559570800677,0.1324145757894231,0.21509626305694407,0.13245157162563992,0.21343355359174696,0.13236680264727124,0.21506119441465224
2012-11-19,-0.07396735484349935,0.1256369978550113,0.1998904808642904,0.12543436376684097,0.19990189562369592,0.1253395392671387,0.19992166804501976,0.12538171016977218,0.19834697962294154,0.1262881938290455,0.2015935950006403
2012-11-20,-0.010554187678690256,0.11261414968520574,0.1814693910273102,0.11242724286019817,0.18144566517881686,0.11228303331851128,0.18132290872577606,0.11233634524984888,0.17967368036340953,0.11202366190528319,0.18081645650978853
2012-11-21,0.015136847089782508,0.10367083201454946,0.16934088118036203,0.10310068571398713,0.1689583173193233,0.10318575145391419,0.16921263121593583,0.10307317569118149,0.16717185628622314,0.10324807953363507,0.16923821917631662
2012-11-23,-0.011165961660289693,0.10329194929523405,0.1696407982855817,0.10273845551927802,0.16924853988511995,0.10295243544977238,0.1696858425741652,0.10277355532084469,0.16760071127095727,0.10295950373624384,0.16967423876899385
2012-11-26,0.023499775915898163,0.10052629549864718,0.16428691220655212,0.09997815933458662,0.16393357834869035,0.10001783734718918,0.16412446930967867,0.09988325497857958,0.16207463604201078,0.10007147481196275,0.16412834373959748
2012-11-27,0.02673615649103602,0.10233370620846084,0.16845241537351047,0.10180713833088689,0.16808048497923958,0.10202568142535849,0.1685288307120652,0.1018300633557598,0.16636403344019052,0.10199144705872673,0.1684419297844409
2012-11-28,-0.02609120322778949,0.10724683120020309,0.1763620979311623,0.10675847803760914,0.17601682172909036,0.1069284292608514,0.1764075001360155,0.1067557814624376,0.17432483933883217,0.10691523035788174,0.17637435738678295
2012-11-29,-0.029442754816699918,0.10479879571329542,0.17040267555408525,0.1042840706453596,0.17003408407475934,0.10441309962497419,0.17034589364009314,0.10427880790108705,0.1684403638112428,0.10441465166242254,0.17035251898549628
2012-11-30,0.05238831216657014,0.09932431357298988,0.1614271256731213,0.09908082317521569,0.1613087678420594,0.09910979923041632,0.16149844363891447,0.09899165714139535,0.1597278790262714,0.0991760964889885,0.16165119300233774
2012-12-03,0.04737890085474499,0.10657904771203779,0.17593300518592675,0.10650215937820455,0.17601606884958534,0.10644227457018843,0.1761186293734098,0.10633727656732311,0.17411284956264084,0.10659992466853961,0.17643665814072496
2012-12-04,0.028437935320533625,0.117816615578421,0.19367758369563493,0.11770852702405663,0.19374212022360368,0.11766893911411086,0.19388013732796897,0.11756107266879455,0.1913486282048593,0.11784119923564389,0.194257139995706
2012-12-05,-0.03931417546467225,0.12319585024146953,0.2017795347626895,0.12306358209464456,0.20182344570241068,0.12305532603697894,0.20205611426804132,0.12290719645424573,0.19943696093967245,0.12300618594105978,0.20202794368739357
2012-12-06,0.007263954458225057,0.11911223683405872,0.19274016205629083,0.11903943450145864,0.19283393258449155,0.11895092581234076,0.19289217507403955,0.11888674508656223,0.19030764781115198,0.11894910267003875,0.19298853549441394
2012-12-07,-0.041878040480963,0.11427832091157701,0.18648270844190776,0.11433428147299725,0.18670805176914007,0.11424134770138117,0.18674782130957016,0.11419868173739398,0.1842472438811136,0.11408904600845862,0.18666537141686984
2012-12-10,0.009389740349839137,0.10958628041666957,0.17711377929712252,0.10970741500363075,0.17740232019882252,0.10958223577478585,0.17731644959646417,0.10960236945554577,0.1750638727307782,0.1098818242507653,0.1780014017319478
2012-12-11,-0.030362863730117935,0.1053343916025138,0.17214089114947395,0.10553602091078472,0.1725292679728039,0.10532658870715161,0.17224886092814626,0.10540213240377001,0.17004351958313568,0.10528907948802022,0.17240240347484612
2012-12-12,0.024112843384946545,0.10190327253373983,0.1651630712103853,0.10207816826833829,0.16550199226076118,0.10190750364835262,0.16522290852935156,0.10199778048182843,0.16305464195669395,0.10219764562596395,0.16589567253629128
2012-12-13,0.03753131972626001,0.10195333088115385,0.16732238324060691,0.10211040780467029,0.16763870807730252,0.10195849602840283,0.16734853419354645,0.10205532834004025,0.16503844552575156,0.10218730782202201,0.16791477179852504
2012-12-14,0.02622319509910256,0.10871339110816779,0.17880363377604144,0.10886686818049846,0.17911081866564824,0.10874140127261084,0.1788153832036729,0.10884367713133682,0.17620374676209583,0.1091663320615611,0.17971255355917504
2012-12-17,-0.03959725462435925,0.11334307723073814,0.18597746792204858,0.11358883998968934,0.18637626390287182,0.11338054937354183,0.18593686066852386,0.11349006077068075,0.18321146317177336,0.11353143504522699,0.18637403324755644
2012-12-18,-0.04827010358594987,0.11002852171976968,0.17824069305195284,0.1102316517679246,0.17855778550908286,0.11004161343089038,0.17812423668119182,0.11015283250693722,0.17560857262632454,0.11024223318343848,0.17862377768447338
2012-12-19,0.10882272338629703,0.1026947595799711,0.16626409915040832,0.10293598596747437,0.16657487340206933,0.10272400063687792,0.1661266338020238,0.1027893682157772,0.16367978318247187,0.10310177724103692,0.16691043908096542
2012-12-20,0.017699577099401075,0.12092701718142862,0.20102011081024088,0.12100351517120153,0.2011783163739078,0.12077076280837636,0.20078507701030276,0.1205872919992017,0.1972692064655272,0.12225597102133104,0.2034704835636604
2012-12-21,0.009574840820258269,0.12810942904415698,0.20929642514199198,0.1282190244805646,0.20948740850610356,0.12786610563924947,0.2089001670944142,0.1276507129192696,0.20536736221863985,0.127394185813196,0.20830644803492618
2012-12-24,0.0,0.12645237848422733,0.2064384105059124,0.1265170628152642,0.20658480541909682,0.12604243410451393,0.2057813995558741,0.12593647520470955,0.20293239292744403,0.12563459632895188,0.2052435940713079
2012-12-26,0.08794517106252565,0.12234086872690136,0.19959865498702523,0.12237509821640508,0.19970751353964233,0.12175119628190229,0.19864150664879765,0.12193812977484048,0.19610250815638408,0.12119607647568818,0.19790684512368828
2012-12-27,-0.0005134788302807728,0.13654362909057374,0.2261175153869814,0.1371036466761507,0.22671749844443273,0.13664420805607508,0.22596627788831283,0.1367931749257901,0.2228097997603858,0.13767978398229222,0.22792300322494208
2012-12-28,0.1543707744688423,0.137521579114042,0.22407898030985457,0.13755765785097004,0.2242213270860976,0.13694778867508411,0.22320972653380378,0.13713452404756765,0.22031731363764645,0.1366084862845033,0.22280751432377446
2012-12-31,-0.23176334167275878,0.16685814324349185,0.2767451177464435,0.16745997457728914,0.2774510632033629,0.16674880006659862,0.2764321882238707,0.1667678809524821,0.27254546801616214,0.1672620390238647,0.2773202796250557
2013-01-02,-0.20499622899382236,0.1642972469882324,0.2576736964859887,0.16487104247242043,0.25842396850716015,0.16417230499622285,0.2573096982318453,0.16400028352536083,0.2531838366703404,0.16690361659315026,0.26205780394658545
2013-01-03,-0.008207980417829509,0.13693276746031738,0.21542143096786062,0.13736419269604921,0.21600883071913962,0.13663669106031365,0.21490528381951074,0.13661789644952452,0.21190104880008814,0.1406396368624031,0.2218184695346287
2013-01-04,-0.05143789709187312,0.11790108000647517,0.19201819274376514,0.1184614021496464,0.19278086874119754,0.11790781700359446,0.1919512165129317,0.11797229301690637,0.18868542438046124,0.11610172972841047,0.18978096977844888
2013-01-07,-0.002896453871456495,0.11213342159468835,0.1811038980955531,0.1125621938083258,0.1817321454631439,0.11203243138542796,0.18091168456749837,0.11214190757913217,0.1781054201047035,0.11174882155346165,0.18115897034001757
2013-01-08,-0.01240439108384414,0.1041359388211945,0.17010322023519545,0.10472220805639522,0.17080831247422726,0.10434929497444205,0.17034521291709667,0.10419978025918253,0.1666293410506568,0.1031476235220087,0.1689235860238272
2013-01-09,0.01385366669983444,0.10163227362574617,0.16565588269596895,0.10182080333186024,0.16584509504453768,0.10161962974617118,0.16571556679719798,0.10165745191962827,0.16308824326102492,0.10086204393587332,0.16473859854370004
2013-01-10,-0.023444297201536256,0.10066225873638845,0.16494039009668301,0.10097960773607502,0.1652450723471443,0.10061171863425969,0.16473312817275143,0.10082161008602433,0.16231355086361773,0.10047013287528941,0.1650401155436355
2013-01-11,-0.009683502111164892,0.0975613182145259,0.15890303784938284,0.09792351523256394,0.15923758495807414,0.09777455930790024,0.15923695213390932,0.09773287459065658,0.1562407328845294,0.09772220956364341,0.15946295552492418
2013-01-14,0.011904902506318458,0.09331867174016921,0.15264652438540652,0.093759855129078,0.15304343976791676,0.09366099045542743,0.15316782013834718,0.09356421999246381,0.1505470528054597,0.09354818396125135,0.15337894428422513
2013-01-15,0.0022164767108919688,0.09329090798001136,0.15338751319628816,0.09361402780455844,0.15366248257836168,0.09356210099056855,0.15383604163005396,0.09350615154194696,0.1511309890464017,0.09373171740475117,0.15445615931954151
2013-01-16,-0.009640415782174266,0.09284629177074004,0.15242844959365942,0.09301763978312882,0.15258861805462537,0.09297095175739668,0.15273282423066228,0.09296280909779756,0.15006681838379543,0.09297067982667091,0.1530329590998191
2013-01-17,0.011115342303242102,0.09045828235430257,0.14829865175600937,0.0906032589920125,0.1484499121654893,0.09066543118544416,0.14875232254576387,0.09058829890495708,0.14591885582333436,0.09077025240011474,0.14915883567664415
2013-01-18,-0.08533796048747068,0.09086828105661907,0.14973967024199977,0.09118517124649882,0.15001760795370736,0.0912379109240271,0.15036971483773776,0.09113519824995418,0.14742456650357288,0.09151257421273183,0.1510089466785586
2013-01-22,-0.0024106078366873777,0.08484457694877566,0.13675831816583586,0.08520636673454125,0.13708941470957917,0.08511146014878358,0.13712369904265465,0.08506893465896967,0.1347883166945981,0.08688594707748148,0.1402449804557107
2013-01-23,0.002410607836687344,0.07860458024817314,0.12935539281918879,0.07892010026687843,0.12963887975063673,0.07885485984876431,0.1297150452716952,0.07879206976510514,0.12738861494372503,0.07890306233678873,0.129977515731178
2013-01-24,0.018290768366989018,0.07825949943079272,0.12902397585170738,0.07852286863392205,0.1292608543162387,0.07855879443635824,0.12957523660211312,0.07842380103826097,0.12698365719538823,0.07858279738266152,0.1297217951560783
2013-01-25,0.01563753522479975,0.08170495528318408,0.1351791003451709,0.08203512067041592,0.1354743591609706,0.08205641684868349,0.13576786981943603,0.08191849572128303,0.1330350138090016,0.08234358534193818,0.13635351676449164
2013-01-28,0.05140965689568166,0.0852181360749919,0.14091441136416522,0.08561148903293272,0.14126189112132273,0.08562572784177595,0.14148283855237387,0.08549733814164634,0.13865660890725237,0.08580545870034546,0.1419195009463723
2013-01-29,-0.01934584143975752,0.09682311669405821,0.16082442641687822,0.09714106464109307,0.16115557788586637,0.09719620288226467,0.16144855215920384,0.0970183509221135,0.15808210868496694,0.09771663615517621,0.1624465873971759
2013-01-30,0.07314152912547936,0.09605655282949761,0.15743209488059795,0.09643777714976234,0.15780142585127535,0.09641889252956741,0.15791993882093303,0.09627961326840982,0.1547656815992235,0.09634268664148729,0.1579166898564552
2013-01-31,-0.002797204621061254,0.11041123992241754,0.18319228837568766,0.11069148509240886,0.18348936050162276,0.11062488061700078,0.18365833135404006,0.1104612808692374,0.18020955374527886,0.11123387844478662,0.1848057933098145
2013-02-01,-0.10163264554381189,0.11164526507839455,0.1828900932153254,0.11191241088526209,0.18315966101535544,0.1118460637524871,0.18333849708517885,0.1116223547578099,0.1797635564643114,0.11157691923212487,0.1830165228586546
2013-02-04,0.1285772807872639,0.10217743908725689,0.16443243117305972,0.10237783146834598,0.1646464160845544,0.10227171264750615,0.1647323529525679,0.10195235684655535,0.16126613278255214,0.10263612045514664,0.1654007720634794
2013-02-05,-0.06694996985715115,0.12606104152524594,0.20991180108231788,0.12664995328819814,0.2105979530370798,0.12631559980349485,0.21044778588740842,0.12576704236775252,0.20520148040238545,0.12753976774247414,0.2127791769226816
2013-02-06,-0.022853925004151995,0.12532834969185044,0.2024770688575538,0.12584258566754908,0.20307204429944722,0.12572758218756902,0.2031674254919791,0.12556057655837521,0.19960061058105327,0.12480394484067615,0.20195223274423602
2013-02-07,0.006688988150796489,0.11571315133482013,0.1885791273844308,0.11630796585708915,0.18924816146728435,0.11616352269215309,0.18926758784945527,0.11602150545512538,0.18595333849810436,0.11486413180362355,0.1874395308025326
2013-02-08,-0.03620304866396059,0.11236262544703772,0.18437982194454056,0.11300437728457206,0.18502584418542142,0.11289754425615493,0.18508107328348106,0.11274532005123256,0.1818608451324019,0.11131031697430327,0.182823291111035
2013-02-11,-0.006163347707668688,0.10767854868685049,0.17516241291406484,0.10824858547217998,0.17576296373890307,0.10816359196642086,0.1758300262303344,0.10807049807641331,0.1729449438135832,0.10734041185876601,0.17480688813773756
2013-02-12,-0.023456900354043093,0.10307520258940107,0.16844126122519681,0.10331961343241107,0.1687265495639772,0.10326908643985995,0.16881022621184041,0.10327350380940423,0.1663039243279224,0.10218583362851438,0.16731203274026332
2013-02-13,0.026543322557232497,0.0988491925576694,0.16111712334497152,0.09916333905145121,0.1614704851429069,0.09910371537406337,0.16158095251356971,0.09906809727660836,0.1591119085871234,0.09833218395742828,0.16064374223357494
2013-02-14,-0.024962294559913834,0.1007808436775218,0.166043261155619,0.10099383614315335,0.1662751917335508,0.10099413010221366,0.16641589587570668,0.10095333047698418,0.16388779306922951,0.10040330386649206,0.16578677715919382
2013-02-15,-0.015923903356723022,0.09856827653584548,0.16064081251166978,0.09876261262475339,0.16084201648692648,0.09876279552529409,0.16094833333024178,0.09871887967606231,0.15851671252374017,0.09807579162328553,0.1601394525463583
2013-02-19,-0.01211157316294502,0.09404625438224888,0.1536282905723987,0.09426715555026437,0.15385577202254055,0.09426131637689811,0.1539450723833344,0.09426291716962489,0.15174197938588646,0.09355119148237787,0.1531044417230854
2013-02-20,0.17607408299000737,0.09034832318728862,0.14778801184974832,0.09027388149262265,0.14782023443548004,0.09014535165190207,0.14763360244929014,0.09038794324584497,0.14585317590033797,0.08975002987516188,0.14715082099425805
2013-02-21,0.036124329247170295,0.1365526600619658,0.23010844333791888,0.1374258779385,0.23101308478037993,0.1372135679125059,0.23099789784418173,0.13718538004906797,0.22778315556814935,0.14023509237810688,0.23618778962027
2013-02-22,-0.07148329873095081,0.15093224800832122,0.24883599020796918,0.15183587463048404,0.24959380104079507,0.15195436934913484,0.249998388273262,0.1518757174284901,0.24662424235878666,0.15072769815446277,0.2483185289837701
2013-02-25,0.29278547112160536,0.14378481889829955,0.2327997838095676,0.14434591366039118,0.23339997364087167,0.1442595987636248,0.23358425424849802,0.14422641077377055,0.23047800748081682,0.1436324409577359,0.2327695484537176
2013-02-26,-0.11837562826631749,0.21978898741735622,0.3702239811695204,0.22099870466662438,0.3713896564512058,0.22103430151160575,0.37211451702010806,0.22025777883215572,0.3673221040058913,0.2220650051359723,0.37393503979513154
2013-02-27,-0.13565066608333803,0.217917263396897,0.35243587268989757,0.21905440985871888,0.35351467157934324,0.2189924358358789,0.35393963458535177,0.21840308751217063,0.3499623399322717,0.2174242970915211,0.35167463781262986
2013-02-28,0.05159874671390851,0.1923111291572807,0.3104903967129495,0.19332712442127542,0.31145008000708346,0.19335003869871034,0.3120193138983689,0.19254325056613936,0.3078898808457109,0.19265188100791444,0.3111674929775641
2013-03-01,-0.00971824946892134,0.18305659340123367,0.3025033901384369,0.18424425186940568,0.3036181574873735,0.184124553308057,0.30396908597411915,0.18331488516118136,0.30002697424225017,0.1822177176635413,0.30127129728824253
2013-03-04,-0.09199536737061047,0.17600669241340633,0.2887418849680229,0.17701922266603642,0.289700338708485,0.17700045564459355,0.2901490634903025,0.17610794365736462,0.28622018583384107,0.1741642349450398,0.2860844970932692
2013-03-05,-0.03856425486475457,0.16235215608334563,0.2632274457338757,0.16329281818580033,0.26412603606228346,0.16324739295594817,0.2645262880767255,0.16250866670010197,0.2611939378066051,0.16265411599273713,0.26398394613346954
2013-03-06,0.0037023366985355194,0.14729631611961336,0.2407172738487596,0.14825533498531465,0.24160280522388625,0.14825313722564026,0.2420085952113066,0.1476423012070278,0.23894250754464058,0.14712474752570096,0.24057025234088447
2013-03-07,-0.0353553183344116,0.13967005603655097,0.2300819700088648,0.14055973301721753,0.2308804645663752,0.14062975215764753,0.23139218249260232,0.13979771934213622,0.227739147690648,0.13888688125236942,0.229062502100805
2013-03-08,-0.03665127579202922,0.13257983450263747,0.21705398084789831,0.13336337325789424,0.21776789602963828,0.13338774404618786,0.21815944301804638,0.13253681510962598,0.21464376931741058,0.1323657582736596,0.21710120288236023
2013-03-11,-0.08535198481202433,0.12328532934236906,0.20254701031019168,0.12383668992965388,0.20303195526512854,0.12403659147353893,0.20358111996233774,0.12354388566727012,0.20083186855472712,0.12363269801203154,0.20329255389019418
2013-03-12,0.05960639547858855,0.11337813886697912,0.18434778964595885,0.11348078320987376,0.1844935855711851,0.11368322672261712,0.1849021990079098,0.1134031728024696,0.18302612523265807,0.11404664132947227,0.18570354288324972
2013-03-13,-0.0365185807325246,0.11662443825778897,0.19577679873066006,0.1172597874367989,0.1962843229713974,0.11736086308851956,0.19659078709531994,0.11705621237491845,0.1943103651472834,0.11732091113196137,0.19685668068746662
2013-03-14,-0.04583595227200046,0.11506325643995648,0.1892101613777345,0.11570617602975602,0.18973079542171523,0.11582227794600629,0.19006021153568006,0.11546494039925491,0.1877730208540789,0.11522567737628908,0.1893915147937706
2013-03-15,0.0,0.10678072552657294,0.17524938858364447,0.10746248934364411,0.17579627362137526,0.1075565240220352,0.17610205489983558,0.10721565036564,0.1739602885037289,0.10729686280614897,0.17600858051678664
2013-03-18,0.16746244239020472,0.10071709420722703,0.16717840128146552,0.10140361701040985,0.16772111250975053,0.10161898202523735,0.16821185990394166,0.10114099745429396,0.16588167081383756,0.10044942531023927,0.16665456136363438
2013-03-19,0.07426835279077684,0.14422751383303622,0.2440869684175326,0.14528236603959882,0.24489883360377693,0.14566647316149564,0.2456792453560579,0.14517869660839147,0.24302510783006373,0.14880217254803077,0.2512962932750317
2013-03-20,-0.1272965265662288,0.1670584821085496,0.2811307410122709,0.16772552343455685,0.28175037861256175,0.1676832146596416,0.28204917636890275,0.16757286250111358,0.2797755744131131,0.1670805676631908,0.2813417892530396
2013-03-21,0.09910579434434205,0.1595971064686368,0.2603225009197423,0.15996816025141525,0.2606818454602548,0.16009875273549967,0.261087662160175,0.15995179923112335,0.259001309259254,0.15992534548368723,0.2610903811676611
2013-03-22,-0.03048131483061207,0.16499335527800268,0.2777817272560642,0.1653735462581287,0.2781919224314994,0.16570023842696815,0.2787682773454681,0.16559025012775494,0.27682179133749363,0.16490318746447571,0.2778797926477385
2013-03-25,0.01244981294742557,0.16200718564061778,0.2671470620877002,0.16259056597307875,0.267688959118092,0.16287527044867503,0.2682173463779503,0.16278642202826163,0.2665535425574547,0.16039113989234596,0.26467204162783603
2013-03-26,-0.07321261674975543,0.1551666120774927,0.25734579828716986,0.15590461837813618,0.25796590017690624,0.1562049557407211,0.2584858489387255,0.15606605161425008,0.2566474390100371,0.15349469532723312,0.25472280623703375
2013-03-27,0.02932308857932572,0.14591680559872663,0.23898104886868998,0.14649489535533317,0.2394845552855081,0.14670933202268616,0.23988234321335974,0.14663933889275255,0.23823640790242318,0.145728540295763,0.23884833478962617
2013-03-28,-0.03481976515922804,0.14098100525236223,0.23463399701724413,0.14166346225819715,0.23520766557667344,0.14193020051019642,0.23567165749970112,0.14183524622855656,0.23405009205699195,0.14027353521768954,0.23357366444294794
2013-04-01,0.06699612866600453,0.1358922143236114,0.22326021833558748,0.13676515067803513,0.2239814201050957,0.13697556022118682,0.22442241193839887,0.13679762266932227,0.2227614532432975,0.13558273517266767,0.2228069649567366
2013-04-02,-0.060716673181161335,0.14299811197206203,0.23885822557735067,0.14385296448272586,0.23956047729716143,0.14433229067935724,0.24031607989173231,0.1440657539189001,0.2383857834952572,0.1439157159514729,0.24043905682915742
2013-04-03,0.10606449315962067,0.13901277536184184,0.22722619113425271,0.13988750513154463,0.22795337380626346,0.14015537387352445,0.22846422842250544,0.13992554741108174,0.22670747424067728,0.13947026110805338,0.22801194156256038
2013-04-04,-0.022776785342756924,0.15328920908498161,0.25679031505315675,0.1539391233476777,0.2574118722548895,0.15426142835843434,0.25801927208702974,0.1540541859101644,0.2564144260240264,0.15496629419704722,0.259995949371226
2013-04-05,0.0021574981400210927,0.1532538720832957,0.2510586613381195,0.1538933920671485,0.2516567851400851,0.15426193498793034,0.25228735733325913,0.1540342213802359,0.25061874478449075,0.15241470122033357,0.24999984931239758
2013-04-08,-0.05386768817705044,0.14609698732453547,0.2402788390549838,0.14668156998408877,0.24084366168940768,0.14701905426145867,0.2414189051967342,0.1468196202531401,0.23986408612456342,0.14528204558396574,0.2393682629662699
2013-04-09,-0.02689366846740813,0.13772670715955176,0.22431562666363308,0.1382771910222072,0.22482209702234823,0.13864889505939734,0.22540733997391801,0.13842945538234613,0.22393250984706373,0.1386139839922219,0.22601076111950213
2013-04-10,-0.038099846232270404,0.12418106463915642,0.20284821650640347,0.12397616116836518,0.2028054450484482,0.12418067713844755,0.20316420512088587,0.12393580923671471,0.20176636713476853,0.1242175900120796,0.20316250352785573
2013-04-11,-0.009756174945364572,0.11622406587465543,0.1899638150650757,0.11639424214117045,0.1901349040319874,0.11659030070405425,0.19054065608715665,0.11621931818897002,0.1884502975016847,0.11659061344353967,0.1905452195723116
2013-04-12,-0.014815085785140587,0.10862319671851921,0.17876717185378335,0.10878356396785524,0.17891405447788206,0.10902278671196539,0.17934917905917463,0.10867177857101755,0.17743967575290817,0.10907018038556231,0.17936558693568627
2013-04-15,0.35907670085954785,0.10410500943690813,0.171313144171751,0.10428595219507869,0.17145373072780182,0.10450386002683971,0.1718506857118508,0.1041416808800612,0.16981066965673042,0.10450479830078306,0.17183219021541213
2013-04-16,-0.21277479482436074,0.24053544336179805,0.4299208077650676,0.24067228919367317,0.43016456088899957,0.24022101454273317,0.4301524117474024,0.23999838294163198,0.4220421322656944,0.24169875712139927,0.4326822018228559
2013-04-17,0.16777016059781025,0.24673266513104394,0.41520511279128114,0.24607363641303703,0.41451677699124545,0.24538497599638076,0.41358243076710527,0.24506780363509761,0.4062580271192518,0.24461767211247484,0.41242026437559665
2013-04-18,0.06165733027493376,0.2549098082304485,0.4468966892129743,0.2543073894291307,0.44674951983212546,0.25287177342311146,0.44433928315200966,0.2526271621714566,0.43643115630956,0.25164044043732603,0.44245678918164155
2013-04-19,-0.15957538977543348,0.2599070572585785,0.45024612951778864,0.259052830808989,0.4494942802881889,0.2583222027345218,0.4487793699737347,0.25802371494587967,0.44051778584149104,0.2551471492536384,0.44368437349728673
2013-04-22,-0.039514677532260505,0.24001185477247983,0.4058592616026386,0.23937707120386392,0.40545473964616713,0.23844389503890892,0.40396536863907917,0.23829230254982142,0.3967680753241973,0.23789968164246333,0.403374617113262
2013-04-23,-0.06532641541511551,0.2092280351686302,0.35892276070076723,0.2087326906693409,0.35853202584424,0.20833885860127424,0.3583763505607245,0.20815742817124464,0.35209052821799874,0.20642108432826645,0.35545496131367216
2013-04-24,0.009597711179213755,0.1898518274783378,0.3247420620299848,0.19000708051992946,0.3252919239671667,0.18943519625393063,0.3248667975448602,0.18927992567543686,0.31924708530064794,0.18852540889053931,0.3235437851754373
2013-04-25,0.0007344840579916562,0.17575785139350927,0.304442320323071,0.1762493353097815,0.305215346704659,0.1759594091219357,0.3054394544989945,0.17565203664734605,0.2998891769500117,0.1740488450103709,0.30245833371318515
2013-04-26,-0.0007344840579916098,0.16811182296342309,0.29108405662142905,0.16842873327343807,0.29147232761911357,0.16843997760948257,0.29196022968276497,0.16807750129951035,0.28685455902616047,0.16698353080654066,0.2898206146100049
2013-04-29,0.007320676910848397,0.16026345617517623,0.2773571904071557,0.1606562690950334,0.2778850104285485,0.16054303593116537,0.2782665710559338,0.1602429736759828,0.2733816920653934,0.15974350240619814,0.2771895694595204
2013-04-30,-0.013955422959405078,0.15508747715235033,0.26923102132962173,0.1555126101321077,0.269655312862619,0.1555984262539885,0.27024289229038934,0.15519944877798705,0.2652648955539965,0.1555472092425108,0.27043045142639566
2013-05-01,0.06928868571777293,0.14775595463461236,0.25547999663244325,0.14804818322137275,0.2557514060243884,0.14814385808792585,0.2564283134738443,0.14780622258181822,0.2516331772138027,0.14870940907611918,0.2575738306249103
2013-05-02,-0.06412452816953867,0.1569791522968042,0.27533042973333577,0.15745305636804874,0.27592596053983715,0.15726637249344733,0.2760898918715549,0.15679956936985037,0.270754651426931,0.15986058560472421,0.2808806261013162
2013-05-03,-0.05599041682182356,0.15078635065035725,0.2579896085614658,0.15130385285599304,0.25889815240800146,0.15085379135891783,0.2584749232150496,0.15063970768579985,0.25409630344659656,0.15298439801955255,0.26230007104660336
2013-05-06,-0.014896394625198624,0.13671969378840768,0.23490605789866228,0.13732070819140124,0.2355258951052712,0.1372067268669992,0.23585597183191603,0.13683377540763325,0.23121468970541212,0.1397087022383509,0.24036736448215135
2013-05-07,0.013338761911514941,0.1270892620565638,0.21982517049153777,0.12767405380968255,0.22064941454749384,0.12734462758845155,0.22066786561944793,0.1271295968608636,0.2162974122550841,0.12861376719578965,0.2228467203022155
2013-05-08,-0.013338761911514924,0.12512688748354045,0.21779525435029487,0.12550795260300007,0.2183096631918518,0.12528287361988977,0.21866456650346386,0.12490419455616486,0.2137013706514191,0.1265641970165603,0.22084574615745126
2013-05-09,0.036452271598674826,0.12046436799277094,0.20875674821559137,0.12066029305200625,0.20903975046837772,0.12044327541643499,0.20924368354608444,0.12000376351317187,0.20461141249225423,0.12167027976049465,0.2113571440274245
2013-05-10,-0.0419968402584491,0.12402293241124253,0.21709370823617719,0.12413219594469478,0.21724997178683392,0.12392759084109409,0.21748521971816792,0.12350367401701375,0.21383588083506397,0.1260267671891479,0.22116532397270253
2013-05-13,-0.003182182478462831,0.11928561124216222,0.20572201737324902,0.11950494342304172,0.2061361398718699,0.11926435919022298,0.20601573226315872,0.11917279334890134,0.20319625159827992,0.1211825981941077,0.20933188584815834
2013-05-14,0.01737800446665484,0.11201723290632067,0.1947531929771705,0.11181854348569703,0.19456298920814688,0.11182695861163752,0.19496563079677415,0.11177449860132492,0.19220826027290716,0.11275452097673698,0.19664325382380776
2013-05-15,0.0031274458641949517,0.1127330122496383,0.19712744954552458,0.11255799119568773,0.19701208108266563,0.11255646114370965,0.1973851721643082,0.112443903316018,0.19422368594011,0.11381049515101528,0.19960657263984116
2013-05-16,0.020093411727487725,0.11113324108057769,0.19371678043424886,0.11081934071428554,0.19337390991641057,0.11084042649628692,0.19381616796989984,0.11078767488834462,0.19065707591740488,0.1116296851362824,0.19522579624111525
2013-05-17,-0.048598904725414026,0.11272161766770182,0.19734698576848192,0.11239653438971152,0.19693970053426452,0.11248365105435255,0.19757343350264228,0.1123960649334854,0.19392548034489038,0.11355719414157095,0.1992987217777732
2013-05-20,0.04476601386970664,0.10743035129075035,0.18523499923966966,0.10726144353114352,0.1850424886670596,0.10722526650105715,0.18535747141476333,0.10715582924798563,0.1819276782943347,0.10879605419438318,0.18809706961990305
2013-05-21,0.026526754333428604,0.11206213765823728,0.19724734303563324,0.11173095186723557,0.19684987565032722,0.11179762693098892,0.19743760419319148,0.11174234652001297,0.19379613872220156,0.11291802802403274,0.19926112533163112
2013-05-22,0.03310342722567221,0.11820639642678712,0.20718309186473235,0.11810199866538289,0.20706711604912303,0.11803541245687585,0.20739654331520896,0.11798431392782853,0.20347513474017234,0.11871793568306177,0.20864589069216075
2013-05-23,0.01792805278677396,0.12455470885550231,0.2182686848001427,0.1239795147371787,0.21747096166481616,0.12402171751067101,0.2179470074088795,0.12404889735747787,0.21406592708939345,0.12460742873751514,0.21918321633968035
2013-05-24,-0.005702082448907839,0.12644650007467007,0.22095264296370132,0.12596292318413563,0.2202913514669516,0.12595290350964414,0.2206001334707508,0.125995913708541,0.21653101393480623,0.12622778010259966,0.22132265502017506
2013-05-28,0.03442559828018061,0.12153493957017039,0.21161837908622227,0.12112672684658272,0.21105247277715844,0.12108187027133688,0.211235007247835,0.12111117951297266,0.20706772086468384,0.1211388198017643,0.21157685593756503
2013-05-29,0.023883769192270372,0.12489820483235134,0.21913114715904974,0.12445415579543063,0.21848859010694813,0.1244306301457774,0.21870003289321244,0.12444766134038696,0.2141430634610023,0.1250418355264355,0.22000609257247028
2013-05-30,-0.02043667856764928,0.1278099708849316,0.22390869210791117,0.12745645753021914,0.22333951530100415,0.1273815264352106,0.22339416339724885,0.127343080072011,0.21849475199800047,0.12773444580818993,0.22424111705455915
2013-05-31,0.11494963023052521,0.12180836906583702,0.21185636018351534,0.1215052665191797,0.21134357844120438,0.12142587865792315,0.2114025162436574,0.12130572589789469,0.2063554474294288,0.12160471719104038,0.21183582711998802
2013-06-03,-0.0012277472383224036,0.14867624156507475,0.26322592111183096,0.14844104158245278,0.2627968216897697,0.14821182392431168,0.2628127746724015,0.147682946929421,0.2560755900476959,0.1493991291388545,0.2649449337440189
2013-06-04,-0.0006144393434478832,0.1485257564605812,0.2581891509180888,0.14797951605239187,0.25735830360716705,0.14782643473678694,0.25748190559305456,0.14720738973610145,0.2508332087116315,0.14753147022578364,0.25702860296843644
2013-06-05,0.07287795969852197,0.1408245264618413,0.24471056109533687,0.14012428745498315,0.2437305087376685,0.13987706633093894,0.24364579956526755,0.14000544062359016,0.2386616381409819,0.13979951354029316,0.24387869548333616
2013-06-06,-0.05099258772463217,0.15159232181669757,0.2662848591137936,0.15105399810135958,0.2655847921992853,0.150532568383683,0.26473743041175873,0.15078539265690608,0.2603134513222405,0.15171148554615496,0.267192320265301
2013-06-07,-0.09386804519553349,0.1464208563559104,0.2522971341678536,0.1460853431646658,0.2518538787574727,0.1455517827970618,0.25095152715039704,0.14577221421106482,0.2464123465478711,0.14612036911402793,0.2523288383150242
2013-06-10,0.01962129658732731,0.13315702860285444,0.22778444707439463,0.1330193786794045,0.22759235910153458,0.13258163926781133,0.22697685998387737,0.13267957019528467,0.22285843543112546,0.13384044957794342,0.2293481252980266
2013-06-11,0.10036099220971927,0.12561884155086586,0.2198303812046031,0.12535595189081972,0.2194053033335552,0.1251790548950443,0.21939187979767324,0.12510944846546324,0.21467211875407663,0.12523933143169766,0.2195607288006587
2013-06-12,0.08530126492700342,0.14867169468891292,0.26182185894194254,0.14796721320858996,0.2608227047274107,0.14766069950226735,0.2607278128008037,0.1474140074345712,0.25608519636894644,0.14918987020898278,0.26352949841746914
2013-06-13,-0.1247328966313531,0.16984595653422038,0.29774690951258515,0.16934893925747616,0.29720331195847416,0.1690098595249535,0.2970560444277768,0.16863448629038388,0.29152823276434314,0.16958114107623615,0.29828290714961836
2013-06-14,0.04410726850994941,0.15912412122107406,0.2713061100554197,0.15876846744469067,0.2709889374024614,0.15849575203801672,0.27100034565192066,0.15805265674668328,0.2666410098847025,0.15934980934977513,0.27256955214433015
2013-06-17,-0.020619287202735592,0.1533389320691439,0.2682753448313093,0.15310292395624367,0.268176393573493,0.15260723251387487,0.26768554158475755,0.15225730629211584,0.26354392624202594,0.15213647700387234,0.2669278574333327
2013-06-18,-0.011373962784009808,0.1473008931902797,0.25522544753998416,0.1469865442375325,0.25494380255713106,0.14654418372052175,0.2544912821268735,0.1463006034987774,0.2507679277451407,0.14600705864551713,0.2536868691251982
2013-06-19,0.001804511767859139,0.13811678435246383,0.23994825004253603,0.13769756517104942,0.23947234572495407,0.13732706490991795,0.23900187001147244,0.13724190493942642,0.23563835473846953,0.13697448153732347,0.2385572963443039
2013-06-20,0.20812752685774566,0.13267817001546417,0.23087134708192417,0.1323323041722421,0.23055090100755504,0.1319218710308032,0.23008740068314423,0.1316338329685201,0.22675315867717305,0.13163978112969144,0.2297366628479334
2013-06-21,-0.08077504018521173,0.18979849637492996,0.3374885478464904,0.18939582275657746,0.33724046418595044,0.188998758394263,0.3376473224765405,0.18836974919235275,0.33174276931037205,0.19427279915937182,0.3468664650680857
2013-06-24,0.062055281718964045,0.18683082653324348,0.3197553301583033,0.18692574131003767,0.3200283215220855,0.18596798692312577,0.3183411206298247,0.18584921164234824,0.31588339486524014,0.18565043044095803,0.3181905861105175
2013-06-25,-0.08506940957341216,0.18544902492246365,0.3229705213885027,0.18481617455051297,0.3223436354014779,0.18370006588711899,0.319833366224012,0.18340155110418735,0.31749817151520004,0.18354826192587878,0.32014600877238175
2013-06-26,-0.07065718398770046,0.17397552026230664,0.2962841313514687,0.1732538818946235,0.2955024524877842,0.1730276846519617,0.29508246391361076,0.1727361002193992,0.29107040911735216,0.17389973799912983,0.2967971631084633
2013-06-27,-0.020546657649738728,0.15590058617173003,0.2660066754771889,0.15554471450045745,0.2656664695707272,0.15516119412459387,0.26497635860433466,0.1550232290092999,0.2616445374828525,0.15669385094307425,0.2679641568008828
2013-06-28,0.0,0.14372938379643901,0.24769266396563613,0.14350242845062694,0.24767603630013169,0.14305693002859982,0.24695071876744734,0.14270855605592236,0.2431074125068916,0.1430758044086969,0.24701390976752724
2013-07-01,-0.029493561190665825,0.13708149833151892,0.23749944231991915,0.13685107946236091,0.23739508477529056,0.13645347503042315,0.23673401254889673,0.13602831158615067,0.23330386920957163,0.13623283183946278,0.23638464837033396
2013-07-02,0.0042669982449902635,0.13026160518492075,0.22435907050531806,0.12998179650368163,0.22414663630222376,0.12960329662716233,0.2234318636568958,0.12926431607165653,0.22056645664601288,0.1305179424221693,0.22513618843171623
2013-07-03,-0.014706147389695562,0.12396919496438873,0.21531105871330922,0.12367650827863534,0.2150707259036017,0.12328032024768422,0.21439433703944474,0.12290001013829104,0.21167314387362443,0.12368427741707866,0.21527259582230238
2013-07-05,-0.08432139554242073,0.11931446619934244,0.2064506938597404,0.11899695727112297,0.20609270386680087,0.11875517423449011,0.20567950226509368,0.11844246891034144,0.20294882878139955,0.11957417936261734,0.20738173043492222
2013-07-08,-0.00741493117586199,0.11042180598234974,0.18776253800229425,0.11017045670989349,0.1874829711655747,0.10992318849673312,0.1870271804010191,0.10964088724573333,0.18460314843573677,0.11263643694852829,0.1919999545314562
2013-07-09,-0.02952497331442555,0.10023581568246027,0.17415309061914624,0.09987647013509146,0.1736805574373983,0.09980545089501203,0.1737253756707391,0.09943167411875052,0.17094313242984469,0.10049328426773166,0.17504019095894244
2013-07-10,-0.009804000096620743,0.09547849917227641,0.1649919892023546,0.09502735215315881,0.16436615034514854,0.0950678892509753,0.1646108984863993,0.09470551923248167,0.1623267138358663,0.09600332345037824,0.1663395140019891
2013-07-11,-0.014174581760093681,0.09021598357279509,0.15700683193170412,0.0897380353950491,0.15635634936167034,0.08971142992341843,0.1564421152641055,0.08943113435460451,0.15419936991382235,0.09011236194601238,0.15715781337695525
2013-07-12,-0.01220841015939207,0.08651698479380672,0.15053986503147632,0.08605559716902679,0.1499357807050724,0.08590903639417365,0.14972643274083944,0.08572788114738537,0.14789557121718783,0.08619258193862292,0.15022871452745407
2013-07-15,-0.0036192583843130685,0.08290350157744712,0.14455296435672818,0.08238222158007628,0.14385746292769133,0.08228759583376831,0.14373534230996082,0.08212171036730276,0.14188397053232182,0.08239678473905843,0.14393036231489317
2013-07-16,0.0446724400515926,0.0799561687199024,0.14004325569395454,0.07948269346935856,0.13943117391860702,0.07941025468226653,0.1394876335354725,0.07917656756066359,0.13694539416745713,0.07948597112613168,0.13963308977324018
2013-07-17,-0.0453978662712906,0.09120308367731594,0.16188537282389592,0.09076376079479205,0.161326801449038,0.09084189850900667,0.1615624723704922,0.09053630491226441,0.15882727716795728,0.09108652897893249,0.16201002057030522
2013-07-18,-0.0007259528449490165,0.09038305032624785,0.15614654305933087,0.08999788689018877,0.15568712988678354,0.09002247075854539,0.15573102639531483,0.0897257699072624,0.15344411137231367,0.09016800395530945,0.15600156525394468
2013-07-19,-0.09356877753578882,0.08520887551450693,0.1497231369999024,0.08500889230002384,0.1495200573041924,0.0849856450788452,0.14945520274472146,0.08465804773230586,0.1472610749774463,0.0849815783120897,0.14943874162719825
2013-07-22,-0.020137611626831194,0.07975117581993266,0.13535708334780336,0.07947167532823568,0.13502682000610444,0.07948868032175088,0.13507205983086745,0.07920924024637807,0.1334340186690829,0.07950990643169775,0.13511039445033707
2013-07-23,0.0296614931380867,0.07055882134863667,0.12345995915798415,0.07029467766865996,0.1231665493319722,0.07034455336372698,0.12332252445667771,0.07003582937760405,0.12147510289223117,0.07024224211436418,0.12313085534630241
2013-07-24,0.04025311235833108,0.07685877677619846,0.1366824576154174,0.07651534132036415,0.13627457030410606,0.07655300588946223,0.1364279343478297,0.07622025043632458,0.13450890605773655,0.07644768647019777,0.13622439168378517
2013-07-25,-0.016061530746008627,0.08967443206186576,0.1591572907685207,0.08935284613129352,0.15880545912738675,0.08937508691376823,0.15902575891984028,0.08900112611626376,0.15672558318034485,0.08928997737317657,0.15882711242331488
2013-07-26,-0.01946344041637643,0.09007931533072662,0.15711122997431937,0.08977482918250614,0.15677433964378454,0.0897965824424745,0.15696441010115608,0.08943539740908987,0.15471191334913784,0.08993386439308475,0.15715803651462537
2013-07-29,0.051332601791104965,0.08632342683676195,0.15054044290969532,0.08596921131420347,0.1501618873005284,0.08602019469606892,0.15036977080726438,0.08565593083293517,0.14821918363076225,0.08606653240393555,0.15042787788315176
2013-07-30,0.0,0.09706993871994679,0.17236596335649795,0.09665897304918085,0.1719661636027668,0.09673800310499338,0.17229701963404181,0.09632716627875176,0.1697745984573163,0.09663486935292794,0.17205013899292923
2013-07-31,0.004470946344766853,0.09971271308856239,0.17441389804241336,0.09929125733478626,0.1739909554055572,0.09940014740062474,0.17437348664482377,0.09899202284026494,0.17180726251576556,0.0996850779393218,0.17479197754637832
2013-08-01,-0.03865581697509364,0.09912288237869701,0.1737311588609095,0.09869215522014096,0.17333316877658866,0.09882633382941801,0.17370796624607682,0.09840945274741131,0.17116773621987127,0.09890102031855738,0.1738214417847412
2013-08-02,-0.07708469638545119,0.09483914169077645,0.16415551067007064,0.09439564052815784,0.16371336655307367,0.09451495125355691,0.16407118857151928,0.09413556494002348,0.16167561233568215,0.09450987385077467,0.1640231645330177
2013-08-05,-0.011754963231443732,0.08597862550014812,0.14711783457716904,0.0857063365491433,0.14685762018150098,0.08574332974006342,0.14708587979356152,0.08540229575331726,0.14491120167786517,0.08538769119254529,0.14640659348849983
2013-08-06,0.07169192845611648,0.0785778897610979,0.13753262614289294,0.07832023603822966,0.1372705851952561,0.07836013720084142,0.1374941960691635,0.07801778578419269,0.1351496637809369,0.07843477316934847,0.13758727445075558
2013-08-07,0.02023415336396779,0.09631817197623457,0.17177637463052903,0.09589751416328428,0.1713336115767836,0.09593498028537181,0.1715160051034681,0.0952096022632313,0.1677222935690434,0.09588027934792193,0.17142379479533276
2013-08-08,-0.019448298706628793,0.10579858592307784,0.18552458733989813,0.10531340810413824,0.18500520295822132,0.10529606412829852,0.18516589787081272,0.10464801991355785,0.18090136759315567,0.10541543906805448,0.18533830524280204
2013-08-09,0.052039284724271974,0.10298863389402083,0.17899186791063243,0.10256562436929643,0.17854223642811665,0.102604943460716,0.1788761471420273,0.10193765909111781,0.1745719074603599,0.10264557703619989,0.1789127199416549
2013-08-12,-0.045774581384944286,0.11260495005537,0.19872727047479585,0.11215674871987807,0.19827027090549573,0.11219591759249166,0.19859676611294622,0.11156253910462731,0.19426064366946755,0.11221527368708374,0.1985768808942093
2013-08-13,-0.03981417571228078,0.10946648246364901,0.18900531768460865,0.1090133202179145,0.1885531319683609,0.10904906305841018,0.18880868654407,0.10848883059737177,0.18505871345292013,0.10916728176207377,0.1889786143767047
2013-08-14,0.05760961630214466,0.10075640189167005,0.174332375725446,0.1003581975789033,0.17394355121240226,0.10042377739442404,0.17432558949008053,0.09985599463578804,0.1706706560980438,0.10048603720477071,0.17428409558180025
2013-08-15,0.12186467397603208,0.11010619992876325,0.1951456395955141,0.11023532186768405,0.19540192439583826,0.11026364929185148,0.19578079598392126,0.1096057176280854,0.191905002888196,0.11019859070429894,0.1953235276194666
2013-08-16,-0.0247435303836054,0.14625942459540778,0.2602077774904686,0.1472851027062353,0.26147979720142733,0.147080924158323,0.2617172189412798,0.1458787483255006,0.25453964989711503,0.14652592940486073,0.2603771279804369
2013-08-19,0.04955204372994519,0.1448359787473727,0.2514747770250695,0.14590329170690727,0.2527191962319075,0.14568062375427482,0.25285690494289165,0.14456272831127584,0.24618369752069102,0.14753944327702154,0.2555741979749022
2013-08-20,-0.012662615044231525,0.14908398095640055,0.26162190296079707,0.14957436451008244,0.26235298789543543,0.149330376841473,0.26245951970936954,0.14812920598557752,0.25538336364255537,0.15015123857915058,0.2633868914846169
2013-08-21,0.06679954458542198,0.1446736151126079,0.2507588714347591,0.14487108941670848,0.2511351849298728,0.14469641954409862,0.25132807692959497,0.14375986005958757,0.245280525010037,0.14590017029490368,0.2531243466614869
2013-08-22,-0.07691085418974253,0.15415267816899494,0.2706506233514674,0.15373258733026587,0.2703538046360525,0.15351788985224174,0.27023507531449126,0.15218307681785848,0.2635477204654052,0.15361389424649563,0.27027512450611796
2013-08-23,-0.05429308236666225,0.14619435002312253,0.25026640457753496,0.14580597008549673,0.2499859652831654,0.14565218571844604,0.24999997518343808,0.1444630566353582,0.24400262986807644,0.14564276915721544,0.2498763780917404
2013-08-26,0.06975557530884209,0.13083707760769295,0.22504228179637337,0.13042873033250518,0.22469706731494593,0.13035860113307624,0.22488325911604676,0.12930482259219184,0.21935308961150513,0.1302836290663844,0.22456549012611154
2013-08-27,0.11220826372061105,0.13769622793939942,0.24304993728231897,0.1376635738175239,0.2431271266600541,0.13759639277535604,0.24324385360034156,0.13657526414852494,0.2376698517689403,0.13743660905924235,0.24274697113956772
2013-08-28,-0.016837439263610022,0.16541876929411664,0.29309346852955753,0.16674110510057932,0.29460628678593703,0.1663868290346756,0.29445010241232383,0.1647802959340613,0.28724124490258984,0.16601118264256498,0.2935934670594096
2013-08-29,0.01921981084901664,0.16265972478675764,0.2821549466393365,0.16374377715710955,0.2834186662163713,0.1633317498521718,0.28304913771021795,0.1621012919217014,0.27749280423177547,0.16436462505669744,0.2846372362354841
2013-08-30,0.011827458987246405,0.1569846183648748,0.27396259996964795,0.15803075073132963,0.27529122148308477,0.15744636682347365,0.2746139163835897,0.15639384260235853,0.2702812035607758,0.15792246892624795,0.27527706438616567
2013-09-03,-0.02379648278256704,0.15380559758796888,0.26811439826287087,0.15479843762673684,0.26936148279932726,0.15425109107919593,0.26870718497305385,0.15315136240553187,0.2641113168079232,0.15461156121480987,0.26912174591132
2013-09-04,-0.04494446780621378,0.14535122507771878,0.25186336164722767,0.14622579309582057,0.252992991367312,0.14562424663325535,0.25219830789297426,0.1446899429343062,0.24816579043027637,0.14573845259627297,0.2522172570290866
2013-09-05,-0.006951054844042699,0.1342794679578992,0.23181152735769697,0.1350431929965451,0.23281786939840635,0.13442205677959396,0.23198237222733986,0.13364587929956304,0.22834210431799637,0.134198310952466,0.23151009706258477
2013-09-06,0.005060099348342552,0.12524342654006168,0.21799726995885013,0.1258560484445067,0.2188228149646273,0.1252867562507126,0.21810543390493498,0.1245321380151031,0.21458687195568646,0.12533710204541498,0.21814917217930924
2013-09-09,-0.013977355889904269,0.1212296960364794,0.21170201922155496,0.12179999143884782,0.21249320741669708,0.12134786165649013,0.21221162665916352,0.12050080164943604,0.20840162631291065,0.12116205214695017,0.21165939069289125
2013-09-10,-0.07297666685119378,0.11590574790202471,0.20170303515599217,0.1164341489344178,0.20245717694151108,0.11598272700029055,0.20216837743971738,0.11517163114191614,0.19856304200058417,0.1155406198729436,0.20112393150739558
2013-09-11,-0.05009865924266763,0.10783532948913459,0.18505539031439838,0.10829297216878767,0.1856863360521708,0.10794481547082148,0.18551239242544845,0.10719398748707151,0.18212669033510623,0.10667309366599642,0.18304903431473074
2013-09-12,0.03344317360225214,0.09721133222072817,0.1679345854378562,0.09753018895691659,0.16836647433289456,0.09730594146773994,0.16828913425812694,0.096617628728375,0.16508664209639112,0.09643249743084441,0.1666548011857896
2013-09-13,-0.009138903676202294,0.09984259622022008,0.1762203940603626,0.1002002025927785,0.17670756306557414,0.09995056495784026,0.17662045865424233,0.0992013788808746,0.1731791690220088,0.09952508256808791,0.1757538112081233
2013-09-16,0.015417264027327033,0.09923574848074575,0.1732002959842423,0.09948637312310683,0.17362662121376854,0.09920251861898657,0.17345744200358656,0.0984636728288263,0.17032606192828403,0.09911720898256209,0.17307786404516917
2013-09-17,0.01037712528929073,0.1002372641894645,0.17610963824968337,0.10056484403495554,0.17665663333286855,0.10026316957661223,0.17648057197985176,0.09947394436639956,0.17296765764844804,0.09989542510552965,0.17550422651806966
2013-09-18,-0.0668812494191391,0.10157267516566022,0.1783294903307478,0.10197687839989861,0.1789607212217463,0.10164820039393818,0.1787526762185284,0.10084675850305917,0.17519841756898671,0.10135499259364947,0.1779051221155663
2013-09-19,-0.03215230226588118,0.0964836608139083,0.1659096268016613,0.09675036745069042,0.16635293060949283,0.09644931974108398,0.1660987257189602,0.09575124670995647,0.1631237425227985,0.09523668121689802,0.16370249362102438
2013-09-20,-0.0030441423812282435,0.08816759849446587,0.15324622579962674,0.08842826232696302,0.1536614930547127,0.0881808929774695,0.15354899772257025,0.08750334981495415,0.1506163936408431,0.08761450103481457,0.1523478003303876
2013-09-23,0.08682081005241665,0.08383406239353569,0.1477509091582621,0.08423972348665615,0.14833455212398491,0.08399947766511567,0.14807580060695524,0.08353161108671368,0.1450741296702731,0.08399538050119126,0.14781204499729308
2013-09-24,-0.01620324283846322,0.10903289832638084,0.1945167366869235,0.10962518693988477,0.19552791851509382,0.10915258766512359,0.19514795626254675,0.10830383295758146,0.18981091500450387,0.10689385741064691,0.19077373290606878
2013-09-25,-0.004983990380980737,0.11004964294289224,0.19158934992037335,0.11059742381225192,0.19247185426679675,0.11021253101565004,0.19226314276457304,0.10921707220247541,0.1866986601740065,0.11080199033463342,0.1926699284332488
2013-09-26,0.0035625260336033114,0.1051907354625841,0.18366203262555722,0.10563123403886884,0.1843882166459245,0.10526134906663019,0.1840777387550715,0.1044232236855418,0.17989619724976927,0.10560596831854997,0.18411593239942792
2013-09-27,0.09492215677675712,0.10301239854872951,0.18032277722617374,0.10339759150931707,0.18094358169515723,0.10301378574989534,0.1804696835783063,0.10239236974411839,0.17738868780680275,0.10315589610181704,0.18037426555903102
2013-09-30,0.07114665220322174,0.12619417450016354,0.22431871054779354,0.12700238354558058,0.22545441198290464,0.12636777051383408,0.22455988325975235,0.12548165244224435,0.21999456055607625,0.12491980014649207,0.22174492244693395
2013-10-01,-0.06598535042299626,0.14575509833255343,0.25727243739166683,0.14693957608723554,0.25874066024987064,0.14624201298605122,0.25777057736740167,0.14560141099233004,0.2543212360106688,0.14619961816229357,0.25741831929214315
2013-10-02,0.06598535042299632,0.13959399421671845,0.24035342362604592,0.14076948618274357,0.24175079788602638,0.1403206812124869,0.24150169626130488,0.13971260215532866,0.238533243300021,0.1405115895137445,0.24147650043290445
2013-10-03,0.062465590969107525,0.14343225014655084,0.2535079077748923,0.14470937538755707,0.25501867924133254,0.14426903881993614,0.25479871004073557,0.1437257937869232,0.2515856671240092,0.1443882425696543,0.2545017637136111
2013-10-04,-0.05406722127027594,0.15619425592158095,0.27575321159337624,0.15758845620754958,0.2772708123480397,0.157335605056091,0.27727502691424355,0.15686478013942692,0.27381871344780667,0.15766184447838671,0.27755554285856016
2013-10-07,0.14798733211958964,0.1491720095664087,0.2583020640812171,0.15052903436451762,0.2596539136671751,0.15034378304674925,0.2595566243903932,0.15008281824091443,0.2566020883399872,0.15082110499147777,0.2601466626595387
2013-10-08,0.04680099343949499,0.1751467244496244,0.3122616966981351,0.1767319512743972,0.3141963108722831,0.1763406577335796,0.31399654941324817,0.1758553473030659,0.3088911882452875,0.17494362572034278,0.31117547669854373
2013-10-09,-0.037059824383942265,0.18663641407341966,0.32743092974498095,0.18840212107105017,0.329364772599631,0.1881290361641167,0.32936977779638515,0.1877087196639862,0.32400589673770674,0.18971002345692753,0.3316452802295194
2013-10-10,-0.17338204175514593,0.17656179314991413,0.30548249138962297,0.17754676608582023,0.3067036524533422,0.17735039168014208,0.3066981239153759,0.17705742330032012,0.3017666927083832,0.17889343846522185,0.3089831581653032
2013-10-11,-0.04721373748026513,0.1551826529591249,0.2624359617368472,0.1565287711020164,0.263866528826113,0.15637817103901427,0.26395950945732,0.15606110604302337,0.25989068084173056,0.1542873234857529,0.26000562435917973
2013-10-14,0.022020392748360776,0.13311628769536685,0.230319501775467,0.13375959114722835,0.23101628325909926,0.1339337800167997,0.23181589511522838,0.1336419663110731,0.22749804503134197,0.133931802312278,0.2310866012942112
2013-10-15,0.14942801566977656,0.1300503328930076,0.2278338208680508,0.13071960828488552,0.2286020094473967,0.13066039273033214,0.2288764063074908,0.13038027693627202,0.2247554890293558,0.13139513228300911,0.2295398775986761
2013-10-16,-0.23785466080585158,0.16734645300270995,0.29713834855710436,0.1685178541304306,0.2985324086889309,0.16845774570102617,0.2987667822505772,0.16775963946876363,0.2926307131602982,0.1658257028516875,0.29387608279365296
2013-10-17,-0.08732042912918518,0.1560035414823995,0.2599762545929979,0.15709689535580956,0.2613059073011279,0.15701812556104647,0.2614024461229234,0.15646077966131017,0.25639851233591004,0.15514512518138837,0.2579547857506348
2013-10-18,-0.03318554898565421,0.12921573055470176,0.22165580304285837,0.12945220464266283,0.22200017154370058,0.1295882415488665,0.22232673340890663,0.12935522058126536,0.21905577768705878,0.1294523167379494,0.2220717901134616
2013-10-21,0.009160369398664416,0.11500662391670094,0.19963807231219266,0.11549602618610359,0.20017304459041013,0.11561781358146046,0.20044409449981695,0.11543587745766107,0.19665626556141208,0.11567071896427562,0.20027343645145315
2013-10-22,0.012835208293446072,0.11428528513726062,0.20173622479171485,0.11468587790282278,0.20233836717716014,0.1143446010507587,0.20216856547016346,0.11398725583215938,0.19824289606716394,0.114838229598496,0.2025431505479264
2013-10-23,0.006728997352918381,0.11344993500932399,0.20035713484051001,0.1137586249444764,0.2008630129303558,0.11334358738316005,0.20024223950992198,0.11312784712500407,0.196654578489037,0.11366264390586096,0.20058993821544546
2013-10-24,-0.016529301951210582,0.1115851852417899,0.19705492705488492,0.11198578561117595,0.19758125940071283,0.11177200765846862,0.19732335923192706,0.11151780611283187,0.193312114448993,0.11201035861687897,0.1974335498962683
2013-10-25,-0.00836824967051658,0.10660683274466633,0.18768651720562646,0.10706588380651824,0.18816488207688173,0.10719928539202153,0.18870802646059862,0.10682783545850161,0.1842113987631567,0.10715930011756565,0.1882570740157365
2013-10-28,0.016667052485211643,0.10195206146072477,0.17993335275700711,0.10259893911065215,0.18056443899250257,0.10281357234309073,0.18117770607137496,0.10239026763495676,0.1767357641399557,0.10281338708471496,0.18086394458158736
2013-10-29,0.007485064886566927,0.10350580445046875,0.1835740846510945,0.10435136549438206,0.1843465858381256,0.10457382540282209,0.1848630382853206,0.10416044811683084,0.18055030927724247,0.1043681526371218,0.18422472203948942
2013-10-30,0.01773882433738163,0.10462947600487871,0.18482766920669377,0.10542036029954927,0.1855236613934879,0.10563112439688162,0.18600227934414978,0.10525067530195688,0.18188661907462778,0.10557477642639211,0.18567635672496216
2013-10-31,0.007299302481611535,0.10798589176161447,0.19030446730445075,0.10821306271833261,0.19055273792559263,0.1084353602933329,0.19106270424250366,0.10806548051479598,0.1869446239466519,0.10824934653267514,0.19051747039528777
2013-11-01,-0.03477968006429253,0.1087066940686168,0.19107477533808545,0.1089325556751941,0.19131181950756151,0.10917321941213037,0.19186578769192195,0.10881357436484258,0.18783575399896343,0.1091477558994667,0.19161908319779353
2013-11-04,-0.026708951264521677,0.1029753523268377,0.1804675760451853,0.10367693389694596,0.1810699665833092,0.10389205798483755,0.18152879372074807,0.10352743241119193,0.17775236777636047,0.1034208963673471,0.1805138897594896
2013-11-05,0.025955655560350073,0.09676120773480396,0.16916002148958192,0.09695929435525186,0.16935095087923674,0.09721344140011384,0.16994844095871436,0.09688056843498048,0.1663243186661997,0.09677018703203924,0.16899550220514445
2013-11-06,-0.04626885401106847,0.10005489325047053,0.17660832835192097,0.10024764517228507,0.17679953136669357,0.10050806492063734,0.17741565529830833,0.10019671082272252,0.17361707054624792,0.10015746619660008,0.17663157635572202
2013-11-07,0.09337101160230378,0.0955375705590319,0.16555018429277651,0.09568130195184862,0.16569651439135263,0.09591540686271091,0.16626353034302851,0.09566094867282482,0.16288296200620553,0.09531178963399808,0.16512551848937002
2013-11-08,-0.07538069456772506,0.11663672196664844,0.20708660732717507,0.11725366151026187,0.20773682686341138,0.11743072178050575,0.20830209529016408,0.11702639625171248,0.20423611603176944,0.11664685904809985,0.20682017971936356
2013-11-11,-0.029101542459649618,0.11288417373875954,0.1937091609992963,0.11340445531019078,0.1942735261927365,0.11354756232946578,0.19471218300235857,0.11315213376533814,0.19081802521937455,0.11330199665940084,0.1942044480097226
2013-11-12,0.02288068258454703,0.10271765620009324,0.17791419477167952,0.10322453115442282,0.1784513461731204,0.10339073271613218,0.1790257915626957,0.10304432906758505,0.17559671077806185,0.10341212410429622,0.17893804699751517
2013-11-13,-0.02367908582057155,0.1044861446118344,0.18273103666166776,0.10477970856972314,0.18305018744475798,0.10496618064141443,0.18367262456584957,0.1046724737851984,0.18003166781948754,0.10508864172053181,0.1837500836416309
2013-11-14,-0.01205317926755601,0.10193287551481182,0.17598297457922674,0.10176878986175505,0.17578489318518284,0.1019424979136248,0.17632483721782438,0.1017226796122682,0.17293929222100984,0.10206123798140315,0.17640593687260822
2013-11-15,-0.014658242911216337,0.09727148794306366,0.16841524996059717,0.0970854929855627,0.1681880058732359,0.09725002673845479,0.16870338572944857,0.09706078880549826,0.1655605902885769,0.0972648705759079,0.16869537143129004
2013-11-18,0.07199628671392566,0.09322809907471397,0.1609371339668953,0.09333755197112836,0.16110504381974636,0.09336424670582509,0.16136509219087358,0.09306781406797432,0.15602956500898826,0.09331829428956243,0.16135414895287345
2013-11-19,0.02189592949597539,0.10909696665471426,0.19197226046861085,0.10979017840358829,0.19280453415575224,0.10962804107288258,0.1926483794148569,0.10933401398381294,0.18659635114226425,0.11034037477710128,0.19421862093632167
2013-11-20,0.000746547253784563,0.11690814633708474,0.20348359002731442,0.11757325467378729,0.20423016567347044,0.11761012541808212,0.20479511263081376,0.1172527078585524,0.19801139602038875,0.1173937676214179,0.2046124374570588
2013-11-21,-0.056807290240835515,0.115275415787012,0.19997753099813967,0.1158765840840378,0.20061907788414696,0.11608426365407146,0.20122072657372403,0.1157013335095345,0.19455398489465237,0.11566306041640724,0.20064005082407385
2013-11-22,-0.032105486207964856,0.10853774131837561,0.18541024035483086,0.10866141492827637,0.185559885629385,0.10874562125823357,0.18592976956979534,0.10840272213899783,0.18002612648077043,0.10891761981596837,0.18624951852252697
2013-11-25,0.042321685082685835,0.09923022580397879,0.17080144858275786,0.09939509105335213,0.17095602449205263,0.09952453778570684,0.171412544617101,0.09925949671979721,0.16596593672748533,0.09955597044797887,0.17155085219405833
2013-11-26,0.0015625003178916345,0.10598122571244822,0.1853754654187132,0.10622747631955437,0.18562896327926864,0.10628481780348778,0.1857530430475592,0.10602132978029319,0.1801142022883437,0.10640379966896407,0.18632515750043854
2013-11-27,0.013183595367301073,0.1079025026952801,0.18710081159740607,0.10789660120736035,0.1870564880052451,0.10813130077531564,0.18778493153118567,0.1079204986488135,0.18175700590693,0.10782471847887132,0.18729899361521654
2013-11-29,0.05398612155813527,0.10876212122968358,0.18898307491273997,0.10854599970561074,0.18863211012334757,0.10883426486899672,0.1893549882149899,0.1086409178868035,0.18342264703470296,0.10861998381111591,0.1890564212367386
2013-12-02,0.03795657926768184,0.12063295074797868,0.21106015031178724,0.12036654237769483,0.21062318836872965,0.12068701124302958,0.21136675198880428,0.12043599672492881,0.20464789196744107,0.12082865600969163,0.21167294661773792
2013-12-03,0.022238581515740444,0.1297279048598554,0.22606298621732154,0.1294874150413207,0.22566003782337218,0.12978931274550246,0.22634757078918885,0.12947707237477005,0.2191360961682803,0.1296709269910656,0.22624778300664466
2013-12-04,0.010256500167189061,0.13274261609983834,0.2306461647959106,0.1325143768655691,0.2302713033948035,0.13277148828100255,0.2308396244283952,0.13240375225307635,0.2234964901742729,0.13255121473533943,0.230561825963228
2013-12-05,0.025521868795119553,0.13162540408574058,0.22821519175932903,0.13145010294875795,0.22792321119767656,0.1316705880731372,0.22844056553233913,0.1313484889727114,0.22138550753721817,0.13139001693455665,0.2280969131359118
2013-12-06,-0.08942567077459959,0.1329979655244845,0.23131452001518266,0.13285813147063175,0.2310962656949161,0.1330031913639893,0.23147055871375868,0.13266126505374773,0.22780635106902491,0.13284161790607116,0.23127905809098032
2013-12-09,-0.0219950215855459,0.12288827230127118,0.21004991847775606,0.12302194817374146,0.21017627385770188,0.12322812029890975,0.21067458677891562,0.12312143933964972,0.20573730652426492,0.12367212992892028,0.2116298124099928
2013-12-10,0.030659335715687023,0.11159233065849872,0.19322856784805734,0.11168954083781836,0.19334810885534665,0.11183680023314167,0.19384778283319723,0.11173613950380759,0.18902799056182323,0.1118514662001488,0.19405646738596108
2013-12-11,0.10305736219983193,0.11452283714705089,0.20022789280014333,0.11452692994076939,0.20020146727241275,0.1146959761227247,0.20062044685961367,0.11461860306566406,0.19628702642177806,0.11473999343437949,0.20089855414221156
2013-12-12,0.007751976804317924,0.14145648999918178,0.24883097380096975,0.14148778290764694,0.24887556236428654,0.1415845738509706,0.24934706454308717,0.14134373631307748,0.24416881631747525,0.1420680612825816,0.2502378542028288
2013-12-13,0.01405773949023173,0.1438395387931573,0.24928391309228468,0.14392746214874286,0.24938312657247114,0.1440380457231938,0.24997737410977713,0.14383004051222825,0.24502886100908466,0.1438783631246258,0.24982194353928333
2013-12-16,0.0169868821917285,0.14123627083381998,0.24503238785413717,0.14127663062888454,0.2450506907047585,0.1414219405995388,0.24566272390231508,0.14133044309893134,0.2409863256306323,0.14128863238258219,0.24556010833261413
2013-12-17,0.011166369126123081,0.14018184371226455,0.24330930515171334,0.14021556728416942,0.24330141372502975,0.14038707481087825,0.24402416788817263,0.1402881713321745,0.2393410565104354,0.14029455064159982,0.24399523255592123
2013-12-18,-0.16095974358442577,0.13764116515659566,0.23872439012163096,0.13760598464836765,0.23860392651333132,0.13783547527355153,0.2394295339117001,0.13781399741965608,0.23501751918716093,0.1377840877502148,0.23941120218964393
2013-12-19,0.025046031926087516,0.12144084564099847,0.2044770980307243,0.12151583256176768,0.20456731110786308,0.12164846454884348,0.20494409331940994,0.12167930921713847,0.20104464286460724,0.12195030569261832,0.20548829719529438
2013-12-20,-0.025770932284036326,0.1139171530756028,0.1988639285374726,0.11386497458737505,0.19873856270041781,0.11404120335930401,0.19908603835961713,0.1139954144064912,0.1951229671770287,0.11402989660516658,0.19906650421083494
2013-12-23,-0.05592213530670359,0.10954674499137898,0.18934547767324514,0.10955485724077561,0.18931318218098825,0.10976370471308144,0.189951249913142,0.10973311578577287,0.18598794412767777,0.10976461563434038,0.18994950311582734
2013-12-24,-0.043894193557225146,0.10059734064304415,0.17267446327495947,0.10053972065936799,0.172541068348756,0.10080514442225867,0.173140938627043,0.10079180161962518,0.1697238101294815,0.10074776408859419,0.17302885892750972
2013-12-26,-0.012092045765028746,0.09161147190039698,0.1576878659117421,0.09160637203419394,0.15763252434785938,0.09184471923923733,0.15808806181378698,0.0918598089580559,0.15490924255214256,0.09172977527903091,0.15785606054808793
2013-12-27,0.01048819618305418,0.08652113221834566,0.15015193754395809,0.08677947781316588,0.1505960726875312,0.08679895718664307,0.1506865620915465,0.08680165783439994,0.14736821638721373,0.0868245510720496,0.15066266200246806
2013-12-30,0.08460076915294233,0.0872830393894489,0.15231672004265384,0.08757128625031825,0.15276180899880654,0.08759064210445716,0.1528485084976451,0.08760508084433465,0.1493698878931197,0.08764018292254777,0.15283198294629832
2013-12-31,0.0117303397854896,0.1111891619925959,0.19549051541443596,0.11119883310077547,0.19544224702143012,0.11132577603040575,0.1959043387337631,0.11130258745653,0.1893346469342498,0.1105417177236204,0.19439755558455069
2014-01-02,0.03649778980402176,0.11634503229269448,0.2016863291062334,0.11645755180034839,0.20180653743019114,0.11654185661917563,0.20217414088437416,0.1165212705148217,0.1956534101750234,0.11703918533923369,0.2027450318706422
2014-01-03,-0.033586579596563464,0.12243708566871758,0.2129902732327876,0.12256090403094483,0.21313193298901456,0.12262117012731455,0.21351443766120826,0.12260660267797918,0.20651673969667367,0.12286300194433088,0.21355941124794037
2014-01-06,-0.015379285179487667,0.11721910266184814,0.2014647560259563,0.1172599753124085,0.20147679890815276,0.11733225478654884,0.2019117249196372,0.11731343419919427,0.1952473293719959,0.1176953471255726,0.20224458017948932
2014-01-07,-0.047610048971254156,0.1102752140775404,0.1901988244107383,0.11031985324243823,0.19022831743494717,0.11036052806411129,0.19053936398799617,0.11035288419263509,0.18430979426044516,0.11092809503108274,0.1912345358534622
2014-01-08,-0.003877476746420541,0.10241460023020187,0.17562320344905963,0.10248827695794167,0.17571701614750151,0.10248612415982829,0.17594966891838232,0.10242932414900421,0.16986304383453862,0.10200939258586078,0.17474466790915474
2014-01-09,0.00155279534306082,0.09710225482454322,0.16803813827720085,0.09720071392871285,0.16817612929003004,0.0971943236028649,0.1683569904335149,0.09718361272968329,0.16279967649351826,0.09779152870969966,0.16908753052974787
2014-01-10,-0.059946031319743846,0.09605433571120198,0.16694678767373236,0.09636785189901875,0.1674457497186412,0.09623787150482473,0.1668328290490433,0.0962837803613368,0.16373166641301137,0.0969457609958547,0.16774719967605475
2014-01-13,0.08975335841693555,0.09090475544786233,0.15728115917722985,0.09120069546093813,0.15759782490052637,0.09113874321926295,0.15710862188593733,0.09098235491148488,0.15369163898214702,0.08986095149657157,0.15442436963900025
2014-01-14,-0.07828722132929145,0.10751000451791047,0.1913284740518871,0.10799633677358937,0.1918998589188595,0.10795493426554463,0.19159203416115425,0.10747959686056661,0.18553722665833586,0.10630777628639894,0.18815666417036497
2014-01-15,0.0,0.10462227812986599,0.17894020875416813,0.10500511015425987,0.17944881126616624,0.10493262014621667,0.1790392313181726,0.10454163707594873,0.17521681868864494,0.10435591223402838,0.17761445349377403
2014-01-16,0.020153846188980428,0.09757597374036033,0.16981036164392496,0.09791731551807002,0.17029069790638085,0.0978569219022873,0.1699001538104865,0.09751435865089828,0.166490792085383,0.0989268112514829,0.17128184658543585
2014-01-17,-0.0072086815969435005,0.10044867216582076,0.17563698532733976,0.10080195225639682,0.1761284859343995,0.10074255552801102,0.17572404602949782,0.10039812421309102,0.17223088247433804,0.10120993207190716,0.17606285053616944
2014-01-21,0.033981934297001845,0.09943075728857774,0.1728449833700689,0.09972952295000255,0.17328463570316052,0.09965974894741564,0.17286725051919094,0.099302632840648,0.16928208689328805,0.10042208451629549,0.17378253382775852
2014-01-22,-0.0023337233462201,0.1045002531056442,0.18301517312319945,0.10482657789739613,0.18346607095427975,0.10478386839960185,0.18305011080981604,0.1044881447890601,0.17965026598117512,0.10478276129412914,0.18256678843461194
2014-01-23,0.06992701447874825,0.10410804947145523,0.18050650197232962,0.10431064245489839,0.18077573623590715,0.10431383257814392,0.18043338490106314,0.10411134938260645,0.17725665181536118,0.1051748090718557,0.18135432815101007
2014-01-24,0.2756271319464272,0.11815338800644834,0.2075089634178105,0.11828000055599489,0.2076892582852992,0.11825746675349812,0.20737353444892886,0.11809336395383382,0.20344047936608928,0.1176970539626028,0.20616614034898414
2014-01-27,-0.040500473262633715,0.2040086524386656,0.36476321673016804,0.204156270042009,0.3652644258775428,0.20435003336293164,0.36605495730167137,0.20312076758575867,0.35084878478292403,0.20284804154910382,0.36323021654446125
2014-01-28,-0.0976090313914357,0.20382887798081975,0.35133340191322576,0.20365298145688818,0.3513512741334124,0.20394737861084675,0.3522141907281046,0.20279973218671377,0.33829556020879037,0.206188461555872,0.3556352243307158
2014-01-29,0.09358256635994715,0.18299142277203248,0.3129949424088483,0.1828583175511089,0.3130562528944101,0.18308767280868113,0.31384939993492644,0.18212256532669283,0.3015791503967509,0.1841122866420472,0.31504355725940475
2014-01-30,-0.003464206697669238,0.18747988777731175,0.32908312877674556,0.1874531764572152,0.32923969560267735,0.18769941049328168,0.3296135224428551,0.18680118944009308,0.31696901745691447,0.18897683979388608,0.33154046562759076
2014-01-31,0.06276569554978752,0.18418614350665538,0.3194120479418133,0.18445928292181427,0.3199605104615422,0.1845559475968309,0.3199923739851712,0.18361209219374267,0.30770114986665564,0.18687107686538368,0.32367101233815726
2014-02-03,0.1523643409576149,0.18837582307996914,0.3300929023987218,0.18915559706171903,0.331260242651295,0.18917611633794487,0.33122176864721153,0.18804620152110332,0.3180606675879445,0.19029296372817356,0.3328021941571429
2014-02-04,-0.11504657795041962,0.21882133382243102,0.3862884543426848,0.21992492816575498,0.3881964944143567,0.21958217357738247,0.38788346140176727,0.21786859279797846,0.37272154365186966,0.21909431812390534,0.3864136584879943
2014-02-05,0.04301738508369086,0.20771413189040605,0.35488081041539493,0.20849581906798026,0.35618092073253244,0.20832861347103124,0.35602167966141146,0.20677359775705564,0.34320318447795517,0.2089155467671491,0.35672706691881395
2014-02-06,-0.14657709279603415,0.1965385885112672,0.343010077377951,0.19690375324405388,0.34375200090608893,0.19677454562772098,0.343547878684176,0.19512954980211122,0.3310220090093133,0.19804937839639444,0.3454464943000462
2014-02-07,-0.11945303059886743,0.1793254573987737,0.30405424620802624,0.17938278553793285,0.3042986286317747,0.17933358374822297,0.304036255611264,0.17823897695859292,0.29663995243914526,0.1787208118676628,0.3027363598174254
2014-02-10,-0.0019639940846599437,0.15234189925889516,0.2590511920544452,0.15244846042770427,0.25927268499236183,0.15239641438249862,0.25899003862329584,0.15169857737785963,0.2532443379992582,0.15163317706218427,0.257472434724198
2014-02-11,-0.050396958960214476,0.1373098422654133,0.2388550157791708,0.13751806041986048,0.23921020635545434,0.13738772127097781,0.23886842198724112,0.13675322464801412,0.23300477005529377,0.13790784177448184,0.2396176042293803
2014-02-12,-0.014578529630234862,0.1273594359574212,0.21993372541446018,0.12789713670347902,0.22071538210287134,0.12785531381837428,0.22058033062519417,0.12712795668947188,0.21364030271718304,0.1277697257127063,0.2201087482337232
2014-02-13,-0.01125187679743492,0.11882872043856237,0.2068614582449032,0.11936768470299848,0.20762812717411466,0.11925002686761399,0.2072881593098599,0.11864632751405804,0.2011802837129247,0.11945339658311321,0.2073341902714947
2014-02-14,-0.04114618662164893,0.11337625568815629,0.19758803613793535,0.11385206556918064,0.19826872358951145,0.11374198490098164,0.19796506950491083,0.1131083750927436,0.19173548616724648,0.11388203128349449,0.19791011818008059
2014-02-18,0.021866760479962354,0.10641208562325712,0.18409193402888385,0.1067736159427401,0.1845831540040326,0.10668187350066476,0.18425725986475133,0.10615153922089117,0.17895138903633143,0.10638834997888175,0.18354594266396088
2014-02-19,0.11111178959846076,0.10570039668906679,0.18576890600727555,0.10595356720867216,0.1860972259881476,0.10589501350354827,0.1858218206372669,0.10532120205353979,0.18015585825841351,0.10585212721505202,0.1855264868115477
2014-02-20,-0.046888747202492594,0.13403875511408805,0.23807093704515178,0.13440284857324805,0.23862071983482047,0.13427119293877104,0.23845436695862823,0.1333655805140487,0.2310428605646644,0.13292444277203544,0.23581202717611696
2014-02-21,-0.007465253536338866,0.13312434324895014,0.2291869457997643,0.13331757123819474,0.2294854931745337,0.1332340249735721,0.22932454825016244,0.13242538355681713,0.2230702552793052,0.13337525161226457,0.2293654373422664
2014-02-24,-0.031133611084608444,0.12490458297686212,0.21680819175997265,0.12504571591328634,0.21705144985523095,0.12495236700997127,0.2169048905997332,0.12421150955524257,0.2107706410791692,0.1253502046708985,0.21737321477472368
2014-02-25,-0.04014876136590284,0.11813059877009274,0.20386066558101296,0.11789915542117418,0.20354102958797174,0.11792289044311727,0.20350537823430465,0.11743019316482954,0.19861334745080572,0.11787331445890482,0.20321459472120385
2014-02-26,0.04854629146977183,0.1095727122713942,0.18876996597804857,0.10941192554927737,0.18858091512103614,0.10936049865715472,0.188420239264738,0.1089042756398133,0.1836940544076713,0.10905947150132451,0.1876731559545017
2014-02-27,-0.021839543607965122,0.11515276751527098,0.20242628673036325,0.11499451050017986,0.202226603511977,0.11496007866294283,0.20209203320905977,0.11445510831599227,0.19677189335777787,0.11470071219364097,0.20148028143512645
2014-02-28,-0.002853068982406399,0.11370009632301606,0.19677162979624152,0.11351857290945695,0.1965309112021011,0.11355877830184025,0.1966046411704323,0.11297373672869657,0.19120450414946982,0.11368034573553841,0.19650754628259506
2014-03-03,0.13353139262452257,0.10912928545543003,0.18973332633346454,0.10880162226113878,0.18927332744446027,0.10888741020079727,0.18937695638490917,0.1084438612509018,0.18449439652851965,0.10913298206852884,0.18953713249381565
2014-03-04,-0.12641392485565867,0.1416702168140012,0.2513003637989706,0.14132660055220464,0.25084502062057795,0.14145623306952063,0.2514049506618592,0.14078428756449743,0.24364399893318286,0.13934902555074924,0.24750588647389613
2014-03-05,-0.015005640617870162,0.13593368921933358,0.22945482854652408,0.13566727467701586,0.2290993951788005,0.13582659835141617,0.22967401583947214,0.13517940506129245,0.22250184818385915,0.13505447188089692,0.22821879401242728
2014-03-06,0.02277678534275693,0.12127925858946678,0.2094966107201814,0.12108490484070962,0.2092475053074929,0.12126848006168522,0.20976950167408046,0.12065851973939923,0.20296398161769716,0.12134511725734005,0.2097861957001485
2014-03-07,-0.007062176244286769,0.12184147161539913,0.21217554439537345,0.1216960990924341,0.2120579170807393,0.12181392029998463,0.21230915553370117,0.12124506811035951,0.20549575119737473,0.1218552229996845,0.2122363441067008
2014-03-10,0.006358198742492503,0.11941646672219497,0.2066197841204967,0.11930896845372739,0.20647476361944977,0.11943246761357931,0.20671996863716796,0.11888988337335574,0.20011253814080476,0.11963105874213346,0.20693090802786124
2014-03-11,0.04138521616285449,0.11728087495195057,0.20361529292881694,0.11723992117098245,0.20353993370280357,0.11736504129064391,0.20383162158538182,0.11679409927765869,0.19706046394709048,0.11746890088664806,0.20388837243731597
2014-03-12,-0.022549640126676936,0.12416054845534434,0.2169585926129188,0.12395386247134794,0.21665878944937245,0.12406499258746725,0.21693487292725397,0.12345205674006729,0.2096693696063933,0.12374844943859978,0.2162639447251649
2014-03-13,0.11416750804387432,0.12152332125923003,0.20933794193191235,0.12126610488639138,0.20895374951669438,0.12137392807715887,0.20917051871062348,0.12083946264694909,0.20243525512835375,0.1213311453672242,0.20898521050483548
2014-03-14,0.09407637335539638,0.14460322986329388,0.2549377840580199,0.14461158527019788,0.2549983262179116,0.14462487285196338,0.2552919050858053,0.1434842900807769,0.2447386708665828,0.14343386512067716,0.25301529212383106
2014-03-17,-0.13048968692549823,0.1699729131398834,0.29756273273157324,0.17008839626190525,0.29779645623977136,0.17009166650489532,0.2982988706140055,0.16875847291910437,0.2864805015394617,0.1699304264772355,0.29780625899643504
2014-03-18,-0.074304725720515,0.15750946208042957,0.2656769746574784,0.15760073605005953,0.26584681616633615,0.15764150061645657,0.26641940307639905,0.15649150299247133,0.2560878058327372,0.1573715970650696,0.2658506494132984
2014-03-19,0.04049136135473699,0.13555706772627688,0.23054412789236087,0.13570503945103948,0.23078099980341057,0.13569073249212207,0.23114948555066595,0.1347152780861318,0.2220879353188517,0.13556841380722692,0.23086387417180915
2014-03-20,-0.040491361354736875,0.13430177194597243,0.23332825799785975,0.13453051782632017,0.23365858046740817,0.1344956448550542,0.23400194048246728,0.13345187397311142,0.22426321176238206,0.13456229306942746,0.234110568290576
2014-03-21,0.032523191705560145,0.12926301544606303,0.22099472762964936,0.12955861635081392,0.22143757999489908,0.12946865194316973,0.22158171687135042,0.12846857964801675,0.21252315025263677,0.12950209586190514,0.22164033542540199
2014-03-24,0.005982071677547469,0.12956543418180103,0.22460729414943256,0.12976044804193212,0.22495864680657543,0.12960020593240107,0.22487895762534169,0.12854107468568865,0.21541468866606386,0.12961309164860726,0.22490297559688183
2014-03-25,-0.07354739117331352,0.12997404719141425,0.2239213167699046,0.13011397338482614,0.22421530347834046,0.12984655377852097,0.22362845422971245,0.12885668137346967,0.21467262812161844,0.12972681030056904,0.2233584962273471
2014-03-26,0.06288772994465501,0.12050649141121691,0.20386437664389095,0.12051716627840664,0.20400068144257286,0.12014015011082096,0.20286319337056608,0.1193328812347325,0.19549254044856001,0.1202819421856554,0.2029946423612907
2014-03-27,-0.02098215722946657,0.12498971123001218,0.2177130078271937,0.12495492276013892,0.217850406802101,0.12438155929963678,0.21598380163428818,0.12354657511368333,0.2083860065335843,0.12438194386554194,0.21586493521526262
2014-03-28,-0.014468044310201718,0.12485767431455884,0.21346009526929002,0.12473645888204189,0.21352796856839792,0.12401499057428439,0.21117225661804992,0.12325635871575036,0.20445962479213484,0.1237306613149451,0.2105786539661948
2014-03-31,-0.0374734549327722,0.11929361015174786,0.20423500140281142,0.11922317732791919,0.20442635435198814,0.11835527548113124,0.2016762578851267,0.11782108930316665,0.19676311076182024,0.1180272837235962,0.20099841427989276
2014-04-01,-0.05783672487155268,0.11251300196293598,0.19159318329911834,0.11249195353250424,0.19186764927213382,0.11151668678252243,0.18889386052213752,0.11124251440542739,0.18455261662645886,0.11150857843776463,0.1888571858918866
2014-04-02,-0.0007636502852973333,0.10290252745827713,0.17426795290573566,0.10291962041240194,0.1745611878779625,0.1020093462749036,0.1718532127686066,0.10181197675644953,0.16785816838969617,0.10234190698030148,0.1724073758825661
2014-04-03,0.021164811192043116,0.09739900664285138,0.16763180012065276,0.09741072515015343,0.16789897874749535,0.0968344368228568,0.1664326680535552,0.09646861471177053,0.16185251623526006,0.09666167102752407,0.16617401635684761
2014-04-04,0.043182706220374685,0.10033013146209303,0.17372178750115222,0.10032292011807002,0.1739670276480867,0.09976146353757327,0.1724453756014723,0.09945956908899488,0.16768863367520084,0.09974758169864348,0.17248224492892528
2014-04-07,0.10914988851168059,0.10924010746043063,0.19011435242054553,0.10929201219109017,0.19043527171193578,0.10872946934965791,0.18885392576651952,0.10823264643556157,0.1828858036944283,0.1088762653697228,0.18913625057654554
2014-04-08,-0.04465613914998934,0.133647364460456,0.23416011493709063,0.13383717921108879,0.2348101712110927,0.132622544137912,0.2311383352082764,0.13234135061492394,0.22472174611421636,0.1334392799383872,0.23255345713330097
2014-04-09,-0.07457302835639375,0.1332595759192331,0.22677189530331265,0.1333517763120847,0.22724908695078855,0.1323866466842278,0.22478302370651068,0.1320886841776188,0.21785171014287685,0.13186606716955004,0.2240657321184801
2014-04-10,0.1395731622091007,0.12026152658303724,0.20330186265306716,0.12034914042236004,0.2037520018678295,0.1195629449397792,0.20202275927388552,0.11925228584085636,0.19522873828123935,0.11980847108061549,0.2025116266779791
2014-04-11,0.06928651412597223,0.14104775566177877,0.2478417171753781,0.14079884250348976,0.24787545087337506,0.13986743250341888,0.2458836881238615,0.13946282173053354,0.23738937576607036,0.14079350687795117,0.24760144941561765
2014-04-14,-0.055536297485714044,0.16039770250592103,0.2777621965433725,0.1602949841099794,0.2780769807736074,0.159437565539142,0.276943321121616,0.15889457001172236,0.2657472975157563,0.15848226414277597,0.2751380090669886
2014-04-15,-0.03152846266154228,0.15463368771530497,0.2624420100921102,0.154531203829131,0.26275014890671156,0.15375901484415075,0.26165211158445273,0.15323664566419837,0.25110468811117437,0.15237532737869006,0.25907731146361807
2014-04-16,-0.09607921342335929,0.14372775838747148,0.2445143169772602,0.14361477470188888,0.244602652430142,0.14264888483317303,0.24180081301916687,0.14209111717524225,0.2343106957217204,0.14092323819054428,0.2388855500657262
2014-04-17,-0.0595673529954818,0.12911573032568316,0.21735570348284533,0.12915929955890298,0.21779281336694137,0.12821276827952802,0.21567199502669307,0.1279664501093057,0.20888252035548519,0.1282470042779438,0.21587726596561935
2014-04-21,-0.008267615676268363,0.11375940069406404,0.1933202533447603,0.11379259003529488,0.19376433366736476,0.11312887709229423,0.19259474868945134,0.11288108569858693,0.18489340101579035,0.1130433715825022,0.19268075048936167
2014-04-22,-0.004538585703008073,0.1075179569721555,0.18481627561612715,0.10759851359971549,0.1852485156269176,0.10687072331644633,0.18358791145012934,0.10663258887102417,0.17652524612409126,0.10594703178614413,0.1819260464716954
2014-04-23,0.006046881614892907,0.10465192150945007,0.18051095404368456,0.10472870661828855,0.18095799764176643,0.10412371918016855,0.17964094410374057,0.10385816944547392,0.17195663467637648,0.10322885932958277,0.17831571967682597
2014-04-24,0.003760816768126919,0.10462533538134176,0.18091202802939677,0.10489104873938146,0.18160658961353895,0.1042232781781283,0.17993302430795757,0.10393722897194536,0.17253287510375684,0.10329905506880704,0.17861154122217074
2014-04-25,0.05406722127027579,0.10458877684167944,0.1808207801514072,0.10479686389656051,0.1814049827828779,0.10412075253833915,0.17969671251111116,0.1039046507742031,0.17239870881453814,0.10314179726706645,0.17836809101857198
2014-04-28,-0.006421713113648395,0.11449556325817278,0.19966559573318673,0.11476346736204218,0.20026324494495779,0.11422936732066216,0.198893536973866,0.11374017002374638,0.1908404574202218,0.11447166349926544,0.19983748202404641
2014-04-29,-0.01878667969464737,0.11491292292543,0.19800639544076826,0.11521158683770588,0.19840740257986397,0.11490024852363881,0.1978946778012827,0.11477826813868346,0.19134454008275653,0.11418673235776469,0.19671593517147332
2014-04-30,-0.02212479628063587,0.11087404277362735,0.19110520359982,0.1113316831988506,0.19186394390758355,0.1109243951450654,0.19099693174554674,0.11068736431991803,0.18353082936464798,0.11057026969065488,0.19048553933905576
2014-05-01,-0.012003144861355973,0.10575603945785089,0.18217517398668448,0.10609063280642479,0.1827083812995871,0.10574562192543616,0.18182118069033681,0.10550582114368709,0.17486511676043284,0.10555808403921411,0.18164543487397597
2014-05-02,-0.025995347573680102,0.10156757150541897,0.175649006907676,0.10186028943727064,0.1760831619878788,0.10158318103595038,0.1753482162748773,0.10122010640639091,0.16820626184391416,0.10126152394976648,0.17492332588892412
2014-05-05,0.02900966786660278,0.09698168316737728,0.16719851856232815,0.09722418695730818,0.1675364307043636,0.09697489641574666,0.1668376085191803,0.09673476316465619,0.16127664554131896,0.09707556919416786,0.16714694048481607
2014-05-06,0.03765671943800514,0.09968969032102683,0.17451530397771364,0.09994071336399032,0.17472105935128193,0.09982562569454727,0.174372496741466,0.09979438024913956,0.16814653138565397,0.10000032481015841,0.175029570230572
2014-05-07,-0.02941388520629334,0.10790465176912965,0.18904364853202105,0.10818283675996997,0.18926557188243184,0.10807257728390274,0.18889813740137926,0.1080706526181956,0.18208561366388248,0.10825052316013796,0.18958174619568
2014-05-08,0.0022363035782805166,0.10566621865345827,0.18233214254526695,0.1059183829008317,0.18253939184459825,0.10576713267816172,0.18214754402619696,0.10580834325251959,0.17625919575541055,0.10567763608957709,0.18218175877424814
2014-05-09,-0.03871451218069039,0.10227010006557599,0.17773551117862624,0.10248818704140017,0.17789672842488766,0.10237114056118536,0.17776258691508648,0.10240791794051957,0.17225718429002437,0.10173920880431415,0.1765484669739937
2014-05-12,-0.05488454865537475,0.09520268067059709,0.16380829673927802,0.09538584852493479,0.1641245846525876,0.09461330343267273,0.16208552689826797,0.09506980587722685,0.15805114162991177,0.09492858710909612,0.16273778565080282
2014-05-13,-0.0082102267431222,0.0891384511852176,0.153105960226521,0.08937440564702143,0.15348671226253793,0.08888234491052521,0.1524231335658678,0.08902147824686153,0.1477200620093347,0.08956863304005086,0.15376855493177086
2014-05-14,0.0032921840434768767,0.08428833517925566,0.14669762777931492,0.08454141628750189,0.14705997226657622,0.0842219425482364,0.14629719863715077,0.0842567643427638,0.14240508294836038,0.08422572040805211,0.1464237078263485
2014-05-15,0.07896760875575394,0.08422959119696681,0.14730097882300228,0.08446485516532856,0.14769170619596775,0.084229824937175,0.14725740591891842,0.0842173290235865,0.14234145078877214,0.08406208998584225,0.14682669320920888
2014-05-16,-0.05702442844415627,0.10314391605853832,0.18268607804097414,0.10362031514921545,0.18340997176487858,0.10312073097330478,0.18230606511006753,0.10298487183895715,0.1753174546769523,0.10430081869771798,0.1845589310481666
2014-05-19,-0.0016090108057006626,0.10163728027403378,0.17494521973752059,0.10191277208017141,0.17549029878934364,0.10142678037017804,0.17434093846459342,0.10123995675887269,0.16738876219650858,0.10181067909352912,0.17532466322374035
2014-05-20,0.0425596144187959,0.09689727835514095,0.16880650405745168,0.09711399331449969,0.16927353739799705,0.09661367025287432,0.16814780300310567,0.09643921066796263,0.16160374344875858,0.09611952978185903,0.1674156399146325
2014-05-21,-0.08448930755691998,0.10498336988919771,0.1847495464204567,0.10516472738354105,0.18509109808556182,0.10476156301291159,0.1841565933769873,0.10447271898925431,0.1760064852744798,0.10482743814182989,0.18423338422480945
2014-05-22,0.010025146619378646,0.09842908852955948,0.16873429671516785,0.09869331558087417,0.16928227079957955,0.09821806761683038,0.1679957439617847,0.09791048395168396,0.16096325099321296,0.09914492881309782,0.16985285996684638
2014-05-23,-0.05730511669358227,0.09415645922350184,0.16493903389520043,0.09440240016788222,0.16547369154275585,0.09391068498842951,0.16407886427833976,0.09368041345356412,0.15725579783949858,0.09353244853752678,0.16373861235576365
2014-05-27,0.01311780944078605,0.09058462118904781,0.15615259077310747,0.09073990069177323,0.15643445859302527,0.09028285338348187,0.15510361784416915,0.0905521547959428,0.15123631263743859,0.09051885137003951,0.15542417588420546
2014-05-28,0.014661754666289764,0.08932084676284151,0.15675244368335464,0.08945020914595338,0.1569934137077158,0.08883441092600645,0.15517890304769796,0.08929907420566993,0.15167491651133666,0.08868080864863337,0.1549720759043969
2014-05-29,-0.009462436194495747,0.09189430168180689,0.16136143354541485,0.09216050157311367,0.1618316035120868,0.09180807026237252,0.16088722618186896,0.0919529574845553,0.1561186826314111,0.09154940234547507,0.16029048737142804
2014-05-30,-0.014802185805135388,0.09036546923763326,0.15780703844579672,0.09081939461395575,0.15850308687987366,0.09049155256830087,0.15765986474310728,0.0906185319086619,0.1529468064369232,0.09002216231418782,0.15666160092750078
2014-06-02,0.015666116744399456,0.08768258441073508,0.15309689648060001,0.08791982351626494,0.15347915682210056,0.08776144611175467,0.15321723536899373,0.08772246305655555,0.14672048801876475,0.0875218953052148,0.15258335487496896
2014-06-03,0.02473473647672743,0.08943938899374533,0.15742168835922118,0.08963710732544178,0.1578486072070144,0.08935288346333885,0.15715985327844023,0.08926495870257661,0.15024565959377995,0.08912973049913284,0.1567016509265572
2014-06-04,0.017536983885092335,0.09507742223311288,0.16759462682833948,0.09528172302991762,0.16807364196135463,0.09491131646338266,0.16711777949423698,0.09482997576122243,0.1600495096317404,0.09478724499733493,0.1669329217129221
2014-06-05,-0.03367321510658795,0.09938174982529543,0.17486545441897963,0.09956697092178375,0.1753557747178494,0.09913248820579498,0.17422896840827884,0.09906651464627159,0.16838280415212592,0.09868001800770668,0.17356048693560683
2014-06-06,-0.0848344207574738,0.0957314635727847,0.16631459214629626,0.0959079927733609,0.1667872216051725,0.09548884823292049,0.16576577240783005,0.09543343085173969,0.16125212942969117,0.09549529871750158,0.16590897021893075
2014-06-09,0.03839594126352075,0.08538492003375313,0.14645161530495943,0.08548864008473384,0.14671800183364292,0.08519053592995737,0.14602230164619345,0.0852404903526241,0.14223226530942698,0.08672171789131217,0.14870097489423956
2014-06-10,-0.01445372949059779,0.0876835103981732,0.15590048038839094,0.08778239173990977,0.1561949809364943,0.08744829238517512,0.15560911083842258,0.08759893858796002,0.1510550664577598,0.08722453444460497,0.15493941124791502
2014-06-11,0.05401932969678883,0.08817587236144389,0.15427262637593148,0.08833428385034656,0.15466305239949768,0.0879583844832953,0.15385325939032315,0.08808228744707648,0.14955930159715025,0.08713556976269148,0.15234514829282564
2014-06-12,0.07951206292773381,0.09868103874332115,0.17569871174120028,0.09896436593763512,0.17633448380128747,0.09866524248983045,0.17561425535637432,0.09868384138486931,0.16928939675376903,0.0988443498339485,0.1757869498385085
2014-06-13,-0.030721898758301704,0.12038787559587155,0.21432099191634812,0.12060306638709672,0.2148680728674815,0.12020817689926332,0.21394436907863654,0.12007116703103103,0.2066538690109557,0.12038633190109063,0.21438256607776376
2014-06-16,0.03786195289177829,0.11842969292400442,0.20669812896341808,0.11911823560667928,0.2078072722699147,0.11876640813476007,0.20700673667178635,0.11863473818506569,0.2009385716303563,0.1164529234677095,0.2028003946210957
2014-06-17,-0.04776302387448981,0.12122180691551812,0.2145784103628419,0.12189415787418087,0.21565497235398787,0.12158318768956582,0.2150206610838816,0.12151366706803472,0.20855582545382448,0.11974861126632913,0.21150290424757262
2014-06-18,-0.12809723867314768,0.11608609518962389,0.20167828485395425,0.11670187418962742,0.20268015931308342,0.1163672798708744,0.20192510597013144,0.11633939240808377,0.19604314257813457,0.11488952111694703,0.19894275508244316
2014-06-19,0.0009420631879009365,0.10150628982387985,0.17306603015419048,0.10174807886673799,0.17344127143297924,0.10152754248291243,0.17288222644154427,0.10162273025665441,0.1675658930723058,0.10448578811699216,0.17816827058191706
2014-06-20,0.021426064172675896,0.09242376373010794,0.1625397460059227,0.09262917399344739,0.16288012103376143,0.09236207538771822,0.16220013701802624,0.09251604301201156,0.15745808202273084,0.09050193212555063,0.15913588475172724
2014-06-23,0.01191035609491603,0.09536055339966905,0.1686064462125709,0.09550235204221778,0.16886236185132053,0.09538201731872156,0.16856705147490586,0.09543527138196214,0.16357903843386526,0.09444465546777503,0.16714966621731742
2014-06-24,0.09960628687457426,0.09793574745424871,0.17278351830396438,0.09795722090147413,0.1729401882401219,0.09795039078914859,0.1729370042498713,0.09787529211000826,0.1678707683366148,0.0963925448437927,0.17005291277572265
2014-06-25,-0.04553906560429852,0.12089869596156033,0.21635589779187633,0.12130817578108598,0.21710245214014715,0.12122393926529577,0.2170653885409874,0.12091304849601144,0.20930373514378445,0.12327815719470835,0.22042296104915224
2014-06-26,0.003445309178912825,0.11935669171974243,0.2073071699930237,0.12015827982134553,0.2086164283540636,0.11982164266489065,0.20779838433518502,0.11952428604759552,0.20102437479741386,0.11830995837175237,0.20491992747464674
2014-06-27,-0.03233134381902886,0.11359800883469826,0.19933131004593949,0.11428380742374544,0.20039980540971603,0.11389797727469884,0.1991928547278901,0.11373354636177568,0.1936241156734759,0.11116594854828132,0.19432814380007246
2014-06-30,0.027158918494040996,0.10858614928588425,0.18877841904491066,0.10912087098587403,0.1895267687613701,0.10879378860586125,0.18838331248051587,0.10872131663227969,0.18366539875878002,0.10768519570015699,0.18635195326988346
2014-07-01,-0.036976043299457445,0.1091544198975497,0.19264116618418808,0.10959294317242523,0.1932271153732691,0.10927437602830596,0.1920624793190249,0.1092672497542451,0.1872944725592774,0.10781223148135728,0.18940400718960287
2014-07-02,-0.03004322448779232,0.10612351850262979,0.1841327747142256,0.10649399368542672,0.18460029607105644,0.10622621076579045,0.18355845354823838,0.1062350632499634,0.1790651722872125,0.10551219054800474,0.18220206077277884
2014-07-03,-0.04731251336491882,0.09929795217509431,0.17259415481808513,0.09965589027726575,0.1730608123688512,0.09939045072512681,0.17204636485811192,0.09938851007091713,0.16784418811547014,0.09896519201213307,0.17121595058574324
2014-07-07,0.09337031498649823,0.09219553770363965,0.15938126616642007,0.09253271703780327,0.15982255461952347,0.09227652830804775,0.15885554964649576,0.09228101348104545,0.15498936005288033,0.09291122910018824,0.15987277701120475
2014-07-08,0.05578451764738843,0.10812726263273133,0.19336051570313728,0.10835283290788623,0.19368419618550992,0.10813864688159441,0.19283301361431296,0.10778709584107932,0.1855761220936816,0.1100365025332612,0.19609642039236014
2014-07-09,-0.02793241267559372,0.12479497100043718,0.22039570757600946,0.12521515463965266,0.2209830429839635,0.12494028978248715,0.22008168177691215,0.12466109776659666,0.21223491751291795,0.12277664108331589,0.21613294785384832
2014-07-10,0.07759666804454625,0.12293238655580378,0.21317500322629696,0.12335675479377638,0.21368724039205797,0.1230709598207353,0.21266844374174382,0.12297772536873922,0.2054882866877084,0.11954103227274718,0.20639099680762402
2014-07-11,-0.04135165554958693,0.1334733396090871,0.23684505209351198,0.13375299089366588,0.23723701550722118,0.13363968499816276,0.23675971133469417,0.13354329993936548,0.22863277397336926,0.13280545385905523,0.23520447549918763
2014-07-14,-0.02175818052871669,0.13097769446893165,0.22693304367567624,0.13135742869199526,0.2274765120091976,0.13125176458984456,0.22689256913390574,0.13119342020036762,0.21939003907013097,0.12865761233774062,0.2221437094494977
2014-07-15,0.011774736544533537,0.12226423316318892,0.2126620277225623,0.12267641482105582,0.21315860669100442,0.12255476122346344,0.21246856515210805,0.12254443054220539,0.2054011689731079,0.11998301170895333,0.20778032970403534
2014-07-16,-0.0836724757241152,0.11962479738168641,0.20952535142214018,0.11989532069515457,0.20983532166552837,0.11979213049319229,0.2092657392036603,0.11975850308311534,0.20193897246804177,0.11683324031573937,0.20378384131278937
2014-07-17,0.2790081993070027,0.11137012154089897,0.19074300365533037,0.11174628171461574,0.19117525706891147,0.11164482218715283,0.1906120382903906,0.11160819992479007,0.1842218051539847,0.11272479398577684,0.1922097358475434
2014-07-18,-0.18700928080633378,0.1820915318715212,0.33557376930117344,0.18264794296651327,0.3363856296996313,0.18230551630484038,0.3355258638859078,0.18128304931694708,0.32237352328125973,0.19560429750723748,0.3589000937521092
2014-07-21,0.06033192460960349,0.18205228590320194,0.31124538422109804,0.18237273558472622,0.3117362247217422,0.1823310045476955,0.3116487209984853,0.18144826847941178,0.30102592193619776,0.1786032545415795,0.3045401451567436
2014-07-22,-0.045516838824462905,0.1674609620515476,0.298928384521362,0.16796254922966702,0.2996388709021026,0.16780671269489963,0.29916388180204484,0.16691019193429749,0.2883308830289776,0.15890538215955113,0.2831084631741321
2014-07-23,-0.060624621816434854,0.16057311963491397,0.280548795352238,0.160901141621448,0.28104273045772316,0.16073169241004076,0.2804708718588292,0.15990874185540443,0.270160855052335,0.1529522692411213,0.2665026027159627
2014-07-24,0.02739897418811456,0.145795382283238,0.2541333749193485,0.14628687414759706,0.2548242742152788,0.14612454956513088,0.25446631324193913,0.1453403644111705,0.24523232309423476,0.1418129505338726,0.2463095892187852
2014-07-25,0.0693306522704367,0.13981821626835897,0.24845648797974212,0.14029849558423357,0.24911102853004533,0.1401180735624046,0.24860847908933714,0.13931430619440918,0.23928385344328063,0.13394482441090916,0.23734006239005545
2014-07-28,-0.010297120686243577,0.15045141862209596,0.2694827180732353,0.15100085031783814,0.2702028297326595,0.15083540758545128,0.26973668753717434,0.1499698089943418,0.2595652563519914,0.1480700122932068,0.26433674573815424
2014-07-29,0.055741983008235164,0.14856678951513935,0.2617840634190465,0.1491237845291345,0.2625346445783604,0.14887322522812124,0.26182349599802973,0.1480327710537007,0.25219226301334285,0.1422483588246094,0.24968885787785333
2014-07-30,0.0037579901423296655,0.1520997201237785,0.2715980606909906,0.1526860890090905,0.27239815291226277,0.1524000401703289,0.27161276400988,0.15151388485705466,0.2613949512955731,0.14965607974940773,0.2662855301037449
2014-07-31,0.24025069963584186,0.15107198968255667,0.2668306481284191,0.1515996424490994,0.26757282251701736,0.15129145981110168,0.26676684599743267,0.15041542238134137,0.25672702871546443,0.14559325266371606,0.25638290052261054
2014-08-01,0.004708660848137756,0.20314151611546485,0.37089069286038145,0.20390249351071932,0.3721113246093599,0.20308706520727324,0.37018481881014637,0.20181345305947804,0.3575212463939474,0.21547674542863135,0.39221353345005844
2014-08-04,-0.11895812392321012,0.2109814460586157,0.3712933630911759,0.2114729414271653,0.37215451512171277,0.21057802891989247,0.3698906561028915,0.20935702433103442,0.35822783392052165,0.20371784190927322,0.3583944170188221
2014-08-05,0.10951852580649016,0.1911212720246955,0.3293259294110603,0.19148604122961768,0.33001237590236143,0.19070255298527172,0.3280254986872896,0.18963012606818633,0.3179482618425198,0.19082647141399758,0.32866716149298286
2014-08-06,-0.030086505174833404,0.19054878184026186,0.34150475833541244,0.19116798929361092,0.3424633488824292,0.19037801538889898,0.3402014434182133,0.18939124429350482,0.32932854163272424,0.18926858054219017,0.33890855845869683
2014-08-07,0.01756024535565298,0.18642517626096697,0.3266748710565313,0.1870390183608851,0.3275703365785679,0.18634018969702776,0.3254252646408944,0.18554053963989867,0.31529316824537335,0.18171561772132463,0.3178571415170173
2014-08-08,-0.05490123576374962,0.17642620891848387,0.31196669382287984,0.17707684324341785,0.31292306815088766,0.1762658883751988,0.310520801844557,0.17558417804631649,0.3007763993133987,0.17223727617416487,0.304068796803841
2014-08-11,-0.10275698887318598,0.1649305770638985,0.28731451187952234,0.16546466302679483,0.2881769550564124,0.16450015571609355,0.2853461236046407,0.1640729877885827,0.27712119220096126,0.16459835087124944,0.28619647179413765
2014-08-12,-0.007052215405324947,0.14767177427161932,0.2545254738977428,0.1480194362406205,0.2550762519210414,0.14781366990459296,0.254760637895804,0.14703641813132515,0.24576646696693794,0.15150630591655398,0.26077884558209624
2014-08-13,-0.09107288532880962,0.1326316346307161,0.23379317933050842,0.13298246344762452,0.23437807805745578,0.13280900224004197,0.234204439707452,0.1320340319493989,0.2255229929519051,0.13193729856641953,0.23211975178902355
2014-08-14,-0.037919234862293726,0.12380671920705177,0.21308978188258743,0.12400086809581745,0.21338459597354315,0.12388948464512747,0.2129768521434857,0.12332603636460523,0.20554885360972988,0.12892033879368217,0.2215924345726144
2014-08-15,0.05711368211844089,0.11017778642985021,0.1926407324433302,0.11041577879477796,0.19297647242885702,0.11037242551811084,0.19279990297839078,0.10985137693102122,0.186023733455332,0.11261049124,0.1962611307630418
2014-08-18,-0.06519780051839985,0.11647543432674487,0.20873897140125294,0.11659594179523261,0.20888856599425243,0.11653367252117004,0.20850004323610263,0.11603462125159716,0.20089822362101079,0.11889106044141083,0.21266025629897406
2014-08-19,-0.008968669982760375,0.11352686532604063,0.19702996402929662,0.1137670152293226,0.19735252572075573,0.11369677154686132,0.19697916701287155,0.11314426335998377,0.19016492118258316,0.11594076077700519,0.2006152257529653
2014-08-20,-0.03585210989917279,0.10626604665489242,0.18809069472495138,0.10626133889603866,0.18795113602407856,0.10639521070036694,0.18797971166067093,0.10587281631659157,0.18164541974446924,0.10612420101338933,0.18754912175049213
2014-08-21,-0.0016992357529598016,0.10047327768579238,0.17674385909491627,0.10075696914972734,0.17702321372175653,0.10080439567274363,0.1769854222136132,0.10035329106159957,0.17130810813985145,0.10239763665468658,0.17950329536641924
2014-08-22,-0.02496901132920148,0.0950135522693184,0.1693630162397166,0.09545067552052496,0.16981402998960438,0.09553846297861299,0.16979747604977832,0.0951007288732256,0.1643746226505249,0.09528315234478306,0.16914776584582703
2014-08-25,0.019853910662430953,0.09127792787077048,0.16162154532976758,0.0918250599416163,0.1622307272963358,0.09183565933133594,0.16211316326285807,0.09142512153671375,0.15695379323946487,0.09309322273143604,0.16411907602552564
2014-08-26,-0.006000875273137245,0.0920548599289631,0.16556548776087557,0.09266719734026621,0.1662758831759355,0.09266835416359928,0.16621334768100696,0.09223276195512904,0.16076538245975516,0.09312951097389446,0.16676481567462914
2014-08-27,0.012815211692867506,0.09134028995894423,0.16381476370070785,0.09179880352678246,0.1642739926902455,0.09196473381179392,0.1646741064144379,0.09159573627210163,0.15935372569578374,0.0916103327126608,0.16376613953788913
2014-08-28,0.022661481713223405,0.09303165227895928,0.16790929832262003,0.09346166269222408,0.16832666824876566,0.09364353049632149,0.16865836373945634,0.0933326495831224,0.1634702267084261,0.093677230842209,0.1685317930365628
2014-08-29,-0.005826067249360691,0.09823390554989299,0.17772055793442665,0.09864895385802544,0.17810666690535118,0.09889429274942885,0.17850303721601055,0.09857902014992172,0.17305390003466467,0.09911311207672437,0.17869116934691576
2014-09-02,0.022287344303432613,0.09792070848941922,0.17567504253225213,0.0982365736207916,0.17595453272086833,0.0985477416899105,0.17640757274106325,0.09825293872520856,0.1711221994255389,0.09794710132701182,0.17509840264259893
2014-09-03,0.008939515038808608,0.10078897169606131,0.18223797939571987,0.10114155094743328,0.18255048472365062,0.10145796506381767,0.18293136505233154,0.10116241283347963,0.1774591647704791,0.10156578211555542,0.18291928539029328
2014-09-04,0.022400936689166713,0.10295861340321172,0.18558745588341663,0.1033604616736656,0.18590171169788344,0.10373282078693055,0.1864059690858529,0.10344142999758622,0.18094739116896016,0.10325313870837148,0.18529414120448745
2014-09-05,-0.044487724092010066,0.1069448483984336,0.19342167390281606,0.10738178282359444,0.1937801972214008,0.10772909796721486,0.19433218323375484,0.10741354939010916,0.1884753781621292,0.10758394842143273,0.19377801437432954
2014-09-08,0.04606875208932893,0.1024569348544329,0.18194828855854328,0.10286264290187253,0.18227636136750888,0.10319776215783284,0.18273225864495338,0.1029109319224811,0.17740010381869856,0.10391977256022225,0.183711372915494
2014-09-09,0.06424226872835366,0.10762615072858528,0.19588973405168952,0.1080800457921341,0.19627751397639087,0.10840729812222445,0.19671658299561326,0.10807762551673267,0.19075082903644203,0.10879710589832517,0.19718108634826043
2014-09-10,-0.04701396476817609,0.12375939648131705,0.22573661687877725,0.12425913652581035,0.2261546964261921,0.124817798470685,0.22693727969744182,0.12441786286007599,0.21994992189091025,0.12528262163436776,0.22740175776884775
2014-09-11,-0.0062305497506360856,0.12053592443852106,0.21401842121842105,0.12105169478283401,0.21448930153575677,0.12141427912979313,0.21514535285724215,0.1210457422626292,0.20865034118652262,0.12096627961994048,0.21396723036421672
2014-09-12,0.03907046148144874,0.11312101927453888,0.20281723315621786,0.11363546310602256,0.2033026151387619,0.11392829209164201,0.20378787058597184,0.1136068650481084,0.19776210400989222,0.11255810520955167,0.2010502481875518
2014-09-15,0.059076599658075754,0.11853557416629895,0.21479394217488376,0.11900586488486306,0.21528886445912737,0.11929799590065471,0.21564333398544439,0.11897487620566777,0.2092136559738813,0.11912040240252328,0.2150970740136543
2014-09-16,-0.10363081949578079,0.13131277838944858,0.2386855844589709,0.13194064873050085,0.23928856010500013,0.13229218573707194,0.23978445242996893,0.13193923966771473,0.2328601014492443,0.1323220733143415,0.2394404550554635
2014-09-17,-0.006304197395785893,0.12241311741261027,0.2146957410909676,0.12272741918489798,0.2150195339295871,0.12316679350524337,0.21587409843140778,0.12279521788568576,0.20915604379595554,0.12456917134248353,0.2177069203584037
2014-09-18,-0.05025368518694179,0.11132902286348735,0.19970168844174213,0.11159813537476694,0.19998462440848716,0.11203646944822973,0.20083133681109414,0.111679718417841,0.19440344172554863,0.11091989512682102,0.19825776062997844
2014-09-19,0.006628027578413331,0.10396608197062786,0.18430429816869448,0.104277457048155,0.18466592348278277,0.10453739139346313,0.18529044392016683,0.1042309846205673,0.1797356501297838,0.10492155963288864,0.1854149402435879
2014-09-22,0.12263408173535656,0.10007981761273003,0.18009945210537623,0.10040819146358995,0.180486360625993,0.10061326959949715,0.18104362910234958,0.10033223420596199,0.17578655425150413,0.09967088340850325,0.1788426380880014
2014-09-23,0.08670697225074145,0.1320153863207109,0.2421269610444491,0.13267169243390392,0.24284385054264704,0.13308415326086429,0.24391391187499065,0.13251227832100634,0.23581843311125258,0.13588277193279924,0.24835742385167645
2014-09-24,-0.11786676320698289,0.15678647535992643,0.28429586568759846,0.15788121312471579,0.28526602499707343,0.1582087933466352,0.2866245862121149,0.1576879619131703,0.2774633642643817,0.15712311256049383,0.28399277322824307
2014-09-25,0.16432588677304896,0.1436273341704843,0.25184851219395726,0.14439879753524604,0.2525460397260556,0.14491497340443574,0.25398476265182557,0.14438094655563413,0.24540980061065235,0.1448301546936499,0.2530998090325105
2014-09-26,-0.05183186986845641,0.1726720695550109,0.31560737886759105,0.17371404611199334,0.31672507164120894,0.17423923139532552,0.31836181866079905,0.17337873610517657,0.30652284280566283,0.17506044418086575,0.3191970789235838
2014-09-29,0.0733380750894201,0.1685311062153815,0.29748539657026635,0.16945975993502518,0.2985484503211607,0.1698284363911439,0.29985809808654895,0.1690074086090319,0.2891675411082016,0.16607085121838033,0.292449078480988
2014-09-30,0.02044047629479368,0.1716401621841832,0.30945271835425564,0.17279831202566526,0.3108021545548332,0.17300183275291875,0.31183614949562816,0.172052083699664,0.30051924130356,0.17050238204640383,0.3066892250624041
2014-10-01,0.024228925974379954,0.1712197336912524,0.3057782890208058,0.1724604849102305,0.30733977085428055,0.17230303365521737,0.30753734032499924,0.17148690171199596,0.29885817576547136,0.16804753117380072,0.2992786537683333
2014-10-02,-0.03346828951435304,0.16771474576409418,0.2998295888547118,0.16902865510490428,0.3014715081444328,0.16873208628092903,0.3013406074030998,0.1680241850010943,0.2928589331486908,0.16517570571843435,0.29439322023863446
2014-10-03,-0.10494805947544772,0.15713972152662875,0.27809260182092305,0.15833253718350815,0.27956482087782786,0.1580264706164304,0.27932953263365456,0.1574168511492133,0.27169386541235674,0.1556262555968382,0.2744766691117492
2014-10-06,0.06066504954177438,0.139659770954267,0.24317089019741453,0.14056570244299327,0.24436295466464356,0.14046052463995634,0.2445809959739366,0.13980961904282382,0.23672887331158202,0.1419622438558858,0.2465343821423474
2014-10-07,0.10665334066013141,0.13892848536964159,0.25057304043529194,0.1399716548838607,0.25190600358204585,0.13973955580481454,0.25186315241827884,0.13909346055693594,0.24451297115773893,0.13870120841082303,0.2494349280383935
2014-10-08,-0.1295526075347592,0.1634854010816461,0.2957722891610106,0.16452773669433143,0.29713676428408986,0.1640910252822182,0.2966554622061219,0.16336426420534914,0.28892652308746514,0.16482249281241487,0.29765379076076043
2014-10-09,0.21637016729343048,0.15251221601864484,0.26449018497832266,0.15328202609571007,0.2655142396720833,0.15316610653859122,0.2660488035747433,0.15260538887651953,0.25876511234148414,0.15430605914671644,0.26723037415587636
2014-10-10,0.12415925279565927,0.19378406497453124,0.3543848722916137,0.1947208880675253,0.3558493332909957,0.19468777224072764,0.3568296970670173,0.19379953426460989,0.3469356772902252,0.19930232180531562,0.36430700278113853
2014-10-13,0.14848494229158105,0.22710057889557686,0.4081161764644041,0.2282638304481236,0.41000059796243093,0.2280522909224255,0.41081471155306326,0.22717573143373443,0.40028417773979663,0.22122980188548433,0.39787028931764545
2014-10-14,-0.0780492954077262,0.2532249883935514,0.45528300268424543,0.25414859768907205,0.4567066451662603,0.2541552821264048,0.4583435829932542,0.25322132840582795,0.44696179286854815,0.24792675985044327,0.44658692205269235
2014-10-15,0.14134414578003993,0.23493136783748547,0.4119602334332297,0.23591419515982762,0.4134607865675762,0.23581828840967461,0.4145840786341055,0.23508520338828812,0.4044641777465659,0.2276533848317006,0.39936551752534544
2014-10-16,-0.040821994520255166,0.24287382316524783,0.4364413673676852,0.2435585900158611,0.43788849949891206,0.24363299582193815,0.4397899916920149,0.24271162718685224,0.4276677437840434,0.24041142682416777,0.4336769267094573
2014-10-17,-0.1362561899507078,0.22804269520999879,0.40103325391559,0.2287152436605691,0.4023187609894496,0.22877859235206194,0.4039106758113053,0.22795567293127234,0.3936571066245252,0.22231286706642955,0.39192006054925216
2014-10-20,-0.16904042920205534,0.19824061792839626,0.3433411924658694,0.19869877580530088,0.34438234503425735,0.19871412998283003,0.34571667753653407,0.198001933727142,0.3367486888677036,0.1990323907971978,0.3456204295088719
2014-10-21,-0.1439711116137942,0.16504656291165726,0.28307815596195846,0.1651567282638466,0.28352040896108444,0.16542655513050633,0.28511581172724587,0.1649082231734061,0.27701138540619746,0.16877017775566913,0.2903591117197949
2014-10-22,0.10554706542051655,0.13713927199111292,0.2350446110150251,0.13701931972267384,0.23503146537390232,0.13744643013547475,0.236511423989652,0.1371734833965351,0.2308604146036521,0.1416569521037512,0.2435822553237733
2014-10-23,-0.07794641733840388,0.1492158588421829,0.2673506388092587,0.1484962877643831,0.26671667687980766,0.14872408124650194,0.2678024911013965,0.1484331036525752,0.26170321142391,0.14873884378020347,0.2680192385004607
2014-10-24,-0.025736714644049936,0.14465307420484463,0.24987682194524247,0.1440732566142916,0.24941251852602908,0.14410173049991934,0.24989963896096964,0.1438006095683798,0.2443502660913591,0.14294371341579526,0.2479329719983766
2014-10-27,-0.004354594750514625,0.13030685713604717,0.22769618495605504,0.12982027638112378,0.22733697501328962,0.12976924389491834,0.2276373506320293,0.1293399564190671,0.2231498245971623,0.12731233256028698,0.22344672970955454
2014-10-28,-0.10855208153909193,0.12246947162929725,0.2153935417635516,0.12205302661838567,0.21512251425906181,0.12197693310729454,0.21540343438499118,0.12150870943712967,0.2109239882574936,0.11863843352401675,0.20968915145952963
2014-10-29,0.05146701105610162,0.11329638966905668,0.1933925701037561,0.1128189553328964,0.1929719278598844,0.11272877540866881,0.19306712536219905,0.11242517618590242,0.19020768471120394,0.11586580794969013,0.19863073517536506
2014-10-30,-0.04247352255872816,0.11216653137442939,0.20014019580657055,0.11174360396950161,0.1997830757719833,0.11163180974102396,0.19984899590120278,0.1112723109406385,0.19699487636492347,0.11049965468400154,0.19829333830752247
2014-10-31,-0.034329115282280435,0.11023216884167317,0.19169477460020956,0.10983356419348114,0.19135951170763257,0.10968811170945392,0.19133486667283697,0.10936896451442076,0.18928158945991086,0.10858073039745865,0.18959570747549023
2014-11-03,0.04868833636016939,0.10188754030823112,0.17767810056451494,0.10146038183456377,0.177316217654225,0.10131087299352405,0.1772912921674083,0.10110507140860686,0.17540515078847657,0.10058042898492131,0.17620123315765593
2014-11-04,0.010803616221378811,0.10832030439197697,0.19341161449005706,0.10761766101754326,0.1926963944708259,0.10769835031431457,0.19307616950968198,0.10751030767079092,0.19054253351850403,0.10716119702020675,0.19242829392336439
2014-11-05,-0.049562792993328574,0.11210448310998085,0.1981463755076274,0.11144566258272272,0.1975043693105464,0.11152963378179769,0.1979704600150037,0.11125471750315852,0.19494071112534658,0.1086606132241852,0.19315308799668224
2014-11-06,-0.035923402966730876,0.10789898749568475,0.1873839737814118,0.10726465012272118,0.18673243074438994,0.10740492941805999,0.18704696622967482,0.10738476151621283,0.185818038292983,0.10715586541027672,0.18669768276987786
2014-11-07,-0.041065867219915245,0.09869068589399084,0.17232150779001473,0.09811317773649401,0.17175143657262953,0.09829685074867983,0.17220033464053505,0.09824985077798193,0.17051232026968755,0.0979042538916752,0.17152734462952732
2014-11-10,-0.034900789182895305,0.09083771777648636,0.1584802961948867,0.09036539523139728,0.1580212905896393,0.090566574148737,0.15854127817921262,0.09050326028344557,0.15637455731317496,0.0909621247106325,0.15916692807050864
2014-11-11,0.019539504021408072,0.08418034330771816,0.14717509268243664,0.08372089322555269,0.14671144967442554,0.08389630678859929,0.1471829957364384,0.08379578090118663,0.14520840086483036,0.08429872720057777,0.14783979092628377
2014-11-12,0.0077101384259672615,0.08458831983537535,0.1511149430847689,0.08418432462045984,0.1507150852970649,0.0843711461001922,0.15122990059816416,0.08424789880942775,0.149032377327657,0.08306435593303546,0.14899840549967622
2014-11-13,0.057457055024787214,0.08752856209416114,0.1556165862718382,0.0869597190804174,0.15503458631226452,0.08714006794141857,0.15535698409116536,0.08707673632094222,0.15388014103956904,0.0850008062890612,0.15176265911313902
2014-11-14,-0.035428059398190104,0.10094603137131065,0.18194402628813974,0.10021631093106516,0.18126476452790052,0.10052407063534935,0.18201846212548614,0.10045039810610204,0.17994226651238487,0.10180619815800229,0.1845048817475883
2014-11-17,0.049827156270369474,0.10111528660498291,0.17704428876945635,0.10061151641313235,0.1765244523761454,0.10078868915094923,0.1769150769411407,0.1006521823002106,0.17249401502277575,0.09928020068955751,0.17442969700264213
2014-11-18,-0.00933579491563264,0.10705816054828579,0.19239144748902542,0.10634501143540132,0.19165356146120435,0.10661926857325961,0.19227628303934835,0.10636106526619095,0.18714015806356676,0.10606566046007108,0.19164469987188837
2014-11-19,0.007189103572469256,0.10834800289389959,0.1916016601886621,0.10785329149995522,0.19106386760093763,0.10806343679643851,0.19156356810870598,0.10812490156705891,0.18837145125603796,0.10321129921903331,0.18329024199226882
2014-11-20,-0.027597975203676402,0.10664634748805447,0.1898754190337243,0.10617873689605703,0.18935970295498092,0.10661479291120869,0.19035096972526172,0.10662076406144556,0.18547632355793947,0.1027839419326076,0.18364264764004506
2014-11-21,-0.05137081076292357,0.10300645695417121,0.1812853008981473,0.10239094734300354,0.18060305798060627,0.10278570842185303,0.1813695453594644,0.10281872494296797,0.17737812696607388,0.10156512131421046,0.17921402658169605
2014-11-24,-0.021944454254559417,0.09568324850344348,0.16675039300404734,0.0951518552897814,0.1661385136927462,0.09534796752685855,0.16639293563138963,0.09543489122629302,0.16410625186519234,0.09747421587093916,0.1702968998617331
2014-11-25,-0.02975692012233105,0.08867709681963955,0.15621885867128274,0.08814814620392987,0.1556175540958795,0.08836939667426918,0.15593660662082814,0.08843030855594972,0.15356198566490253,0.08829131926515434,0.15593578355335957
2014-11-26,-0.014802901881295811,0.08412607916551326,0.1478003992817454,0.08361449089586834,0.14722894363090272,0.08383458696885553,0.1475730373141416,0.08386789189753266,0.1450388805175389,0.0846075901313876,0.14900869093940133
2014-11-28,0.0992940990811771,0.08007307121831463,0.14158975473415103,0.07950952076461579,0.14096350253585174,0.07978581219842452,0.14137767131584306,0.07980689180333465,0.13882906295179423,0.07950604682874088,0.14095839484595918
2014-12-01,0.06954285775115863,0.10395869654200847,0.18941417648935746,0.10336205132708906,0.18876748794219098,0.10340794399552904,0.18883859091052982,0.10338083274743642,0.1874063514220229,0.11007392093656182,0.20105001339643766
2014-12-02,-0.10621618060054716,0.1267121333600285,0.22730111534943792,0.12592379651278493,0.22651519880283488,0.1260516273991216,0.22719055976339547,0.12590385648540525,0.22445162498251392,0.12350272071027572,0.22293260293036027
2014-12-03,-0.030018051649283613,0.12179327945532069,0.2090327064447344,0.12104372582535032,0.20829628119897353,0.12112268669822139,0.2088098060407494,0.12102271875399208,0.20699087164606747,0.1214106080867383,0.2090706636020041
2014-12-04,-0.007243492435495025,0.10788009655662685,0.18897556798426343,0.10717669614659832,0.18828152201279416,0.10730975902166451,0.1888671331320231,0.10727259931242228,0.18695950875958844,0.1038559798412511,0.1826930076402218
2014-12-05,-0.046289255278497914,0.10262235909463241,0.1809692543757676,0.10203255125570426,0.18039857539311033,0.10214521654340418,0.18097794417965832,0.10205390503048742,0.17879821687184744,0.09710722560208276,0.17206519009180393
2014-12-08,0.18415293013105719,0.09698217737892016,0.16912077934686373,0.09636890319934546,0.16853104561944016,0.09650537359614443,0.16908885679805635,0.09658526994849653,0.16707889337693416,0.09547830479774977,0.1671592955800893
2014-12-09,0.046743904586908414,0.14618307124323707,0.268585515613508,0.145355340457055,0.26793725645118427,0.14535078597647944,0.26850222073275115,0.14573372868804668,0.266927964250175,0.1574000395798665,0.2907877692856693
2014-12-10,0.21870119360135082,0.16510694992414504,0.29428306383259345,0.16432257207321674,0.29371500578148185,0.16440278030256925,0.29462791750521794,0.1646763183243776,0.29276282989330105,0.15324298111772994,0.27536974773072537
2014-12-11,0.08033325452625988,0.22034588629638396,0.3998725984461076,0.21927855795280224,0.39914894516813626,0.2199490728390865,0.4019551948501738,0.22011621181261076,0.3980177522905348,0.22366246876935217,0.40921696738399255
2014-12-12,0.04860042884963309,0.2378963019244511,0.4243381204913526,0.23696102817801204,0.42377785326997397,0.23825363829551474,0.4276946295072747,0.2383870603967316,0.4229378997126684,0.22640121652593784,0.4067790345446056
2014-12-15,-0.03180991093664191,0.23467907398814827,0.41714688700654584,0.2341833306141699,0.4168418738659541,0.23516870757208866,0.41977277289695336,0.23500263029366933,0.41651018898049913,0.22375917252949634,0.4000187205188171
2014-12-16,0.14345990421152027,0.2173993163305427,0.3841169927014388,0.217278783219744,0.3841359399419484,0.21829913978644488,0.3871106409587762,0.2182821340867199,0.3835116800366041,0.2080942205803237,0.3689885702134756
2014-12-17,-0.19264191791574664,0.23295563924384385,0.41968963242914,0.2323672664052332,0.41943602325436913,0.23351356562106904,0.4231953972420823,0.2334430767315933,0.41844126939410276,0.2314016798173753,0.41940688285841476
2014-12-18,-0.14535885161176892,0.2127219677509614,0.3667130685798859,0.21228325581287702,0.3665580060380186,0.21321786478301508,0.36969582827603736,0.21315292316490297,0.3653177505322813,0.21470369309493337,0.37146820610402187
2014-12-19,-0.01921981084901678,0.1750127832849349,0.30308616401850913,0.1745254058765078,0.3028206932389565,0.1754957473128271,0.3055967068731905,0.17553037939897562,0.301464114830634,0.1782835428475733,0.31003906791765123
2014-12-22,-0.07817463351808686,0.1530296277024933,0.27081483208070334,0.1527469208816816,0.27072868032538683,0.15360507247173877,0.2732268362735987,0.15362343711914328,0.26904174724855684,0.15107341588942919,0.2685065908046719
2014-12-23,-0.029952322283351217,0.13856282085046528,0.2422254985934928,0.13827966750013052,0.2421110693889781,0.1390573138202331,0.24436335648962074,0.13906663343308373,0.24053454593426374,0.14018635120574152,0.24594882461963835
2014-12-24,-0.029484480679135915,0.12479227010336469,0.2204019860723695,0.12465080692941853,0.22040148505589552,0.12533784743179266,0.22240132606286195,0.12535747276549736,0.2185557171895029,0.12494928743556166,0.2214727767975975
2014-12-26,0.00900594933559516,0.11579138844768659,0.20458339166000886,0.11574982640104109,0.2046706029154538,0.11636355395672913,0.20653925975913576,0.11635017760779809,0.20269215928076517,0.11637080068754865,0.2063186334345361
2014-12-29,0.03789357294521879,0.11202249881421059,0.20006910498157168,0.11217955032005722,0.2003577358467915,0.1127470228028227,0.20228099824524,0.11267675423202764,0.19782452487248517,0.11175705307008908,0.20031226715580083
2014-12-30,0.055533958044489386,0.1190928660731926,0.21392027420336024,0.1192756661844838,0.21423757102787117,0.11988900134178165,0.21631466111187878,0.11979415488966236,0.21149453949278782,0.12022097782016646,0.2167167623568088
2014-12-31,0.1873340986174988,0.13209904995974586,0.23781400603742545,0.13238200323941687,0.23823230710789378,0.13304019401077155,0.24051391046839415,0.13294279436863463,0.23511858989891254,0.13352077975086427,0.2411789797408762
2015-01-02,-0.07627377735599214,0.18641637965286656,0.33864281822226405,0.18706725588727344,0.33955154195514886,0.18795485324867794,0.3430238334061012,0.1877577374863124,0.3363640412673914,0.19426936566828992,0.35408371685317014
2015-01-05,0.1130877504787085,0.17999744574218518,0.31474566600529924,0.18019359072281646,0.3151998757080682,0.1810517937668451,0.31832648582347267,0.18102799933310343,0.31310304080459056,0.1781274042445449,0.3125484790757302
2015-01-06,0.05849620668160842,0.19086719758036572,0.3430976951991218,0.1914732859216441,0.34394336814822696,0.19244877092132232,0.3475004761809158,0.1925061030221236,0.3423126047198785,0.1915790670879601,0.34566759942383407
2015-01-07,-0.08959736239763777,0.19986915099587663,0.35649533409588785,0.20061680682718952,0.3574205587363802,0.20166649145143872,0.3611752655901385,0.2019145377165206,0.3562325135919266,0.19789597224929167,0.35428266327773467
2015-01-08,-0.12682169003265253,0.18294175064374818,0.3195493862153999,0.18358953876213494,0.32035005296024077,0.18452995607272082,0.32365680659425095,0.18473762664951943,0.31935048144238093,0.18332402745903828,0.32103853363777446
2015-01-09,0.031252543504104315,0.15692530062417753,0.2724784503227819,0.1570743117835918,0.27284702166380936,0.1579559752464269,0.2754366268112801,0.15818626514525705,0.27121511064808684,0.16053359477980805,0.2795592760932084
2015-01-12,0.11047561632459668,0.1474161667159748,0.2632211788643271,0.14740741775678137,0.263467838172779,0.14833702066179394,0.26624372736603813,0.14846741708402728,0.26158728250606567,0.14560333147991794,0.2609716500724502
2015-01-13,0.047817874350492735,0.17121703471270636,0.3086570109143435,0.17153366778345014,0.3092855982721312,0.1724215499354433,0.31243490729583423,0.17241520892947246,0.30726430641714536,0.17388837119593542,0.31466962115560976
2015-01-14,0.04377482905369964,0.18064311356042165,0.3218501954243587,0.1812861641053315,0.3227403236863223,0.18215431920757028,0.32595497268446005,0.18224448177757854,0.32093471862382367,0.17963295433025434,0.32113988449050335
2015-01-15,0.041492160969999595,0.18291789646939452,0.3253737363457623,0.18371677796966182,0.32637507779371705,0.18455038693679796,0.3294903783160719,0.18467117664370694,0.32504620086869873,0.18202705548025555,0.3249426934924341
2015-01-16,-0.06647578424251673,0.18338934000128065,0.32598695550068496,0.18449626925315163,0.3271999695469999,0.18541427095592908,0.33085302846095616,0.1854019627894759,0.3263665571137509,0.1831364715301681,0.32670298224587585
2015-01-20,-0.05192155350226582,0.16823768110788326,0.2941133376542456,0.1692470962078493,0.2951117818978945,0.17013509404682595,0.298297089388339,0.17012236110016388,0.2946357456165877,0.16977565086387272,0.29741138125817945
2015-01-21,-0.053704178971860986,0.15119799608881576,0.26740693070096117,0.15143899140762426,0.2677987946077465,0.15259063592118693,0.2711021076315199,0.15255648078180756,0.2675782913248957,0.1525768743149364,0.270699034177006
2015-01-22,-0.13923157906386718,0.13553889432328906,0.23936250179914836,0.13580639131502548,0.23973437331391234,0.13683975236274942,0.2426738623959954,0.13681957831295047,0.23965971794073035,0.13766946092074003,0.24383130377339018
2015-01-23,0.015729301908543908,0.11637048060077859,0.20049441534227902,0.11634762020828138,0.20059546430093217,0.11718625324864754,0.2028924588456076,0.11726752012522634,0.20049592612105865,0.12316061206142155,0.2130546062889327
2015-01-26,-0.07088112198362395,0.10671414322873372,0.1902153999072906,0.10676388905026395,0.19039179950030827,0.1075435443357537,0.192625716057423,0.10760977779606311,0.190175705339532,0.10694656210047498,0.19148853997961301
2015-01-27,0.1039419842445121,0.09992991657888435,0.17368147269898634,0.09978348600301536,0.1736596352148343,0.10046400103840462,0.17558837857992043,0.10057456928653276,0.173347495702577,0.10332721936972644,0.18033665699777882
2015-01-28,0.17142226633591914,0.12321193307152967,0.2209481401544019,0.12274356216183607,0.22066442782515466,0.12341141613816049,0.2230402245828729,0.1235385785056649,0.21976843419725056,0.1266813734152607,0.2286963818263161
2015-01-29,-0.08576682175742506,0.1767837722108457,0.31702486530258045,0.1772325555241531,0.3176924265059505,0.17808343003080057,0.3207830464709332,0.1784281209393785,0.31641649411062106,0.1813244133831443,0.32654544100800087
2015-01-30,0.11136590133574976,0.17059610077439935,0.29399755061152855,0.17098024775148768,0.29460070933772536,0.17160836408616448,0.29714875921328665,0.17191761255003787,0.29329685468605027,0.1657042623629717,0.2862423278635838
2015-02-02,-0.07627458152447988,0.1811170280338803,0.32118992700993315,0.18173817151522495,0.3220917252755573,0.18236605457822017,0.3248958971243809,0.18278906160552919,0.3204284557359944,0.1789478023358347,0.3189225673459814
2015-02-03,-0.1143791596618341,0.17243060708079072,0.2967703532550565,0.17283581315668736,0.29741268428204437,0.17339051857899002,0.2999077356555189,0.1737561276853865,0.29591685415781643,0.16872769143807528,0.29138263408269516
2015-02-04,0.05609995812409892,0.15091851509537607,0.25710251953574964,0.15099340095289188,0.25741491469984146,0.15143429713636614,0.2594343409080876,0.1517291019881793,0.2565015633013213,0.15200910050982522,0.2601175973691352
2015-02-05,-0.0841884050532427,0.1477727900626192,0.25949211481445983,0.1476716187350428,0.25958575195400246,0.14816833247770447,0.26176531729210345,0.14845908053496942,0.25868963742063555,0.14405318438625223,0.2547551365307931
2015-02-06,0.025777642896828285,0.13967522041203892,0.2384556364881272,0.13948536901417385,0.2383788278291185,0.1399807863260643,0.24034930583990474,0.14015924122898352,0.23821058900778144,0.13924872226733453,0.23901424081286407
2015-02-09,0.07034148935824504,0.13264674604969512,0.2316343147346052,0.13242283371937946,0.23149736041754573,0.13293065888925124,0.2335560373915749,0.13288770101783393,0.2323015691698566,0.1287967894232417,0.22638407010333628
2015-02-10,-0.07381773851360596,0.14586913565587203,0.25655730806160226,0.14556005326279156,0.256296808067755,0.14617094859339427,0.258685514345674,0.14615826494636186,0.2574661719040607,0.14526413204512773,0.257382629151988
2015-02-11,-0.015794420176081264,0.1396345591274894,0.23848736105225699,0.13923058026421542,0.23803470758291198,0.13988693100603253,0.2403561010089692,0.13998436514822962,0.2389817262036307,0.13929292291292897,0.23935747856134046
2015-02-12,-0.10039383442464694,0.1272465467539563,0.22011704184280523,0.12711058075688533,0.22004061755562718,0.12786599029884704,0.2228313219688017,0.1279892722656785,0.22112300552715447,0.12533906903126016,0.21828780061996184
2015-02-13,-0.04329680575332419,0.11732255526152154,0.19810684137434997,0.11700011428151187,0.19778362713100858,0.11762577190139044,0.2000356884935946,0.11789378113269657,0.19853655924434688,0.12068367503319077,0.20502147126210982
2015-02-17,0.07284294984713525,0.10332318058786934,0.17726670646441245,0.10315324142397814,0.17711253060623236,0.1037926916244857,0.17931682504957805,0.10395648717878381,0.17792619309213292,0.1045666885591846,0.18057496239963725
2015-02-18,-0.022400936689166772,0.11473840378201679,0.2027191403756037,0.11455853757983936,0.2025876085058714,0.11513908789487445,0.20442711690661133,0.1154147981814198,0.20328342874637823,0.11625265136987804,0.2067611811977685
2015-02-19,-0.010409983402783523,0.11468790766602467,0.19806734634963152,0.11457048317775449,0.19793716613488901,0.11506306189445031,0.19953360719297464,0.11530058239881968,0.19826576210117342,0.11266712074438832,0.19561056165827995
2015-02-20,-0.06693948267510927,0.1090410130712772,0.18893429111824048,0.10865514674646609,0.1885900451612491,0.1091730461095663,0.19020233796843236,0.1094175717580334,0.1896129189973407,0.10703660076561397,0.18671207187152866
2015-02-23,0.018018505502678212,0.10158735067001011,0.17332275757404883,0.10127348287315215,0.17304920819574188,0.10187469151952211,0.17497263771276317,0.10208062297515408,0.17389996288327858,0.10382398476518122,0.1781558679505361
2015-02-24,-0.06161240346818252,0.09730466550282714,0.17059037823259843,0.09730825789777077,0.17069405480193386,0.09773600295093501,0.1722929594835768,0.09789701367234988,0.17124495879353197,0.09586390771695004,0.1689793265986187
2015-02-25,0.010897310889166048,0.09338608886865074,0.1597069886880698,0.09342524306429664,0.1597897817054376,0.09378610465176429,0.16113624139912197,0.09398774154420159,0.16013530196044246,0.0955526126771046,0.16403891590972733
2015-02-26,0.005045055745827997,0.08913819993836347,0.1559539413521316,0.08903081430272289,0.15593766383301363,0.08942344887910211,0.15737662781056022,0.0895642962549153,0.1564539930288292,0.08759458852435541,0.15419190787291606
2015-02-27,-0.04184096544787386,0.08984469407665738,0.1571383232965798,0.08979988211378927,0.15712548471410234,0.09023764919940541,0.15868796062738647,0.09037576046172127,0.15759785773136495,0.08850613486675822,0.15565172470189018
2015-03-02,-0.022745483988970857,0.08679026439758257,0.1492096341231881,0.08646477646378926,0.14890404598749074,0.0868530416871645,0.15026445942378294,0.08700982817944829,0.14924767443050505,0.0877533104423047,0.15177665034840238
2015-03-03,0.06098543726325025,0.08148365443960745,0.14093644621985388,0.0811758197804805,0.1406428801212381,0.08156914645582206,0.14201742232159906,0.0816938247965167,0.14112646604718113,0.08169371945305395,0.14218896422930932
2015-03-04,0.026345418340003795,0.09428570906543327,0.16741375744240863,0.09394056710207963,0.16705574881487276,0.0943866996038919,0.16844934250242594,0.09456352729767564,0.16767412290206318,0.09600484179675986,0.17163778622368966
2015-03-05,-0.013442013504096042,0.10400750054048791,0.1824489538773074,0.10368279878339769,0.18212332297024844,0.10413895966602386,0.18360250213045132,0.1043378015545102,0.18279653391199754,0.10238499849531625,0.18088008113587611
2015-03-06,0.07938502925456571,0.10290772397054988,0.17850043570390603,0.10247960269032223,0.17808901602324248,0.1029218611208807,0.17964635039848784,0.1031561692913866,0.17868273104965013,0.10043812630349573,0.17533519721472562
2015-03-09,-0.009253205480483159,0.1171105753979588,0.20754984164452192,0.11645022604696015,0.20662255417436687,0.11722578451126228,0.20892822787450963,0.1179069624793484,0.20705362463551025,0.11984534894961446,0.21367211354977514
2015-03-10,0.1027675153019963,0.11844724005250017,0.20548609267800758,0.11828830774244645,0.20526779043983812,0.11871549210777901,0.20716981046641522,0.11926343176473594,0.2056507529028288,0.11515428294179716,0.2008529398309388
2015-03-11,0.010727158884133238,0.13894805736451535,0.24635348770721785,0.13862582761545972,0.24592730135477395,0.1390899148616023,0.24776610486190426,0.13973221021374618,0.2452048461266158,0.14184685392029475,0.25317728777830356
2015-03-12,-0.08987152842269353,0.1436277111220709,0.24974454116925693,0.14321476494593546,0.24923403309488976,0.1437378959785417,0.2511970736258148,0.14427539032470763,0.24893405051653475,0.14041677152083626,0.2457639425390365
2015-03-13,0.03692335410459789,0.1345752582337227,0.22847096167135558,0.13423578979871117,0.22811358927787354,0.13445303768354955,0.22931902625344272,0.13488826193890913,0.22758395730236372,0.13579527367050262,0.23190346105902002
2015-03-16,-0.02467698771244058,0.12857071792731528,0.22510270892148493,0.12820573100934124,0.22471302670705096,0.12836957756730608,0.22575978234503158,0.12876872826384178,0.22422790525652556,0.12653918143174409,0.22315012388931535
2015-03-17,0.003197956035316293,0.12534600102932095,0.21600355236210436,0.12500843220731125,0.21567717764795208,0.12509223423045587,0.2166265674392668,0.12543264712639482,0.21494989052347516,0.12328985091029057,0.2137648373809374
2015-03-18,-0.11419751729378658,0.1190828208267569,0.20676184484809276,0.11869822394095186,0.20636313345990287,0.11880580131878177,0.20732003221953327,0.11914555447515411,0.20554766270089977,0.11604934943406248,0.20262587831115425
2015-03-19,0.007132697857427287,0.11113264017410138,0.1870137313162467,0.11098005825055837,0.1869700147698039,0.11107752328928722,0.1877470416112161,0.11152530715953379,0.1857794304823744,0.11495470096987453,0.19448577165033878
2015-03-20,-0.07755823434587461,0.0988249782869925,0.17274148945856335,0.0988239921589018,0.17286086822572433,0.09889419493328427,0.17364385723336823,0.09922431940381968,0.1723176172638645,0.09735556923433533,0.17113419345258243
2015-03-23,0.029514060513164006,0.09445801652112,0.16023281921992552,0.09436967628189445,0.16017229050501605,0.09444059807331452,0.16077167024773342,0.09474272477275425,0.15997232565811964,0.09691087097497865,0.1651496408179316
2015-03-24,0.015538603427779166,0.09170310750856016,0.1616046419077029,0.09162058735606586,0.16153179126664163,0.0916722878644136,0.16206256136570169,0.09199128287573471,0.16139611829021924,0.09115106631577279,0.1614637813595561
2015-03-25,0.12542224387526374,0.09632953122659113,0.1687523292602331,0.0961487911417292,0.16857041064396905,0.0962291086157223,0.16914121555732328,0.09653010281630175,0.16869850055124896,0.09537592263663082,0.1679866380467826
2015-03-26,0.02304839543629109,0.12851319214173715,0.22994845093311855,0.12801167591851742,0.22938715018084121,0.12822233511868616,0.230571239874018,0.12864032267101766,0.2294445445938065,0.1322007098408122,0.23811173994630588
2015-03-27,-0.047303927394517054,0.13950149188383124,0.24312859038910012,0.13885819176849296,0.24236706529416058,0.13921254539773745,0.24377694977543868,0.13962517193938542,0.24288244482293034,0.13665584512611514,0.23963222519633542
2015-03-30,-0.03786794574230762,0.13315080937272156,0.22816616608305673,0.13248456615264778,0.22738546571442408,0.13283358026047215,0.22873899732748457,0.133195064484922,0.22800060085601426,0.1313795407053362,0.22620882905421053
2015-03-31,0.05236095304487433,0.12247282130245007,0.21024638394338577,0.12185251086600161,0.2095132989545313,0.12220796012782709,0.21084027818572298,0.12255379095875524,0.2100985647022957,0.12116145075040836,0.20897987444334956
2015-04-01,-0.011842243656322698,0.1259106199407858,0.221063892114971,0.1253710138775223,0.22044105754919563,0.12562389157210901,0.22181553722494982,0.126007578790962,0.22051265991775235,0.12470660346133361,0.22031048915488494
2015-04-02,-0.02955218412975787,0.12501621373631291,0.21608404669291562,0.12431563423754324,0.21525631148029986,0.12469523792827239,0.2165454556445877,0.12506487230034413,0.21603893666074836,0.12239093677982765,0.21269849895603293
2015-04-06,0.0047602946063001195,0.11833425602114934,0.20351477254824077,0.11771802086091049,0.20277646203283534,0.11808441489416532,0.2040563671566888,0.11844517910036044,0.20340307629068238,0.11717463486103358,0.20257147491772948
2015-04-07,0.0027100287588651584,0.11282419897621633,0.1960002589550014,0.11228059949295525,0.19535618106036023,0.11264028844232513,0.19665192550375044,0.11301976549138329,0.19585211229048444,0.11091285308335702,0.19374917288088653
2015-04-08,-0.05564717871439148,0.11052116360650546,0.1921261853024983,0.10998373331755962,0.19151174985823366,0.11031736222287516,0.19263926238199228,0.11063913090161673,0.19252014773920278,0.10889956074782503,0.19035662477898857
2015-04-09,-0.06577915688385563,0.10510227059667743,0.17971910624124593,0.10454536409093683,0.17911478906643236,0.10489285788912865,0.18003039795979714,0.10521418466683327,0.1800566199598431,0.10593471395123664,0.18201761073662848
2015-04-10,-0.03974032864951411,0.09521562755330854,0.1622192023703105,0.09486315489688713,0.16183825140834418,0.09505382738180163,0.16255319815381905,0.09538334824511235,0.1620110765113563,0.09680511691109021,0.1656885881616399
2015-04-13,0.10265415406008337,0.0861545704220276,0.1481946544785325,0.08568854733980841,0.14772265729303244,0.08589534623131655,0.148346373309335,0.08621341826984352,0.1482563296928866,0.08701331044662051,0.1504426321883618
2015-04-14,-0.019558754596519557,0.10793171185105889,0.19278758158525114,0.10728830665814253,0.1920538163029878,0.107677991635952,0.19335152283358348,0.10797519589505088,0.19361956691094645,0.11054575949779252,0.19876452973343356
2015-04-15,-0.06263835247404304,0.11173438302404427,0.19303867126996066,0.11104017778399151,0.192263470372654,0.11154752899241054,0.19352522979100642,0.11189445820157597,0.1939216682001424,0.10935160431708182,0.18986155071647662
2015-04-16,-0.018868484304382805,0.10439619102815628,0.17813113290198188,0.10400772906557139,0.17770297732355872,0.10423539457611948,0.17858192508565543,0.10456095133257312,0.17841274856539857,0.10474474229798672,0.17963048482245267
2015-04-17,0.09747234280882015,0.09622530078845835,0.16636693311758055,0.095828107497155,0.16592840543467244,0.09606331432649443,0.16677873572215976,0.09635464052669555,0.16661373724970066,0.0952851942398114,0.16562160329388076
2015-04-20,-0.04340512153854427,0.11657965875230282,0.20710416473064863,0.11596608190910787,0.20633961555112923,0.11637161065254846,0.20780462485440737,0.11668051944178127,0.20750235842535086,0.11805442517684643,0.21103748686754897
2015-04-21,-0.0037664827954768934,0.11827924126812381,0.20247665534536494,0.11738912802110402,0.20141246193320606,0.11774611865407662,0.20257873968182916,0.11818966946454136,0.20256306192844648,0.11660440418483248,0.20073205386382362
2015-04-22,-0.04160846723086843,0.11114743586280071,0.19232024057806907,0.11026839877724941,0.19128759277504173,0.11067238846791554,0.19258737619416127,0.11107222454576368,0.19245129054707688,0.10856358866042007,0.18911185636261904
2015-04-23,-0.018261722260081163,0.10577894708240698,0.18133908891523082,0.10534661941484913,0.18083868706955925,0.10558270806493425,0.18176075054251092,0.10593735327232684,0.18168688235386393,0.10538815631909809,0.181570012070384
2015-04-24,-0.015341439363338212,0.09918397481018515,0.17122956616306348,0.09884546582712471,0.17084900571136527,0.09906242280713111,0.1716890363885964,0.09940810954449705,0.1716643469956891,0.09832401622776088,0.17059132176377698
2015-04-27,0.06535185993799955,0.09500437354607236,0.16421152840753767,0.09474400121923987,0.16390858798213764,0.09497371257827991,0.1647500545681992,0.0953012255631703,0.1647101910543495,0.09426167678325863,0.1636735046660127
2015-04-28,-0.055635184299427105,0.10659141340120419,0.18827986145936224,0.1060585137422932,0.1877944890352942,0.10648568035526468,0.18930843453117063,0.10692568358767607,0.18868471648215368,0.10735905443465389,0.1908956121995167
2015-04-29,0.07600556048656538,0.10695760326877002,0.18209136763293843,0.1065447520459076,0.18170290943645453,0.10682189988106174,0.1828185193131125,0.1072696397094107,0.18226575697178318,0.1070215050768174,0.183118829421161
2015-04-30,0.08308283391442033,0.11562291679185366,0.20431777719124386,0.11475596055854781,0.20335399243189808,0.11506094068021033,0.20458929972453427,0.11557575587468297,0.2043986876809432,0.11552991655682776,0.2057215471145454
2015-05-01,-0.13598900015295606,0.13779222215912726,0.24257110394285403,0.1366542519420454,0.2413304549822843,0.13692571225368627,0.2429115529427126,0.13743042563631097,0.24258768993057678,0.1365614372252665,0.24257330457336188
2015-05-04,0.011741817876683195,0.13365315901330227,0.22330273887848034,0.13293868561636843,0.22254435855429555,0.13322831698933352,0.22404784974392974,0.1336801868448059,0.22356662653681922,0.13482003633420322,0.2266596170506775
2015-05-05,0.10761478222713078,0.11845152432453246,0.20537085691448762,0.11747924716509431,0.20432288717210395,0.1177270078954134,0.20566964166851548,0.1181106379819295,0.20547552235827043,0.11468494747279649,0.2005848666586802
2015-05-06,0.05704193838701853,0.1409099913787018,0.24890803197895714,0.1401811285734274,0.24814190489207646,0.14054021560202573,0.250207930116442,0.1411749098892825,0.24774158689938067,0.14191074034246826,0.25281484002106624
2015-05-07,-0.0013210041551135253,0.15684060427711846,0.27321233996204375,0.15546603798714595,0.2716940675088658,0.15589241610601579,0.27393550175805326,0.15667716135255727,0.2712722907954385,0.15397314010463153,0.2707964918434588
2015-05-08,-0.16255780899079128,0.1537736173139693,0.2648083447013298,0.15258953314283347,0.26353600799103133,0.15286598613651528,0.26538072612721825,0.15359243002347844,0.2630099293381641,0.14921504328824609,0.2592603972420373
2015-05-11,0.07416351382387414,0.13964026279522745,0.231976259394541,0.13861517778036853,0.2308867743948121,0.13882246744966756,0.23231577528294658,0.1393118978619391,0.2306317743781721,0.14094601940409313,0.23606053382613632
2015-05-12,0.0007217611284096771,0.1347081453183322,0.2365229851439537,0.13343384321403085,0.23506484394071833,0.13387379297197874,0.23704685709751408,0.13435415260551367,0.23466757727105894,0.13253496053067368,0.23503355500642734
2015-05-13,-0.0072411612565595855,0.13646005588472587,0.23623079398424196,0.13533759358425856,0.23508019622981555,0.13563111251500082,0.23657888056798795,0.1360279616872455,0.23634875728874896,0.13294419269803387,0.23207624928054377
2015-05-14,-0.07701918236118034,0.13086094690329725,0.2262501708269399,0.12979623909100513,0.22517512526466535,0.12998561669394326,0.22634207613386728,0.13040274820476117,0.22632934085890255,0.12755836339104237,0.22244361687483896
2015-05-15,-0.028664382887567206,0.12192109194306001,0.20659926984966046,0.12101234549864584,0.20566921426810686,0.12117475225450924,0.20673419747101274,0.12153601603929078,0.2066417782798529,0.12152722569060238,0.20748505212929352
2015-05-18,0.027879145312865117,0.11010925987823789,0.18892470833022518,0.10928748401960924,0.18807164930704245,0.1094610101867048,0.18916707626231566,0.10977583016547338,0.18890720421552282,0.10883425231146349,0.18815808097234513
2015-05-19,0.009382398771913518,0.11021129347602326,0.192242370193226,0.10933732128709972,0.19129722283948905,0.10958196261447974,0.19266717347689863,0.10989227349410488,0.19198937770915844,0.10860748565537647,0.19099659206470673
2015-05-20,0.002331909334978743,0.11177158817727523,0.1938610349618335,0.11086874659006934,0.19285648866644237,0.11117311333273446,0.19437618094174147,0.11149480185674031,0.19337557656954033,0.10997497131435666,0.19247252474337717
2015-05-21,-0.06164416311120684,0.10985778455175894,0.19021035989226395,0.10893704536939397,0.1891602758285356,0.10927453226207179,0.19062525943269112,0.10964452104446112,0.18941392629915613,0.10778450330078498,0.18811323805754437
2015-05-22,0.0016501653909579254,0.10364760250038142,0.17666545540940748,0.10299519714867693,0.17599377508160594,0.10324818990014538,0.17711542027877372,0.10357319472439377,0.1763572120309066,0.10397774135522969,0.17817090102081298
2015-05-26,0.14765216342656,0.09633045907210029,0.16761512787394633,0.09573102329448138,0.16700598178569465,0.09596447028778943,0.1680826625829127,0.09628250305242818,0.16729621267659694,0.09493969893875541,0.16609905400364375
2015-05-27,-0.057828038038402745,0.13570625275123502,0.243354301225745,0.1347177491947666,0.242388716801482,0.13501826088586572,0.24415593731112992,0.1352582277717507,0.24370154408236805,0.13837951083947295,0.24990785344422672
2015-05-28,0.003009784062904197,0.139175018100287,0.23747119766483482,0.13821044404735353,0.2365012017146091,0.13843155661274648,0.23790890535299508,0.13868823074304545,0.23767091095508694,0.1378444591379155,0.23685302077456533
2015-05-29,0.039047317782503234,0.12878305366833415,0.2230497283497251,0.12784396977662119,0.2221125283775759,0.12807323106575924,0.22364689679952238,0.12828600661043515,0.22318383820258653,0.12672835874248983,0.2212219919316684
2015-06-01,0.009349223079347,0.13247128755959087,0.23146695777569193,0.1314776353066206,0.230466443245614,0.13170949502353196,0.23202081992200038,0.13196680931621244,0.23157606528272306,0.1312823423208895,0.23127938367800907
2015-06-02,0.019142732714959147,0.1328963889039353,0.23055483458777964,0.13187735937956027,0.2295251628252556,0.13220993580228266,0.23125027535193823,0.1324429523350875,0.2305097991537541,0.13123713273572601,0.22943527736487332
2015-06-03,-0.04158305184118572,0.1325556078497905,0.23045353451268916,0.13152516809975537,0.22939817497684778,0.1318688489253238,0.23121173312459195,0.13213206710036063,0.23039925426708815,0.13116511938032516,0.2298831038016708
2015-06-04,0.07405568047070221,0.12690301721386524,0.21714959591030256,0.12592842012418182,0.21612326628177453,0.1262316805186476,0.21768032125961714,0.12654947828309399,0.21694051349240684,0.1263871871568375,0.21810772086621305
2015-06-05,-0.034581592504336865,0.13404825044284702,0.23641226108799956,0.13309410424376547,0.23551404989566083,0.13350800716945138,0.23727319759617668,0.13382579888932064,0.23619615182313455,0.1340105405708619,0.23820565764058663
2015-06-08,0.07325307783196161,0.13283224965180135,0.22859773565076197,0.13187076097598838,0.22765487945323376,0.13222430776910946,0.22915273403616868,0.132559070417096,0.22876390116945727,0.13186994866999502,0.2285147167128126
2015-06-09,-0.05512147929757839,0.1395668704816975,0.24646639515394683,0.13880387871253932,0.245704203715852,0.13908686977283616,0.24716883047554508,0.13943498443890118,0.2465653183462141,0.13956830988217475,0.24839062726814576
2015-06-10,-0.0903467062198522,0.13726982010684807,0.23501617112726378,0.13658253060716324,0.234358244449399,0.1367925965444493,0.23552943995324557,0.137216413348305,0.23521785292406783,0.13694223112694012,0.2360570447078732
2015-06-11,-0.028387023082311474,0.12330613204647747,0.20885824769073197,0.12265587204437015,0.2082690432273767,0.12289783335480692,0.20939803280133343,0.12329462716957913,0.20911897098480955,0.12430254961837438,0.2121156140244467
2015-06-12,0.06987445424428368,0.11010679541770856,0.18975430806344457,0.10946131148302099,0.1891845899288743,0.10980438650598445,0.19021109361368882,0.11018415293653992,0.18992040935093663,0.11016123595624004,0.19113105573945396
2015-06-15,0.11049968226527535,0.11890849153154046,0.2110751620020543,0.11884255017548641,0.21120510198406986,0.11885985772465336,0.2117337426398991,0.11935093560735269,0.2115305445935755,0.11965976689220958,0.21365506876058113
2015-06-16,-0.03841531957108044,0.14741912790445041,0.26204435057594494,0.14708598949332546,0.26188720284934913,0.1473887056434889,0.2633894538268547,0.14776342666374195,0.2622880036194876,0.14842402386788256,0.26562671263873666
2015-06-17,-0.021153978853178688,0.1483463158796073,0.25471554738213736,0.14758433100902066,0.25399718615119327,0.14805471185756255,0.25553414113186634,0.14844714350952515,0.2548268986567569,0.1468374433802913,0.2539679294195876
2015-06-18,-0.09468968269730546,0.1372997862930546,0.236616277567709,0.13685317022262644,0.23628809969927478,0.13704234838080848,0.2373536669623814,0.13739787013980945,0.236610866300327,0.13604623110577704,0.23616133224467994
2015-06-19,0.056737130605003336,0.12585378017791024,0.21243955781283705,0.1255638074656271,0.21222024359095504,0.1256713953998635,0.21300879367633752,0.12597635183675038,0.21231528806528832,0.12681055878013162,0.21542815428061166
2015-06-22,-0.09144944719020918,0.1233727036689734,0.21720016229724756,0.12300373421918653,0.21688103103588785,0.12302113133376645,0.2175996972313261,0.1233680776914663,0.21633071725449035,0.12256241071210647,0.21730395159323332
2015-06-23,-0.05071509257901645,0.12165677382871135,0.2043958805113247,0.12089622656313267,0.203610162647898,0.12086605116059065,0.2042546394961221,0.12104118792775032,0.20326055727526707,0.12169798527728512,0.2059552463635883
2015-06-24,0.09072042719271568,0.10751986292730581,0.1827450733680741,0.1068031422789931,0.18199347710175806,0.10678326128440192,0.18256633391746013,0.10698509498936862,0.18168917835386583,0.1071991485320167,0.18353605953700536
2015-06-25,0.0550193755911992,0.11899923529872444,0.2110010233321699,0.11781958756776109,0.20961777376320323,0.11803871856772742,0.2108962505336363,0.1181077789478214,0.20896641722941806,0.11864331454658193,0.21235807807937646
2015-06-26,0.0007135212575283285,0.1353448377284272,0.2368681469081455,0.13418845338265156,0.23555844747181137,0.134317046714406,0.23668501027752448,0.1344433736003114,0.2350714543660198,0.13317516126764414,0.23515987845729813
2015-06-29,0.2960280322875758,0.13532125328239972,0.23352727800086343,0.13417713598948627,0.23225427590529515,0.1342715076247394,0.2332400430042707,0.1344536339934659,0.2322629355753016,0.13172272450139685,0.22916479217910712
2015-06-30,-0.033444325203448144,0.2123243042515795,0.3879534899986165,0.21090691318892035,0.38659215896295307,0.21164198742656404,0.38931705644797854,0.2120249582950695,0.38850868227723034,0.21810623703355023,0.40137487521565285
2015-07-01,-0.12487062768627982,0.22203109433958826,0.3832146869869888,0.22025959350660196,0.3815558644998568,0.22072246220122435,0.3837856527073857,0.2207872318926686,0.3823851458689863,0.21905085550125683,0.3809183928820796
2015-07-02,0.04258551008515759,0.20073105160106544,0.3401990762586084,0.19910662520540628,0.3386306420680549,0.19962722232019928,0.34074001565268086,0.19964959339976965,0.3385206268027739,0.19947130937553467,0.34043878647186915
2015-07-06,0.013017935318321098,0.18189782284811304,0.31846996607408784,0.180087609139203,0.31670217157639546,0.1806218170444837,0.3187364444138215,0.1807054482058524,0.31718598246409924,0.17992978675523297,0.3175922226417289
2015-07-07,-0.05560344540347863,0.1776553077983623,0.3091421141814924,0.17587671080122477,0.3074113050699597,0.17634412400630547,0.30920519417949793,0.17652726062013857,0.3079428169439325,0.17552022978010448,0.30791096588736416
2015-07-08,0.20038815371472868,0.1666930144911661,0.28571889944709294,0.16505154662403826,0.2841587229999413,0.16554929387998732,0.2859060291643496,0.16592533249805677,0.2848255082981615,0.16520190549688288,0.2854381609885907
2015-07-09,0.0156450327087032,0.19608081115393397,0.3530190188618784,0.19503595626546308,0.35209855686770775,0.19568810565127703,0.354680869962069,0.19598590976880936,0.3531225223719938,0.19682730875533955,0.356902360322836
2015-07-10,-0.17106813922500927,0.20629151602090864,0.35865665896185656,0.20548502159257795,0.35798477137694606,0.2061207877811196,0.36036567912548834,0.20658742149929293,0.35904288488405306,0.20491374964387468,0.35850985146520736
2015-07-13,-0.19127416806606845,0.1904335605856499,0.3187348816976264,0.18944986324766164,0.3177557413895815,0.19017490325405773,0.31983618993050356,0.19060867962457315,0.31841062080726895,0.19063769551037438,0.32084031678203134
2015-07-14,-0.03887544902279434,0.15973766604501416,0.2641560261450771,0.15895714249977996,0.2635589655834021,0.15910667222117822,0.26470275977684227,0.15949165233179277,0.2630990056939401,0.1606114273814258,0.2670897892971777
2015-07-15,-0.010526412986987392,0.13291177220394917,0.2278051850052916,0.13240072471449052,0.22739800542270916,0.13251089301117375,0.22830485916015003,0.1328991008965728,0.22722837979391453,0.13251597735071644,0.22844657842289576
2015-07-16,-0.08845542056186355,0.12327237792126466,0.2131818479038308,0.12291468551528677,0.21295581149150394,0.12300828242779115,0.21374870952562902,0.12334394389256928,0.21308550151746297,0.1226491645672385,0.2133486252983902
2015-07-17,-0.013300279187481253,0.11615317451033429,0.19570194098086385,0.11566673836573978,0.1952786817733533,0.1157645146292029,0.19605898712387593,0.1160874665965089,0.19506861491876254,0.11653106733239467,0.19739871150044308
2015-07-20,0.024794658613216274,0.10366922534204023,0.17907310945370178,0.10311652389920978,0.17860142316127697,0.10318080048081253,0.17923673569528917,0.10345540397467547,0.17872363506525207,0.10318228532013161,0.17940721431085116
2015-07-21,-0.002451983247286645,0.1046089697816107,0.18303293511642188,0.10406312473524475,0.18255392579379426,0.1041266023036362,0.18321538483111316,0.10439152838074596,0.18273096189895024,0.10413645091189372,0.18342488293169557
2015-07-22,-0.008216973102280934,0.10417463366015914,0.18065759497113895,0.10369911493236147,0.1802426395620042,0.1037149727765864,0.18071040386645718,0.10397668701512947,0.18059352864411982,0.10353300879092334,0.1806088321261036
2015-07-23,0.04200940807754315,0.1007551928444437,0.1743674799091448,0.10038361372137695,0.17402404386855286,0.10033539559206518,0.1743100682247558,0.10061873892090568,0.17421069357471047,0.10031459244152514,0.17458426771480692
2015-07-24,0.08344489807549194,0.106426991076991,0.1871812339217973,0.10613584548844038,0.18690978828150231,0.10602242588999462,0.1871386789522223,0.10631312456014236,0.18712702057993646,0.10627173667093513,0.18791150598144035
2015-07-27,0.12695962746128805,0.12601998490658997,0.22297180397025165,0.12560658987641238,0.22244197963965578,0.12554858953820713,0.22309057331488777,0.1257896735504103,0.22236367375756058,0.12613107784025665,0.22456003572502614
2015-07-28,-0.14903557916048796,0.15867577733041124,0.28233653089323957,0.15798865782673355,0.2817107544795017,0.15807364739436885,0.2828769615826814,0.15833843755098484,0.28211969880539917,0.1588972649232358,0.28488380391426926
2015-07-29,-0.07250669078674801,0.15599489233562608,0.26097782362571065,0.15558231936084488,0.2606074859667289,0.15554314892458046,0.26154052281280404,0.1558478135991594,0.2600955362338314,0.15637633124606204,0.2633619492530457
2015-07-30,-0.030046921352296637,0.13648953290513,0.23178251440302305,0.13493536129177075,0.2298856302866117,0.13518037751641102,0.2312335183775497,0.13550694560564763,0.22798454093508222,0.13523348975774938,0.23172237147855893
2015-07-31,-0.0008247423147904947,0.12036541734545121,0.2074868992394462,0.11956668094352535,0.20666093788242737,0.11954501541120024,0.20747309270916792,0.11989943594040137,0.20463396711151677,0.1191795013283221,0.20712108711590646
2015-08-03,0.03566018039888433,0.11383149938126919,0.20000073873609436,0.1128482802410814,0.19892735727202165,0.11287477794622212,0.19977077969004536,0.11332655624382369,0.19774065388788856,0.1120472295347433,0.1984383838158738
2015-08-04,0.034432196421484006,0.11750700307003044,0.20768701827211292,0.11646815870943004,0.20659868637342688,0.11664667315521476,0.20764774708565312,0.11701327778739706,0.20606691870822824,0.11623994274604947,0.20682703120973392
2015-08-05,-0.038421032982716964,0.12401783113981413,0.2183344542084561,0.12308690808460061,0.21738861511559965,0.12328571911441502,0.2186193042152431,0.12358537631125373,0.2166846380686032,0.12274193235820066,0.21751379793870945
2015-08-06,0.09596398826174374,0.11996570215690258,0.2069466235590131,0.11941008296212052,0.20645578921673816,0.11938118228554005,0.2074268157585296,0.11961301977120335,0.20516275499909234,0.11893192334263113,0.20640533463371072
2015-08-07,-0.027984153037482265,0.1348231842838053,0.23919181408259507,0.13383662393342324,0.23809447841873033,0.13399812496245317,0.23947837641951103,0.1341539745121398,0.23741697569431364,0.13446539162996798,0.2402216897922244
2015-08-10,-0.0906162100040002,0.1349253998974178,0.23240689930224387,0.13403165167273415,0.23133369784274416,0.13421950568126764,0.23275758935038,0.13431536721114792,0.23095754486695172,0.13292717083057157,0.23022415698904425
2015-08-11,0.11423354387514215,0.12330938018938474,0.20794625704144196,0.12230283246068671,0.20653846494535963,0.12223521283852373,0.20732036511577867,0.1225767637993177,0.20425834807031568,0.12288194074438154,0.20835707394394723
2015-08-12,-0.007320676910848394,0.13838722212994173,0.2440207182097667,0.13697529626209884,0.24194150843554688,0.13696561262245158,0.2430533877729971,0.137284810378874,0.23897208095830105,0.1375745411214606,0.24440882879641773
2015-08-13,-0.00885614644371015,0.1402212371908596,0.24084448273212533,0.13894220128631932,0.23901914008912656,0.13897934305796977,0.2401235540241753,0.13922324714194656,0.23624104219441402,0.13669322042252768,0.23637443569998248
2015-08-14,-0.05016249159211941,0.1326524069997954,0.228247204570179,0.1318912360832631,0.2272844691293007,0.13152251334179696,0.22721416451183135,0.1318244983145609,0.2248049038787716,0.12943615713769613,0.22384280521520364
2015-08-17,0.014700458152878161,0.12406243330140114,0.21141296006421706,0.12345072817130306,0.21061093025585073,0.12306066806386859,0.21049800093203408,0.12351783144737022,0.20838267429823257,0.12260862431382512,0.20999236506714347
2015-08-18,0.057457055024787214,0.11819045155352921,0.20466966620667373,0.1171390129348824,0.20317820306725587,0.11703307605003659,0.20398572265863255,0.1173188167364318,0.20057924268147162,0.11551502543855144,0.20135436525704833
2015-08-19,0.10063581124821022,0.12827527692140145,0.22467060603258804,0.12734494567757826,0.22351735820430543,0.12708701777922746,0.2238352873152815,0.12745156134109945,0.22091145201201276,0.12685932911807854,0.22338477299193535
2015-08-20,0.22720088297138763,0.15094068309966363,0.2660767593198379,0.15014969964940128,0.2649951629503901,0.14964917055322707,0.2647479585041492,0.1501467639975815,0.2623612689896892,0.15025832423356802,0.2663924217604113
2015-08-21,0.3814949791518887,0.21344233926322168,0.3799968286036016,0.21240212083538648,0.378635240530911,0.21200753720062795,0.37910248239391536,0.21242347282187501,0.3758623208604358,0.21524921799714192,0.3858960208100196
2015-08-24,0.37393504562196284,0.3297413973405155,0.588749431968292,0.3272801314463387,0.5857062593289799,0.32869475860575037,0.5904383744698884,0.32845917917793394,0.5863451415653328,0.32886623972400597,0.591638745665324
2015-08-25,-0.12313607105084966,0.42644548553542727,0.7530938079139416,0.42328026721177686,0.7492817603499947,0.42529334658169177,0.7558789466878579,0.42529896900395064,0.7476414527842357,0.41064423384294296,0.7313669920481125
2015-08-26,-0.1722667789736392,0.38825850453958644,0.6628017137246079,0.38456174043552055,0.6580192328080102,0.3870215546277691,0.6653923296361336,0.3870395568376794,0.6562361580471939,0.36311670561940185,0.6235013702619078
2015-08-27,-0.14987224644552316,0.3253902090203028,0.5520732500518344,0.3231099243010162,0.5488091267627699,0.32450003364684865,0.5527725044855517,0.32508150043221073,0.5459094117278438,0.31257589584429096,0.5329012916201825
2015-08-28,-0.0019175461292718174,0.27103790841890446,0.4604834179201098,0.26934744677574374,0.4582144453828794,0.2704660830329915,0.46212902384456606,0.2707641371322408,0.45481010100349084,0.26213187483183736,0.4479229443643855
2015-08-31,0.08742715746353245,0.23440343279364398,0.40432186219748006,0.23276588068800372,0.4021059759043132,0.23392114271719094,0.4059537441761247,0.234091931990112,0.3992750749286135,0.22133993688142653,0.3845588709956392
2015-09-01,0.09936296725129928,0.2315084982736124,0.4038828855798129,0.2303117892979233,0.40257288327284635,0.23110644356357335,0.40598392111830606,0.23110054742849223,0.40194763723541344,0.22405935379453257,0.39361819980939655
2015-09-02,-0.18525579376557064,0.24153291172034805,0.421909098514254,0.24060472286710388,0.42089119456039753,0.24136107213738897,0.42432003751787767,0.24140045582850805,0.42019012501630215,0.23588163300204837,0.4146695192713779
2015-09-03,-0.018569198937203196,0.21846995796702687,0.36927813323062353,0.2180723342525512,0.3688913206635755,0.2183408781400849,0.3707154765363654,0.21836080986223294,0.36834168209889356,0.21834182089773757,0.37109573359880216
2015-09-04,0.08205312048515759,0.18707908393619643,0.32320274883256905,0.18675915614587674,0.3228370471199271,0.18722574410895926,0.3250500784254089,0.18728066715585817,0.32152687846737577,0.18265492180085197,0.3172803817603287
2015-09-08,-0.1101682172259296,0.19337811916236672,0.33897618043116085,0.19301535916560753,0.3385672943129808,0.19353796051733863,0.34069440490059044,0.19371723207818523,0.3359524164619739,0.19165638779853572,0.33775406959503457
2015-09-09,0.0520359904081205,0.179528264062155,0.3054803303937615,0.17919406164960988,0.3052570264743204,0.17941333877912108,0.3064266915586514,0.17962015905007078,0.30195667899236966,0.17994117265906126,0.3073168553733503
2015-09-10,-0.07355092624166747,0.1702206172792938,0.2975133760585621,0.16988500685654423,0.2971571204244785,0.17024749717480475,0.29872997752406794,0.17033679206248956,0.2949721633139375,0.16786042856420103,0.29477798587388715
2015-09-11,-0.04920058896485064,0.15883084691867969,0.27149475183471167,0.1588581491044565,0.27183655415500474,0.15877857492414627,0.27241932419489034,0.15879192513605617,0.26924082658576337,0.1588403221074485,0.27241699683357573
2015-09-14,0.04426433871122801,0.13928516105646888,0.23950728248633105,0.13897194243837552,0.2390997171454693,0.13920393221900865,0.2403724534752796,0.13921970087671343,0.23805454548189028,0.1393630398735774,0.24049027871870277
2015-09-15,-0.07312510877186203,0.13660419978771793,0.2401029074019151,0.1365263651601019,0.2399403686079843,0.13641631457520587,0.24020980138534995,0.1365305419620607,0.2374223431013492,0.13578192318727475,0.2391495336628837
2015-09-16,-0.05423976893699661,0.13010069770487745,0.22257024219423624,0.1300525895480367,0.22244840888119038,0.12989451271396435,0.22250438773633982,0.1302063878284222,0.22033512148785112,0.13107520325221658,0.22458378702419934
2015-09-17,-0.009884759232541973,0.11651852166442518,0.20020871044299124,0.11659523504612807,0.20028793790937638,0.11671833193285064,0.2012695296586441,0.11684628707882093,0.1988207879022324,0.11791656207709612,0.20297778706840497
2015-09-18,0.052522434616991714,0.10750730758332466,0.18700251428839018,0.10783790694043216,0.1874445448941941,0.10794445691183611,0.18849604057590294,0.1079196768107519,0.1860691399612224,0.10739131165581003,0.18725751156241205
2015-09-21,-0.1009815277686671,0.11671048046003292,0.20636852866011743,0.1168844601915858,0.206475734162617,0.11700059914929885,0.20750303694630579,0.11709758258053199,0.20459923292221874,0.1178377331988049,0.20862585917846174
2015-09-22,0.10813719336407931,0.11176773879764129,0.18935033164260273,0.11179015506625571,0.1894276518630697,0.1118736920091289,0.19027498638846432,0.1118919131155727,0.18822825317812597,0.1151937130532454,0.19577192428016688
2015-09-23,-0.01391092659153737,0.13023781992199937,0.2322084390349152,0.12999052031847252,0.23175505967953927,0.130015818068594,0.232584914149057,0.13018713413333438,0.22901014508022308,0.13185197667427026,0.2357053579112207
2015-09-24,0.05878885579997383,0.13117404664812227,0.22740043326998205,0.1309046840363461,0.22685479640753883,0.1309061882612912,0.22748399619506907,0.13119642998223224,0.22385347427338873,0.12710383732442834,0.22098014532789562
2015-09-25,0.006370800906284285,0.13861917931452847,0.24375617107258873,0.13834706836750757,0.24328214115284807,0.13847481187146296,0.2443785209167022,0.13853724083806374,0.24086842827983962,0.13734711076716632,0.24219328403057738
2015-09-28,0.1568083281661089,0.13968659000092284,0.24202353076044747,0.1395265534223883,0.24192228449275885,0.13928933781860212,0.24178259306896202,0.13938821453585143,0.2392964428580053,0.13559141387802787,0.23594367208974643
2015-09-29,-0.029381474497792413,0.17711593474200185,0.31304472418827384,0.17684194564939493,0.31296818667361065,0.17650832393347352,0.3129790125070191,0.1770455475706434,0.30567833283876256,0.1820953468361035,0.3241216219496666
2015-09-30,-0.09084754688685137,0.1770767475790967,0.30231737894585053,0.17693599677076144,0.302528926936898,0.17644483437004127,0.3022527311622168,0.17703361175236065,0.2948546678862438,0.17205956880850207,0.2957799424042668
2015-10-01,-0.0829380516019939,0.15880367720612956,0.2671708664663729,0.15856998126825522,0.2671864910800479,0.1580854581382083,0.2668793600488093,0.15870636427970547,0.25985311489231855,0.15892188370023777,0.2688869299776092
2015-10-02,-0.07407386050629658,0.13742703223446748,0.23080268999012288,0.13727370734474353,0.23090078035581293,0.13679038606581892,0.23046436205438817,0.13741276634731936,0.22419540609614522,0.13850599797767382,0.2337856943179592
2015-10-05,-0.06919755882775425,0.11907560227707609,0.19973861327519668,0.11898435016109152,0.19995688225297545,0.1185317699451033,0.19967096023133638,0.11910404764550334,0.19342439374346798,0.12067706330552541,0.20359195106960212
2015-10-06,-0.007190580545354254,0.10363808535510412,0.1735200156105554,0.10351932136385832,0.17363859102172935,0.10314334730708538,0.17320145310500504,0.10367326891149903,0.16765104189046176,0.10580967075938146,0.1781490121027944
2015-10-07,-0.05292240145434255,0.094776824092904,0.1614964193595957,0.09471170232000407,0.16172486310462608,0.09434885859411452,0.16102363295761074,0.09476147000372036,0.15604852011424084,0.09393659515625791,0.16076265143120871
2015-10-08,-0.05473169319058305,0.088954529576881,0.1502601811506092,0.08900520916871954,0.15064096761277562,0.08861350878570504,0.15008705724385574,0.08887570534832635,0.1471345479691083,0.09078338238008259,0.15410381098458922
2015-10-09,-0.01971078306393311,0.07867027196446716,0.13244856634156085,0.07853716608168326,0.13245277207285316,0.07825204726363907,0.13216652858699554,0.07856586215355243,0.12932496078040404,0.08098990139568484,0.13695071329221142
2015-10-12,-0.0547505147714081,0.07362704490159534,0.12578112620171933,0.07349400424541432,0.12578349561040192,0.07314528004699015,0.12509860435250922,0.07345140304940237,0.12276412465887024,0.0741431204388705,0.1273054799235933
2015-10-13,0.08871061274258961,0.068476592142967,0.11517767394473044,0.06826744676157685,0.11501249808751618,0.06796418610254101,0.11443851261147425,0.06831644309444257,0.11232803316379435,0.07094640389857677,0.1200222775635146
2015-10-14,0.020168750883620846,0.09025199819891112,0.15822132298162372,0.09009622022258572,0.1582394508276972,0.08971437477091188,0.15741307222427536,0.09027284395239282,0.1534533757327618,0.09350075220252542,0.16494277991666298
2015-10-15,-0.11632818763920105,0.10050990034560314,0.17218176467798266,0.10043868261608123,0.1723232976234849,0.09998713939325,0.17124302976503858,0.10065008496315342,0.1659591098708408,0.0973965839701154,0.1677892461063977
2015-10-16,-0.06433085838114014,0.09271978143638596,0.15261950678414363,0.09258868317567594,0.15257930654390373,0.09220813286378497,0.15174583494082636,0.09261791513971235,0.14891631528115468,0.09474409205411213,0.15656821840007873
2015-10-19,-0.004662013105811301,0.07797840060372402,0.1301617315167537,0.07776485361790772,0.12994276893523837,0.07748571036020925,0.12942181082922546,0.07780273209141006,0.1272100158088527,0.07844494944757979,0.1313870192755894
2015-10-20,0.0501243871825686,0.07091937077456446,0.12067028316369116,0.07085826573137254,0.12075797357680494,0.07054076565177789,0.11987338737775906,0.07093161910684366,0.11795713592930548,0.06891334976307652,0.11781470847324517
2015-10-21,0.05856835415106736,0.08534212473361606,0.14743170856816742,0.08516060805117194,0.1471497786074196,0.0849420764793032,0.14720376439453603,0.08540801157993816,0.14441953945109887,0.08523164374292903,0.1479100505887935
2015-10-22,-0.14471430486426826,0.10365503322531482,0.17960073141522417,0.103173089916127,0.1787477106351052,0.10300729811486352,0.17913730429660846,0.1035931805999343,0.17533459812473537,0.10250065093323008,0.17841984175559206
2015-10-23,0.0006918021721774718,0.0978050812662711,0.16216103476760874,0.09735635213092447,0.1614366982749248,0.09706284153257372,0.16134829451436225,0.09737392917791012,0.15886231176561336,0.10027797527556594,0.16656554670707696
2015-10-26,0.05581280321035211,0.08400955478806424,0.14517200362460828,0.08364121916312366,0.1446645691235063,0.08326649299373808,0.14421466183499962,0.08365463208702037,0.14205063209989205,0.08055657570892892,0.13959055529287878
2015-10-27,0.009114646434098561,0.09822195397173045,0.17138900071827312,0.09783682946224316,0.1707537157496726,0.09779171589741091,0.1718948762095048,0.09814892627013534,0.16847704064484012,0.09756584475415181,0.1715372052287504
2015-10-28,-0.073958424534989,0.10331326868684608,0.17730148911987237,0.10295001633984181,0.17668610369189558,0.10291804854150949,0.17792536636723277,0.10328984444033448,0.17457365242352374,0.10038625653058642,0.17353794319262192
2015-10-29,0.019350983922527664,0.09733551525798168,0.16287859159514284,0.09717054789487023,0.16260458314487322,0.09716100794588461,0.16391394263312936,0.09748045506054077,0.16073905680636663,0.09738814761771263,0.16410596159630286
2015-10-30,0.030999786875796034,0.0940815576653946,0.16141248208923845,0.09396110384934113,0.16117831649081527,0.09397456669141813,0.16260607952390507,0.09432005660208366,0.15942218375959014,0.09240504266983393,0.1598993481746154
2015-11-02,-0.06299138854915748,0.10120923174160269,0.17333708145489704,0.10097366807223752,0.17299623533564631,0.10062068120733919,0.17266960362008305,0.10084168474295983,0.17116887390563132,0.0993116004873638,0.17093667519753042
2015-11-03,0.027188848016126695,0.09560622990428042,0.1597326928229345,0.09544079995313531,0.15934856159440877,0.09532531146892642,0.15993068560237636,0.09542294065316065,0.15902310996644323,0.09531443429066153,0.16011962053752044
2015-11-04,0.06458150508307418,0.09569011937604505,0.163822421862775,0.09548025927762727,0.16338698137516394,0.0952277882718524,0.16343532192776344,0.09544314168331404,0.16293241977618375,0.09380148530290283,0.16130761101658264
2015-11-05,-0.030106985993562638,0.11334151626633306,0.19507676661026038,0.11284203251346155,0.19402244891487755,0.112863722316652,0.19530129335857488,0.11303426428871292,0.19413753328662509,0.11270371369670647,0.19546632258963492
2015-11-06,-0.0490227493548043,0.11172350298529282,0.18823939012955432,0.11124559025030432,0.1872481662218398,0.11118731147325743,0.1881140744735144,0.11137867297338691,0.187347017855754,0.10969455611257514,0.18589127264619643
2015-11-09,0.14221652625275155,0.103234943131462,0.17327226370575438,0.10273502504119064,0.17219351583207043,0.10298503266220083,0.17446126809105722,0.10317511436115304,0.17221238610300482,0.10261089862464864,0.1734750849873285
2015-11-10,-0.07737274815186114,0.1401196926053505,0.24403230817927699,0.13932143971741065,0.2423250779156813,0.13963399315676533,0.2450925654596077,0.14018832856869687,0.24100559235811814,0.14203718058873005,0.24958377527750986
2015-11-11,0.04913268857764459,0.1371414414198618,0.22893269477912992,0.13646635947758687,0.22754535385155628,0.13670821972682523,0.22945009936095695,0.13727546129691107,0.2261837485096982,0.13544901043522387,0.22780175888497264
2015-11-12,0.13438719070841879,0.13658642034287338,0.23383210565901819,0.13584955855117203,0.23228897702128276,0.13608282505352576,0.234356133036082,0.13667386184986444,0.2308114837879,0.13407218292105688,0.23156265850064198
2015-11-13,0.08900539559649406,0.17105018776301686,0.2955172635961946,0.17024391958704857,0.29392629106682583,0.1704684397036793,0.29634795874577835,0.1714588098848721,0.29031073128611184,0.17149465605173767,0.2984924853397955
2015-11-16,-0.10050292165038112,0.1928351542428803,0.3303689724351145,0.19172964225665182,0.32787543170749667,0.19242863815448483,0.3317853284087356,0.1932882980341012,0.3248843712782828,0.18998097752175105,0.32816149417704543
2015-11-17,0.03676089597506972,0.17699808543526035,0.2955137222066894,0.1760493166141967,0.2933740995548242,0.17660813045547413,0.2964870433725139,0.17733315446488537,0.29063909592201936,0.17496479237707135,0.2939973715932224
2015-11-18,-0.11163161234984618,0.16671610669109138,0.2839410265848191,0.16590507402947452,0.28210440368722384,0.1662948313733805,0.28489407227624,0.16714352720028863,0.2791247689940862,0.16310177126018666,0.27971865033911186
2015-11-19,0.008274278885469857,0.15121452580913455,0.2509970866135559,0.15079585373966975,0.25002399362846667,0.1508936384510654,0.2517297749906346,0.15171295439547125,0.2469565818137609,0.15110002814466741,0.2522256325277345
2015-11-20,-0.09372227109886576,0.13697193974827473,0.23236264956967098,0.13660034126223505,0.23154099132564446,0.1366406203995011,0.23318521598173633,0.1374671407714682,0.22825510696529414,0.13399760635611987,0.2294434805912331
2015-11-23,0.00964947982656512,0.1252763411024636,0.20764126421003223,0.12491868080241436,0.20692970292884236,0.1249049581829767,0.20798413639747904,0.12563099439727501,0.20384381414744013,0.12554144264350223,0.20998008548246014
2015-11-24,0.019651979510417302,0.1152835207332706,0.1957473829013774,0.114913279448383,0.19501629228250333,0.11491870894464024,0.19605881932670666,0.11557117610676133,0.19219860845311904,0.11344866583696854,0.19439101377211984
2015-11-25,-0.04756680731427571,0.11719390300450648,0.19949401914438183,0.11681998249380293,0.19874608394616392,0.11684181271960675,0.19988189055059205,0.1174829204243982,0.19595682902838818,0.11592974481663373,0.1992033366161866
2015-11-27,-0.0046189458562945285,0.11152809088040487,0.18663772378251633,0.11118878177630977,0.18597042357925392,0.11120244287081452,0.18699312102643634,0.11176452006944734,0.18343598376824052,0.11120575872159393,0.18764852435363696
2015-11-30,0.06466252138573061,0.10466179856301001,0.17714488346693305,0.10436348724737159,0.17654051919840175,0.10438389019437758,0.17761673037959352,0.10493358602912538,0.17406970422468365,0.10362768039033941,0.17702815921680093
2015-12-01,-0.09487629998222712,0.11771195728719519,0.2027189187416205,0.11743354209783584,0.20226157827600016,0.11741864680612453,0.20363998979224188,0.11808841885814987,0.19900828096757542,0.11808271380088206,0.2050987627289382
2015-12-02,0.08114325019480506,0.11255880580765008,0.1862138781893968,0.112323561334594,0.18579343058171346,0.11232375623164305,0.18695306482847132,0.11291747917448665,0.18314728613001172,0.11362992661338671,0.18947232286641671
2015-12-03,0.12951642954562642,0.12101227087382795,0.2089781862393651,0.12062461136859977,0.20831078837901815,0.12053314078242351,0.209860802659463,0.12119954680292185,0.20498251960595526,0.12079060620402471,0.2106804101961698
2015-12-04,-0.20116164361561453,0.15874753783853118,0.2744481243125609,0.15803861393254495,0.272973933546839,0.1581575766001031,0.27503202985111685,0.1595373452415143,0.266633280981002,0.15912533232567438,0.278175101537879
2015-12-07,0.06723575810657244,0.14967621142289425,0.2422166491637838,0.14904644943195042,0.2408361481021538,0.14929379799030706,0.2428530452330009,0.15031583331861686,0.23655114597692645,0.15164227034659544,0.24739381314103517
2015-12-08,0.10536051565782635,0.13853463463336776,0.23747959262794244,0.1382325066639906,0.23675458883854783,0.1383073732394063,0.2381351571471395,0.13939592093743663,0.23156474804630303,0.13619420961458364,0.23601954704230352
2015-12-09,0.10814073816414865,0.16485734428861548,0.2836180099896421,0.16389295586780342,0.28146685748428757,0.16441790431584072,0.2845539727161507,0.16505658020382014,0.2792572752504915,0.16405178631941886,0.2842245865466571
2015-12-10,-0.013864150183106671,0.19110539413648278,0.32758894677640776,0.18957827670587224,0.32448563475950126,0.19041087371260695,0.32877138630733377,0.1913763609822984,0.3213975127937192,0.18888468866728958,0.3264786360705776
2015-12-11,0.23199772220268075,0.18511313299032983,0.3114131816822125,0.1833921361418507,0.30800534135635266,0.18441970302733982,0.31248151411425296,0.18512501916488655,0.30710890494453336,0.18097706838599198,0.3067536231330231
2015-12-14,-0.07048757436337705,0.23570060029812648,0.4091512138362936,0.23421960543568815,0.40630125768667397,0.23491654534224446,0.4111835106298093,0.2359420896236255,0.40445333299030956,0.23693429797068485,0.4148189597520582
2015-12-15,-0.08154699149630519,0.22858493363210067,0.38135860798483123,0.22743548032152147,0.3791886363049435,0.2280738917810587,0.38356435657999405,0.22905749522297786,0.3774668635313787,0.2270808074529266,0.3822284694245338
2015-12-16,-0.15957507091979373,0.19952333953737675,0.33202957752335266,0.1986710464427292,0.33055573642272196,0.19921224652475705,0.3340189240627677,0.20015248136379715,0.32885502151355156,0.19898511238338348,0.3338069143318502
2015-12-17,0.05871251230957936,0.17049233119876775,0.27885173899824894,0.16986909390992305,0.2774589799522561,0.17033393156695822,0.28074737130900834,0.17155103606129166,0.27367052447497564,0.17100230662531093,0.28192364745293186
2015-12-18,0.088857612513391,0.15736792694680277,0.2687115967068889,0.1571036100452165,0.26795050051391717,0.15739938332756515,0.2703338936393159,0.15788472642843426,0.26666514608930997,0.15715527615892136,0.2702823291886877
2015-12-21,-0.10161017641078243,0.1756836713597841,0.3012211489002185,0.1752841062609345,0.30015200273172105,0.17580216258440554,0.3035341378219459,0.17652790763589482,0.2988927715773175,0.17582386797101987,0.30368577515598455
2015-12-22,-0.11912082849804327,0.16532119904915615,0.2732520175184501,0.16498178067992267,0.27238875765088194,0.16538463204191178,0.2751332649341184,0.16585618337241062,0.2713382802191035,0.16547704506182612,0.27534936362828105
2015-12-23,-0.06405670951659068,0.1408917278306773,0.23131142406117072,0.14049407584446819,0.23037446144851706,0.14090580439314782,0.23287388254854377,0.14143267299417897,0.22950531992115494,0.14130085955272542,0.23355404890722195
2015-12-24,0.010859257143350232,0.12125056223077625,0.20118964112787105,0.12078256175317621,0.20015550614034908,0.12119991333217622,0.20248772995916078,0.12177453992270774,0.19941417984749116,0.12144420762151625,0.20291819665290525
2015-12-28,0.0716999199212317,0.11340623017158524,0.19190286848895174,0.11302734669399772,0.19100461333797547,0.11342213906037545,0.1932355800862278,0.11401031361042502,0.19034298986083464,0.11327488924277368,0.19298749348735045
2015-12-29,-0.050328899159668705,0.12960377872577955,0.22236815447734043,0.12896492644811672,0.22117131140242483,0.12949884895329533,0.22414678071460925,0.13023380144309615,0.22020825680085937,0.12972931325901682,0.22480572563477189
2015-12-30,0.07255203594437883,0.126494557892411,0.21069011980486102,0.12592372313052108,0.2095948796303926,0.12639888603145172,0.21234932962209313,0.12702916979835815,0.20884215029723163,0.12644513173313832,0.212583882827372
2015-12-31,0.051842594044317625,0.1346427210316156,0.23099879194677958,0.13413653083668306,0.23001243249537537,0.13471257127280298,0.23299991688805008,0.13544858340657734,0.22906272592196786,0.13479934996038048,0.23333314064823732
2016-01-04,0.1281628065318067,0.14764127677269878,0.2518068185654166,0.14699444588276267,0.2505605699059796,0.14766618658633748,0.2541237685725164,0.14845298839608165,0.24970683462739976,0.14763651710665623,0.2542142197517913
2016-01-05,-0.06795821024617513,0.17818281050564289,0.30685573270375555,0.17780629744842918,0.30611404010715526,0.17851536805494764,0.3100940401341913,0.18002805125102406,0.30124960397564543,0.17860474205886048,0.31026510324677775
2016-01-06,0.06263003101454989,0.17197894596308635,0.2862725952436135,0.1715115562054355,0.2853909766166065,0.1721686744729793,0.2889776179000738,0.1734824110372241,0.2812223537971322,0.17209024713270898,0.2888533616036012
2016-01-07,0.19367022380716292,0.1694404750172957,0.2887764594848335,0.16894704715537845,0.287801191125847,0.1695182950682463,0.2912410558449779,0.17081789208432227,0.2834820928382013,0.16938768644287217,0.291049290515134
2016-01-08,0.0777314229576634,0.21857857944201567,0.3775224696103771,0.21847769034553974,0.3771434862540748,0.21914869576722903,0.38185724176320873,0.22095420717992714,0.3704260576212352,0.2192320365629996,0.3820154437918525
2016-01-11,-0.10573081745802144,0.23545634564177736,0.40022622639939426,0.23509843051096357,0.3994449595209633,0.23579620723176956,0.40424884326098387,0.2376922107152299,0.39229850457447774,0.23581913332406385,0.4042799399427128
2016-01-12,-0.07829526414926506,0.21503573447979565,0.35647130564071255,0.21459154764951718,0.3557094259354663,0.21505450121299174,0.3594872281645706,0.21653889787980468,0.34963151245085977,0.21493686443374457,0.35929369685138196
2016-01-13,0.11545624433953575,0.18521486175528534,0.30774270907659246,0.18486746861893472,0.3070588622663947,0.1854106367047682,0.3104999848016168,0.18687700019710365,0.3014752219933308,0.18537486420048846,0.3104671934326213
2016-01-14,-0.05166900667984919,0.19393321494650045,0.3320589664597799,0.19366414978762467,0.3316810700272893,0.19419634968319166,0.3355265976650245,0.1957277244852448,0.32562869577985404,0.1941896671903168,0.3355399616906138
2016-01-15,0.12060900867512864,0.18542412956196488,0.30919172666232186,0.18509626628675385,0.3086834434517631,0.1856231419083549,0.31217812439203824,0.18698904784711598,0.3032504172346051,0.18554472464248095,0.31207092246131013
2016-01-19,-0.03655956433267679,0.1972684184458547,0.3378182160003292,0.19709878433262748,0.33766121467511584,0.19774771358054577,0.3419124765974978,0.19925593837227948,0.3318458263270619,0.19773668199120803,0.3418797198775036
2016-01-20,0.0574356200298187,0.189690506109858,0.3169238440897352,0.1894994842367325,0.3167146197630037,0.19009610271987093,0.3205187261147012,0.19145356420277296,0.31136380939488856,0.19010498878301263,0.3205320945191648
2016-01-21,-0.03316442481276189,0.1857360362096958,0.3151079869553317,0.18562632116216973,0.31508091920668585,0.18615643410791208,0.31879619056364267,0.18754131671382068,0.3095885794671374,0.186159458898722,0.31879890289920676
2016-01-22,-0.17791016977537816,0.1752197214621522,0.29268883402205625,0.17510162160206721,0.29267523709329,0.17555414610437306,0.2959212362469145,0.1767900656499646,0.28757115999508054,0.1755392703813008,0.29590377704491966
2016-01-25,0.07790558645752697,0.1533002057394999,0.2482171272720027,0.15312426929647827,0.24792841522101564,0.15360100537012764,0.2509465106114614,0.15458074533132737,0.2441323460747693,0.15345995246527833,0.25069855216873
2016-01-26,-0.07076907088820715,0.14733320090698349,0.2516564786963497,0.14700792743906946,0.25120522781696275,0.14735829440680223,0.25377773201256887,0.1482428267070176,0.2471969848842896,0.14735758265718032,0.2537663896350346
2016-01-27,0.026750115075914887,0.1423087810416888,0.23508703867480274,0.14215584954075836,0.23493143429945873,0.1423826919804823,0.23673019245062019,0.14308425991773507,0.2313361468543267,0.14238455863691798,0.23675931918521959
2016-01-28,-0.030312006642275457,0.13436623910115977,0.2271142628904549,0.13414911843780644,0.22687652979079437,0.1343992786463892,0.22893548285823592,0.13512091392022518,0.22326203364293015,0.13442091928583447,0.22894826020452105
2016-01-29,-0.10427081323685485,0.12880616128730576,0.2146567038670267,0.12868686251109626,0.21459264328691735,0.12887345881083373,0.2163144169172241,0.12951390669974547,0.21108257366792743,0.12889194753729863,0.21634397260632768
2016-02-01,-0.010950831186751515,0.11626219886535688,0.18939372531764997,0.11606720746908426,0.1890958259986265,0.11630473302885959,0.19075989754193237,0.11688740200651787,0.1862909992995106,0.11612235028461736,0.19036569558605254
2016-02-02,0.09540117575506782,0.102971132996011,0.17218986925256147,0.10286258879826458,0.17205395229430717,0.10309649738055723,0.17378630096661482,0.1036710631739609,0.16931086494613076,0.10312201601422409,0.17377050465428867
2016-02-03,-0.015127494526976495,0.12479879444589209,0.21457213683608245,0.12466908515466293,0.21443849088435674,0.12477926667625161,0.21537354638136566,0.12540936017867552,0.21088474979481384,0.12451906827804178,0.2149127075197638
2016-02-04,0.008737696428205427,0.12768429263444817,0.21334370729359328,0.12718351179933823,0.21245999059196055,0.1274833301893947,0.21420802353240354,0.12828649187934033,0.20922476051351915,0.12775514211382208,0.21480080514313704
2016-02-05,0.06813780516721804,0.12323021139015031,0.20716036637605575,0.1227976813421837,0.20644870929748285,0.12304312083258755,0.20817614285445665,0.12382853055361905,0.20309569201967356,0.12318866681680209,0.20842130452568178
2016-02-08,0.10621558197755965,0.13532920807436732,0.2310412379663451,0.13508488011251127,0.23090568728099864,0.13525783802991553,0.23265529723700185,0.1361327876906391,0.22644807387081678,0.1351453482458223,0.23223414062670136
2016-02-09,0.02055649088257929,0.16292047367554435,0.27884129719095385,0.16245620597391347,0.27799280840405016,0.16297324325318693,0.2807355318398866,0.16411059063624825,0.2727882532568763,0.16276867288866007,0.28034935226052304
2016-02-10,-0.009464390162271562,0.1676558769180941,0.28238071250330743,0.16691259598011549,0.2810714442662192,0.16729769002941416,0.28322990384259344,0.16830775496073622,0.2761631925015854,0.1675840568852628,0.2836937813706391
2016-02-11,0.06800341294445328,0.15892975923654964,0.26611268026659607,0.1581856442223342,0.26477100590271924,0.15859911560961495,0.2669106695352326,0.15959094617361116,0.2601104610651859,0.15887738503712412,0.26736838399898155
2016-02-12,-0.10244287766175215,0.16474520295900377,0.2799514059139969,0.16390928039067446,0.27844382867945244,0.16434883055913818,0.28069538232516345,0.1654127794691685,0.2734234827011994,0.16435671999682008,0.2807017916748159
2016-02-16,-0.05212248183141117,0.1551122320564158,0.25467237286564987,0.1545088698180694,0.25360335333082484,0.154804387316948,0.2552351761135632,0.1556320636706133,0.24942757351149022,0.1548169540416111,0.255256312319945
2016-02-17,-0.07759168374863855,0.13583154753759646,0.22502791826320975,0.13519329776275296,0.2238499686803544,0.1355823917847662,0.22577756285198153,0.1364322127537708,0.21993039710431156,0.13557773001973583,0.22577058915924017
2016-02-18,-0.030491554466160302,0.12155374143829008,0.19975064835434644,0.12103914841384311,0.19880562833460222,0.12138695452708168,0.2005364524248493,0.12215694282332691,0.19532397119666825,0.12140551861259043,0.2005680244893097
2016-02-19,-0.05265622294743849,0.10925683645084447,0.18151462154578504,0.10883134618538186,0.18070453411174645,0.10919824858568486,0.1825020307504978,0.10993631549004973,0.17742692857486136,0.10915101422153577,0.1824098125374657
2016-02-22,-0.05764562456822215,0.10078467794335377,0.16618965211311665,0.10039195941478839,0.16543907564482122,0.10073855751896048,0.16710767449669567,0.10142486047348834,0.1624344935267243,0.10064849519232498,0.16694211689102698
2016-02-23,0.07932799650553107,0.09089237570929627,0.1493612384156967,0.09054173189619559,0.14866454671976373,0.09089201222263789,0.15030974029379096,0.09151990918921368,0.14593235512517505,0.09078804886777689,0.1501303107233645
2016-02-24,-0.012470185576868917,0.10619031205952272,0.1814836217430806,0.10533984388915686,0.17983555386056616,0.10581735856450487,0.18196638647739088,0.10632018945171527,0.1767969607688106,0.10585300148612116,0.18203159654451959
2016-02-25,-0.08088765913910057,0.10917478103704818,0.181844501050731,0.10836638272146563,0.18028171294355042,0.1088048807618501,0.1822982387211659,0.10930243668834282,0.17734252508833628,0.10876483873966444,0.18223325072347013
2016-02-26,0.035975102458277765,0.10298682053342727,0.16830841356716356,0.10266375995662749,0.1677400060279828,0.10279966135187361,0.16902396128928443,0.10317822505201502,0.16508765655073623,0.10327823145555484,0.17014509347498447
2016-02-29,0.03667408023178406,0.10024790830766377,0.16969567315669817,0.09964714187576847,0.16867534634732784,0.09984065657916925,0.17035364981193676,0.10019051199061448,0.16632838084321427,0.09970267405659947,0.17027727140048537
2016-03-01,-0.14929630136246022,0.10921190633026644,0.1847571722377173,0.10849966024465538,0.18348258713636614,0.10877731165909926,0.18514273519241992,0.10915003189298103,0.18112517693748287,0.10872543433770585,0.1850942632611023
2016-03-02,-0.03507114245228387,0.10224081650583655,0.16328607040922793,0.10175727131599276,0.16243960920910733,0.10192731724915456,0.16358551731269505,0.1022036840093051,0.16037397512539656,0.10183626115569262,0.16340631029350366
2016-03-03,-0.02308477770479013,0.08618481130147758,0.14248540065098184,0.08570758681082477,0.14165304798965606,0.08588717601950042,0.14277467731908447,0.08616838656453235,0.13965896916149478,0.08585633778483409,0.14270227802719568
2016-03-04,0.009535233151000005,0.08139353026414442,0.13507139353147124,0.08098616804033117,0.1343896248625788,0.08111528275795493,0.13538396862935653,0.0813250359543297,0.13249379920395848,0.08111911312508742,0.1353710090801082
2016-03-07,0.028648553819158873,0.08025334749688652,0.13482447480071563,0.07978362495407022,0.13397620278779493,0.0799757677117417,0.13490368188844182,0.0803267631561517,0.1318015381671986,0.0800491972451276,0.13500235352482062
2016-03-08,0.07332545116076306,0.08741226817785103,0.1478162878492917,0.08688789241852858,0.14686386678717475,0.08710646333297486,0.1478897742044734,0.08751035577367276,0.1443675728500811,0.08711366041536607,0.1478960988021444
2016-03-09,-0.017833490725312522,0.1088857840157043,0.1858744378195865,0.10814342465215113,0.18457706203434696,0.10839562572445663,0.1860708224276771,0.10863526798545273,0.18156933680137397,0.10834648177625496,0.18596836828241667
2016-03-10,-0.01593878204942877,0.11037353997586698,0.18372023528078585,0.10954629287292836,0.1821904008304622,0.10993681260983251,0.18400756794368386,0.11024457597760286,0.17947380549300032,0.1100896424989441,0.1842308283949377
2016-03-11,-0.08978530387235507,0.1050647572011967,0.17483122426251385,0.10421459206083972,0.17321938356429176,0.10464798529328688,0.17508499562164992,0.10496968970451558,0.17081780782363734,0.10471559264905399,0.17517130087813246
2016-03-14,0.025135973271542454,0.0964891385708504,0.15689323246393833,0.09581000892217062,0.1556340865242615,0.09613589489007414,0.15706448642890294,0.09641717955340931,0.1532414557708056,0.09588237211804695,0.15663791878640584
2016-03-15,-0.0047393453638966705,0.09238450541106945,0.1556666679738894,0.09158577042590574,0.15414669345002996,0.09202820264826932,0.15593700458807278,0.09233844585356056,0.15180684336454436,0.09224119816454733,0.1562424261688456
2016-03-16,-0.1163736966996743,0.09267019907627529,0.15474791821086842,0.09182767146078001,0.15316674166154454,0.0922798546742991,0.15491658547269632,0.09238457995607577,0.15167320724820596,0.09253500023701616,0.15528598236728616
2016-03-17,-0.03738117864982616,0.08547628005213596,0.13723665216968475,0.08486786242556263,0.13616576904606723,0.08507639409302625,0.13709643230435364,0.0851581538101819,0.1350144419624806,0.08427038074106172,0.13574875013449625
2016-03-18,-0.02951725185823608,0.07282065628226095,0.12027361397492213,0.07247215452472078,0.11962753148603232,0.07281738738286919,0.12098501571961007,0.07313577200393585,0.11814718794828187,0.07261646912224293,0.12059045616581185
2016-03-21,-0.01654118980123364,0.06835616131371332,0.1131937718964931,0.06799679293679496,0.11251358297395826,0.06835960076542871,0.11383836837956526,0.06867468598293987,0.11109234783575438,0.0682408956776061,0.11359275674203946
2016-03-22,0.027183361897378674,0.06522273688392081,0.10854899869667806,0.06474548117822139,0.10766309396922347,0.06516243884896018,0.10915261862514035,0.0654834104248891,0.10624379401721694,0.06518234117406058,0.10916887066125062
2016-03-23,0.05291512600208213,0.07152671061328916,0.12109731878071442,0.07096283463591067,0.1200552991603823,0.07145386675117432,0.12181654458631642,0.07178470068442774,0.11850849959321724,0.07148674267352043,0.12182413303120962
2016-03-24,-0.013477292943480646,0.08941563794986784,0.15207924130961292,0.08863034573887937,0.15071966930420283,0.08918488880863831,0.15252741356532698,0.08950407061974905,0.1492599194476216,0.08895146221602529,0.15196943565597415
2016-03-28,0.03335866349730963,0.09076294483205041,0.1514126373808896,0.08996478658909648,0.15003717528789867,0.09055017660340325,0.15187456392993523,0.09071153103581901,0.14935692180368476,0.09126701000900318,0.15294535579555973
2016-03-29,-0.0978067319189764,0.09654492749006888,0.16312847980440895,0.09560296174353158,0.16146727184487766,0.09629806936667179,0.16368489352180657,0.0966747259486791,0.15984604742136366,0.09664328169975234,0.16408928376359438
2016-03-30,-0.018992535827274348,0.09186911800083672,0.14941093754460844,0.09114394782096101,0.14814757351217822,0.09163304922961038,0.14984471157641915,0.09179866352640896,0.14727449332889447,0.09084762693164761,0.14844982432014237
2016-03-31,0.028355225755125005,0.08165635014851656,0.13579752210874316,0.0808438918846491,0.1343575501205657,0.08132845900493167,0.1357456091415424,0.0815887969896363,0.13404417062286242,0.08149512046492584,0.13605559217251298
2016-04-01,-0.0628672780602688,0.08640770216664957,0.14607238522224258,0.08567360171887742,0.14464877536679013,0.08602630162369625,0.1458426858216508,0.08618720941813426,0.1438247218463857,0.08613696708119545,0.14599626012051486
2016-04-04,0.07498000185799013,0.08451640964734093,0.13856103348704768,0.08387270698329578,0.1373455516507464,0.0841651721479558,0.1383192966344498,0.08434408320065513,0.1365803112373611,0.08401217819475656,0.13807449798435265
2016-04-05,0.08807313607008753,0.09906421560076602,0.1695201517734814,0.09822475374351473,0.16795070919689387,0.09851943114458216,0.16908722757453057,0.09876229036454828,0.16612931263690847,0.09828436051829666,0.16849313806012184
2016-04-06,-0.09020004222459461,0.12821692028850915,0.21827406580687225,0.12729466179592142,0.2165707817324822,0.1279777888439339,0.21823589735553173,0.12857948421505744,0.2116718136736681,0.1281790046480251,0.21850027118423004
2016-04-07,0.13707372718236052,0.12372790681391646,0.20282965850628898,0.12298480440444753,0.20145362948036394,0.12350105416600388,0.20278073014906162,0.12393578068916543,0.19742955065773812,0.12386217676234847,0.2034315604631833
2016-04-08,-0.05077232537342326,0.1508624367420422,0.25864218089447233,0.15022229618372562,0.2574268548814493,0.1506816306629512,0.25897952049643774,0.15119763676832843,0.2509319129149096,0.15046890734258483,0.2582070113547549
2016-04-11,0.05694137640013863,0.14923197024943086,0.24696183731303598,0.14848148115379056,0.24557732668033017,0.14884387454979028,0.24693561411999237,0.1492175736925728,0.2399633455515108,0.15075775077164963,0.24987408423930801
2016-04-12,-0.09070823887095608,0.15003914184931882,0.2536268775054897,0.14927855296651915,0.25229513200555015,0.14956502835575505,0.25348202103331013,0.14971481608883566,0.2482937686972594,0.1510304078268341,0.25566026245221174
2016-04-13,-0.07043691505918508,0.14135963546276012,0.23203449982149643,0.14083054312733917,0.23118169608456662,0.14098795408364942,0.23210202527307763,0.141227383866234,0.22793018420917066,0.14136848217439751,0.2325809085204634
2016-04-14,-0.008708327891784308,0.12369255319604959,0.20368837851558458,0.12328674299883056,0.20298494886890336,0.12369010360606189,0.20446378741552806,0.12392867259871258,0.19966086230537797,0.12386782595395808,0.2047830811827023
2016-04-15,-0.007315321576372994,0.11354143157453937,0.18969626266095624,0.11302050518548937,0.18876548899581785,0.11340721077586932,0.19004045876809603,0.11377456696519372,0.1853457378990352,0.11464084921869092,0.1921042486001006
2016-04-18,-0.020022915875107704,0.10903045076467585,0.18225802082768333,0.10858605630785614,0.1815160176682129,0.10884354967882541,0.1825698788008354,0.10917112472904962,0.17839779038615686,0.10978485772307282,0.18418095767209533
2016-04-19,-0.00827383433739636,0.10424370087943377,0.1736739062979645,0.1039064753873159,0.1731509947162616,0.1041002947398576,0.17435560353759424,0.10437373748253637,0.17036760369750767,0.10455658628743791,0.1751456439121534
2016-04-20,0.0030165935394255057,0.09972651473270457,0.16669638221162497,0.09938084929003885,0.16614823559675965,0.09961118143288256,0.16756719383916835,0.0999170208355497,0.16341204151424993,0.10005135942104669,0.16823692170398816
2016-04-21,0.04922036421908691,0.09769007373198514,0.16375130559191453,0.09742498705412107,0.16338783959584202,0.09755041767733377,0.1638666146864981,0.09787742888303992,0.1602186222131089,0.09801967924101895,0.16469376333025823
2016-04-22,-0.05374867384383437,0.10853475221044345,0.18420915905234858,0.10818228168320107,0.18367615522321667,0.10843320251275318,0.1852147345273386,0.10882461979886283,0.180318298150342,0.10827828628203456,0.18483069889597226
2016-04-25,0.06302451630635608,0.10596817329724477,0.17499116356075906,0.10565995781191567,0.1745323639611626,0.1058821588302899,0.17604795874370968,0.10622189616064469,0.17153764939564578,0.10566954578810296,0.1756744246579189
2016-04-26,-0.008559253395669836,0.11439858556729954,0.19471270789398892,0.1142390492040874,0.19451588438304357,0.11442133484917529,0.19553398166033584,0.11474476543899474,0.19104656979875126,0.11431364764746389,0.19536988664550212
2016-04-27,-0.013703784593663077,0.11510136292302665,0.192481324861758,0.11500972789442812,0.1924027009455541,0.11514191877904764,0.19349963024482922,0.11537929763094454,0.18859536552313994,0.11579291948749512,0.1945059380136128
2016-04-28,0.10011803969297628,0.10986347294040591,0.18348305158296385,0.10977319698995089,0.18340551362027013,0.1099172065551927,0.18452530702140935,0.11018262660717448,0.17981846029269505,0.11027911219748641,0.18505094309107867
2016-04-29,0.031050359920722418,0.13254240064558145,0.22677309637323642,0.1322311768043786,0.22619928445258608,0.13250110889208458,0.22695238074654742,0.13311655624833155,0.21974406182404546,0.13165865608087146,0.22550884267020763
2016-05-02,-0.06717468916789283,0.14268265859530874,0.24016349117755592,0.14228185846365596,0.2393562008504966,0.1425976669359798,0.24040527442617982,0.14313589426390033,0.23286667074676348,0.1433075484535659,0.24159502943320035
2016-05-03,0.06078489106912177,0.13397295960815644,0.2208577165592636,0.13375490704421053,0.22052747649806445,0.13395352752199516,0.2210921458994202,0.13455908804620273,0.2144692272928348,0.133953589241732,0.22119674213814197
2016-05-04,0.028437935320533625,0.13678889584671078,0.23179088487331143,0.1363780601094452,0.23096934809972494,0.1367240140991856,0.23206879143668227,0.13728681478897176,0.22471384274629563,0.13702165516046516,0.23254893168935487
2016-05-05,-0.008761007226329439,0.1423813072164232,0.2398505294480505,0.14229288316962438,0.23977727918060546,0.14230367468988828,0.23999691832150383,0.1428821427717014,0.2323326749983634,0.14312676782065728,0.24136847588873228
2016-05-06,-0.07774072904896524,0.1367478840168629,0.22856054486459298,0.13667595121102777,0.22851876489019904,0.1366681874441006,0.22875759795126632,0.1372161453735326,0.22178896784583219,0.13768214090021208,0.23047555147717355
2016-05-09,-0.010242493093616691,0.1256908986808223,0.2065385328156108,0.12561459233848105,0.20646571036328726,0.12561333028995797,0.20661556406105838,0.12614183949312044,0.2005843620824966,0.12512283239792032,0.2058331154413865
2016-05-10,-0.06669137449867216,0.11401419577038986,0.190882110231397,0.11398362672617691,0.19076766568791048,0.11409563257393723,0.19073159761452857,0.11461333302076446,0.18528063531956518,0.11454498649738071,0.19127841736536805
2016-05-11,0.07489374447734456,0.10627010669884371,0.17496798769436797,0.10624348957239173,0.17487230172270657,0.1063319651608732,0.1748568256777404,0.10676696941203156,0.1700440025746973,0.10558185117971754,0.17346482821172773
2016-05-12,-0.019244580174355222,0.11653601901375386,0.19918236150942636,0.1165457885591419,0.1992972131627717,0.1165150304018249,0.19958156191512041,0.1169999462458794,0.1935833504341092,0.11626378666993045,0.19918830185929232
2016-05-13,0.042790908510262876,0.11745944113410736,0.19577940262539267,0.11744954558711627,0.19587134677302762,0.11743040541120019,0.19643373014101606,0.11785682865684283,0.19049386724022285,0.1180876412484615,0.19746842005267254
2016-05-16,-0.024227295335324237,0.12158242183862684,0.20588486136390607,0.12146589436143916,0.20574516093992898,0.12154956870058557,0.20727271907703348,0.12195374569109255,0.20014680426791748,0.12177270859359968,0.20747640284738164
2016-05-17,0.05885996265953758,0.11913794922093673,0.19824516842030296,0.11890681603406267,0.19784637646997238,0.11907919009194716,0.19937316542095876,0.11941786803212676,0.19272295959798658,0.11944505080331494,0.19985176758838136
2016-05-18,0.024112843384946545,0.1264714541647572,0.2149404289464306,0.12615204227816496,0.2143873384224046,0.12637349940683779,0.21603344807111377,0.12670510581558442,0.20873008496769763,0.12630845231626883,0.2157264563176831
2016-05-19,0.023545077751520115,0.13193608096093146,0.2223166866523872,0.1317331611629378,0.22203398281595607,0.13187350055481975,0.22322926222468267,0.13217974842755423,0.2156332438493706,0.13226276399509831,0.2238858402604803
2016-05-20,-0.07170847913014303,0.1326603102300758,0.2241028692051138,0.13253774093970205,0.22398939366690357,0.13253857282448056,0.22483437892536254,0.1324131374005154,0.22008239343752276,0.1329137360716796,0.22549140159212855
2016-05-23,0.03997953448727707,0.1252928141085572,0.20673494275014065,0.1251685030514649,0.20663560414840806,0.12512702284875454,0.2071191722330169,0.12512553975727664,0.20311298186663393,0.12480291687753432,0.206605592621978
2016-05-24,-0.09265883048270483,0.12174961372035321,0.20744803060995778,0.12160717742940051,0.2072590490482723,0.12168625960896548,0.20831547142246865,0.12182941167937936,0.20284160576701551,0.12184710649959993,0.2085152174789436
2016-05-25,-0.03672729172015693,0.11717412251606418,0.1924265759208027,0.11707563295155687,0.19237423306068055,0.11707681529312898,0.1931568340023075,0.11718536725591747,0.18850590881045942,0.11645437376308655,0.19211196444741815
2016-05-26,-0.0343978296014999,0.1039436027711798,0.17298203322952868,0.10392033780911943,0.1730842810584588,0.1038950825785565,0.17353233447044566,0.10397969578039508,0.16970458876160685,0.10372664426945426,0.17332809323153955
2016-05-27,-0.02335322701920331,0.0965573285382492,0.16050534482369896,0.09634060567178039,0.16006020690470885,0.09656859804600403,0.16137731524911836,0.09674002764818689,0.15667822779780596,0.09641267645197649,0.16104270688505629
2016-05-31,0.0783997076560083,0.09063429576818166,0.1510885601655844,0.0903567051347216,0.1505113524146023,0.09065183404888284,0.15179872516761625,0.09083075787161489,0.14762442712913257,0.09056646072735194,0.15160671560332686
2016-06-01,0.0007044734352638377,0.10795177959208596,0.18513067128059504,0.10774154375564099,0.18463217874724083,0.10797636622380542,0.18580324708158308,0.10810590930403839,0.18086566300100382,0.10737778447225767,0.1845937685800935
2016-06-02,-0.040968718898773744,0.11261773550070778,0.1894552968600922,0.11233431687067147,0.18892884469607124,0.11241755953259917,0.1897083912940361,0.11239428233208214,0.18565434843918394,0.11291467616978719,0.19042547502213597
2016-06-03,-0.01180825528616864,0.1069403846395557,0.1775286021776288,0.1065775283634975,0.17679585782525248,0.10690698045003583,0.1783020794441668,0.10705048350699524,0.1733395094076265,0.10689688317265461,0.1782269902221597
2016-06-06,0.013274531208696106,0.10041610807477389,0.16872418189707933,0.10037530403155365,0.1687405098993094,0.10035840152304737,0.169079636231365,0.10032202623210079,0.1655607840015221,0.10055091904722958,0.16939212261027176
2016-06-07,0.028882874148786146,0.1003366566903512,0.16936846203536923,0.09996908943172528,0.16853730584182286,0.10034094876436528,0.1703261676025619,0.10053244217469563,0.16501661033116402,0.10061291180366645,0.17066456414527292
2016-06-08,0.0021329549501415855,0.1062199029131143,0.17982200153848837,0.10578107560678461,0.17879091465259372,0.10620457730120102,0.18081434595765525,0.10646177515341279,0.17499246307208055,0.10627937259737229,0.18080633639565646
2016-06-09,0.039002157803269176,0.10678548424637606,0.17925750826149245,0.10624611557576852,0.1780105560686679,0.10668622721769809,0.18020090146652698,0.10708513886181308,0.1739740952853199,0.10706243915583659,0.18070699101854598
2016-06-10,0.15121898614143145,0.11351999498179877,0.19243467072020162,0.11288531906651826,0.19104360942721443,0.11328059999652643,0.19315637304631555,0.11378510869530067,0.18633307063639876,0.1132427417910144,0.1929323120110945
2016-06-13,0.20811635023923158,0.15898465857681995,0.2734410268573231,0.15826849312342944,0.2717549565164172,0.15896198754205237,0.27501461235775054,0.15985429289211295,0.26449794119393244,0.15730638524100857,0.27195059482591716
2016-06-14,-0.022667958769466045,0.22328355256789817,0.38331910264134605,0.2229621085279946,0.38220414076730513,0.2240116632958795,0.3877911078206605,0.22530104669258957,0.3712986209952876,0.22394021444054343,0.38760037892513055
2016-06-15,-0.017716998853946276,0.21595711707879472,0.3604538988302274,0.21528368230573056,0.35870578734156566,0.21645296810049566,0.3636999212898405,0.2175676483367359,0.3492944462153518,0.2186682134337761,0.36658998785870467
2016-06-16,-0.038982409871511726,0.19436777834591598,0.3249672016122953,0.19338158515464512,0.32302607260059646,0.1947170303729579,0.3282254408437732,0.19592133765747718,0.31570967553153506,0.19633373471863283,0.3304861029030647
2016-06-17,0.002062919762014342,0.1754342618899388,0.29249750850707346,0.1747247948303706,0.29109540075588314,0.17581148245446013,0.29524000027587194,0.17691167468005825,0.28422378429011547,0.17658384036232036,0.2963279982278471
2016-06-20,-0.05506949795388458,0.16163123499000898,0.27110718458753824,0.16111184291235653,0.2699093641460115,0.16212430054540802,0.27369406469302726,0.16316019811361923,0.2634447042090487,0.16272277908750024,0.2746676620819624
2016-06-21,0.005970166986503754,0.14734425243735494,0.24489713370986732,0.1469055565731125,0.2438293649493176,0.14781612505279512,0.24717909327902085,0.148721106825364,0.23819845381390298,0.14775794870929698,0.247084958731949
2016-06-22,0.13589601893323577,0.13719199857487158,0.23044389819597505,0.13641257339137242,0.22878643460517323,0.13729360210550204,0.23173991528825436,0.1381195341502299,0.22376059162889417,0.1367521318247442,0.23088940562714158
2016-06-23,-0.20477294166940516,0.17079575199568223,0.29137830280121585,0.17013484952645555,0.2898224656094076,0.17107109649121738,0.29356917936180404,0.1720200773246399,0.2821965046748167,0.1711910997837628,0.29390239765008597
2016-06-24,0.40101075775878414,0.15417559929281122,0.24930698912451624,0.15322907211260117,0.247173280185238,0.15403506680898482,0.25048090676190765,0.15477971027663098,0.24122095073747424,0.1550116760555632,0.2521355978883568
2016-06-27,-0.07703868390180268,0.28952849662927355,0.5111395396150317,0.28999838503031955,0.5115686786273199,0.29103699625702734,0.5133137314167555,0.29221622969955086,0.4928105089360274,0.2999983138944713,0.5305746853529917
2016-06-28,-0.24059046491793049,0.27920661433055527,0.4703053828729636,0.2782835149031702,0.46847280639713773,0.27923426203612844,0.46989336009334887,0.28027505289557464,0.45204907051884496,0.27164243086984086,0.458072115732111
2016-06-29,-0.11938431702335721,0.23248522406305042,0.3838291896065447,0.23280982215734652,0.38420079240399724,0.23355234475381895,0.385568965413124,0.23433597360555752,0.3718378614162854,0.23260853346754598,0.3843059259292331
2016-06-30,-0.06261729095967733,0.18930053685795906,0.3163204274632994,0.18950233468971334,0.3166902907387053,0.19014261941024024,0.31809154318121124,0.1906542963313305,0.30773588419481,0.1892668642095914,0.31684734449848945
2016-07-01,-0.0565940478900969,0.16281929676832857,0.27397385615109543,0.1630964158958978,0.2743233168147785,0.16371274500484648,0.27576310280850913,0.16424491464086763,0.26594295212303054,0.16274169841678549,0.2742282526419045
2016-07-05,0.05338994389931384,0.14461395548907638,0.24330643506821562,0.14487466505730837,0.2436247791822045,0.1454380214796264,0.24498768274922483,0.14589600963710614,0.23629351419729933,0.14436757477443365,0.2432052702288343
2016-07-06,-0.040608067896270965,0.14711282808467752,0.25212651526937135,0.1466675856423812,0.25133625365034085,0.14732270312411486,0.2529354311229673,0.1478708263499179,0.2428386630214248,0.146011415942021,0.2506821562100107
2016-07-07,-0.0134591533740048,0.13941261148064174,0.2348871042438757,0.1389955862110326,0.23411718253599278,0.13961624333801917,0.2356039404803039,0.14010595446257634,0.22630367016484032,0.13831315839870892,0.23348926987532884
2016-07-08,-0.11170398958000129,0.12888230239440662,0.21819319628752454,0.12850216987198318,0.21745189466627823,0.129115169811607,0.2190189562499718,0.12955425526307418,0.20981688479318464,0.12763139278958802,0.21660904205387765
2016-07-11,0.025431437891803656,0.11457415522358907,0.18962526132571358,0.11422445233396263,0.18893163675420552,0.11468064322138381,0.19005575758675367,0.11509183771796899,0.182148655856457,0.1148122831115704,0.19025892774656147
2016-07-12,0.0007382798415811346,0.10859253562748274,0.18554230828470708,0.10807597963071569,0.18445283070106824,0.10859157871518697,0.1858212592079923,0.10892940995254147,0.17757859272933832,0.10802762274899935,0.1849990245835272
2016-07-13,-0.038364990827203176,0.10801890583873835,0.18338660208975288,0.10754880260889235,0.18241304810472353,0.10806453085892954,0.18376529321356447,0.10840222356563999,0.17588666471381953,0.10711968092024836,0.18235918305647178
2016-07-14,-0.017015105005982814,0.10245399786858997,0.17207188576137133,0.10177225815632615,0.17075734461033623,0.10210898790616824,0.1710406356920093,0.10237858053062601,0.16473733563940662,0.10174719840942775,0.17048018819982694
2016-07-15,-0.011769457159476372,0.09683360869426202,0.1639250948032596,0.09615751106802628,0.16259696837950355,0.09653738537853253,0.16326450555830158,0.09661034425804647,0.15833628480642706,0.09578683042515315,0.16229433589791661
2016-07-18,-0.018319907022014317,0.09261210140862804,0.1569461299207536,0.09195143811145186,0.15561371085449974,0.0924166373119347,0.15656129428905363,0.09242267107618626,0.15148308633301014,0.0916970840763288,0.15564740685395917
2016-07-19,-0.0385135677411515,0.0886702675332434,0.14986420300044784,0.08809088696162645,0.14867584549904003,0.08848623185469216,0.149345698968402,0.08863658714371649,0.14443136672249543,0.08800587709154638,0.14880047431541038
2016-07-20,-0.01684959829769654,0.08316261442085304,0.13952583401397192,0.08260885533762488,0.13839222214797398,0.08305216667177272,0.14027689081698827,0.08318255672451398,0.13447309650783956,0.08298875812953135,0.1401212143746224
2016-07-21,0.079192728871832,0.07890057299524378,0.13364855155208466,0.07848555504985254,0.13279252111561063,0.07886902987012905,0.13442065265775097,0.07896049308558338,0.12890409121905377,0.07855942739138172,0.1339729623852246
2016-07-22,-0.058174721036955805,0.1025608197304958,0.17841251628398308,0.10194134874701216,0.17713689295354818,0.10242394958713488,0.17808313444577142,0.1024572579090989,0.17232504748862165,0.10330933798467946,0.1799790742072857
2016-07-25,0.06832709250097371,0.10240740315510788,0.17118918630845353,0.10185915664126029,0.1700771598741673,0.10221509567103207,0.17061391680158222,0.10229840746498478,0.16535473882256674,0.10223622271671529,0.1709998955543478
2016-07-26,0.013889112160667311,0.1129086201233518,0.19509875521214684,0.1124286399814622,0.19405588985335412,0.11291317810062383,0.1948104044160156,0.11302103600911126,0.1884465355420224,0.11301102411057086,0.19533157667520168
2016-07-27,-0.017001955141157366,0.11884370026897088,0.20229462666450385,0.11840543186763787,0.20132205304088568,0.11878080721218161,0.20164361672325185,0.11901578537503132,0.19451918823933856,0.11783671154021072,0.2004767281630274
2016-07-28,-0.008610620715568944,0.1149129854838164,0.19401322774336938,0.11449297165985481,0.193094089184891,0.11483098512702435,0.19334164249034522,0.11506707665517978,0.186549395457932,0.11401308207885781,0.19235763022019559
2016-07-29,-0.0691613492903995,0.10963822521893007,0.18552019858244484,0.10922229143212789,0.18462837972210042,0.10952274555338175,0.18479897524885278,0.10978578695517903,0.17810834984898993,0.10868551715522448,0.1838000139006207
2016-08-01,0.046902878689456834,0.10087804989040354,0.16760220010049673,0.1003732898656092,0.1664955980573955,0.10076282597911103,0.16714450786914503,0.10099600966954038,0.16078088428848084,0.10111226480751777,0.16794664863459466
2016-08-02,0.0720963038028185,0.10470346326689256,0.18013846592848154,0.10418105649192272,0.17895828520265616,0.10462096099862354,0.1800431189068718,0.10483428120763331,0.17242377736071682,0.10439142759058809,0.17979388573158023
2016-08-03,-0.038891672304378413,0.1262881523853288,0.21788481143180893,0.12538413762631362,0.2160088944927832,0.12627548519318407,0.2194691476643185,0.1263234203246281,0.2106084522549715,0.1263359199772044,0.2195663486600996
2016-08-04,-0.03481364230414056,0.12401122129146643,0.20850962578983873,0.12297379146690446,0.20649075999189168,0.12382916444710629,0.20952802168937082,0.12402705487545025,0.20159734563217743,0.12340100390531815,0.2087637615081631
2016-08-05,-0.08657229904624185,0.11391863744513024,0.19171976214559305,0.11314802167862271,0.1901727037202248,0.1138156385221333,0.19272883061867,0.11397336291000731,0.18522255015870562,0.11353962272341,0.19222607798578653
2016-08-08,0.009611257910113585,0.10113947559746767,0.1675952266850045,0.10050296207342316,0.16633162401437065,0.10106121856824,0.16850374976032778,0.10125687980898085,0.16196631787850996,0.10138440134175125,0.169023370376953
2016-08-09,0.013817145553141903,0.09425914334574059,0.16066326765764097,0.09360504819045064,0.1593415257279161,0.094237201629373,0.162038246017355,0.09445502609230498,0.15502222600630755,0.09392114649698456,0.1616613513484286
2016-08-10,0.032900479014317766,0.09746023015810812,0.16639465326774347,0.096767902507281,0.1650477159882768,0.09736475655705201,0.1676147872009579,0.0975880634028914,0.16037880469353888,0.09709433080034804,0.1672868245277944
2016-08-11,-0.03118668253658312,0.10575426850282765,0.18133423505645904,0.10504032113380371,0.17991636753099272,0.1057091015513369,0.1827183207315229,0.1059825408398771,0.17483393780276996,0.10559467797001339,0.18277717481886188
2016-08-12,-0.011192540432278356,0.10329735449403118,0.17406250495767017,0.10256961007377007,0.1726380205256336,0.10319581236896429,0.175430598041801,0.10341427348409594,0.1679413592664126,0.10304554272968554,0.17512536457850633
2016-08-15,0.02226119324146847,0.09789762457244698,0.16589267632823798,0.09724974083408126,0.16461073350214928,0.09781973609739937,0.16723810069537032,0.09802967210703978,0.1600621784015851,0.09753508244092222,0.16664733274116802
2016-08-16,0.06791975850944044,0.1012122467503071,0.17313389079651947,0.10038380343445116,0.17143700725824318,0.10099722400754628,0.17372490045608707,0.10121419846168044,0.16703700402074395,0.10075694526174131,0.17321559264933561
2016-08-17,-0.03625044522553129,0.1201949322632863,0.2074491158605922,0.11914889776630981,0.20551567929480222,0.12001288774047034,0.2091049263000602,0.12031564185781346,0.1999799413318213,0.12037116531799466,0.2099241234473615
2016-08-18,-0.06437446568646084,0.11826302262925836,0.1993566161158476,0.11740103821439753,0.19766963582336394,0.11812510325668782,0.20083995034438198,0.11837987217127452,0.19247190449450588,0.117880817090338,0.2005391284491548
2016-08-19,-0.007905179507113261,0.10651535274848835,0.178028494438696,0.10576576059737824,0.17656852298425008,0.10639086180416457,0.1793074279728629,0.10662377010169045,0.17190160500722815,0.1067622569032915,0.18011438715300535
2016-08-22,0.07882096042321413,0.09876085578775877,0.1676566087480542,0.09805929020622313,0.16630386500738548,0.09865336907028995,0.16892463432026833,0.09886376139015746,0.1619018853917742,0.09839637471909332,0.1686285138890244
2016-08-23,0.00892500853363007,0.11920168643412285,0.20647224815688126,0.11820634232859278,0.20461191575890905,0.11897950194392927,0.20718250303758104,0.11905464727947862,0.19959663561486582,0.11977097119690795,0.20846681638842457
2016-08-24,0.08289683879139795,0.12421001257653741,0.2113888048956896,0.12329765991720411,0.2097135986646428,0.12391276843681168,0.21195007923382372,0.12405600059179638,0.20420661148840122,0.12356662823112767,0.2113164856477013
2016-08-25,0.01329413966059335,0.14266405971466742,0.246173296805672,0.14181651764664308,0.24466081956411365,0.14262251165855455,0.24746353481777594,0.1427726576380959,0.23865424744168695,0.14287425108269644,0.24786770223925075
2016-08-26,0.0014662759225274112,0.14578159768633742,0.2480400303044589,0.14503253913235858,0.24670551925956627,0.1457613506159563,0.24943333260317588,0.1459958924399377,0.24024277376099867,0.1454706139601725,0.24891467658441027
2016-08-29,-0.053416232558214274,0.1404862928607746,0.23836540286970462,0.13974158767224856,0.23703116137566155,0.14044144004173406,0.2402774892653077,0.14069806843921284,0.23001178459350452,0.140621783186334,0.24054408475910505
2016-08-30,0.013814494443188514,0.12934222825599076,0.21684004452205854,0.12880079633102245,0.21584004628456813,0.12941009143892518,0.21901545132127048,0.12958052895384198,0.20947098341376852,0.12932708075363128,0.21865461803007957
2016-08-31,0.022608348027592824,0.12379687987685857,0.2109048352677771,0.12286088856969257,0.20913121576567037,0.12351452117769375,0.21178468633841838,0.12389300638616843,0.20250395842215002,0.12381436397686776,0.21206741899055317
2016-09-01,0.004460973940625266,0.1261628204362907,0.2153687127991258,0.12520389922289885,0.21354986717619007,0.12586680933391015,0.2162195967149111,0.12624318869178935,0.20681800518705593,0.12601240825610896,0.2163501825287238
2016-09-02,-0.1179685127968577,0.12391681993255725,0.21081331800588274,0.12299977795734368,0.20910146496595966,0.12366460205410768,0.21181347842143722,0.1240493274733487,0.20260245779965178,0.1238959084124167,0.2120181451968696
2016-09-06,0.003333336419758217,0.11032730148130217,0.18180979520422239,0.10959117346941499,0.18048239334950142,0.11008579933357038,0.1827594950403535,0.11034506892593132,0.17525212469370047,0.10941165210468366,0.18142581467014712
2016-09-07,-0.006677821142605486,0.09907076032780493,0.16857252422937447,0.09836579491038966,0.16728660680567667,0.0988825278882361,0.1692570219599589,0.09921680277373461,0.1619664753491947,0.09912550121472812,0.1696001855062546
2016-09-08,0.04663421651436378,0.09683693277231979,0.16435238791605733,0.09619356084961143,0.1631813605676996,0.09667604422469056,0.1650461167813825,0.09700499754262167,0.15793181805562814,0.09684106949171867,0.16527277320026998
2016-09-09,0.33567255645064864,0.10765391731518617,0.18527159312442604,0.10690289085494817,0.18395743058014039,0.10745203038888775,0.18626069120157557,0.10779717688417816,0.17787372205586782,0.10710930723177413,0.1853683669013365
2016-09-12,-0.1435405007152427,0.2679329052403812,0.4809466714683047,0.2655334015589995,0.4773714049164989,0.26785625031852106,0.4847477258657641,0.2674909746041491,0.4630492277749862,0.26130359999625336,0.473105562629539
2016-09-13,0.1633431280114225,0.25025974908410825,0.4271323638395069,0.24845509439216193,0.42439847461508073,0.25035162900365576,0.430820722111891,0.24997682173551475,0.412605687327484,0.25209976668208134,0.4339713046960646
2016-09-14,0.016115936461342403,0.25789376058830116,0.45657520012921293,0.2571572996012979,0.4554783782047155,0.2592217107926903,0.4623361767327681,0.25893271479060226,0.44256482873826863,0.26052007884303285,0.4644697964463073
2016-09-15,-0.10695433687427393,0.2479208444566478,0.4317702474021526,0.24696972466464703,0.4303277395025844,0.2492158281371943,0.43727753984544754,0.24895793992215187,0.41888716245000707,0.2517320354211121,0.4417889549644197
2016-09-16,-0.058747550262212275,0.21882910989375756,0.3740302355714362,0.21742675763788674,0.37186380504794303,0.21896431852793594,0.376647415780969,0.21858321736011269,0.3617780515436234,0.2196851762247474,0.37743944535627155
2016-09-19,0.010356079610091183,0.1875569544911437,0.32270377801753936,0.18694295674377803,0.32139592312361104,0.18877392341670987,0.3274193022140713,0.18831158687111305,0.3139734412742299,0.18950923359741864,0.3286847851012392
2016-09-20,0.024802543255641244,0.17252062826207262,0.3001950530641214,0.1713291832332568,0.2982717961966836,0.17297061067492023,0.3035734174884555,0.1726597467081633,0.2910211165908583,0.17433281613027254,0.3059090582198548
2016-09-21,-0.17981214518852884,0.16884221829589804,0.29412436027850414,0.16745659587547643,0.29217745997700695,0.16902152521823907,0.2971922924067065,0.1686411716559336,0.2846585664871176,0.16984979589908886,0.2985595181046507
2016-09-22,-0.10119210612064662,0.14703445080131336,0.24563746236423373,0.14603720079844862,0.24414750572223767,0.1470448235575914,0.24778048750201798,0.14683560649095526,0.23700237453802359,0.14528697002790028,0.24436998048707126
2016-09-23,0.022213994470881914,0.11881708383486839,0.20124329989202686,0.11783987623152795,0.19984320745639528,0.1187666109468746,0.2025990996250991,0.11862029531927464,0.19475759880833673,0.1177494197013415,0.2008817457603783
2016-09-26,0.16536272584858527,0.1123846074679516,0.19607272861749606,0.11158058960705074,0.1949251419500665,0.11241216542960548,0.19762661787255908,0.11229690441666537,0.1893813625443396,0.11271367496196488,0.1981960525930847
2016-09-27,-0.10153641921942283,0.1678380549620983,0.29883281621040025,0.16697211090004369,0.2976465938532694,0.16780047497056208,0.2993756998591401,0.1678998735925146,0.28947704431002913,0.16487957312579357,0.2946300172305938
2016-09-28,-0.05572253456605468,0.16056989859035917,0.2733882549085185,0.15968496097479834,0.27215669872981424,0.16059629779794787,0.2753763430555719,0.16048511506974944,0.2656814028157066,0.16025704328740356,0.27499283798701213
2016-09-29,0.12359518596539279,0.13984928891603746,0.23958220778883327,0.13918016014002935,0.23863822883692706,0.13983402679446555,0.24017648958546245,0.13975930874783027,0.23238619788562198,0.13958469514738683,0.24001396428739574
2016-09-30,-0.053473008881290064,0.1651673814755127,0.2924115027358713,0.16431831846536887,0.2912405548931007,0.16508036144130475,0.29331074271246543,0.16506038269913287,0.27999132372590124,0.16380540248327335,0.29130949742856443
2016-10-03,0.02084960112162394,0.16016747744640938,0.2744590749127005,0.15924403751231286,0.27310549541688817,0.1600196143037854,0.27527789098832317,0.15996750677094126,0.26295041050933693,0.16059528466510137,0.27650097214437896
2016-10-04,0.004411771861663586,0.15190495889800612,0.26401905535614123,0.15092794364306164,0.26255054652415555,0.15173305050954725,0.2647692223538,0.15166702330531664,0.2523685076209549,0.1526078866607039,0.2664712447238372
2016-10-05,-0.04809341502593312,0.14732271646949827,0.2552224415816202,0.1463724311056592,0.2538114475608759,0.14717978679783697,0.25610429590110595,0.14709704416852554,0.2438427393978192,0.1480545102764376,0.2577980452845486
2016-10-06,-0.011614532420693114,0.13633232840093337,0.23354089179382054,0.13550677033384328,0.2323134667556341,0.1362197319639184,0.23425501420385597,0.13614054230203737,0.2231460830450804,0.1361401689070873,0.2342709359391677
2016-10-07,0.048641807222345866,0.1258902471163154,0.21743346707837258,0.12512310634908877,0.21627636700250158,0.12583729651596362,0.21817838280105017,0.12572765648016962,0.2079607890819394,0.12615301225318576,0.218882879896873
2016-10-10,-0.0074460507840785626,0.13280954279131404,0.23261692053092,0.1319950398255304,0.23138160178087022,0.13278816248326827,0.23341080025136662,0.13249210942825368,0.22529801736434618,0.13255046271001825,0.23317739864379664
2016-10-11,0.1380056730194437,0.12998793619181614,0.22502365602799265,0.1292624603247946,0.2239194471776312,0.13003543855772248,0.22582721256782437,0.12979319645562068,0.21804125640836755,0.1304045366464969,0.22659181618704158
2016-10-12,0.035181114630169465,0.1663221821648614,0.2945352444225254,0.1650292191731978,0.2925279937188272,0.16593099308795015,0.2953743547617408,0.16599147832364405,0.2806139382430092,0.16426521066877192,0.29261633686876304
2016-10-13,0.0478618953240483,0.17712646759161796,0.30790349383303306,0.17607657727665074,0.30640229706853533,0.17686094163252697,0.30874644998124556,0.17695879174974316,0.2936322673484952,0.17729577520513307,0.30961688508413576
2016-10-14,-0.03474900059526144,0.180691789933958,0.314935094792984,0.179599548950177,0.3130931396668759,0.17925435195296083,0.30915435696209287,0.18010975429339598,0.30410775324410055,0.17949260646647847,0.30956564977121626
2016-10-17,0.0055675986691025815,0.16973848314368767,0.29193397036533375,0.16873025067475678,0.2902964579296098,0.1686370185207288,0.287763535715511,0.16927028384184006,0.282116130313037,0.16900880024913087,0.288586811037215
2016-10-18,-0.05908355200921036,0.15844830849106228,0.27457863090698637,0.15737539107203266,0.27288793748915713,0.15788202836386156,0.2736688541638925,0.15798060446712486,0.2652990198653001,0.1584241255728929,0.2748116129172643
2016-10-19,-0.0586223737269437,0.1452162711663416,0.24855652884684173,0.14411929545693114,0.24686576810798372,0.14479814111391817,0.24887964731979942,0.14476565279277886,0.24022796014671755,0.14462408527369475,0.24879341066044136
2016-10-20,-0.04688358589885038,0.1292665350470605,0.2208744702219102,0.1285011789451873,0.21967612198797087,0.128649744836851,0.21886877429991988,0.12892042567449533,0.21366887773107895,0.12832618324093276,0.21847525871652923
2016-10-21,-0.030271783625102678,0.11576262139429955,0.1983765786674367,0.11491539430870086,0.19712038518868447,0.11546295206992284,0.19873149817591065,0.11547608099673017,0.1916953642589242,0.11510439423295427,0.19828083652411085
2016-10-24,-0.02428040370705455,0.10608091294899186,0.18243655607925546,0.10561410524474234,0.18169713276710606,0.10549103749366934,0.17966361987439158,0.10605315993701855,0.1763656820574296,0.1052273449738979,0.1794261329789867
2016-10-25,0.03323568743615856,0.09969148168307453,0.17142259562822534,0.09925796527592311,0.17073345963292394,0.0991154435029869,0.16856698237393228,0.09943825553593547,0.1654987496299828,0.09889944764125037,0.16850116616540867
2016-10-26,0.05633258176724798,0.10484993717314722,0.18321170399703818,0.10431968398750796,0.1823639250347362,0.10422508836813969,0.18022689838600356,0.10478933765167547,0.17693499882483446,0.104045184272333,0.18022096841358676
2016-10-27,0.07571182173569638,0.12214539862172323,0.21384412612756762,0.12108606388619313,0.21217321316538063,0.12183800458593447,0.2138767260138438,0.121870498517141,0.2037578939919338,0.1213084396459451,0.21269561952291965
2016-10-28,0.052627039970017796,0.14356154916028752,0.2516750031337387,0.1426759745754374,0.25037531315964945,0.14357386700135566,0.2521378827016362,0.14352816676113897,0.24172308127935435,0.14317086705351417,0.25110822066687205
2016-10-31,0.05234277437398911,0.15637748261197396,0.273016933673832,0.1554305676925315,0.2716496726066113,0.15637058452218844,0.2733808328308241,0.15635519204847917,0.2631003909033834,0.15661221514803636,0.2735409651744024
2016-11-01,0.0842721852945215,0.1649931583272462,0.28844889091383696,0.1639927753794179,0.2869608792325579,0.16510681758052825,0.2889078591918557,0.16530008042608185,0.27878456864567513,0.1653373631090403,0.28912350416554683
2016-11-02,0.04013210142631741,0.18238598030301315,0.3199706879537228,0.18088055658377727,0.3178254843820799,0.1822051614894752,0.32076061441373654,0.1824423981565369,0.30875108863577977,0.1822385993727357,0.32074691321835325
2016-11-03,0.13353139262452257,0.1873073380080187,0.3264758152561083,0.18545381823613663,0.3238861310747088,0.18682570138590507,0.32679881436215097,0.18712422678267493,0.3139134131073759,0.18701786617963215,0.32713940914741557
2016-11-04,0.019287433509746533,0.21553875909210377,0.3786759615211321,0.2138281591371358,0.37639614522969533,0.21513659258104462,0.3789263938576961,0.2155716140943001,0.3643729517578775,0.21506519153452155,0.3787338213918897
2016-11-07,-0.1849015146326427,0.2103393861461817,0.36591483152555654,0.20900211725292356,0.3640560781709324,0.2103628279107813,0.3665595723583786,0.21069327970228946,0.35383050387941334,0.2107687492044576,0.36712241367591625
2016-11-08,0.0016021365242778537,0.17931036560046779,0.3035766124535928,0.1779202962800233,0.3016107303739712,0.17896666397314454,0.3034390998022559,0.17913721035028385,0.2941597370682949,0.17857715437632585,0.3028860509272093
2016-11-09,-0.2648219245173754,0.15671864924489184,0.27227074863794487,0.1553681938422464,0.27035785811020463,0.15645891898276057,0.27236280750489655,0.15657665585075584,0.2635584826149855,0.15689396791780086,0.2731182323532012
2016-11-10,0.024726534468289974,0.12774696472659708,0.21038702340064397,0.12667044018480383,0.20881110867798036,0.12745239985196655,0.21035714502242445,0.127571019685721,0.20366525552852682,0.12497080041177924,0.20613204985527392
2016-11-11,-0.03943783305860147,0.11056685327090353,0.1928465727255134,0.10946514169960037,0.1912338222516542,0.11032705126813828,0.1931159767999728,0.11040405792772516,0.18593835791168584,0.11115030273322934,0.1941990464469236
2016-11-14,0.021641333254981295,0.10499405642801145,0.18041302469361706,0.10396590671062043,0.17890180422067187,0.1047631004823025,0.18064116871216473,0.10484024871443244,0.17385531293200768,0.10480163512348904,0.18040893276828196
2016-11-15,-0.0797549958437186,0.10565102033848833,0.18412759617540278,0.10459009094693152,0.18255448906277977,0.10540738892413967,0.18437194705973778,0.10548818969138214,0.17704447613409532,0.10587924554852242,0.18485580719631212
2016-11-16,0.025841231183887547,0.096934722414224,0.16463618160419696,0.09597804461490368,0.1632161847994531,0.09673537400784758,0.1649163554012431,0.09677807496231987,0.15866766034335597,0.0957696423597705,0.16296022924667017
2016-11-17,-0.027338237451480653,0.09656590569887481,0.16870095011354505,0.09554105976013315,0.16717184182951747,0.09639664181739581,0.16905983732243113,0.09641420983566037,0.1623542091197198,0.09682213159991587,0.1694637325795955
2016-11-18,-0.038172573505029714,0.09396417073812462,0.1617667536138539,0.09309522937900279,0.160472665605146,0.09378017101162202,0.1620465343838885,0.09383099429369066,0.15552981253833079,0.09401588702618711,0.162197107968426
2016-11-21,-0.03403573483589609,0.08694458962849766,0.14906662464267412,0.08621942175263987,0.14797437067519684,0.08678411870702675,0.1494294456042051,0.08683361328164159,0.14321822757892777,0.08654171729465839,0.14886925188168884
2016-11-22,-0.0008054772888168686,0.08015474866390747,0.13750143534482526,0.07953467247980588,0.13655991415668725,0.08003206079112309,0.13789857761612462,0.0800792148411424,0.1320122531965943,0.07970983779331792,0.13729069080325437
2016-11-23,0.0016103063061039097,0.07796476637704841,0.135273413056518,0.07735547182085875,0.1343426474216938,0.07788063523603221,0.13564795036264735,0.07792273253986659,0.12971116428662305,0.07844796153200034,0.1366381790737474
2016-11-25,-0.0072668870453780005,0.07883655161947284,0.1368907797019968,0.07825456126927131,0.13600696318444655,0.07874608310897059,0.13720528985628477,0.07878613876748043,0.13119689054285608,0.07930551914482034,0.13829863756187247
2016-11-28,0.06357574014653176,0.07841346809056796,0.13584934099357096,0.07785575911556035,0.13499873644413166,0.07836888904148305,0.13617307510662605,0.07838404696430464,0.13032837349244916,0.07872498176202866,0.13690662644941837
2016-11-29,-0.01919444725614718,0.0988594080700195,0.1740010195854978,0.09805452974590739,0.1728547049140076,0.09847808022994181,0.1731309373062942,0.0984712054048805,0.1665553296781026,0.09725766299163646,0.17117250202706571
2016-11-30,0.032789822822990755,0.09946761597477886,0.17146162017389732,0.09874918150973785,0.17042050101727596,0.09914101920684491,0.17060927066360768,0.09908745021731903,0.1642582209397813,0.09972080523282303,0.17183072405717537
2016-12-01,0.0540277369356804,0.10580634421522152,0.18475508072677388,0.10501988139123583,0.18361235943875165,0.10544158743492903,0.18382368091504553,0.1053704929603207,0.17672664197247173,0.10558473874539695,0.1842690593648043
2016-12-02,0.003547360938798235,0.12195599380483606,0.21353274455555876,0.12097247052712153,0.21211184994108412,0.12148049945414101,0.21243418895144525,0.12142744123316905,0.20419093965608073,0.121180197308816,0.21203346232894796
2016-12-05,-0.15108644643374367,0.12318702719245042,0.2134118365263303,0.12223035254900447,0.21201882631655006,0.122725179715827,0.21233001444449168,0.12267315007507441,0.2040330221549668,0.12415305570355581,0.21498256655869563
2016-12-06,-0.02925407108207271,0.10430034582619721,0.17401823693915297,0.10363002402007938,0.17303092766327377,0.1039947853902166,0.17318592641085595,0.10395856585538478,0.1677145260015203,0.10098070353048628,0.16803414624894875
2016-12-07,0.035822239194169755,0.08893358371081261,0.15324695729353696,0.0883574067725631,0.15240185249502286,0.08878906239887013,0.15321344053813551,0.0887669410326248,0.14782063035550463,0.08841349665234206,0.15265588664331825
2016-12-08,0.03379243497526199,0.09682619524736669,0.16955419270384908,0.0960850613659823,0.16852076718092765,0.0965720485189109,0.1693850935782776,0.09662212830532953,0.16286696459124822,0.09655267691057148,0.16945306146437233
2016-12-09,-0.07301314812854344,0.1080754112001559,0.1889675714856648,0.1072743299417071,0.18785649613111072,0.10779677143632896,0.18878235531426057,0.1078453308974414,0.18138821829284663,0.10815193932623167,0.18951958949691763
2016-12-12,0.07301314812854336,0.09946838460867502,0.16961022205600532,0.09882980461489282,0.16868032363861538,0.09929854150484083,0.16948703795322603,0.09930956305775568,0.16313769234257516,0.09824172226311462,0.16784118920868507
2016-12-13,0.006309169193264756,0.11510493863220381,0.20311458304821894,0.11420307199361122,0.2017666346184982,0.1147477223501727,0.20243587152706877,0.11475106578661202,0.19522431536560064,0.11406708206380266,0.2008507283684751
2016-12-14,0.03628340881724716,0.11936283175699232,0.20715414579425637,0.11841825245315576,0.2057309140818644,0.11889488707453767,0.20661312973895238,0.11894078234164755,0.19901526843095335,0.1208636911046608,0.20936521517911755
2016-12-15,-0.030795351138471892,0.12631893687968693,0.2207062057104323,0.12531536287230036,0.21920546629732915,0.12583733117089424,0.21995768417499087,0.1258673262027613,0.21189132732612193,0.1266593604543366,0.22100020162659026
2016-12-16,-0.04722766385154046,0.12065348488175143,0.2078565771348724,0.11965116599048146,0.20634197573802168,0.1199019681850904,0.20625746387094687,0.12001841301428927,0.20157875014680024,0.12081429819427379,0.20773922294057423
2016-12-19,-0.04099277412958473,0.1092804514544941,0.18780735111741073,0.10830440979156336,0.18635693043517088,0.1087922230244921,0.1869895965953957,0.10882361974517146,0.18291408948835547,0.10878936268350527,0.18686201193091914
2016-12-20,-0.02245344760937746,0.09950541092498105,0.17133293472212224,0.0986872552985541,0.17015458330317995,0.09914565814535051,0.17048047746952347,0.09925625801016263,0.1668860010321278,0.09902228026649774,0.17042792340822893
2016-12-21,-0.015845401948563737,0.0928823603515001,0.16076913560156064,0.09214006072858029,0.15968681736853363,0.09262743070701901,0.16024140603084805,0.09271356921495734,0.15654687931542285,0.09289330781942574,0.16097464740592143
2016-12-22,0.014097149755034476,0.08876760359003842,0.15409067034732726,0.0881619234210885,0.1532094098855155,0.08871894528876816,0.1544633260907186,0.08869227577715807,0.1500674334454043,0.08898820289332143,0.15480028277205982
2016-12-23,0.0008745081449325757,0.09052011060217355,0.158542000617525,0.08987427738628259,0.15758709888842073,0.09052798201990893,0.15929207629415212,0.09045689656039714,0.15430583842363219,0.09082593570243852,0.159329475189862
2016-12-27,0.04695698308777108,0.09100493081203533,0.1587672895103116,0.09036900706659777,0.1578078981154988,0.09103891824278718,0.15951650999559902,0.09096933502849136,0.1545364937076453,0.09157798059847683,0.1599960050494259
2016-12-28,0.07702281910612391,0.10349457985009507,0.18260710097153104,0.10265723481708043,0.18134464644207562,0.10348875813902371,0.18332724312710147,0.10342205696591139,0.17755491766885292,0.10272981649180574,0.18145104414708174
2016-12-29,0.031917602968304946,0.12774299579168985,0.2256924342960599,0.12640725934493194,0.22380661638241192,0.12714866743548442,0.22446435333166379,0.127286835438869,0.2190819247450878,0.12621113813125034,0.22282702001432184
2016-12-30,0.048897007483813155,0.1367919109208155,0.2393157748297498,0.13528493596599486,0.2372068512064036,0.1361044324012018,0.23782188644556918,0.1362819743398726,0.232318861263668,0.1371275061946074,0.23959880697798255
2017-01-03,-0.08856658725643621,0.14613322032556808,0.2562204226126355,0.1443771484852796,0.25376851274558154,0.14529572858625137,0.2543810420034017,0.14551599128119627,0.24859894038217376,0.14594711263919144,0.2555082320935186
2017-01-04,-0.08101594376008868,0.13423264505552018,0.22932604424031816,0.1326814163390396,0.22715235791222238,0.13354002070576365,0.22785094209682744,0.13370459439721974,0.22258511415141527,0.13305146402210724,0.22701943429965787
2017-01-05,-0.015306421282675545,0.1155245197583866,0.19724835351780365,0.11414687070307267,0.19529548121074264,0.11490432144876488,0.19583107042199244,0.11507419739700804,0.19142133365866112,0.11393425813128345,0.19416895229365022
2017-01-06,-0.030450373523427665,0.1056879359028295,0.18301783832112548,0.10432447067042976,0.18106891981015752,0.1050420150032502,0.18149059557270936,0.10522867632303942,0.17748916118066216,0.10556113027755877,0.18250562073041698
2017-01-09,0.020979790469194466,0.09937340279335366,0.17152606174882665,0.09830631242615512,0.1699653168162823,0.0988603661536991,0.17018601236735756,0.09902710129336015,0.16639325803959568,0.09886514594675132,0.1702154672412683
2017-01-10,-0.006073771383567135,0.10117976280776773,0.1768405611901912,0.10002739451628763,0.17511062372599862,0.10062651250466281,0.1753291035002282,0.10080987186960749,0.17139555912903073,0.10095916329855685,0.17592204477848583
2017-01-11,-0.020220469149120016,0.10027981621346604,0.1740372933825026,0.09898241170566814,0.17208881851200558,0.09956511695195261,0.17226627534057448,0.099749162023674,0.1684937273514571,0.10021469137092169,0.17345867577599564
2017-01-12,0.024562638368409127,0.09614423284213926,0.16625261777601744,0.09493509196387485,0.16442955450690389,0.09546619776611331,0.16454632088383037,0.09564266905664251,0.16101651612897452,0.09555711894221233,0.16481382052507648
2017-01-13,-0.02723049232960157,0.10003447292378148,0.1748882881721988,0.09875251699067386,0.17294841022303825,0.09929862659217353,0.1730234138096025,0.09948547687001988,0.16928796746519714,0.0993587568691607,0.17325338980905552
2017-01-17,0.05542543987122477,0.09714944581991228,0.1676966562997201,0.09594605556245876,0.16586952661885107,0.09647005486415389,0.1660236302972799,0.09663178414372955,0.1624825964209575,0.09639427832807305,0.16602125282629396
2017-01-18,0.05011315431970506,0.10928700776695666,0.1923039764200842,0.10802818878528629,0.19039885585220276,0.10864403521652184,0.19054380154825357,0.10882758604934384,0.18624497846478646,0.1079297567640411,0.18939792828336555
2017-01-19,0.023754086008107057,0.1245502860596074,0.2186251881888498,0.1230778812177888,0.21642351408188734,0.12377344136745361,0.21653970997337801,0.12402526185571133,0.2119868052886257,0.12371840792576759,0.2165807104259037
2017-01-20,-0.10206218786943531,0.12963364704090036,0.22627549673549002,0.12815717249955055,0.2240705688086026,0.12877882347385283,0.22390588954160953,0.12905439917547817,0.21935485601526913,0.12964008899688179,0.22555961445613268
2017-01-23,0.019734660192231898,0.11620271049774258,0.19765007989714284,0.11491176746309587,0.19571420084777993,0.11549476360123742,0.19564931165529395,0.11535488144475181,0.1944194511622371,0.11427157205415003,0.19380670804488317
2017-01-24,-0.06131517455163974,0.11079386458654981,0.19450999487060597,0.10986556513319591,0.1931460162855999,0.11056841488274684,0.19361476984454604,0.11041903397655077,0.1917885222754532,0.11177434286043918,0.19566249240181924
2017-01-25,-0.02376711506942858,0.10261879412161268,0.1766201426522853,0.10171005551013329,0.1752663083396855,0.10234835290514115,0.1757294719159487,0.10223014980574159,0.17411813395263306,0.10173951057007898,0.1745521494359483
2017-01-26,-0.016791439297260277,0.09461500901981858,0.16384798434813985,0.09365784302026144,0.16239657437498345,0.09426224803271534,0.1628405710442317,0.09418826133340658,0.16124896485606086,0.09443919668838822,0.16305775979708037
2017-01-27,-0.0047147659237033535,0.09024146736713265,0.15630834254559786,0.08925680215259543,0.1547817238469006,0.08984232203041075,0.15524685313972073,0.08980383759702489,0.15356594483005742,0.09016219703910493,0.15575731086776387
2017-01-30,0.1158908875043456,0.08798023193122727,0.15256446900380397,0.08697866865361449,0.15095573536585513,0.08752443084743777,0.15141944832602452,0.08751755592562996,0.14956887434126112,0.08810533263258342,0.15236593501792395
2017-01-31,0.009216655104924048,0.12668860034320725,0.22345953580094333,0.1251409864290897,0.22094512546359862,0.12554198913864306,0.22022429701129906,0.12604410492366833,0.21656450259064336,0.12185658052435133,0.21435095558186681
2017-02-01,-0.01512633883015193,0.1315959490702574,0.22758483420423495,0.13012879394973076,0.22512382744977397,0.13040477399754735,0.2241783735277455,0.13093139609676244,0.2205532146601973,0.13247211727004887,0.22825180739228937
2017-02-02,0.010109605900553674,0.12543874534918176,0.21593677131334213,0.12404141634509536,0.21355948576718176,0.12427779611209014,0.212601502890158,0.12478996812688616,0.20922932268030678,0.12590047134286306,0.21597215007832926
2017-02-03,-0.08389196182268584,0.1226781510943937,0.21193682176507259,0.12131424732549931,0.20954596589323074,0.12151385107983419,0.2084647829766026,0.12204384112816236,0.2051193768158586,0.12302076476981036,0.21170012922969217
2017-02-06,0.035814033475305734,0.11044201282287179,0.18719245794539396,0.10925957039667994,0.1850700474901896,0.1094432855314688,0.1841550872898805,0.1098993097920594,0.18102055135816214,0.10812867456233867,0.18243158562376707
2017-02-07,-0.00706092960087401,0.11187031927264592,0.19414270258804042,0.11053500252065472,0.19170296641581333,0.11077580673211113,0.19072181393336748,0.1112677511374238,0.18717833527210406,0.11140820999820125,0.19244414483109465
2017-02-08,0.014072351838678037,0.11012648290307803,0.1906014165119058,0.10868019259118945,0.18822644335698754,0.10932893765835665,0.18911365826029605,0.10926918755845419,0.1864122983975458,0.11035799468550637,0.19049913073854338
2017-02-09,-0.051063488572452,0.11041647616546946,0.19197394257145345,0.10891997852660308,0.18952113636617096,0.10963700399631263,0.19058930342328836,0.10953557534971019,0.187888333006014,0.11021701139390692,0.19114666632564187
2017-02-10,-0.0027611614413281683,0.10322589022881179,0.1765663722039466,0.10201098275920646,0.17444580517164687,0.10258752151007741,0.17515169573006928,0.1025560199569731,0.17280684531930807,0.10193269299014031,0.17365276639926208
2017-02-13,0.02007366673407691,0.09575568008302654,0.1672291305086109,0.09497113378901839,0.16601205122345847,0.09547756157909587,0.16722164889652252,0.09518267037435703,0.16321800864911615,0.09597976972404788,0.167740946049937
2017-02-14,-0.030263657639826934,0.09997075290798374,0.1749457568317867,0.09865256989404976,0.17285227836016062,0.09934072182042453,0.17345208245718283,0.09907520871219588,0.17189325805153088,0.09940494975935249,0.17336546281777224
2017-02-15,0.10842843048916327,0.09655841690385498,0.16672562302969263,0.09520355705389585,0.16453709957822388,0.09583729553469512,0.16510160132661228,0.09564651530823692,0.16388355161417859,0.09541442244762692,0.16383905252615683
2017-02-16,-0.017699577099400975,0.1275059242635339,0.2253362587930171,0.12575816545341634,0.22246034041199728,0.12641610584391993,0.22243065941908383,0.1263395980937894,0.22053692947056328,0.12379492541953095,0.21777600502668942
2017-02-17,-0.023226850609816545,0.1267036966410376,0.21883756071568455,0.12504812538547935,0.21611867051547226,0.12578759789716396,0.21719411520513965,0.12563886374497094,0.21420458436997883,0.12686253829106078,0.21777377311990664
2017-02-21,0.006938449344920854,0.11894131328383173,0.20478683106965057,0.11738602348003928,0.20219017637618714,0.11807900965752474,0.202937363939609,0.11796823540361871,0.2003955092404826,0.11860900470630284,0.20326283722779348
2017-02-22,0.014586273194365252,0.11541304762843124,0.19963037960741936,0.11398561713326157,0.1970466205993356,0.11462476130221909,0.1978157761279047,0.1145783847305279,0.19493276648028654,0.11554143753634252,0.1988424201413429
2017-02-23,-0.0025586367903243624,0.11610433515044097,0.20103150883636814,0.11454276567996204,0.1981353510748561,0.11519675470341298,0.19894245309716266,0.11515942045192162,0.19603623096897582,0.11569177936260278,0.1992330166242615
2017-02-24,-0.020708246468346694,0.11306317513121802,0.1949240001862968,0.11154263955321825,0.1920363260388345,0.11217427589111736,0.1927756478233028,0.11217380544412645,0.1899894138960533,0.1128619711175856,0.1934486124181095
2017-02-27,0.05264373348542188,0.10740883492377908,0.18433426751011667,0.10597031201309727,0.18154378068822094,0.1065764124382325,0.18225312301305915,0.10659252480249531,0.17962758587815805,0.10649743010529007,0.18166420901917
2017-02-28,0.06639783372775457,0.11774731905730819,0.20480692172670975,0.11616575458366428,0.2016521998341739,0.11684104872889281,0.20243547640398288,0.11689826786009914,0.19933974423892858,0.11600238272105937,0.20048201271904947
2017-03-01,-0.02985296314968116,0.13576311043867575,0.23631095140035474,0.13414616891805717,0.23312002068473356,0.13490608929182538,0.23371477191453655,0.13499338498433663,0.23060509692578368,0.13413630239973007,0.2318766843938646
2017-03-02,-0.05997690499550357,0.13024624125764828,0.22314193991280362,0.12860080725231485,0.21988055111897595,0.12931395963966222,0.22042817925373473,0.12940321519556214,0.2175943050482477,0.12980147620342902,0.22076893427132135
2017-03-03,-0.07469434868940142,0.11745561081230242,0.19988067905435306,0.11596483400559685,0.19694071684850648,0.11659001116485328,0.19731665555093547,0.11669213387961229,0.19485241533029915,0.11581257129476016,0.1955749511474325
2017-03-06,0.025226562945675563,0.10297985499053676,0.17443710835223114,0.10181392682029276,0.17213754930704847,0.10229418004229533,0.17218360895489698,0.10240646302134826,0.17022965635428378,0.10108490897445925,0.16985836349045663
2017-03-07,0.018510885534703606,0.10269338388441149,0.1782882450649771,0.10116334491411882,0.17537171506074675,0.10196916802745717,0.17676146129611148,0.10193855525934546,0.17344238421103994,0.1021965687838288,0.17674473878157076
2017-03-08,0.03518166356933067,0.10677302440970919,0.18523499634421797,0.10546331599633212,0.18264152879686013,0.10592976267866958,0.18329692090532818,0.10601471127504944,0.17954176976822553,0.10617813965894865,0.1830554740194043
2017-03-09,0.03642786880879243,0.11453565611706573,0.19916301219105917,0.11310545790859487,0.1964566439444885,0.11371259452370656,0.19742814435083494,0.11370213551224394,0.19365776452075928,0.11365043872622577,0.1968424043090563
2017-03-10,-0.05343508145602558,0.1227821952044362,0.21403736601121007,0.12159048192919561,0.2116367718816815,0.12210379465192858,0.2120883409015719,0.1221953555715936,0.2078979484306511,0.12217258566153881,0.21164186860291828
2017-03-13,-0.026946436994934715,0.11493809859128756,0.19693247262784483,0.11371980432641302,0.19447508940660085,0.11418655221874413,0.19486036610890753,0.11417246482464911,0.19164560270737627,0.11376136526822184,0.19367413930760746
2017-03-14,0.08038151845096032,0.10576742865553525,0.18183031046945683,0.10468139803834524,0.1796693396399293,0.10507278662015271,0.17983098501179995,0.10511677709007804,0.17708504214358675,0.10500756472052218,0.1793605971189393
2017-03-15,-0.05601129584779873,0.12546020407896474,0.21866797292084011,0.12375705313112911,0.21545089252434113,0.12430405781401387,0.21518548248891275,0.12460537384346637,0.2130923505143164,0.12292344301455213,0.21266677348406401
2017-03-16,-0.03678172944650449,0.1190755907928218,0.20277930041270803,0.11743786146595987,0.19972236699861767,0.11805875970732015,0.20011104328406445,0.11829744787213638,0.19768347451949553,0.11779246609118242,0.1997195596450765
2017-03-17,0.006225008985844233,0.10829542187088861,0.18447558123612073,0.10692495288237164,0.18200759813295012,0.10758242870377722,0.18270289197696837,0.10773208512279338,0.18017917768755093,0.10733549979132084,0.18202034878034426
2017-03-20,0.005305052229693319,0.10494328084253184,0.1804206105834779,0.10358007987035325,0.17791361278373935,0.10416704817521787,0.1785507911556187,0.10432077143072022,0.17603756292137285,0.10483103192401357,0.17942232176235082
2017-03-21,0.09498946139233903,0.10386104208739638,0.17788338898722567,0.10305967151134969,0.17649713074379927,0.10328594300888895,0.17614320055908833,0.10344937093271497,0.17399077508382838,0.10378562074918174,0.1768250167494627
2017-03-22,0.026900356216697768,0.13166918792937324,0.22938069268388595,0.1302703352863801,0.22664847440070648,0.13060625258810485,0.2257360396717346,0.1308380968023179,0.22332900347084755,0.12836274075122947,0.2222220939179577
2017-03-23,0.023911667607299916,0.1384685658687956,0.23758622568613708,0.1371677371293902,0.23514463917295303,0.13741694712806632,0.23402935090937213,0.13765625778089985,0.2318396608370334,0.13828589526034074,0.23600145376561435
2017-03-24,-0.012270092591814247,0.139814226032226,0.23869123553552377,0.13855726208138228,0.23640715502174703,0.1388176144190376,0.23536845963396322,0.1390498678857535,0.23325440563768576,0.13980128045059215,0.23744955507148335
2017-03-27,-0.03613904661587324,0.1328887783821445,0.22441455370859287,0.13186418605156333,0.2226053723270056,0.13211143747246443,0.22166843163844124,0.1323107004197622,0.21988895902507002,0.13320610332812935,0.223819288264045
2017-03-28,-0.08077631002728779,0.12243968234719142,0.20505873080983014,0.12168615641169273,0.2037444811842555,0.12190809441962973,0.20286598505073436,0.12207470900430181,0.2013861107029603,0.12180031893093261,0.20295001964659368
2017-03-29,-0.009586130053103416,0.1076478804809105,0.17811103032395942,0.10719735988629699,0.17732138237924697,0.10737544791855974,0.17651180182227205,0.10747909061705574,0.1754065350809274,0.10526507060463026,0.1732746722430587
2017-03-30,0.01045305685208922,0.09964208263161112,0.16627292477399852,0.09938682153339123,0.16584081740729817,0.09949158245442817,0.16482935819405584,0.09957502616618336,0.16391754218977606,0.09982649839773697,0.16573379657178028
2017-03-31,0.06945492532444308,0.0992015399014051,0.16578987252382885,0.0991183453010271,0.16569199022609513,0.0991354895305954,0.1641667881472025,0.09922702645473418,0.16360484289331875,0.09951089870459423,0.16508048137252262
2017-04-03,0.0008080808520535348,0.1199689931690876,0.20117630669459338,0.11860926168479986,0.19841717053647376,0.11878879566832365,0.19879248487390366,0.11916450285793673,0.19496010832102764,0.11853015879005775,0.1984286452439523
2017-04-04,-0.0488305527071706,0.11994231241979096,0.19893975565092023,0.11880275708559535,0.19666564780316279,0.1188782900916396,0.19589568270917945,0.11929971993550863,0.19335203259121125,0.11994942647913157,0.19832111912024772
2017-04-05,0.08920010240181651,0.11001412460522697,0.18127122161846562,0.10947777933962588,0.18031750595012266,0.10916693196357602,0.1788388472439207,0.10962392728697525,0.17541546873978547,0.10852079199333321,0.17844345351776564
2017-04-06,-0.039562121310044926,0.1331618018926269,0.22224737778610096,0.13223833921611458,0.22028901077116247,0.13177505681761434,0.2182483218553279,0.13235556485175592,0.2146074553670541,0.13052695106852588,0.21684702835391925
2017-04-07,0.03800932596698418,0.12616664653615173,0.20786581811275334,0.12520308599695112,0.20584777755190434,0.12481327985217497,0.20419806577697497,0.12537020496012036,0.2004352058192168,0.1251352009623324,0.20541648641361884
2017-04-10,0.08772337417171955,0.13019405938650475,0.21657884217539536,0.12903624637862218,0.21420945951174933,0.12862044591537328,0.2128343491814209,0.12916357122933592,0.20810023026621458,0.12897615792484127,0.21362674388950942
2017-04-11,0.07008361685864918,0.15160313186387572,0.2534608132262212,0.1498488747491536,0.2499301408254559,0.1494922601924483,0.24846691406926769,0.15018895935596785,0.24315325237380747,0.14852670128786702,0.24741434349859126
2017-04-12,0.04540338833654285,0.16778375990283578,0.2797205753014409,0.1660377714196786,0.2762025085554727,0.16570061596288244,0.2747158355800243,0.16642253301961263,0.26904755299711386,0.16608802524647914,0.2759763299220457
2017-04-13,0.01197619104671584,0.1737487973996308,0.28905032503621825,0.1720078229707699,0.285553605709377,0.17165401860039867,0.2839326697010658,0.17189654735968676,0.28090436902412813,0.17313699864327972,0.28708035417726585
2017-04-17,-0.08496289556315736,0.16894633549668975,0.28032016791174486,0.16726222950129618,0.2769429643163734,0.16692675730436857,0.27527901082551365,0.1672846883792295,0.2724673129195276,0.1691939959157919,0.27982728976814336
2017-04-18,-0.01650656460170241,0.15067617025618493,0.2475966806059276,0.1492061936064674,0.24463902328812512,0.14892912905167213,0.2432869941369542,0.1492642368261378,0.2407261231837523,0.14834014280012395,0.24297307582304128
2017-04-19,0.03475647969429598,0.138316942682774,0.2288032306378001,0.13686702776710896,0.2259197396552274,0.13665040072428464,0.22470144718368273,0.1370862008567665,0.22241000196418995,0.13758275186464036,0.22687475173675611
2017-04-20,-0.05365798746185237,0.14167203509901116,0.23569934093001332,0.1404324935251891,0.23312305003677358,0.14031846500412756,0.23203407865163062,0.14072556331969271,0.22959875033865573,0.1407732640411671,0.23355018950664544
2017-04-21,0.03335959094278641,0.1298962195231682,0.21426752971497226,0.12865899932339128,0.21173363192605618,0.1285644547304699,0.21051707529187805,0.12898748495579962,0.20862730303344965,0.1281256461175536,0.21066636564989671
2017-04-24,-0.29983121902053284,0.1310287937014122,0.21831730918569842,0.12956165838433195,0.2153407334753177,0.12959289218004433,0.2145279912171535,0.1300249313241181,0.21217716323878782,0.12980539240080982,0.21530633162584173
2017-04-25,-0.007407441277861805,0.09916494516695126,0.15692622662310848,0.09828716879613868,0.15512242540009796,0.09821336150938871,0.15443721321849868,0.09852940777145883,0.15277247997588234,0.09195348654686679,0.14453513996441125
2017-04-26,0.0083295252528302,0.08401150840773192,0.13890904224162715,0.08322328439680744,0.13731703021954036,0.08309791143152198,0.1363707201743921,0.08339232202823553,0.1350820575211238,0.08308316301057593,0.1371268246925922
2017-04-27,-0.046212843155131564,0.08507699807360147,0.14101506594700688,0.08431345054528454,0.13949625039739025,0.08415393511868906,0.13846118680047018,0.08444997034088654,0.13706354102768592,0.08472224507937896,0.14014440782144902
2017-04-28,0.04344403658699848,0.07853896631002455,0.1289549543170232,0.07790926982686064,0.1277053158081516,0.07775697490147596,0.12684121254967046,0.07799482283511089,0.12547473302273418,0.07650629383252112,0.12534306660231137
2017-05-01,-0.06787124038595548,0.08946848625058694,0.14911875245420647,0.08857959313446644,0.14733163938612925,0.0884525494569203,0.14635752194193136,0.08879280797155813,0.1447297503652742,0.08787656313330915,0.14610029113718048
2017-05-02,0.046385126580935125,0.08174406649350534,0.13379029334612727,0.08089267361566659,0.13205527060133557,0.08082515194898861,0.1313337281251197,0.08115245245526215,0.12977156054818934,0.07934904053048776,0.12945186108188178
2017-05-03,0.008462673918733728,0.09167637870894461,0.15293008310258052,0.09069231031997424,0.15089736048404087,0.09063548690256308,0.1500758583531279,0.09105069227894931,0.14817943157384336,0.09053614996481615,0.15050122262800747
2017-05-04,-0.020814374895271878,0.09471222760698401,0.1570438910885752,0.0937681301640239,0.1550816654155908,0.093690210356443,0.15421902594026166,0.09411320739161326,0.15225035563580538,0.09547399967693058,0.15781523566184305
2017-05-05,0.010461341245369331,0.0910768293747404,0.1502663235788165,0.09019208359523274,0.14842025634517358,0.09011432388597823,0.14763878404010172,0.09050304554148685,0.14572624391882305,0.09108010776558055,0.14980831886389492
2017-05-08,-0.07870333382745497,0.09184574099170993,0.15233756292946707,0.09093868867846186,0.15044639090212708,0.09085727688304625,0.14959039203124308,0.0912699219214706,0.1476875404096806,0.09226237011318933,0.15249161674621609
2017-05-09,0.019260605541815655,0.08148995562943025,0.1330108523614376,0.0807959885949694,0.13158056327950324,0.08069339244007573,0.1308085457715768,0.08102764846553033,0.12913503671777501,0.07920362702646411,0.12885901960236348
2017-05-10,0.02479056058006741,0.08290872463393044,0.13762815650921673,0.0821323955295263,0.13600885328663875,0.08205513031477135,0.13536104566857055,0.082382388026983,0.13347633462519537,0.08330237873506173,0.1379060731489544
2017-05-11,0.037486368941447246,0.09020330200862828,0.14983539711709076,0.08941919308315228,0.14819696342636035,0.08933107935847102,0.14755579559459805,0.08965266822193652,0.14545485026861693,0.0902630347059919,0.14955248220614886
2017-05-12,-0.019048194970694363,0.10093706484047071,0.16796301364164193,0.1000730969997563,0.16616276984198766,0.09995818973261777,0.16540560337253915,0.10031667339364113,0.16304307510367275,0.10051968280549355,0.1668403462373077
2017-05-15,0.0019212301778938723,0.09811936214283577,0.1619200805939201,0.0972679812310448,0.1601239191820519,0.09716987798571589,0.15943029656041147,0.09752769673444721,0.15717950585797827,0.09854432865329836,0.16224214612146226
2017-05-16,0.021832855830213316,0.0962133204363505,0.15922992716729412,0.09541857002834814,0.15754456237056177,0.0953199169751338,0.15685244337845916,0.09564997628432913,0.15473234515408454,0.09736088370373606,0.160777136308367
2017-05-17,0.38106979091425097,0.10072695151984769,0.16722144683312087,0.09985394694832411,0.16536908129294306,0.09976884774216495,0.16470117998664982,0.10010362058130243,0.16249343336096483,0.10071416835545904,0.16683209994737047
2017-05-18,-0.06150698661117967,0.2971332777800589,0.5210570292782518,0.29456983521422564,0.5158535866660473,0.29361149826247485,0.5119152069417736,0.2944028092303813,0.5031047572903375,0.2506773773442202,0.43904487405318643
2017-05-19,-0.1968882565778305,0.2721414945874128,0.46662813850277535,0.26914810653318877,0.4610381628794157,0.2688326628501679,0.4592357405142291,0.26987466962030476,0.45069532396686446,0.2795907235279302,0.4787025264540983
2017-05-22,-0.09672313769222769,0.22637356515999682,0.3844972868172027,0.22453290756527702,0.3812970351068148,0.22391607436137348,0.3786758771283194,0.22464174315540655,0.3721960657209546,0.22433745700045002,0.38031343379299665
2017-05-23,-0.019400146545791145,0.19069357743351437,0.3259140629639789,0.18932835939598236,0.32352465531418007,0.1886786670220637,0.32091324258938597,0.18924328843085217,0.31549546213443025,0.19091318730889878,0.3257025200717307
2017-05-24,-0.06752805998593724,0.17148503273376506,0.29461179238961377,0.17001679835835865,0.29176859250237736,0.1695892405796105,0.2901430763320752,0.1702102922050111,0.28517570224137684,0.17473044351385725,0.2993641493129995
2017-05-25,-0.0029985029962565574,0.1528755960743332,0.2614588961546331,0.15159596543010334,0.2591615212376881,0.15103889554715264,0.2570893176599007,0.15153231882612667,0.2525129450754322,0.15217039330996626,0.2594205653440331
2017-05-26,-0.01818231908319036,0.14251138256729873,0.24516189669256147,0.14145362027412156,0.2430863304495147,0.14090211886877932,0.24098025933248723,0.14129266265392637,0.2377778584434338,0.14469916084831919,0.24785675522644915
2017-05-30,0.05647860416047089,0.1338303428136512,0.22979561209026328,0.1328013835254655,0.22773312945873797,0.1323282069320393,0.22591070464245708,0.13271567837548967,0.22294806616896135,0.1344909123755205,0.22992407623061278
2017-05-31,0.0028860048891348514,0.14339580272924451,0.24859101836845704,0.1422168004822033,0.24628119349949773,0.14166648025199863,0.24444330276777396,0.14228265819978536,0.24118192861540713,0.1417087624705557,0.24539855960622986
2017-06-01,-0.05124273699225668,0.14066447552548006,0.24342637782953183,0.13916502235606315,0.24054773887692868,0.1387516321214717,0.23899610692380327,0.13937604415885144,0.23549639951937715,0.14192565140699195,0.24562117797308755
2017-06-02,-0.014256860624864977,0.12878968824149012,0.2210252855266544,0.12752499769562653,0.21848406645689927,0.1272575155333851,0.21719696547839568,0.12783133477473935,0.21413709660144398,0.1270098914701547,0.21762861721619287
2017-06-05,0.03229342172071509,0.12087152449797565,0.20853841627532368,0.11965435863243304,0.2061807405047535,0.11937160783338024,0.20487881725732102,0.1199076148759573,0.2020565454432945,0.1206116004352639,0.2078138942665977
2017-06-06,0.037041271680349076,0.12557433467164625,0.2176031179442569,0.12435898835001233,0.21517283621667743,0.12407020535288144,0.21375823291773727,0.1246299247683695,0.21091558463283167,0.12437574591341552,0.2150492938139826
2017-06-07,-0.005758173299683882,0.13302560753399323,0.23041581222135854,0.1317649251186766,0.22784011160409373,0.13150225322150186,0.22653330079879605,0.1320388599731721,0.22334917471894836,0.13159165577568038,0.22723832698859364
2017-06-08,-0.022385362960800223,0.1293327577437146,0.22288911920279714,0.12790591309402954,0.219986486578768,0.1276795653351091,0.21865347629886936,0.12820827378924327,0.21578084569097453,0.12917476812793088,0.22176632104422336
2017-06-09,0.05178529931752457,0.1194321726941498,0.20400051595236604,0.1176540251361701,0.20064330059034932,0.11743035509920506,0.198994158867316,0.1179765546078184,0.19731487404071169,0.11787772762438112,0.20068270586375495
2017-06-12,0.0686189698187332,0.1301118122347433,0.22413451670614667,0.12818275640568508,0.22050816783602,0.12817980745240956,0.22011658497934342,0.12859579663045884,0.21744124325394767,0.12702489048371743,0.2183134474202831
2017-06-13,-0.09513567496137267,0.1449780711528987,0.2500812919680752,0.14273063985907514,0.24595094605319226,0.14294035795972937,0.24535342110181801,0.14355484176507777,0.24300996918661474,0.14143598006863436,0.24330340924384863
2017-06-14,0.020893447588277606,0.12842361635769417,0.21851940491031727,0.12669011754130255,0.21523145887166042,0.1267464588680768,0.21456544563943605,0.1272686558439548,0.21238732232018087,0.12420025677244853,0.2106970101842415
2017-06-15,0.024142305321599593,0.12751216397388584,0.21928373659642592,0.12563305041050887,0.21566699331655048,0.12561431721134245,0.21502810410017706,0.126030729665319,0.2123122539351808,0.12671049909962653,0.21713625942585169
2017-06-16,-0.04888191149735544,0.13080501517463608,0.22515358255080803,0.12879081340207058,0.22124384921206347,0.12881046196709506,0.22061746257680512,0.12930676683442482,0.217781020162275,0.1294428974342881,0.22194425623788916
2017-06-19,-0.0009638554963067387,0.12055273273564929,0.20592086957676514,0.11876589629394375,0.20244464206354532,0.11879337353447988,0.20188037092247219,0.11925757238927591,0.19933457154230172,0.11790875454259567,0.20063291874840278
2017-06-20,0.046169292264353394,0.11589877299075475,0.19917181969256714,0.11425235036858579,0.1959694182212979,0.11412666253865542,0.1949531046351813,0.11457589606973272,0.19326815188480848,0.11529280014810445,0.19728210765573168
2017-06-21,-0.010180559932117493,0.12558185588787196,0.21694803507066415,0.12372461577250415,0.21333755217313358,0.12358688099653198,0.2122089569769636,0.1240949005879787,0.21038375142378463,0.1224613067723633,0.2106391576729199
2017-06-22,-0.025437075680775693,0.12209353585802385,0.20978374010083553,0.12033194184524863,0.20635600622881967,0.1203164629861541,0.2058879287178102,0.12060781693049245,0.20412088718667779,0.12112591954400725,0.2076371513088761
2017-06-23,-0.04488558323617747,0.11470062968256543,0.19692646699432775,0.11297966993271306,0.19358962759617016,0.11312738715272547,0.19327799323016545,0.11305469117687489,0.19315854180328443,0.11275409259512563,0.19277987931740317
2017-06-26,-0.012048338516174368,0.10504814353722683,0.17986923808618802,0.10351283886411851,0.1768696987684779,0.10366795908378588,0.1765654921503399,0.10356887233207321,0.17658347825628623,0.10219211530735617,0.17418314245410385
2017-06-27,0.11080023895364458,0.09976514115951948,0.17170534469801246,0.09847642977514136,0.1690488085843948,0.09857028248034526,0.1687481246241989,0.09839257562485901,0.16880672549821288,0.09830465095159012,0.16826384774199116
2017-06-28,-0.09775439412034473,0.1319601542292361,0.22986886372715232,0.13017489922164316,0.22604189632554644,0.12998963492749943,0.22453734414292176,0.13078450153906895,0.22064185117382976,0.12512780254621828,0.2170509310226362
2017-06-29,0.13153538397780762,0.11927563021240731,0.20284532495536112,0.11762920072906205,0.1992102437608333,0.11749241126238873,0.1980726667903202,0.1181525647640221,0.19459598550631127,0.1147584487561331,0.19404400022100032
2017-06-30,-0.02298951822469872,0.15042079079857928,0.2623014269057127,0.14818541685799708,0.2572072639540718,0.14804757671040425,0.2558552619967818,0.1490053483819332,0.25010387361309405,0.14501632026431113,0.2513521538126199
2017-07-03,0.0035714323675971795,0.1466732039941809,0.25156100135584997,0.14447532097604432,0.24650128364563575,0.14444070266732956,0.24558857303088377,0.14532011462833105,0.2399450088586703,0.1468373138906779,0.2502893660954076
2017-07-05,-0.0134591533740048,0.140792665664842,0.24191795713779027,0.1386260135198919,0.23714759787547895,0.13864615504442168,0.23637105042325848,0.13947392094803657,0.23134184864936116,0.14121403074605426,0.24140710316631428
2017-07-06,0.12468478848422908,0.13426941668179718,0.23042459239878257,0.1321910619641999,0.22571633780099912,0.13216599681733793,0.22485284527059554,0.13295395617606506,0.22002600217309978,0.13368333824160072,0.22799185569565342
2017-07-07,-0.11390301288094072,0.16433287831695403,0.28562326825919027,0.16167572364313493,0.2795372389990563,0.1614505214585888,0.2780492766674244,0.16229061016293111,0.2714858118811321,0.15876215200253532,0.27376817855344077
2017-07-10,-0.007174918672295205,0.14813970151078718,0.25111172530673775,0.14559502317910483,0.2451899660468774,0.14549177181625705,0.24396157320522616,0.14622185337231067,0.23853449220660874,0.1440253402546185,0.2418202813204833
2017-07-11,-0.020000666706669428,0.1363910611779762,0.23413673215953895,0.13384886655482628,0.22824670666057995,0.1337934613329103,0.22705112878488076,0.1344887489058232,0.2225912150445451,0.13470933111838085,0.22900525839764885
2017-07-12,-0.05570104170927897,0.1290692134369341,0.22103394786453856,0.1267468323932889,0.21566099537451225,0.12666564116564882,0.21450416997587382,0.1273554618331768,0.20966599510846826,0.12704886928047313,0.21547687337778995
2017-07-13,-0.03960913809504583,0.11739043485477438,0.19950114577281952,0.11545637780946544,0.1951379065221119,0.11540695249756963,0.19420363460810852,0.11603021819587254,0.18990749971862309,0.11445464191622642,0.19279552149900137
2017-07-14,-0.04019088058324534,0.10702874577242488,0.18233395203041475,0.10526260128228776,0.17828510490112953,0.10518612934635,0.17735514873682579,0.10576056650327371,0.1732754895804515,0.10440084667890416,0.17621556672581945
2017-07-17,0.0320772458090756,0.09819534727802254,0.16722716849133412,0.09658502836414927,0.16349724979063324,0.09648839059558734,0.1625713183302923,0.09693313365028913,0.15931414260846932,0.09555754219320303,0.1611604985524772
2017-07-18,0.0071030232682461735,0.10340259878708247,0.17817722731461796,0.10172543860119761,0.17433037170117338,0.1016532862003231,0.17342080638913285,0.10224060807013612,0.1694109527038932,0.10128339591829234,0.17291725066541608
2017-07-19,-0.01016268909220192,0.10519119656571478,0.18054129563661547,0.10354459760042564,0.17674727478314792,0.10344852393470096,0.1757620480452663,0.10402880665492735,0.17170177906276807,0.10397056198878638,0.17678961118592046
2017-07-20,-0.021683864559649747,0.10245694972492364,0.1753796735149361,0.10087767568722483,0.17173134423637204,0.10076245172675376,0.17069143223169533,0.1013152258292087,0.16678011070407986,0.1010541086962834,0.17131961640051213
2017-07-21,-0.023232301493268537,0.0974088149423032,0.16643334284213002,0.09599242111648239,0.16313162033183684,0.09584911298080928,0.1620756916967448,0.09632337554327483,0.15880362292215797,0.09559031507918644,0.16172780353757654
2017-07-24,0.007450806155865421,0.092152794743628,0.15750288876028581,0.0906106816174152,0.1539889287665911,0.09049779809283948,0.15304424573451356,0.09108496162657378,0.15012771619503468,0.09020067328555292,0.15317147995876912
2017-07-25,0.0,0.09182849253219055,0.15795136340518806,0.09025440374788683,0.15441305303442512,0.0903015345210856,0.15404368996006912,0.09081480330753712,0.1505865146490175,0.09059796241009216,0.1547272008549801
2017-07-26,0.01786700182842432,0.0913754043087363,0.15700171259384577,0.09020982962647091,0.15426578215442135,0.09013632832475567,0.15352761266908355,0.09064433854077059,0.15000452680420542,0.0905640574907818,0.15454466086595353
2017-07-27,0.05176193455858958,0.0951733282096691,0.16411884216920003,0.09391268568078902,0.16118908182465527,0.09385223481168749,0.16050604557340784,0.09437021154450434,0.15671220970632035,0.09373824338864929,0.16053256657269613
2017-07-28,0.01764751681357814,0.10916573813187899,0.1893030143947087,0.10781320377164932,0.18607530091327612,0.10772768940402021,0.18511838222945973,0.10835000608461776,0.18089347838161177,0.10664445815142694,0.18361258127210284
2017-07-31,-0.0029197101033347503,0.11414962714516114,0.19673082186832083,0.11267901844739027,0.1934051756939814,0.1125877195951354,0.19246247593863097,0.11319290447520286,0.18819582169932356,0.1129989802618301,0.19349721907903572
2017-08-01,-0.016708005377105914,0.11148150389736697,0.19169079457729107,0.11005769977249495,0.18833456043778052,0.10998455098090167,0.187307345244833,0.11058396313583213,0.18343815595706356,0.11086668492386673,0.18925382078420241
2017-08-02,0.018655425661501305,0.10628044922607466,0.182413479151893,0.1048446601376908,0.17903388829818914,0.10481773867333409,0.17813731844873157,0.1053731850636492,0.17452790066677049,0.10502935424895422,0.17880109026293398
2017-08-03,0.015444322427473556,0.10811882505068372,0.18662830137115743,0.10671689735418832,0.18329581129738615,0.10667841404665503,0.18241314340132853,0.10721433392752448,0.17876333141264744,0.10691076528505404,0.18314910999237546
2017-08-04,-0.0400639804806485,0.11085714671490045,0.19129776963465908,0.1092137251476101,0.18763957574686813,0.10919210335530456,0.187296626957247,0.10982995570325116,0.1828223652930076,0.10938976564651005,0.1876343980960795
2017-08-07,-0.010020123916762958,0.10384555280935938,0.17755621783568626,0.10235922549244758,0.17421770584472238,0.1024198421754437,0.17392212586182004,0.10298651153102778,0.16996358029864914,0.10181595655867244,0.17291320475851404
2017-08-08,0.0986918034627883,0.09885895527869305,0.16976264634543756,0.09722605931641651,0.16611173560021938,0.09737276035852173,0.16618099513116633,0.09791882207369508,0.16263984403318557,0.09743713282855644,0.1663008667569654
2017-08-09,0.013593322131669094,0.12712659786528266,0.22135571719430125,0.12504947953769835,0.21668910999032143,0.12512879179330808,0.21637936497804638,0.12588806665083332,0.21067273882433343,0.12257712504550825,0.21229669469391943
2017-08-10,0.3672399987868297,0.13149344178582295,0.22634512833261888,0.12940414860201735,0.2213527317143661,0.1293548769894359,0.22038785143604805,0.13000497791545285,0.2158654864461599,0.13011084780874305,0.221927210292788
2017-08-11,-0.03360062524992095,0.2807724462486201,0.4997536405645387,0.27613031101646457,0.4903729170544141,0.2753831433174652,0.487992734236327,0.27698688536905236,0.4724605869076654,0.2525095738772026,0.44730333166024977
2017-08-14,-0.22944966001219455,0.26613808533596645,0.46275923380072326,0.2615544225326134,0.45363682324244303,0.2615593950125576,0.45297120771598737,0.2627315097473919,0.4386433895342707,0.26947455036728724,0.46699397216125627
2017-08-15,-0.023800877295577998,0.21795097962713583,0.37307244633063535,0.21512405209223734,0.3672139511444749,0.21467238995788215,0.36558820433777856,0.2157823826883182,0.3544076715600194,0.21122514271802495,0.36014260243760243
2017-08-16,-0.025232625480724472,0.1892302127788149,0.32931512978970795,0.18650281877067967,0.3239025591633323,0.18634812799116787,0.32314621959588036,0.1872394454990395,0.3149939464384768,0.1902059220886293,0.330216455889947
2017-08-17,0.2810588242252927,0.17393705315895036,0.30255320103685235,0.17139911339378627,0.297498639753504,0.17116486098402245,0.296605487861181,0.17200205402240992,0.28901569974033875,0.1742507748299645,0.30229474024798697
2017-08-18,-0.08660222363909338,0.25903986483820424,0.4601583392088559,0.2556038553259784,0.4535765850113654,0.2551156047533947,0.45177117624157753,0.2564987217309988,0.4388284290644951,0.23617300870802407,0.4196909398745107
2017-08-21,-0.07799944825692669,0.23886513798511835,0.4136431800219459,0.23569018929409372,0.40752025128039937,0.2354211579494321,0.40657165723018784,0.23651641559872733,0.3953973184193764,0.23729626468330103,0.410622879248986
2017-08-22,-0.1502412228018116,0.20806962935362147,0.36027283196274085,0.20531861570614704,0.3548904818794681,0.2049908310134711,0.3538805997151328,0.205935891255195,0.34395567279084416,0.20489659653829043,0.35424445838153035
2017-08-23,0.07630819306332426,0.17374089380297633,0.2983232147382907,0.17151934275678285,0.2938790724211186,0.1712349329152861,0.2931105469207459,0.17200163373733302,0.28426603744206075,0.165426634625331,0.2832150096985691
2017-08-24,-0.0016339872916550239,0.17777943968875998,0.31251944560292577,0.17532691007494502,0.30753540861093237,0.17509469066234698,0.30698976567523106,0.1758733978845953,0.29717038152024805,0.1745304416120696,0.306241567351284
2017-08-25,-0.08086070362916825,0.17183077291877802,0.29955476922212854,0.16947782872326894,0.2947633797661911,0.16926232157426757,0.2941683357582038,0.16999027014906304,0.28504324261113795,0.1736315375489912,0.30216792536440773
2017-08-28,0.003539826705124208,0.15280837701323502,0.26380245646376743,0.15080950558192008,0.25969845700566063,0.15056489041150387,0.2590072515824893,0.151186989176784,0.2508953086461581,0.14869485955126005,0.25613068207912176
2017-08-29,0.03301776902867357,0.14296187325388346,0.24949851612977303,0.14100368024996526,0.24545726217156333,0.1408289269905282,0.24499736848202447,0.14133160325850336,0.23688130563583765,0.14358445442793016,0.250103334484868
2017-08-30,-0.04189094170916002,0.14622686439366378,0.2564041736076231,0.14377839896356912,0.2514495396223871,0.14366732737452587,0.2511373428844822,0.14405699513112682,0.24360310403046198,0.14380461555858384,0.251597882675141
2017-08-31,-0.057787740481235285,0.13630444708044764,0.23638150437899877,0.13433124411727596,0.2323579969457224,0.13422112147011503,0.23196722724291471,0.13458555989048787,0.22525117679149312,0.13340634636843596,0.23087508291227096
2017-09-01,-0.04440884135272303,0.12206846626923991,0.21104243408314274,0.12018094168813687,0.2072478483532897,0.12004926676422131,0.20678003409597692,0.12039387828354566,0.20086916587774606,0.11745650801211743,0.20262284721685864
2017-09-05,0.18839063143848903,0.10990827998546422,0.19024887768402243,0.10830895276810538,0.18704271633997507,0.10813127515847329,0.18642732727196257,0.10845961893698458,0.18119429672725432,0.10578931518076815,0.18277879151861243
2017-09-06,-0.05030398316850789,0.17135661963387125,0.3056821865327838,0.16845224297922293,0.3000793971867049,0.16799322966411664,0.2990659628810601,0.16827918630028216,0.29152235619661765,0.15425513304743907,0.2756500566518893
2017-09-07,-0.006902529562770463,0.16542236952670294,0.2874538089918949,0.1625331055459338,0.282010219841345,0.16205940941340408,0.2808342793015031,0.16274341964285974,0.27491122216880176,0.1648348196311299,0.2865050694738549
2017-09-08,0.048171543673365756,0.1542060108527949,0.2695427560138432,0.15123907838527564,0.26412739966764365,0.151115993962877,0.2641942604122919,0.15176748547788071,0.25786932447730837,0.15530334616791108,0.27209109284217897
2017-09-11,-0.1218134239985612,0.15930661397023096,0.2806182836490861,0.15605189026357041,0.27483801615943654,0.15630799668987347,0.27581870876950787,0.15685280146474143,0.2685087913566514,0.15726591468388368,0.2775757819914354
2017-09-12,-0.014078130212453846,0.14095621616715506,0.24227126615169528,0.13883267680454936,0.23817808216045053,0.13852784058924683,0.2378643793673952,0.13889622450480107,0.23178444759970065,0.13490107819098018,0.2317306221250093
2017-09-13,-0.0075901692666755964,0.12774151009415738,0.22309796369697435,0.125607029889086,0.2190544592679865,0.12537465691221733,0.21879699207203288,0.12583599229793804,0.21321502232090378,0.12669478676684476,0.22139212363388774
2017-09-14,-0.005730674708985095,0.12223048286661294,0.21373574178237448,0.12008155797791979,0.2097374293180064,0.12002609449758413,0.21003021275736242,0.12044915693887152,0.20423620783745317,0.12181804240995704,0.21324048934031076
2017-09-15,-0.026202372394024072,0.11777266604991272,0.2060626949509306,0.11560665001140254,0.20211137053243036,0.1157033704489473,0.2025094711807921,0.11609394048969872,0.1970423645372541,0.11723387713852697,0.20531720875223466
2017-09-18,-0.001968504572672198,0.11154831483487693,0.194543123276021,0.10986584028577191,0.19128465299208944,0.1098137059631899,0.19140997631538853,0.11022324129690965,0.18621271475754728,0.10963433071701044,0.19111588451248684
2017-09-19,0.0029513056345803197,0.10808767096343073,0.1893156537489943,0.10639478655879522,0.18601354972142192,0.10634240949625634,0.18614018026164916,0.10676228872696955,0.18127653027229282,0.10738828350258109,0.18805886506068192
2017-09-20,-0.040085527075650794,0.10634832390015231,0.1865024623144761,0.10474231370666567,0.18340870191932962,0.10469032810598149,0.18349037824974132,0.10508049761036825,0.1784750639514752,0.10567707244508923,0.18528155489758052
2017-09-21,-0.011311174581522906,0.09982927420345847,0.17350034029283504,0.09838232293396335,0.1707006188152961,0.09831053407971412,0.17074851521450962,0.09869312214477467,0.1662286838609869,0.0967392490589065,0.16801495531103147
2017-09-22,-0.008307420569856117,0.09519552151714686,0.16643153930640078,0.09382866295562575,0.16377811314034219,0.09375672051448164,0.16385408960982722,0.09413759283444482,0.15957606510974495,0.09356424066511293,0.16351328141995836
2017-09-25,0.06264674328122748,0.0918473442895206,0.1607201182853313,0.09047222770078805,0.15808471770047217,0.09047415087375862,0.15815054225977762,0.09082498681553997,0.1540720814035707,0.09056801871587761,0.15841303458266473
2017-09-26,-0.003925422116105647,0.1097765067032252,0.1949230707236864,0.10802769514512062,0.19173745643180726,0.10787945394296704,0.19149675693572724,0.10829028713814337,0.1886988637062473,0.10535900818576707,0.18791936126341025
2017-09-27,-0.029942356615078453,0.11035702473600993,0.1938597174051835,0.10869869336262258,0.19085108848454568,0.10858697017632554,0.19087289002773228,0.10893546016335381,0.18792008673110305,0.10962022985657915,0.1933097657711736
2017-09-28,-0.032958698952751185,0.10382747411674093,0.18131687749516853,0.10221874750649597,0.17838260509679027,0.10208673025702664,0.17822395582757494,0.1024487501192027,0.17550263527701493,0.10158726131737104,0.17794783347749474
2017-09-29,-0.004197277935340036,0.0957484776226075,0.16695415448457424,0.09431334512407746,0.16430641592940876,0.09428566112091509,0.16430164742568898,0.09463104793782119,0.16162857790500293,0.09326689190715655,0.1629446842501814
2017-10-02,-0.006329135051647624,0.09184096056295915,0.16116661757207834,0.09032626516252897,0.15840118467704647,0.09042675340665524,0.15875844286387988,0.09072384353473036,0.1557414788929998,0.0910137376551257,0.1600303692492609
2017-10-03,0.00632913505164753,0.08967085055603954,0.15732026808900756,0.08820766941065315,0.154652158718055,0.0883437218795851,0.15504746995257043,0.08861854179657447,0.1521826914726011,0.08870239704093719,0.15587454332970585
2017-10-04,0.012539349252735392,0.09114681667562737,0.16069318522500706,0.08995247552080407,0.15837723913414636,0.08975421267876581,0.15803627198932677,0.09006958098421503,0.15551104658169623,0.09003256192999837,0.15934038545931759
2017-10-05,-0.046767289442438666,0.09346756281222039,0.1652063689451066,0.0921076608497909,0.1626310510265958,0.09214183066536646,0.16325816781734345,0.09242992243975047,0.15941140218402464,0.0917657112899875,0.1626440945563813
2017-10-06,0.04884197898329905,0.08705729991788515,0.1517313175471946,0.08590903672355145,0.1495408666872967,0.08591878091363006,0.15019632175915906,0.08619706681082047,0.14628866118811146,0.08344886270234475,0.1455237496031348
2017-10-09,0.06809436778065256,0.09562115622052056,0.17094205840474902,0.09425521223409034,0.16837130319709506,0.09442757188400464,0.1696202274018194,0.09464924178845253,0.16513593706358012,0.09228214187467769,0.16511743793507672
2017-10-10,-0.024499020488324568,0.1168055304103531,0.20856321019250804,0.11488937506528644,0.20512617006245087,0.11500047865013474,0.20620721445912107,0.11537032321371728,0.20128546833810723,0.11274630708936924,0.20175992460938993
2017-10-11,-0.023081807459225074,0.11537221931022959,0.2020952876774537,0.11356864597796065,0.198852795621612,0.11369305656857655,0.1999095108784259,0.11403258607494376,0.19531262198945198,0.11522202664193236,0.20226273331845238
2017-10-12,0.006072893157899083,0.10869351263186182,0.19037348507908625,0.10700305540799296,0.1873369200867153,0.10713357832457965,0.18838334823022929,0.10744241274460782,0.1840577951852092,0.1080546301717977,0.18967694923973086
2017-10-13,-0.030740125359695558,0.10599648531962552,0.1869251471634459,0.1043116544226593,0.18391000205233518,0.10448036133271721,0.18500289422429173,0.1048020990352821,0.18066147574781255,0.1063141491145324,0.18789235432434875
2017-10-16,0.030740125359695534,0.10096196198713407,0.1765186456513088,0.09938608986089534,0.17370633182849932,0.09957060833198007,0.1747726542018102,0.09988014991874214,0.170690117077593,0.09956636411352886,0.17443700885329647
2017-10-17,0.039569949686972014,0.10486425439972884,0.18598716493356082,0.10317086419230374,0.18296678913443715,0.10339311656498401,0.18418357437052169,0.10369961605944247,0.1798404317697655,0.10345426233339804,0.18394912032548816
2017-10-18,-0.02355359129839762,0.11496557497678657,0.20412115218486732,0.11310845141679508,0.20081739160943,0.11335925527482933,0.20218274342959197,0.11368649172284379,0.19742630092585017,0.11292194113818312,0.20102592579004416
2017-10-19,-0.00198807222538608,0.1119531159236808,0.19612296941248558,0.11018122815097647,0.192972245854875,0.11044077855144643,0.19429292667620401,0.11073981595389308,0.18981503746279624,0.11129709512987786,0.19548755364083195
2017-10-20,-0.007992050531337804,0.1073590431004787,0.18901448567170864,0.10561939236394512,0.18592640951609707,0.1058879968248538,0.1872092042829157,0.10619117457339926,0.1828144919592154,0.10754324637446624,0.18981854117294664
2017-10-23,0.10465816274679843,0.10356046261176473,0.18214935250245953,0.10180565160418703,0.17905744294814493,0.10208243364858634,0.18030896099907903,0.10240635895480875,0.1759751486977198,0.10309262136413525,0.18172321950995698
2017-10-24,0.008097210232619303,0.13179644443451638,0.23601582166556864,0.12923757665340957,0.23150525705486213,0.12957172072515422,0.23279064420910112,0.13000167398663562,0.2274838238096908,0.12306811235347746,0.22123793249629783
2017-10-25,0.006252811797186854,0.13594437420743483,0.23917622428837443,0.1334066829469852,0.23468205393243408,0.13375472727521676,0.23594381344269683,0.13416325081396022,0.2308920506900332,0.13606479879282166,0.2399980763904132
2017-10-26,0.0062139569679430726,0.13231924991195226,0.23290568078434984,0.12977406044961162,0.228484925934117,0.1300667150787075,0.22948596552956183,0.1305166678018933,0.22481043841883433,0.13237003576748888,0.233533375749248
2017-10-27,-0.14242034004176862,0.12969255681097752,0.2285578579687897,0.12764053408270434,0.22489780151516658,0.1278075784435889,0.226069988915597,0.12828529132373845,0.22086855072648717,0.12950471109349554,0.22870586497583414
2017-10-30,0.06899287148695142,0.11222794419392736,0.1920322574329497,0.11048746612909312,0.1889263622391358,0.11063470040762484,0.18975996116324573,0.11101392669558695,0.18571863744045497,0.10401762007769921,0.1779896079981195
2017-10-31,-0.030950246041101075,0.11815176393561484,0.21093047059154987,0.11612686313551332,0.20741099938076235,0.11639639447720924,0.2088123418767314,0.11676826957516451,0.2032542415157207,0.115236061802377,0.20644998928744066
2017-11-01,0.001962709167848689,0.11605553599512383,0.20290241208083362,0.11417296580041011,0.1996113630562369,0.11441513924037633,0.20092085290914674,0.11478909523404005,0.19575742308069483,0.11638001943318016,0.20410284891231698
2017-11-02,-0.026827242233144075,0.11110427771236264,0.19569755081346188,0.10923007952887595,0.19246513773548748,0.1095179756035306,0.19381268861967674,0.10982570071127108,0.18877576833901039,0.11287312887982273,0.19945045217671023
2017-11-03,-0.0829000925910225,0.10571080217156709,0.18502580173698305,0.1038957184290341,0.1819416088507826,0.10421826016871698,0.18326854262340145,0.10455105103576465,0.17882661993496282,0.10521242447601223,0.18475329148369268
2017-11-06,0.028049303809899586,0.09429586670104122,0.1625446462357546,0.09271602848341004,0.15990997879455812,0.09300247590423866,0.1610582598718753,0.09334372717938733,0.15739535327293888,0.09020073805887442,0.15585862892340738
2017-11-07,0.050814456358662635,0.09430544023505467,0.16747633195257566,0.09280885545627356,0.16491442091666209,0.09308718726823885,0.16610360175773028,0.09351251222222177,0.1621819414971025,0.09421445686327544,0.16777344897247315
2017-11-08,-0.011184661587894931,0.1084062049700955,0.19323219662110855,0.10669820779938492,0.19033892892974788,0.10701172778842148,0.19170717631645792,0.1075026920758625,0.18727341749141604,0.10626469059068036,0.19003813453746368
2017-11-09,0.07103577311675174,0.10794553669583197,0.18977919631903492,0.1063055232375209,0.18697597138738473,0.10659465486635185,0.18824929812256186,0.10707338634471872,0.18397362265889933,0.10936844989754427,0.19281405861079068
2017-11-10,0.07254212099809283,0.12340098257249972,0.22051178105175068,0.121146891676026,0.21684114768547322,0.12167517392122011,0.2186900896592516,0.1222287541696765,0.21351130583646202,0.11943082709483113,0.2144123747415992
2017-11-13,0.018429657207633815,0.14311265967755749,0.2552074087975711,0.14036118673552245,0.2509548370128667,0.14113440627296409,0.2533854375884585,0.1417189656072096,0.24731040995416784,0.1400648843768545,0.2511129788079173
2017-11-14,0.00779562198245587,0.1465087923782723,0.2587841916460393,0.1438067924266355,0.25458489472144114,0.14458199558049442,0.2571021588876873,0.14517265795819637,0.2510055272541703,0.14842861977717678,0.263478915350175
2017-11-15,0.12475703096304455,0.1431644881618793,0.25247361356591547,0.14050525966961114,0.24835173357491885,0.14126377915680044,0.2507558211530823,0.14184992373222077,0.24481263300050105,0.1452773288819892,0.25744336805458956
2017-11-16,-0.11019574584422404,0.17227166825869183,0.3078347699026376,0.16871740480021305,0.30228414873100123,0.16966402248205031,0.30503528699893157,0.1702689819266738,0.29683494972549335,0.16360646956026847,0.294394126261465
2017-11-17,-0.028462464663761636,0.16020681305338016,0.2764537146868655,0.15726318385376462,0.27177965890578604,0.158029797100794,0.2742770857676333,0.1585936576017224,0.2668772605200312,0.15498608789175783,0.2688141702341856
2017-11-20,-0.07068158565128507,0.14331549921733722,0.25023056796749327,0.14060990414805288,0.24591657144913207,0.14130846986505077,0.24826387929605415,0.14185130969138432,0.24148812374499534,0.14189046147799536,0.2492261411045461
2017-11-21,-0.09034599595752038,0.1288579373034779,0.22297394374377927,0.12649214604006728,0.21919374403647493,0.12708699259937956,0.22125600891630534,0.12757214205176834,0.2152623352234063,0.1245892893281164,0.21680166882229443
2017-11-22,0.015298615561862721,0.11121148877344643,0.19123504880590236,0.10921917052179678,0.1880546803113353,0.10970920225787856,0.18972262684368002,0.11012634375211648,0.1847199177446712,0.10513959961718948,0.181636367402347
2017-11-24,-0.02148420229457361,0.10636954994733623,0.18722884204214987,0.10437291887479704,0.18403665818217158,0.10485262378408804,0.1857154948061701,0.10528000027532954,0.18065344301649208,0.1059917788957691,0.18772998850350267
2017-11-27,0.020471543980187284,0.10269772656690247,0.17928797220039314,0.1008762046152521,0.17639694721857407,0.10128966402011227,0.17783754825843381,0.10165218462019389,0.17297762056918856,0.1014360135813373,0.17815617594414818
2017-11-28,0.016080748528453877,0.10431343627284752,0.18398838542935814,0.1024322541759284,0.18103401836896643,0.10285355154393011,0.1825248186415857,0.10317029178217359,0.17722574432002638,0.10300270121888933,0.18286903072016866
2017-11-29,0.06466313949401627,0.10784591189009221,0.1899694597897504,0.10596148471474445,0.186997382005475,0.1063645078291275,0.18845615131941276,0.1067173657483136,0.183146560395126,0.10672228138068615,0.18916748052650648
2017-11-30,0.05278750460205233,0.12391119971620448,0.22063646499526005,0.12166233317467785,0.21724853737436978,0.12232057763502503,0.21954201325222528,0.1227161602737759,0.21504766377470394,0.11890615615753636,0.21324070643000986
2017-12-01,0.013210231736806482,0.13802363920041938,0.2449020548334283,0.1355073265900289,0.24111131819716608,0.1362650928948565,0.2437152085645055,0.13669053660406916,0.23870377975157372,0.1351146863396228,0.24139651515233576
2017-12-04,0.021636499593361624,0.13952095784666713,0.2458422372288661,0.13702684208145322,0.24208274328773713,0.13777258625722685,0.24463749587108663,0.13820958996461108,0.23958800587767035,0.14025169683368227,0.2487626743228563
2017-12-05,-0.030423902360165976,0.14010390931913683,0.24727272317484747,0.13760810512713226,0.24351589861399917,0.13836020711521976,0.2460763578900857,0.13881271365065717,0.24090273749483548,0.1399095306586865,0.24852024921987756
2017-12-06,-0.027742271315146526,0.13257806655151638,0.2318213008936525,0.1303286157595087,0.22843625357222863,0.13099919607209565,0.23074496890180624,0.13142420536224553,0.22585888930064385,0.13143666908010931,0.23115270926598
2017-12-07,-0.08125336157443255,0.12267686382291484,0.21461382145398364,0.12056570067664868,0.21146202190130248,0.12115934684807261,0.21348804615687966,0.12156731339700276,0.2086312723922407,0.12102238221288869,0.2129155599071958
2017-12-08,-0.058780850167566664,0.10925203920812143,0.18877229927905564,0.10739653144340737,0.1860027852748484,0.10795624572250219,0.18788218282311442,0.10828266538318095,0.18366829518354374,0.10427072558311375,0.18105004990340645
2017-12-11,-0.025371339742017947,0.09574185935268564,0.16604702992894296,0.09405792336271844,0.1635558176099648,0.0945450034800795,0.16510018448129724,0.09482441851040566,0.16134463349578543,0.09147225822753509,0.15942926169494318
2017-12-12,0.0602466690560302,0.08808813678359989,0.15400878578897026,0.08651875757613832,0.15173420263277335,0.0869207020820987,0.15295323389452328,0.08697757554370186,0.1509782559992361,0.0857127595544402,0.15063927801200744
2017-12-13,0.025872089825595183,0.10218736398533335,0.18223131492122951,0.10017675422628328,0.17948242972689005,0.10075107931875583,0.18127402035591725,0.10057328264629017,0.1807138581218856,0.097683499819046,0.17563917671649026
2017-12-14,0.029997411285829084,0.11065859311225928,0.19576873762069394,0.10848706257058559,0.19285566315215125,0.10911317719855944,0.19473590881969874,0.10902269874831445,0.19416652882249752,0.10957181660872699,0.19538125619747618
2017-12-15,-0.10758733381993411,0.117108174216425,0.2073208982639282,0.11479885866153779,0.20425249488357233,0.11556117392924978,0.20655102313461657,0.11541028688226565,0.20561028946932502,0.11602910420177533,0.20701367785483116
2017-12-18,0.011609629077838942,0.10536682539717045,0.18111201827166618,0.10346030026973534,0.1784748170589181,0.10414500291255228,0.1804179093690794,0.10399352354155374,0.17987717966015862,0.10041009751845387,0.17347990376803943
2017-12-19,0.05113588430773334,0.09892966377509299,0.17473252384994176,0.09706007197038735,0.17213175844404752,0.0977095078908038,0.1740042192714516,0.09756582581996126,0.17347137758929715,0.09966882520492815,0.17717205603896194
2017-12-20,-0.031394983501496276,0.11169626249969462,0.1988940314636681,0.1095385073447809,0.1958860724539766,0.11030468362199773,0.1981115905740554,0.11011997247050416,0.19755877364583788,0.10882402877186916,0.19513596339764278
2017-12-21,-0.010341353794732706,0.10856028412450215,0.18984192038631753,0.10669359203287165,0.18721573842250058,0.10724493802738298,0.18901925170735068,0.10709650101186231,0.1883596677044905,0.1075721984161438,0.18926573177750164
2017-12-22,0.02869049246292923,0.10306140302360517,0.1810346331928759,0.10126369708646077,0.17848811917415705,0.10176921074869155,0.18015100069985482,0.10161849236571671,0.17950232363796423,0.10289716781649887,0.18182604599371877
2017-12-26,0.03474294844387284,0.10740247860871568,0.19034212224766045,0.10545238404176108,0.1875826877641626,0.1060003542982414,0.18930960121264057,0.10561118460708242,0.1903227614060078,0.10588243418277918,0.18877494796558264
2017-12-27,0.02123631929802832,0.11557917380900512,0.2050187945041953,0.11346905563865464,0.20204391534230226,0.11405561830449047,0.20388274799437756,0.1137456958758766,0.20501929969751576,0.11373358419379784,0.20330970122466951
2017-12-28,-0.028089013760068934,0.11969737974179859,0.2117626108058814,0.11749583520299792,0.20868147617785987,0.11826548568502032,0.21095728654129112,0.11789724226918058,0.2117504002821166,0.119289359280878,0.2129235994061961
2017-12-29,0.08110002972657243,0.11411020960889064,0.19993080703014307,0.11217402095436009,0.19711980909794835,0.11284138483008327,0.1991321461748285,0.11250969924781615,0.19985706297260422,0.11324721164601458,0.19997554446795412
2018-01-02,-0.1222085747942579,0.1316440190235178,0.23519603939923703,0.12922904058744794,0.23179200454974258,0.12992644971368375,0.23412116484661957,0.1295530545059993,0.235044269556802,0.12630716580293436,0.22804881373406233
2018-01-03,-0.06556258676726137,0.11944148159395743,0.20517802131671542,0.11739276258304931,0.20221737741422088,0.118011322323443,0.20423250643308866,0.11771519520474913,0.2049736404702603,0.11310885010064198,0.19584037784263433
2018-01-04,0.007621158281072566,0.10205577833524812,0.1768920388468471,0.10032973706185111,0.17438434306111525,0.10084413527123998,0.17620913732489857,0.10055836521348738,0.17675198644758527,0.09773107245093071,0.17100275285245786
2018-01-05,0.0,0.0979580960596968,0.17245879685242863,0.0962531311316344,0.1699566125527557,0.09673836148073599,0.17174592115354806,0.09647136290458751,0.1722257377963086,0.09811648568953663,0.17445831835369346
2018-01-08,0.03201981123477136,0.09683320625566683,0.17006662783873153,0.09514379610757097,0.1675566695047706,0.09562472567807001,0.1693352970769999,0.09539318544602246,0.16969684293539725,0.09705357900677454,0.17206699299429443
2018-01-09,0.05715841383994862,0.10363977936732009,0.18326091411673087,0.10179762985404431,0.18052081789045413,0.10233038770318455,0.1824694917079251,0.10208684968079514,0.18282348967964407,0.10129224653945228,0.18081682142889
2018-01-10,-0.026132140276848057,0.118748061685613,0.21068686929369235,0.1167519034745879,0.20773623532222846,0.11741036502980574,0.2099697878749288,0.11717197672685174,0.21037555915649747,0.11488308374641636,0.2058517856581953
2018-01-11,0.006091389393401913,0.11541944212574448,0.20174280702278385,0.11352309017294226,0.1989567988333346,0.11411421315714688,0.20105214398555302,0.11384198052875538,0.2015717674377581,0.11470162200153294,0.20228764865691454
2018-01-12,0.027945930390559322,0.11197734962475439,0.1964786241462951,0.11013513936093389,0.19350639571102055,0.11046093810456976,0.19512925408927395,0.11049699362592845,0.19418041043390674,0.11205732837007633,0.1977688881889402
2018-01-16,0.13770573877201045,0.11627602044613354,0.2049676491958506,0.11424517841372442,0.20175426026509324,0.11458288827629723,0.2033296473230595,0.11438993259270219,0.20398939145113168,0.11445889656156824,0.2033869580385617
2018-01-17,0.021214202444862402,0.15642215649960067,0.279109996531038,0.1538832104380433,0.27515726942689694,0.15444268429923289,0.2780286670536004,0.15453411208991066,0.2759701012373654,0.14559960187828205,0.2627708109820951
2018-01-18,0.025695570376240602,0.1624106226510208,0.28541002208387034,0.16000227685224455,0.28149714039160484,0.1605766725430713,0.2844316923246617,0.1606731942308763,0.282539272436948,0.16412026180744863,0.2910581188776666
2018-01-19,-0.08092962569176444,0.16132718335544782,0.2837142437697058,0.1589144660445839,0.27979805163045557,0.15949409987393554,0.2826870958246652,0.15961250891830606,0.2806173623087739,0.16258275869066557,0.28840133203637924
2018-01-22,-0.021525494786273903,0.14624026588220954,0.25330524469138177,0.144113248507996,0.2498868463999664,0.14463341967306576,0.2523384535672732,0.144772944113836,0.2508786457082234,0.14341008840817307,0.2504503261288145
2018-01-23,0.0063262750528773806,0.1309698248323174,0.2306064668660628,0.12901703672419393,0.2280005529261738,0.1298439160475426,0.2300148449255394,0.1296387754101528,0.2322532365165168,0.13094988478332487,0.23177597803681735
2018-01-24,0.03278982282299097,0.12722436118386463,0.22450185759790867,0.12518594155874396,0.22160286849141897,0.12604577069894446,0.22422341377495314,0.12576738919582045,0.22524462608499568,0.1280784349989318,0.2277287984237042
2018-01-25,0.009544541003569872,0.13051961513223012,0.23152348994522134,0.1283981068266355,0.22860651639039348,0.12933808085432774,0.23115209740915726,0.12909414715479842,0.23254580459460367,0.12906589545969743,0.23053974731262009
2018-01-26,-0.04413779082571144,0.13066936264517967,0.2304963915953243,0.1286483573305579,0.2275411898210273,0.12944735433670462,0.23022659008984048,0.12915722042378308,0.23096592258814042,0.13080484233520717,0.23268251475948712
2018-01-29,0.22242126887038574,0.12180709028788052,0.21268631877814972,0.11988112628393634,0.209775097786985,0.1205760241953592,0.21212974659640127,0.1202666339994292,0.21312177849367836,0.11923500431278473,0.20992901387625132
2018-01-30,0.06638832653318481,0.1898205334606118,0.34274135589989513,0.18674409285731403,0.3382220520634459,0.18742857240341684,0.34121934921815317,0.18770132234536735,0.34045429326000415,0.17040127590355925,0.31159454137357345
2018-01-31,-0.08830300923857955,0.20755750262771822,0.3678525462284494,0.20430745631514813,0.3630409258281343,0.2050243967819743,0.3661475625981,0.2053324268780482,0.36497765464164655,0.21085091748463244,0.3770935487911885
2018-02-01,-0.0051832770618562354,0.1883573894280106,0.3281608376287932,0.18551455463860297,0.32392035794032137,0.18608093775046886,0.3264293468278872,0.18638509883685342,0.3253887285728635,0.1904656288551483,0.33487544577224715
2018-02-02,0.25081937876584515,0.17186635224384791,0.30229437166434203,0.169179659968188,0.298292193030608,0.16972789591225695,0.3006151021636578,0.17001633528832547,0.29957110657201186,0.177022197948053,0.3141321310521866
2018-02-05,0.7682450067910253,0.23989860254828257,0.4311044585735307,0.23589286278949675,0.4251863918146761,0.23686634405909682,0.42930885304464217,0.23830791571480098,0.4191953612806195,0.22032321344019054,0.3989018328746293
2018-02-06,-0.2189988833046914,0.573820363844943,1.0544601465755183,0.5640702345817473,1.0422210960151632,0.5656775841338849,1.0479743079466595,0.5678606330425748,1.0302718595269398,0.5200267655354972,0.9670496250496795
2018-02-07,-0.07801563304676497,0.5082919535613186,0.9029684100600428,0.5019243262550526,0.8955521308540466,0.5035649085512892,0.9030478435164255,0.5053052721907937,0.8878802858375178,0.5476460041300725,0.9846723518381981
2018-02-08,0.18783583593099118,0.4261969714212777,0.7612582283950781,0.4193915105947537,0.7528671152147537,0.4209106113255674,0.7590368756568298,0.4224928729590922,0.746296786878953,0.4547735915947545,0.822102485230451
2018-02-09,-0.14098803741654117,0.4203445329132493,0.7609591477319695,0.41345494614355777,0.7524257297333671,0.4149991607292191,0.758663678450522,0.41661486710448736,0.7453188503985718,0.435585832287778,0.7975119344925448
2018-02-12,-0.1263797579307029,0.36745208287027054,0.6534577177520413,0.36165612919941426,0.6462738381399911,0.36302903756825317,0.6515871404507848,0.3644135161385698,0.639602992248476,0.379473842407597,0.6826747476604074
2018-02-13,-0.025307795919752074,0.30913439027308093,0.5495951464608989,0.30410233779202167,0.5433894632765437,0.3054041853420053,0.5477747976521694,0.30658883874180926,0.537440274505943,0.3164654442698268,0.5691176220353857
2018-02-14,-0.2596446979217022,0.27019714308846987,0.4835463013750199,0.26568241547275057,0.4780201127969126,0.2670895954759864,0.4824547636243001,0.2680976054221481,0.47356105249701164,0.2780553266742403,0.5035173402345269
2018-02-15,-0.0067726229178180835,0.22545962471612832,0.39438030120260836,0.2219047473379789,0.38993354941066616,0.2225450993083992,0.39252561526447893,0.22336636081361164,0.3859650394566659,0.22209174624912975,0.3927479240033054
2018-02-16,0.017103293305697584,0.19261556228081533,0.34504475725440187,0.18968507858841677,0.34144894323574937,0.1902665413657779,0.34370979005381774,0.1909807476752601,0.33733595466316557,0.19795047172732866,0.3588432853075096
2018-02-20,0.056929999037676315,0.18156665337149852,0.3264910785290302,0.17892064853597578,0.323214424144484,0.17961947621674385,0.3257612042146533,0.17961190369847135,0.32569025986140254,0.18558797525606124,0.3376872315727582
2018-02-21,-0.028559301908460927,0.1859177461590064,0.336067978771712,0.18314547523200442,0.3327234890854298,0.18413695459253612,0.3360117972939466,0.1840579783613012,0.3352273436166363,0.18645441494958792,0.3407835194748606
2018-02-22,-0.06713930283762856,0.17179185931096608,0.30791822924236933,0.1692479832930113,0.3048976871950185,0.17036516082887299,0.30789453986274096,0.1702760147432256,0.3075978755576916,0.17335353533145878,0.3144774285171442
2018-02-23,-0.1268383344779385,0.15280004551439608,0.2723192217835146,0.1506113994440308,0.2697246513553742,0.15157418633273625,0.2723154917159689,0.15148659667041467,0.27219362842288003,0.15181409641772442,0.27377490438529223
2018-02-26,-0.04274419653858626,0.13186453542746912,0.2325070667921037,0.1299177808501118,0.23014944317266756,0.13058567332842685,0.2324235116958076,0.13052376749924693,0.23151590846103043,0.12759487065256536,0.22768841923635563
2018-02-27,0.16261386170043138,0.11544078138390292,0.20598749219130189,0.11367720494885455,0.20388885084572336,0.1143058435798541,0.20581114547359788,0.11425800441940752,0.20512028999790147,0.1141317785303282,0.20631401462483331
2018-02-28,0.06558020539984692,0.16899406185446422,0.3087050013037132,0.16648517251046516,0.3056057066794662,0.16667379999989726,0.30729211149920116,0.1675160245432663,0.3028661284326961,0.15970064379897336,0.2953876455231964
2018-03-01,0.12397707906403822,0.18585715464227345,0.33563396203854096,0.18269635827362843,0.3317860628925465,0.18314517658020207,0.3334998793232466,0.1840482896510569,0.3290264822061828,0.18601915825976184,0.3398062340212508
2018-03-02,-0.1371618542407884,0.21333992403268418,0.38649989627082776,0.20984408523964382,0.3824865819922271,0.21003765013397324,0.38420705199084404,0.21105934789547023,0.37935309427861524,0.21030177997487495,0.3858802391399302
2018-03-05,-0.04489271550045216,0.1898689513237051,0.33634038668115873,0.18728853027083509,0.3334408861215625,0.18770003979521635,0.33550690475655187,0.18805666233386265,0.3357736798971509,0.1873770779522378,0.3353479835130846
2018-03-06,-0.019952131263652837,0.16739192557082852,0.2992301096892414,0.16480155271115482,0.2962283617933009,0.16501037254794004,0.29765926441712903,0.16548132866771564,0.2982576337105955,0.16731771646488544,0.3026797742455376
2018-03-07,-0.03322564762832028,0.15499170680822796,0.2777997776635889,0.15254162646986444,0.2749661406204458,0.15292671169756114,0.2769624170299292,0.1532571346572796,0.2767282136294562,0.155695915233477,0.28274646572508205
2018-03-08,-0.07116704796847889,0.14286284377271016,0.25541771741857827,0.14059725789892089,0.25278600620108527,0.14090116514461454,0.25430080731444893,0.14123154163304819,0.2547752304836617,0.142306168464431,0.25746990437814177
2018-03-09,-0.12202418106237968,0.12788046951893065,0.2273314611524649,0.12581451727524318,0.22495864344446723,0.1262082589857135,0.2267604711206956,0.12641917190219443,0.22649150391358128,0.1251861155375863,0.22543543826916845
2018-03-12,0.0749858068845626,0.10855080767462386,0.1910672828948395,0.10700386117073087,0.18928261420629575,0.10702508521278781,0.1899844902090971,0.10739014402049428,0.19035558719704304,0.10319241589695247,0.18346035234622382
2018-03-13,0.03548458192553425,0.12157634426130322,0.2208795218837741,0.11908007487722168,0.2180785470645041,0.11956937772884514,0.2197543693327946,0.1200227674317997,0.21979967579699103,0.11871496876077947,0.21848525887061027
2018-03-14,0.052424153196575785,0.13082809647211582,0.23620155989232508,0.12868009270818634,0.23388100008205814,0.12876324554200655,0.23492581888169015,0.12923940781992937,0.23488931696318263,0.13063419318637037,0.23890233345522374
2018-03-15,-0.03785194633748519,0.14147591086218494,0.2562384876708047,0.13959717226667556,0.2542336291850606,0.1397204716733805,0.25515738413094957,0.1403166474340466,0.2559043905504407,0.14099321094286069,0.258351168014628
2018-03-16,-0.048790164169431945,0.13391184337720832,0.23967350701303677,0.13200828248782034,0.23754352722047528,0.13213165540948654,0.2384650928801065,0.1326469025504815,0.23895721952508178,0.13396518483630748,0.24256915079817407
2018-03-19,0.1854811170843231,0.12209251218465106,0.21789844109158765,0.12016213437218118,0.2156975814571305,0.12029106464884301,0.21662962951118367,0.12071850003803787,0.21684007633911015,0.12097804265443632,0.21851262134367144
2018-03-20,-0.044069463034494646,0.17659354739513927,0.32324122811736095,0.17314970471515498,0.3193356113553586,0.1738085581534518,0.32155010973290465,0.17477866737944026,0.3187468586408466,0.16576739317381864,0.3075588176037169
2018-03-21,-0.018858018634396723,0.17042056434870306,0.30471948576969077,0.16709125792416205,0.3009647404940428,0.16789681300788817,0.3033049368546993,0.16875819094654002,0.30008970642273874,0.17142441303396258,0.3101110226254318
2018-03-22,0.26760505141005686,0.1578715101482237,0.2830629362219221,0.15466888797513587,0.2794794504987571,0.15547198339241505,0.28165738779602284,0.1562864571591447,0.27850186671166066,0.15894725132820584,0.2884093563844313
2018-03-23,0.06349363095690341,0.23814129560846994,0.4371860024892952,0.2324752751305049,0.4312673985160116,0.23455027638392578,0.4354586222798835,0.23584127313936573,0.4298654418921211,0.21710671895638836,0.40475347846587545
2018-03-26,-0.16771226810070491,0.25056279832881145,0.4523176544974073,0.24459310601131687,0.4460856096962285,0.24689631086405925,0.4506264384854124,0.2482317245039837,0.4455349548479963,0.2528544484027482,0.4624363352927689
2018-03-27,0.067565319495766,0.21778924910698688,0.38685420990549324,0.21318561555176385,0.3827731815049917,0.2148373208947363,0.38592629074657936,0.21589029945208058,0.384703405932038,0.21437508581320322,0.3858335832078407
2018-03-28,0.01631069882431536,0.21223468611574353,0.3852750019092609,0.2078828438120583,0.3811674453292577,0.20937336379368574,0.38397864506694723,0.21064300077937897,0.3827248414846994,0.2128441654191288,0.3912946796337026
2018-03-29,-0.13559486060696607,0.20710256638441535,0.37396730378452064,0.20280168448398211,0.3696651062836535,0.20421860911817055,0.3724893048331914,0.2054659161953686,0.3706219137027648,0.20975200488881923,0.38359599504998854
2018-04-02,0.16786266334149255,0.18113270255400543,0.32087937734006233,0.17685569353758068,0.3163619390994478,0.17832210149210762,0.31936396185288723,0.17881245512925414,0.317146397843046,0.1763630236233486,0.3168910325185516
2018-04-03,-0.11282077028719545,0.2091902708273914,0.38117961005105305,0.203494791395302,0.3756281826155524,0.20620945299020316,0.3801484701661229,0.2071501868690092,0.37644362769095446,0.201764101353782,0.37248839650848653
2018-04-04,-0.050545257948231524,0.1940972452795738,0.3439345523488784,0.18949188772525413,0.3390412619773141,0.1912403127791987,0.34239581514523,0.1920968885085913,0.3391013460394842,0.1917337621770883,0.3443188203115944
2018-04-05,-0.05745169477585721,0.17405673911572403,0.3100576299757981,0.16946590978074752,0.3049792700967106,0.17091643825092706,0.30789765767400146,0.17162149803326307,0.304977663952503,0.1730039600020438,0.3126611654448178
2018-04-06,0.12631162289648679,0.15788673939972658,0.2811264329055728,0.15396305878316632,0.2768179911585523,0.155109262549706,0.2795122314390699,0.15557667309618786,0.27706783948183517,0.15563885722403462,0.28105196795876486
2018-04-09,0.012945164592036986,0.18053576271432673,0.3292647545431241,0.17559371925277423,0.3240718391533036,0.17737753761606317,0.3281341107305126,0.17743067594149417,0.3267585595999786,0.17325106571877533,0.3208922566554394
2018-04-10,-0.06157247557325795,0.18242962612076696,0.3280610524294461,0.17730107699870845,0.32280366051208964,0.17924010879372237,0.32688748640034687,0.1794220896183959,0.3252268568399954,0.18328605350404534,0.334594317249432
2018-04-11,-0.011299555253933394,0.16828572666465283,0.29955540079450427,0.16351981849906075,0.2947484637114043,0.16536548689452427,0.2985032072334317,0.16561275823635924,0.29669064282265833,0.16572497985221163,0.2996210213172337
2018-04-12,-0.09043079902023132,0.15631310566485904,0.28002890359005045,0.15193552799294252,0.2755504922188854,0.15336245900845197,0.27845381199154096,0.15380326556699314,0.2767185387363395,0.15596585869374224,0.28393104106615774
2018-04-13,-0.06018529161893569,0.14067319317183805,0.24863047306739283,0.13688606901392375,0.24474724191952701,0.13807320007636947,0.24720848048385885,0.1384858856496785,0.2457565808313548,0.13532361882811286,0.2428171174030419
2018-04-16,-0.05005460482298411,0.12338799568654693,0.2190956209335004,0.1203420936499697,0.21600312219256845,0.12146399635479481,0.21809018422005744,0.12198205412924562,0.21589012952589656,0.11932690482382402,0.21472581025560714
2018-04-17,-0.0824106459036929,0.11166573545344624,0.19839636796496699,0.10870706717687927,0.19534243510460192,0.10977084549141004,0.19731584139233704,0.11020821880446732,0.19526942943626735,0.10772863930877233,0.19400841207486808
2018-04-18,0.02269141120207067,0.09883947906606083,0.17424971997802477,0.09616461781444605,0.1715109786697795,0.09715869804293789,0.1732747041083976,0.09748094829546707,0.17209342836256816,0.09290428378590318,0.16594548199423534
2018-04-19,0.022814677766171482,0.09763301362922082,0.1761536064353824,0.09496224443556808,0.17337561943535193,0.09587631566206943,0.1750696891039727,0.09622930113172248,0.17370619333943801,0.09600107243160312,0.17571634330082284
2018-04-20,0.056043897146148186,0.10298349017851942,0.18572003789918703,0.10031786217714916,0.18289868407637858,0.10113535316079919,0.1845654770094776,0.10151918752419835,0.18298753560060402,0.10112334517697885,0.18495676458355453
2018-04-23,-0.0325133997359542,0.11676181637893508,0.2119029850948647,0.11384293690495254,0.20886697986295122,0.11471496784420963,0.2106913999644551,0.11514506058892458,0.20907565481218615,0.1127653183026528,0.20765150903054727
2018-04-24,0.09786616274833501,0.11340084820129606,0.2022780321935085,0.11050795229423488,0.19933089972260348,0.11155445420199978,0.20128940246447555,0.11196966274537638,0.1993830143671648,0.111589474632865,0.20179406272909062
2018-04-25,-0.010039125028328542,0.13457149285980152,0.24511840772476387,0.13109625671891886,0.2416505813631923,0.1324706938537287,0.24408557497291877,0.13286759143145618,0.24161458558126597,0.1277541001165369,0.2361602844227
2018-04-26,-0.09396579241833147,0.13487805706639144,0.2413270944328482,0.1317670438126096,0.2381390794513465,0.13283297673111746,0.24030340884133466,0.1331638884663338,0.2381762925868697,0.13615776841465912,0.2470631614202922
2018-04-27,-0.05246068540150737,0.12044869650147501,0.212058825838082,0.1178017093002498,0.20932454083613947,0.1186683149551155,0.21113019023417487,0.11895593907074004,0.20931147716796253,0.11547977193204499,0.20602879331699572
2018-04-30,0.033187474589932674,0.10668748705835132,0.1891961013959342,0.10426549270742559,0.18668702891109537,0.1050376804589645,0.188303516235206,0.10528043740647786,0.18665359735112028,0.10317652915690058,0.18548034809453703
2018-05-01,-0.028009469493179846,0.10960125980928216,0.19791974896493386,0.10690392789358871,0.19514114880347616,0.10774160996024099,0.19683855642415604,0.10800533901947562,0.19494876201462824,0.10820384336667573,0.1983348642577129
2018-05-02,0.03051730779814392,0.10616976030530971,0.18935382646088697,0.1036435883617748,0.18676432833749942,0.10438150889563844,0.18824857506188242,0.10465364651272945,0.1863393570167995,0.10499988750747585,0.19013657558682856
2018-05-03,-0.004392853000735216,0.10968845065872493,0.1980666947027164,0.10703989903995562,0.1953628341446526,0.1077840008400929,0.1968735785987647,0.10811320905111421,0.19520759396082848,0.10832560539349641,0.19849499053685865
2018-05-04,-0.0737210126828975,0.10882346429854778,0.19514208539409109,0.10596957707550317,0.19228348184669883,0.10695859944408671,0.19396105685903675,0.10739535161736606,0.19165953566320976,0.10917727677554993,0.19862673369210362
2018-05-07,-0.0013550137574595356,0.0987600170711353,0.17439795290501955,0.09633682071138938,0.1719582703578929,0.09710870570351292,0.17333146728999083,0.09750466811412796,0.17154950237355174,0.09437507572857623,0.1689324885916046
2018-05-08,-0.0027155481724826388,0.09318344622663904,0.1672730781325765,0.09087320493019532,0.16492073268095703,0.09158843655198495,0.16624223511009661,0.09199672704783719,0.16441920936110047,0.09313781285126069,0.16961238653975885
2018-05-09,-0.09178140306981042,0.09192552814327806,0.16479720284534952,0.08948868928802886,0.16234334411742687,0.09036523181980108,0.16385523083187592,0.09071566954173656,0.16192356762900645,0.09189818565351807,0.16716929518910675
2018-05-10,-0.014259153416671423,0.08168933114247887,0.14315184320186194,0.0796539514546418,0.1411432241161337,0.08036070636276213,0.14230795246002728,0.08069330667328334,0.14089367575506373,0.07617913641889387,0.13516175904194475
2018-05-11,-0.044829762953335024,0.07465803919575249,0.1335600166831915,0.07278371817346938,0.13166386258637355,0.07341817704302195,0.13285603131591112,0.07371392009318783,0.1313098962492133,0.07326531150513159,0.13295837129122218
2018-05-14,0.021892977610236744,0.06943283474025722,0.12328122791722917,0.06770628283667766,0.12160275692662738,0.06834816715516567,0.12264719276467172,0.06866845166097954,0.12133814560990892,0.0663733705798804,0.11942744381445727
2018-05-15,0.12352402224826683,0.07256847044014704,0.13130221388334815,0.07074006165041782,0.1294770988383013,0.071382470932667,0.13063088045451837,0.0717201196346982,0.12911646391154016,0.0715104268204396,0.13120766672501494
2018-05-16,-0.08632808348849726,0.11392687884580925,0.20966534307498563,0.11054619530253289,0.20696988138606323,0.11239032116847442,0.2092943429764559,0.1127627242767479,0.20793212572077518,0.10269343190691399,0.19208647306838864
2018-05-17,0.0007448789916104024,0.10870766025370104,0.19257133958773523,0.10582018094683092,0.1902458663478634,0.10736975844364104,0.19222808288235604,0.10773944554103719,0.19098728885680955,0.1053244977670444,0.1889916102524871
2018-05-18,-0.0007448789916104893,0.10208016175177394,0.18394157042969814,0.09910945721233812,0.18154258206024754,0.10065041465097843,0.18344057253986282,0.10106094692794691,0.1821561247879831,0.10382959354352347,0.18974028061088977
2018-05-21,-0.02566178551448305,0.1004265845287863,0.18087843658478384,0.09749805992002203,0.17849078963754042,0.09898240524475162,0.1803091030072256,0.09939772365177837,0.17912694981994404,0.10191011162143264,0.1861620181100633
2018-05-22,0.010646488394487704,0.09619452898732879,0.17225628267665385,0.09340606957237077,0.16994333790584895,0.09478989014058276,0.17165503282980488,0.09516981082254702,0.170600888610481,0.0956048594923394,0.17362743760093718
2018-05-23,-0.04962258315124579,0.09609576420431346,0.17344363732492643,0.09322893453558238,0.17102883420086265,0.0946177450126147,0.1727815056770161,0.09498169783228493,0.17189006976442883,0.09646503977214113,0.17661444134989285
2018-05-24,-0.003982482364317597,0.0901500081417323,0.160472734793548,0.08752115211729636,0.15830952509194635,0.08892270366483852,0.16026788539091463,0.08916227282215282,0.1589367519302261,0.08785513115233962,0.1586334091078309
2018-05-25,0.053605065515563335,0.08625018714241413,0.15531347087955916,0.0842970603122813,0.15350079524343319,0.08499152775928459,0.15493700926538975,0.08522207108951008,0.15388656736352277,0.08668368163772333,0.1583744420978744
2018-05-29,0.2526582887216878,0.09918071425151608,0.18070514178343,0.096389567068983,0.17852853875400865,0.09786411690651663,0.18060498826070887,0.09814834370866786,0.1791613795184353,0.09608423924421304,0.17774828459284958
2018-05-30,-0.13034694344055683,0.19261972238659095,0.35920125907358674,0.18610397506465115,0.35547340289612955,0.19012185525694028,0.35948724077854544,0.19049433835659055,0.356714087758524,0.16814316585833083,0.32022864318886396
2018-05-31,0.03227148667039819,0.18200761098801232,0.32529784762967173,0.17639049959507033,0.3219755427475873,0.17968345959379828,0.3253827687063615,0.18010217716653124,0.3231610814440278,0.181324120046889,0.3295288595827144
2018-06-01,-0.1365913421584876,0.1723721855895185,0.3146547622233631,0.16734506850086117,0.31149499651623475,0.17030625048129064,0.3145558115414746,0.17088018965841645,0.3134263239886191,0.17701381943454642,0.32797483464892385
2018-06-04,-0.05497567407256449,0.1536324573528114,0.27357571922579615,0.14948951485705644,0.2708278924390344,0.15185043995965444,0.2735446745654546,0.15226601988651228,0.2718117470064845,0.15123930767927377,0.27342864276058765
2018-06-05,-0.02705017753302606,0.13481762753728885,0.2426372330012716,0.1309145555625141,0.24002844137403442,0.13315435899860678,0.24266289114099554,0.13349626872925308,0.24081447003942788,0.13509375651518707,0.2471199457588616
2018-06-06,-0.0632490303076994,0.12446443010192298,0.22495687606576972,0.1208039951191442,0.222508558590389,0.12286603423507098,0.22488340384888267,0.12313913575900598,0.22303462424915677,0.12571173179091738,0.23094434319142224
2018-06-07,0.04123428065266707,0.11329875734966491,0.20353501212108813,0.10986130462287523,0.2014035673099135,0.11182795030724323,0.2033850849659727,0.11207302155971062,0.2020444101496857,0.11198045811149583,0.20440639574654532
2018-06-08,0.004113539325792162,0.11710220172305355,0.2145941296737901,0.11346524232086969,0.21241040694714122,0.1155429751920271,0.21438950850631186,0.11591424472440413,0.21315438368979667,0.11714859687864879,0.21825100489418714
2018-06-11,0.013860800792235166,0.117480975185928,0.21388188591186538,0.11399686455310322,0.2117900519145206,0.11597273368182552,0.21364339841351718,0.11637398265900771,0.21258402378252533,0.11957260615738896,0.2212124775015838
2018-06-12,-0.0008100445967444326,0.11820281648445158,0.21561564157019508,0.11468702602978514,0.21353608018229087,0.11664287935236875,0.21529088806253463,0.11712346377398931,0.21432358232077747,0.11909536494040925,0.2206110427245093
2018-06-13,0.04747727059551264,0.11644502834857962,0.21230454623444317,0.11289768527644291,0.21024843478849164,0.11517217766167248,0.21258214714854679,0.11553245037687511,0.21119891347753447,0.1178578708607819,0.21803732414455926
2018-06-14,-0.0654663084315861,0.12534758392292708,0.23029797554882006,0.12151542028133921,0.22800894482672285,0.12389742132494913,0.23041431521152828,0.1243121988204479,0.2288598733071546,0.12362460962797696,0.23051023878762614
2018-06-15,-0.011618387953864964,0.117376034654277,0.2112698833594781,0.11397018132455351,0.20922745344111704,0.11610571988050385,0.21139619357183154,0.11644921048071767,0.20990900034877266,0.11482195441548264,0.20961400041227876
2018-06-18,0.027173347509058962,0.11021920375524814,0.20012690549403025,0.10676607478997412,0.19796188403111337,0.10874291582920557,0.19992322682768882,0.10913538920328705,0.19864857130504432,0.10982715809200293,0.2025846502039888
2018-06-19,0.08110444464989636,0.11408785267832379,0.20863970459758088,0.11043051505381403,0.20633919742469153,0.11249717600370754,0.20837870536264358,0.11293358023306645,0.20706575627971216,0.1127993241982499,0.20964417668367225
2018-06-20,-0.042852769255507274,0.13433809980432623,0.24689774744720283,0.1298807476018942,0.2442445440900425,0.1321178797920194,0.246182369911465,0.13300589814358418,0.2451224659576803,0.12892274812120363,0.24145376856926565
2018-06-21,0.13509389294241428,0.12940894760035207,0.23319954918759053,0.1252644308722615,0.2308818965441858,0.12766569942414152,0.23306994958230282,0.12835316775395808,0.23163114670345966,0.12761290459998692,0.23394184072154434
2018-06-22,-0.06126519579260206,0.16060775712297343,0.2955323252139954,0.15588074925103393,0.2923458348621658,0.15851065181636176,0.29534881970469046,0.15927492403639193,0.29373935229072823,0.15139237169240027,0.2835007541468885
2018-06-25,0.22994679098695117,0.1541949072487259,0.2768214149996464,0.1499058990680435,0.2738995547173724,0.15214999371146434,0.27630339073685317,0.1529234943162077,0.27509060176493744,0.1522839440297967,0.27776181613293377
2018-06-26,-0.08486292331127764,0.21296154334401782,0.3946830119104191,0.20692977244484992,0.3906507507900217,0.21014101659332593,0.3941758496558908,0.21120115966589276,0.39345660172372204,0.1959151355418404,0.3700969646534855
2018-06-27,0.11778303565638346,0.20427137001587314,0.3651816489951419,0.19906388785938886,0.3616163433421425,0.20190857276090854,0.3649049307355546,0.20282368713684565,0.36413772251435966,0.20357592803570632,0.36970045098486815
2018-06-28,-0.06100855927424957,0.2160363189743718,0.39582463284530206,0.21019847278247947,0.3920485947246016,0.21341070979733417,0.3957812132316747,0.21439853898256836,0.3945998271324935,0.21163129356625607,0.3944616841076157
2018-06-29,-0.04615269579407903,0.204003155259997,0.3652563799130074,0.19871518242414687,0.3616650783255895,0.20157266002781168,0.36505575867728496,0.202470760245828,0.3642200492998607,0.20370359946055833,0.3707165791198954
2018-07-02,-0.030927046748800438,0.18448479693364256,0.330033178873393,0.17972460873136187,0.3266740085362257,0.18229967172573414,0.3297952905686611,0.1831705244853926,0.32863932275754565,0.18351164422758995,0.33365739830709384
2018-07-03,0.03402974858631147,0.16925813455580913,0.3029533927520727,0.1648605363419786,0.2997977527473696,0.16730513504146988,0.30285415583815983,0.16808895367468032,0.3014807021670748,0.16838705896440223,0.30628218862077894
2018-07-05,-0.0752524644102657,0.16710993221884213,0.3011457015188857,0.16276290776634703,0.2978496033005301,0.16536511424130754,0.3016652905169319,0.16592804700090702,0.29975569050366285,0.16578703577725565,0.30369491782286107
2018-07-06,-0.11303480731768534,0.15389422299402644,0.27486220262290434,0.15081253177535492,0.27302651295616376,0.1527670378669917,0.2752567324727254,0.15360231696270388,0.2748652055006844,0.14901197117299003,0.2696860625422448
2018-07-09,-0.05219910938755551,0.13224461684110095,0.2340447575329735,0.1293628879328984,0.2320752638790774,0.13089545032660976,0.23402843279942143,0.13158108000826216,0.23312355062157417,0.12305818413511391,0.2207867400167283
2018-07-10,-0.0039478930075848235,0.11656630990235817,0.2083320311068854,0.11392404632339538,0.20661537343695419,0.11540627903098018,0.20860632310619603,0.11593119025565159,0.20755941900740063,0.11114178994011915,0.20174787154854013
2018-07-11,0.07540685698972996,0.1105130925101648,0.19923690970479654,0.10828052529149172,0.19771033959040904,0.10964132259731979,0.19950326700099053,0.11021783279864131,0.1984589794379727,0.10975536445753359,0.20075846950226062
2018-07-12,-0.0801649944361468,0.1283610382188452,0.23377255297684715,0.12517543074087537,0.23165014600674955,0.127100352125571,0.23409796134298289,0.12774860024774587,0.2328131240196102,0.12105681917731514,0.22427246026775827
2018-07-13,-0.03231298899054357,0.11921958585033984,0.2117781774944586,0.11634320191000912,0.20986525758033672,0.11811075326681288,0.21212076802298152,0.11865921344093336,0.21082857377795666,0.11262037702360997,0.20303664657729736
2018-07-16,0.05199091634579419,0.10892970096618537,0.19506656593917007,0.1062365041708827,0.1933187452532473,0.10782897949354592,0.19533753054058192,0.10833947072667524,0.1942492519254034,0.10514597193351846,0.19137704327176952
2018-07-17,-0.06189198732850568,0.11834097162286981,0.21495479460832706,0.11542797480713306,0.21302061170828893,0.1172025839526402,0.21531094572452653,0.11778567625286898,0.2140092236222387,0.11390991806824032,0.21034633190465468
2018-07-18,0.003311261303656005,0.11122407031543594,0.1980691983350587,0.10844920434407394,0.19627067978105603,0.11007958396806206,0.198309300815505,0.11059636987749212,0.19721748488254995,0.10607246277011381,0.19191655794330775
2018-07-19,0.06169356900533996,0.10637047040108234,0.19165258243137098,0.10385079860841552,0.1899589552295672,0.10539723245531209,0.1920295469808346,0.10589993291571766,0.19078417709214965,0.10631325621713351,0.19458449101093772
2018-07-20,-0.0007773027985619028,0.12004813505877981,0.2180540132502595,0.11803677702913637,0.21650978038659555,0.11848774892957864,0.2175297504158868,0.11911253713436645,0.21817096061941174,0.11547274397115802,0.21287373296907253
2018-07-23,-0.01883886169640624,0.121403443032802,0.21799449883266642,0.11930269478878935,0.21639072346595756,0.119853735502211,0.21749979809902673,0.1203577910460882,0.21879668227942628,0.12099109514204251,0.2203600574742055
2018-07-24,-0.01678025789655123,0.11654462418987432,0.20856812790409568,0.11436330446933927,0.20692849846181438,0.11491279117590703,0.2080116800072415,0.11545651074830199,0.20919271041308168,0.11456711264856693,0.2083131342041917
2018-07-25,-0.009716675638572427,0.11162515088798525,0.20003300923150544,0.1088254957047448,0.19798992337557142,0.11007500314158924,0.1999204278585659,0.11051879926860839,0.19998288789248617,0.10925637003466056,0.1990696713268713
2018-07-26,-0.012280137946591087,0.10780761067094838,0.1933059124267382,0.10508018184756857,0.1912553674513021,0.10615039778518978,0.19286709746049802,0.1066313219887841,0.19298579187896525,0.10595975327398653,0.19331264664982054
2018-07-27,0.07074860550540152,0.10412546837612396,0.1866245317545784,0.1013769482134925,0.18456235144874436,0.10251983895045616,0.18626920504589456,0.10294499995674437,0.18623266604949024,0.10184479752273527,0.18574176512792726
2018-07-30,0.0902040238493962,0.12012135432116355,0.21794893290992534,0.11709980849882021,0.2157437272500907,0.11807629899716149,0.21739986340545642,0.1186546768003873,0.2171381485126043,0.11398500920913725,0.21093566920083542
2018-07-31,-0.1056722363586048,0.143915428719574,0.26136766802542843,0.14056753874312203,0.2591726586018353,0.14156751476090584,0.260824912348833,0.14234579584181792,0.26185459444409903,0.13839537913685077,0.2561303784193442
2018-08-01,0.02463557999622855,0.1311330341623798,0.2316457946977909,0.12836117711250106,0.22985517865759733,0.12922931656234699,0.23135337673469625,0.1299441205235844,0.2318669390707929,0.12540122102878892,0.22532353247753234
2018-08-02,-0.07580581513059352,0.1268923615131073,0.2296830297457847,0.12424481144867226,0.228166057338565,0.12567386254936647,0.23008440791493087,0.12625518360999638,0.23045716131259866,0.12764834453274201,0.23461449419934088
2018-08-03,-0.04616850118988831,0.11686770921429217,0.20752936621931684,0.11407345543601063,0.20570978748400046,0.11542575366755635,0.20757055780324238,0.11588949775714362,0.20760604093537513,0.11255984827459707,0.20308877205829748
2018-08-06,-0.032303114251606944,0.10512618386263192,0.1872888436394271,0.10252498765501496,0.1855664678535688,0.10363026716344559,0.18702792651392408,0.10420954034627426,0.18674081647877905,0.10212309233046436,0.18509576772476413
2018-08-07,-0.03063302586323775,0.09756630326979147,0.17439105666729307,0.09489461825303684,0.17269907170989585,0.09619135382327411,0.17423444779179165,0.09667548963808813,0.17395847237758594,0.09549008533624093,0.17365920910677105
2018-08-08,-0.0073462222019785904,0.09124489105931874,0.16312189379672382,0.08879593948567235,0.161550140140381,0.08994911472564379,0.1629071067290551,0.09043002548871018,0.16266408239695893,0.08920985883471505,0.1622459058749078
2018-08-09,0.03797924806521647,0.08827866165116985,0.15869158204928419,0.08588231232277511,0.15715269194078035,0.08705787900293505,0.15854239342161938,0.08750057700144614,0.15825378204742166,0.08803440088773123,0.16102274196978517
2018-08-10,0.1550375978454862,0.09684660182032491,0.1756841889467775,0.09440146567243606,0.17402537028638076,0.09546117814860859,0.17542850090884377,0.0959843001931477,0.17516738210823857,0.09478937266762273,0.1750505050624417
2018-08-13,0.11609298962288443,0.14500610949807247,0.26581048435914395,0.14106014727295457,0.26320358133499466,0.14290113075101088,0.26579370523115303,0.14345086435039825,0.2658225023793335,0.13415050649755372,0.2510900495561013
2018-08-14,-0.10475928311303534,0.17907786747524035,0.32482263293198393,0.17487270457185794,0.32216688063100607,0.17681552551332405,0.3246671249633859,0.17757496521461977,0.32450335413509335,0.1787110897503452,0.32945869655738286
2018-08-15,0.09524187612614528,0.16326324632413491,0.2895861538326267,0.15962987637779064,0.2872533076168062,0.16126551091749794,0.28938264081132553,0.16194664734625747,0.2890331328287486,0.16286627913441312,0.2933402058777733
2018-08-16,-0.08477840248531746,0.17458556798977387,0.31718074299261284,0.17156180250978129,0.31544845954415796,0.17330569250409172,0.3177834767571474,0.17411113974402323,0.31716455526762904,0.17711206425370782,0.3260095244701398
2018-08-17,-0.062112717329136626,0.1613821286728875,0.2871765414555461,0.1586802733498136,0.28557574004163067,0.16009142379889948,0.2875434617859914,0.160840244362986,0.2868249997256128,0.1625800640443237,0.29318545992293044
2018-08-20,-0.01193806458122512,0.143601933696894,0.25604581527697723,0.14123276461697062,0.2546272054670289,0.1424144812334466,0.25627878050998654,0.14308477446211712,0.25587587650514704,0.1446991821519774,0.2614617159384631
2018-08-21,0.02919339467198686,0.13484949989789682,0.2418965829493207,0.13261521557265749,0.240536404249591,0.1336190139044042,0.24197883804015435,0.13427250279823427,0.24184145928680548,0.1387421948148497,0.2523577334458882
2018-08-22,-0.04859578181873729,0.13741974500011428,0.24788148468294607,0.1351954246471113,0.24650344002923164,0.13611266265480823,0.24792770457790778,0.13675285314630792,0.24798269859151628,0.13994748476176475,0.255989806972696
2018-08-23,0.012976662225779785,0.1288836406232509,0.22990653800929123,0.12684820301954408,0.22862943939292404,0.1276463747713131,0.22991694999250234,0.12821777349368763,0.23001916811749304,0.12898805714343964,0.23329890461517144
2018-08-24,-0.03442963017709299,0.1262530753597011,0.22746017486722603,0.12431877141748218,0.22622278110575597,0.12508450617865172,0.2275286774952777,0.1255671954075394,0.2278591445767643,0.12895470716930973,0.2354877866446882
2018-08-27,0.014078907498598088,0.11973118813312804,0.21407158205880447,0.11789588187558236,0.21290474659801945,0.11861030004650369,0.21409817706686515,0.11909549056924351,0.2143708302731711,0.11992158501269799,0.21730452681753504
2018-08-28,0.0275767677702344,0.11914333003983839,0.21444570476600755,0.1171527031110637,0.21320379897120226,0.11794606231244252,0.2144464911499439,0.11850573357952442,0.21447049880575814,0.12094885631306689,0.2208085092971189
2018-08-29,-0.020202707317519466,0.12382573156796944,0.22357313393032346,0.12190108213783464,0.22234124542444256,0.12268652489874307,0.2236273654841611,0.1231858939460096,0.2238686383029624,0.12446006198835628,0.22772308204432254
2018-08-30,0.09938350519196061,0.11969023490864751,0.21477304743632086,0.11792163846337651,0.21361664882960008,0.11868481676958932,0.21488673524177654,0.11909420455165012,0.21511589202933187,0.12016605450383924,0.21834340793262186
2018-08-31,-0.05078772337322338,0.14149011775420825,0.2575985749746377,0.13922206823800262,0.25612416360762025,0.14016147568634124,0.2574039118399909,0.1406384245834846,0.2580593718837889,0.13796787582326586,0.254632023623429
2018-09-04,0.02306020708769788,0.13594262824776748,0.24234654972548308,0.1339346883841374,0.2410711757891471,0.1346535446161664,0.24213650044347518,0.1351150994154144,0.24301060476318093,0.13490710853335527,0.2436552209696713
2018-09-05,0.05542608003818041,0.13494792619357912,0.2431486714831858,0.13255931356835396,0.2414972834682176,0.13329383222692967,0.24265649651825136,0.13366317935698424,0.24287336301870624,0.13545582590809982,0.24758219439835938
2018-09-06,0.051832329527724715,0.14519436556217655,0.262947388224573,0.1425788223313364,0.26118476568429594,0.1435546571808307,0.2627458455045034,0.14377962461797822,0.2623598611014355,0.14346838073827078,0.26357453437472433
2018-09-07,0.015577693941869593,0.1550841906412796,0.2810664899527307,0.15270685528804392,0.2795395798441393,0.15348067838359533,0.28111590552666965,0.15376758205817212,0.28092757663447626,0.15377808697290457,0.2826628178799483
2018-09-10,-0.04959694113937218,0.15544515240904946,0.28085003384828766,0.15295773821052577,0.27930288079512894,0.15405467267545156,0.28141407513309347,0.15425419507540714,0.2806267353053561,0.15608747981765503,0.28597704855151895
2018-09-11,-0.06869025384203345,0.1454884972952915,0.2603014355561544,0.14284350908484794,0.25853609961764845,0.14387538890823925,0.26039102934060165,0.1441329906176012,0.26002507919886253,0.14288258246389357,0.25926544241883165
2018-09-12,-0.006069821367075834,0.13091003993723926,0.2332778645234865,0.1285138178434265,0.23170875936688035,0.12942821053153747,0.2332232959771676,0.12977504167992318,0.23336496665882522,0.12681275174595646,0.22908680056298283
2018-09-13,-0.060386826652068064,0.1233841768310697,0.2220202597952246,0.12090815767447954,0.22038539554158676,0.12196905192292164,0.22202517316542347,0.12218534446549775,0.2216321687927138,0.12324949542072432,0.2251450068283611
2018-09-14,-0.024551151294956296,0.11315427031926449,0.20163780826895336,0.11007403306473161,0.19967777506099818,0.11122649581555959,0.2008980185733682,0.11161196252187165,0.20052513320979226,0.10843053469042353,0.19655357810892396
2018-09-17,0.12521187708496426,0.10525741977374299,0.18870844932570974,0.10239898608477598,0.1868659753539456,0.10329610646930457,0.18774970151949752,0.10386768502081813,0.1875146530395754,0.10277385673463507,0.18755924517765826
2018-09-18,-0.06727129660365316,0.13760026243537196,0.2510566745129048,0.13384801012086608,0.24874321727613194,0.13505936196778592,0.24957201719321748,0.1358717298747991,0.2511388034775528,0.1299150427567524,0.24141277319287835
2018-09-19,-0.08481037500058325,0.13078105030215195,0.2328705631769121,0.1277970811100906,0.23098549664331494,0.12860760757343243,0.23163177934696283,0.12937267200642752,0.2330945435407817,0.12712271184402213,0.22990376782119382
2018-09-20,0.004246290881451225,0.11430912982885819,0.2028118075664484,0.11162712590043261,0.20115901296829442,0.11255268634779139,0.2019818175275497,0.11315157238057133,0.2028542938094827,0.10874149847329993,0.19596239618699052
2018-09-21,-0.010221554071538139,0.10911377256453507,0.19642898422816205,0.10676542211213402,0.19489648056988262,0.10772079885679732,0.1960972844242925,0.10813158873683454,0.1960486762601175,0.11039486261620972,0.2019186724804517
2018-09-24,0.04355797433912994,0.1063768363967525,0.19107128214300584,0.10412320371030934,0.18932503085416613,0.1050980177297657,0.19079787899615677,0.10539559809630986,0.18986926714348562,0.10592253429968473,0.19305330515236727
2018-09-25,0.01787212476612183,0.11518464959926193,0.20855873930793528,0.11265240053832144,0.20664085582519776,0.11376118321428612,0.20831760892444767,0.11407441466832255,0.20732782912503073,0.1128245142521532,0.2074631261152092
2018-09-26,0.03714374044576326,0.11969209622064879,0.21580701573615646,0.1168473428585454,0.21374327750608027,0.1178576293706403,0.21513487271023657,0.11820917071691676,0.21522473220274566,0.11895043511198128,0.21811060095992496
2018-09-27,-0.03794921773458017,0.12696016367086668,0.22947840688430987,0.12425512856680487,0.22729729577979443,0.12530109683476776,0.2288340411545142,0.1257489792461539,0.22807598180559244,0.1249302887502787,0.22922775890526015
2018-09-28,-0.023645618575347544,0.12090840469111779,0.2157672390302253,0.11651507919304667,0.21262045598157414,0.11800020895833882,0.21341264792016737,0.11838757265670387,0.21405620066342995,0.11734168805725834,0.21296662701198987
2018-10-01,-0.00995033085316798,0.11406366351352899,0.20409742916905593,0.11030415385372234,0.20079440917483996,0.11132561495174059,0.20162465358262124,0.11167052962445735,0.20260138552270365,0.11106563736672045,0.2018704992261386
2018-10-02,0.004158010148663677,0.10817625490102531,0.19510895736369036,0.10586607249179841,0.19301703857498154,0.10635319014389955,0.1939538815819647,0.10664853581969032,0.19445746811423226,0.10673466568954561,0.19531717418349984
2018-10-03,-0.03719786422686397,0.10722989562027115,0.19348225191186055,0.10428172517923526,0.19086968285958378,0.10533987198228045,0.19251751173656165,0.10538130402430462,0.19242158285308902,0.10579784699672207,0.19385448113572246
2018-10-04,0.20278262866529484,0.1002106611356569,0.18112117113314594,0.09867725664746288,0.17990317478346465,0.09879365231893605,0.18053454436744856,0.09904794626599868,0.18156719134815305,0.09812951721784674,0.17977573224626692
2018-10-05,0.04132819549284594,0.16011077013695676,0.29792420113875584,0.1568202842143588,0.29564293928766516,0.1578768540509899,0.2978102593600991,0.1581607834086872,0.29869254429515396,0.15136518208309102,0.28680481837740746
2018-10-08,0.05704594687700034,0.17467973654458124,0.31737750713465457,0.16961682007386272,0.3141567272053625,0.17195331897552776,0.3163386605964622,0.17253516678521183,0.31744459232575173,0.17659039489739825,0.32611264019486164
2018-10-09,0.016435262485912427,0.18370683051768588,0.33350153047560177,0.17858060577644544,0.3298199786508549,0.18091406973620075,0.33258454163489104,0.18131645821170572,0.332301559402895,0.18513146312378365,0.34209462115769107
2018-10-10,0.3642947422205121,0.18174717939282903,0.32895930856237926,0.17735594078289213,0.32561982925823896,0.1789966730999421,0.3280302441970489,0.17919346268332675,0.3280303850972446,0.18561566385465156,0.3424329528532175
2018-10-11,0.08432193324606585,0.2879862522225312,0.5330797562993738,0.27822627605467315,0.5292654282939907,0.2838114458889421,0.5323864186522674,0.2853590095708378,0.5323512627283153,0.24851894962847404,0.47213903812765246
2018-10-12,-0.15889905858690592,0.30242849355511453,0.550769441461386,0.29513831221278986,0.547018739467915,0.2982871775335001,0.5495110171701658,0.3003161823147103,0.5504543050010815,0.310880980135266,0.5764552584225321
2018-10-15,-0.00046937339514628774,0.2656906413365915,0.4763146749125658,0.2582436436665634,0.471758012275541,0.2609845155760843,0.4740056470152452,0.2625091763942806,0.47512279070185004,0.2594188517232721,0.4739821340324197
2018-10-16,-0.18967245220734602,0.24230647544413536,0.4388252577012776,0.23565207997880727,0.43477232353270123,0.23816221164102122,0.43689401142183987,0.23947703750366867,0.43811621573732423,0.24943457677941594,0.4604722609751342
2018-10-17,-0.01256441428755019,0.20543758904295076,0.3671840871762768,0.20087893493472944,0.36429031723175165,0.202526072248119,0.3660570266289072,0.20327997212123208,0.367850613765415,0.19209138079805124,0.3491165409303012
2018-10-18,0.14225757631330616,0.18640200553124014,0.3366538098795722,0.18071042570418475,0.33310135468957114,0.18255469527797366,0.3344360528483221,0.1837753158226784,0.3353906890964264,0.19033843938996964,0.3511850150876692
2018-10-19,-0.008510689667908506,0.21552351592508795,0.3932268708961435,0.21019514453017396,0.3898199726183349,0.21148024679786764,0.391104259903821,0.21256026027431002,0.3936696997272321,0.20539101778636343,0.38312014578000136
2018-10-22,-0.012648789939560956,0.20771840968826832,0.3757805023187714,0.20334721044124135,0.3728373614662284,0.20397167746147635,0.3735932471986385,0.20504532965098846,0.3764470472158454,0.21140096131878885,0.390170028719199
2018-10-23,0.053048372481172966,0.19485904925155123,0.35187224184054133,0.19014600243786461,0.3488880835520354,0.19130502317671738,0.3501007809488092,0.19230865055136218,0.3513856641891681,0.19389789084703785,0.3575341079555345
2018-10-24,0.19741708724547352,0.19791378140092838,0.3590274909203975,0.19313232420826537,0.355985073061754,0.19434914897818412,0.35727772581190487,0.19536973620235462,0.3582943618449936,0.1934900782260364,0.358493635739525
2018-10-25,-0.04085502452802026,0.24561726274693751,0.4477851492842365,0.2399828992339902,0.44369360963271204,0.24140468177776644,0.44573905076455284,0.24204380677804657,0.4482756217158512,0.22836843823187608,0.42530753709599906
2018-10-26,-0.002480365058331954,0.23221753050282967,0.418202470844469,0.22749157544770351,0.41457510105121015,0.22831532824784137,0.4159169688090648,0.2289101397754847,0.41944801089245054,0.2309962260196403,0.424126882967523
2018-10-29,0.022104870567317345,0.2175524703058022,0.3932478084585855,0.21348425400927337,0.3901198421656366,0.21401885994267072,0.3909541124970755,0.21471232747713095,0.39480400346238964,0.2167899477941736,0.3991389197146226
2018-10-30,-0.056206259519025095,0.21084441706274215,0.3821630010329215,0.20707742499201312,0.3792465318783609,0.20751547811253485,0.37985834797494933,0.20827524853025603,0.38362032176184335,0.20741149146435311,0.38269145398873555
2018-10-31,-0.0951817083997416,0.19378162367918872,0.34901821394043225,0.19032629876108964,0.346329715689092,0.19074261956058705,0.3469487032954197,0.19141971787609655,0.35008593803153276,0.1846070419994948,0.33843110865929943
2018-11-01,-0.0932397856900165,0.17169846636458325,0.3080390192038005,0.168765637378074,0.30572103001162665,0.16903162550492248,0.3062055967926538,0.16958783793185148,0.3090420291512315,0.15807469514595227,0.28835519180327646
2018-11-02,0.008751664609871588,0.15014126136476105,0.26892913837503235,0.14735997492492933,0.266767901964603,0.14765454732923186,0.2672871212517405,0.14814492796496861,0.269746435327758,0.13654250917455424,0.24883995648037818
2018-11-05,0.02280311624829812,0.14350624907148996,0.2594041917334041,0.14080799728428084,0.25722128989907184,0.1410295222845523,0.2577081090870322,0.14149685739784734,0.2595591843779331,0.14119762672934433,0.2601441543325259
2018-11-06,-0.0025081528072130235,0.1438529856902178,0.2599596986667874,0.14064175244190621,0.2574375439470653,0.14122966553553554,0.25821306009427775,0.14178726297182118,0.25923751866111394,0.13846301019298854,0.2552431569772666
2018-11-07,-0.19638278690150401,0.13935272904375498,0.25123424447937925,0.1363293484417633,0.24882250606084289,0.13693437448055917,0.2496430930513968,0.13742853433845487,0.2501595394832934,0.13598774143701908,0.24995350028691424
2018-11-08,0.021766276481954505,0.11640301105799676,0.20500807670468857,0.11406080180974659,0.20299035372721408,0.11407152999256077,0.20326814292955364,0.11437157886800114,0.2045076249679261,0.09401612835128237,0.16776857112961568
2018-11-09,0.03756310157564852,0.11101948433917727,0.2008670797236158,0.10897862297748116,0.1991048424736502,0.10879452768172115,0.19922957408335776,0.1090340936334771,0.20049530332356214,0.11117057102849418,0.20548500373909534
2018-11-12,0.1638141732566067,0.11931768362545904,0.21627536085857005,0.11710733412735966,0.21435392757604635,0.1168436697607826,0.21441402938788612,0.11726492906599865,0.21588274532288879,0.1140547932556647,0.2112487993406225
2018-11-13,-0.02125110860173622,0.1650432648662937,0.3024346920430825,0.16278845449217008,0.3006314377058588,0.16242370769254577,0.3011705567588654,0.1627369459740417,0.30234020240303877,0.1497567713215528,0.2802695871987595
2018-11-14,0.05962512148335139,0.16281376201862327,0.29360487384614664,0.1609930815980445,0.2922480153636718,0.1604786296741948,0.29237701013929074,0.16077396124598675,0.2933870449582869,0.16499838249037818,0.3029521147476648
2018-11-15,-0.06162512215001838,0.16969531973395235,0.3085998046244766,0.16803666068046322,0.30730790021392695,0.16733296371670955,0.30718955905279344,0.16767500304461097,0.30814784641803805,0.16619589221085174,0.30752394703894037
2018-11-16,-0.09661232853341695,0.159338307561776,0.286058664076813,0.15729421857898948,0.2843426293964961,0.15668659671806426,0.28430724023001375,0.15702696652260106,0.28541547538608575,0.15251347728481415,0.27879820186766396
2018-11-19,0.1026003703780396,0.14041588155135748,0.2509465576796066,0.13862330023294434,0.24948594681181813,0.13811084980330607,0.24954990568236415,0.13836672063509908,0.25061809979316796,0.1283796410647779,0.23341042799493245
2018-11-20,0.11190620996046019,0.15637018017593718,0.2855278628782608,0.15425447862780006,0.2836836398178589,0.15370432487981925,0.28383277302740734,0.15396169640667662,0.28565394491951107,0.15108484728756968,0.2806441349761911
2018-11-21,-0.07767303831821802,0.18131415226816652,0.3307748745117983,0.17878693582585942,0.3285047866357461,0.1786699770241928,0.329430350415982,0.17888611711472044,0.33084721671191697,0.1773266858105086,0.3286252963200413
2018-11-23,0.034029748586311255,0.16924801636399425,0.30341688673684103,0.16689101833353914,0.3012205256921024,0.16674807679473932,0.3018728123674027,0.1670125391652111,0.3029848532461479,0.16554700131269479,0.30118595617156557
2018-11-26,-0.12982081322798708,0.1671279003947015,0.30293633357318367,0.16441842471222132,0.3003479395424704,0.16434932743986735,0.30103979422979543,0.1645781089199551,0.3015319299605465,0.16956374308209102,0.3123446900313032
2018-11-27,0.00632913505164753,0.14845779945085505,0.2644233211784874,0.14629750666680863,0.2626071418394746,0.14559843102998743,0.2625306827461249,0.1460395338315747,0.26412445787163696,0.13708153774141768,0.2481201455179016
2018-11-28,-0.02826101171821082,0.14037108478979174,0.2538883514010158,0.1382694773060294,0.25212935454097196,0.1375287027933917,0.2519541661393887,0.13802672677869418,0.25359048408851825,0.14465215828731676,0.26646072371922497
2018-11-29,0.01609476802634045,0.13274027224058965,0.2391372184920261,0.13004200552378914,0.23673056191710942,0.12970696570957616,0.23681115101335995,0.13027579941222334,0.2383542665675825,0.1307735686710807,0.2402748855599892
2018-11-30,-0.039071708821236804,0.1318357762016141,0.23875735305983714,0.1288626317485724,0.23608749090748876,0.1287560552454214,0.23631106804558644,0.12931870301230006,0.2382408069610461,0.1324963016435746,0.2448966233881585
2018-12-03,-0.09453571497610323,0.12460642601512484,0.22390919602144002,0.1216287556457837,0.22128083819519367,0.1215828450558365,0.22142031415964897,0.12217999571950568,0.22357391531820064,0.12110033073797749,0.2220888223659568
2018-12-04,0.2323468131733473,0.1097528735742261,0.19523306240704735,0.10704627725157581,0.19274571625230397,0.10685598687650129,0.19280930157174478,0.10736225609414062,0.1942884867687991,0.09999839925929781,0.18133420736726052
2018-12-06,0.021465169478826665,0.1724620364309,0.3228462463137893,0.16734396579923685,0.3194198698581782,0.16724316673464867,0.31927587118025097,0.16854121542671216,0.3254716350413675,0.15776859381948355,0.30411140607323917
2018-12-07,0.09191517450210994,0.18161568685179355,0.3317123001255393,0.17741523111674667,0.3287398958245744,0.17732277176871708,0.3291113511735267,0.1782810835676185,0.33412274547596893,0.19790761025893955,0.37044447428172916
2018-12-10,-0.02572629344733556,0.19552132744220913,0.35914232523059725,0.19078688216604756,0.35542210601984847,0.19040405362118837,0.35580809247655565,0.191318532115677,0.3617690697107679,0.19873862404858134,0.3741019094406895
2018-12-11,-0.03964483134724025,0.18852643913551714,0.34285626590765844,0.184338001719587,0.3396289201631275,0.18401959988686678,0.3399956452696546,0.18486264373522762,0.3456404443366649,0.1944252404085244,0.361891539435454
2018-12-12,-0.013882684785189472,0.17570730458624859,0.3194933514266493,0.17205428191260863,0.31679045883074003,0.17175639344890378,0.31705133302314065,0.1726255144412127,0.32157972340200863,0.17713247781322727,0.3289720677027065
2018-12-13,-0.03847541779551081,0.16654005629865354,0.3041455698586589,0.16363566048807582,0.3020163075926514,0.1632537305385364,0.30236045610086265,0.16379288695630292,0.30616509843663997,0.16970472065616377,0.3162190677218611
2018-12-14,0.04636592055792556,0.15653004402120713,0.28521075204669044,0.15377015618277926,0.2831937545685738,0.15354227290899897,0.28347724087750953,0.1540706533418574,0.2870084546521957,0.15610536471945152,0.28996415805586256
2018-12-17,0.12540787110304327,0.1589929643526748,0.29315159178739614,0.15609870905403167,0.29103545203248066,0.15585399638235917,0.2911849129955797,0.15647453803842618,0.2949582835556603,0.15980494110410218,0.3004108159413137
2018-12-18,0.042321685082685835,0.18287736909487876,0.33953726116052707,0.1797542260273791,0.3372974639943011,0.1793153876707896,0.33732261314198936,0.1799916054535298,0.3421613894803007,0.17728385128330187,0.33607717148280963
2018-12-19,0.0,0.19171518669689858,0.352463585753353,0.18843899947785236,0.3501463166682889,0.18795445883720283,0.3501606206879002,0.18868878081500717,0.3555790519318125,0.19264108663439944,0.36149060571055863
2018-12-20,0.10387387558119997,0.18690809669144726,0.340824928610103,0.18322016298155142,0.3375445306286427,0.18201539248879667,0.33688894303004036,0.18279933084904837,0.341445366541546,0.18816701361924293,0.3511596840631411
2018-12-21,0.05917267076174585,0.20130036513572883,0.3714700657782991,0.19730731797025453,0.3682430956875716,0.19584148321782174,0.3673279952833665,0.19706454102915213,0.3739082784626693,0.19417970998783513,0.3671536544295561
2018-12-24,0.1806041524218052,0.20859439462090545,0.3834644533439143,0.204988741979482,0.38051033855868177,0.2037061172981424,0.37963164709119956,0.20495940895207213,0.38547405723369244,0.20604284787924482,0.3872444332001581
2018-12-26,-0.1706899932261744,0.2417116644576771,0.4471461871359043,0.23742831449339674,0.44359470934210743,0.23600915825092827,0.4425670738328902,0.23742601602735441,0.4492192157593584,0.2283746063526538,0.43254035979927025
2018-12-27,-0.014908343040254556,0.22193769118137052,0.39848821896322595,0.21810385635554833,0.39519563310328487,0.21691146351365173,0.39454033235736463,0.21785525022322155,0.40120025511892343,0.20594582004129058,0.37734038539918224
2018-12-28,-0.055588924386484335,0.20362243456318413,0.3707070469276833,0.20002381547209291,0.36762894981857186,0.19872786833250142,0.3669522477045984,0.1995711754129509,0.3725728088285231,0.20152490405940152,0.3751293919133359
2018-12-31,-0.10873796850122627,0.1885327807662746,0.3417546737192624,0.18509682764511987,0.3388399232712228,0.1839269077728721,0.33816013799760575,0.1847746831231843,0.34357950402927884,0.18076254964556443,0.3347018521977837
2019-01-02,-0.09052228949156267,0.16555140772480847,0.29854757065544546,0.16276581439809606,0.296269786371641,0.1613477047541164,0.29512560025136575,0.16264981120588487,0.2998560808388361,0.1524130478445241,0.2810711110087179
2019-01-03,0.0917017667267863,0.14571315777992896,0.26312398791089564,0.14323360812771874,0.26114361694593996,0.14193767983555056,0.2600614507734768,0.14310084651882485,0.26396360849180556,0.1341560675550804,0.24793085230819856
2019-01-04,-0.1742598373996326,0.15648111184061597,0.290128155277276,0.15437868861305307,0.28866926562476214,0.15250198314747312,0.28710111810147027,0.15380575842509647,0.29270120557416385,0.15152507698098966,0.2879784448440844
2019-01-07,0.0009350164309066464,0.14244364473519724,0.25451481659504216,0.14113373746987048,0.25369651570347995,0.13917171173520398,0.2520561317555268,0.14018941383221775,0.25774992112281847,0.1264467228996044,0.23050600769403395
2019-01-08,-0.0444305223546076,0.1286416657154315,0.23564172336338082,0.12689922664991163,0.23434294565923378,0.1255853006875015,0.23333716331562293,0.1264882648475265,0.23842850881383337,0.13071293220285793,0.24526413014832435
2019-01-09,-0.024228626452790673,0.1211742770953448,0.21976773510511624,0.11922063495785266,0.2182047418568007,0.11816005213651834,0.21746886159886927,0.11898057841750699,0.22135878732473396,0.1156885356954921,0.21472107698973875
2019-01-10,-0.024317307650706357,0.11308808644116697,0.20553266884912863,0.11132079732830537,0.20411812289626746,0.11055335386123591,0.2037548883271639,0.11089971175630742,0.20684818297939223,0.11020578769428306,0.20487265285979678
2019-01-11,-0.06954247303967012,0.10605790273168482,0.19270264649225063,0.10443219337014636,0.19145641619153897,0.10375515235582268,0.19110908916158598,0.1040522166196147,0.19272145301899724,0.102904009195145,0.19095353452244945
2019-01-14,0.04724442708229684,0.09641400932107447,0.17371145019020393,0.09521110658353271,0.1728516517994938,0.09436623546972568,0.1722891929128532,0.0946117937664489,0.17436195870465734,0.08887739971736223,0.1634118924576766
2019-01-15,-0.024954838893172026,0.10141479452998002,0.18751396097025058,0.09991033664242328,0.1864305265162376,0.0990181153378057,0.18579990731463383,0.09957841407517719,0.18818588588565532,0.09959797529604039,0.1882400361698919
2019-01-16,0.0233804486440635,0.1009502064802575,0.18378139384468917,0.0995838766442088,0.1827408776028256,0.0987730764301678,0.18237593441562364,0.09901216911145022,0.18490023079172424,0.09917083952350683,0.1844972193635488
2019-01-17,-0.052842481374379933,0.10365494882702929,0.1898856661244185,0.10151980103941538,0.18787673469676794,0.10102478973007493,0.18740239594087293,0.10108888843611571,0.1880518745066479,0.10306875943652369,0.19303577983085435
2019-01-18,-0.014501090690799844,0.09782258598622573,0.1763353303619935,0.09614423443827251,0.1748175199656388,0.09539441446539124,0.17406993917055402,0.09555132870048527,0.1750227787349777,0.09315854361021284,0.17150815880508705
2019-01-22,0.1557545294092328,0.09355583390730486,0.1701943291460464,0.09160496409619352,0.16850820918133574,0.09161268605182177,0.16859669956151607,0.09139531572312812,0.16828237794179238,0.09336886617049349,0.1737523875929955
2019-01-23,-0.06351340572232586,0.13244910059041112,0.24779296104651377,0.13023087507540418,0.24601428689008384,0.1295530925854817,0.24523961784649784,0.13001385869225887,0.24681266931450507,0.11808333466153409,0.22694257685528377
2019-01-24,-0.032806899471528234,0.1300829821274634,0.23494667262962998,0.12814295144310017,0.23333231621650563,0.12695397478294693,0.23220413990951483,0.1275295155027609,0.2341866298999612,0.12560194766536353,0.23201974060196157
2019-01-25,-0.0810137100890614,0.12129969758493411,0.2199817370751415,0.11941461292438774,0.21836284281425403,0.11870524409444223,0.21762574710210925,0.11897644769697646,0.2193987074542656,0.11816687042764057,0.21914066504139285
2019-01-28,0.0799543879561021,0.10785407843381883,0.1941758121033191,0.1064440536211923,0.19303106806770756,0.1055007539464885,0.1921464014568008,0.10597564973185257,0.19370145330845484,0.09970267923181478,0.18320712675689232
2019-01-29,0.01368442407170247,0.12004848606052733,0.222159375645927,0.11837721663480337,0.22081781327376174,0.11711838761737026,0.2197433435428348,0.11774717172556202,0.22177964080573723,0.1171221026573903,0.22168051705825345
2019-01-30,-0.07995558827634748,0.12698010348240207,0.2322166437849771,0.12476890297491572,0.2303818439309135,0.12443235544396285,0.22997362004664285,0.12475866627989655,0.23174073908726028,0.12917502825648408,0.24095116228944616
2019-01-31,-0.06370836373734234,0.1157492241220309,0.20838724536847866,0.11411159979540514,0.20701987149870987,0.11338069485413403,0.20622335343363285,0.11385482960954615,0.20823646469692275,0.11009626769256284,0.2018860056788796
2019-02-01,-0.02629316859666884,0.10294105360939759,0.18576858462924448,0.10141769554571206,0.184496135719886,0.10061255577042355,0.18366533132150448,0.10109995471381696,0.185336940058617,0.09826090720183041,0.18075643496788363
2019-02-04,-0.02573094577161635,0.09505655112681287,0.17290937969258482,0.09382495717143452,0.17192375674997817,0.09254871831941947,0.17069177298823054,0.09315990149094197,0.1722709796274382,0.09383336594936369,0.17438790631919077
2019-02-05,-0.010223731224279503,0.08990802178098281,0.1638118604129322,0.08860796575950695,0.16277124006567786,0.08762534828452465,0.16199125158550864,0.08801565146231233,0.16453507489755373,0.08827948578028406,0.16470507160273068
2019-02-06,-0.012278021768409008,0.08796234649853214,0.1604940490705516,0.08679426830830332,0.15953392998668925,0.08591647757765995,0.15866482658094572,0.08632588356681536,0.16048621254080023,0.08846160734366776,0.1648587436778699
2019-02-07,0.062382427305545586,0.08548929417796373,0.1559821968246818,0.08440423472367431,0.1551040266157664,0.08355233925422896,0.15432917651501016,0.08381426625168045,0.15638331452909884,0.0853068503096569,0.15908066098719423
2019-02-08,-0.04051660438198309,0.09865441373145532,0.1826892119796931,0.09733325358508814,0.1816456574351282,0.0959645002164834,0.180428563340543,0.0966762975386502,0.18345703598558546,0.09493625077235696,0.18005218721429653
2019-02-11,0.01577817522586049,0.09580435752724498,0.17398380194808413,0.09443856940201173,0.1729100564145429,0.09325816484454999,0.17199557211567465,0.09381132082421534,0.17460669886806546,0.09311531732170567,0.1732048374777877
2019-02-12,-0.03439829585185171,0.09635241390464139,0.1770349527906835,0.09498016544900668,0.1759517984347286,0.09376758857183265,0.175005111344808,0.09430552974777447,0.17762961650165932,0.09651963686066628,0.18166517783402444
2019-02-13,0.014157250611092754,0.09201608056946077,0.16768100440947578,0.0906037865898191,0.1666034400610963,0.08975529076266973,0.16614566916353468,0.09024270154040902,0.16862784057714347,0.08943178231827506,0.167013535295061
2019-02-14,0.03577413170110465,0.09254390342507167,0.17049488405099122,0.09103535777599764,0.16934383462771865,0.0903788954374124,0.16913189593199568,0.09074542837217513,0.17136727542197958,0.09266952091521738,0.1751808239714247
2019-02-15,-0.08421291991061974,0.10010400296734477,0.18519696962335724,0.09843284404545896,0.18394395218093365,0.09771395545447045,0.1836825706359792,0.0981767963764518,0.1861047506089436,0.09821226239296182,0.18651053847378507
2019-02-19,-0.002014099371701145,0.09154148469936012,0.16536135784193018,0.09005194515220534,0.16433495127059097,0.08955044128680228,0.16414236872901092,0.0900090459686229,0.16613968571907062,0.08555631299639764,0.15775587284045728
2019-02-20,-0.059533147798501836,0.08606126041421396,0.15885763311575068,0.08470622466425189,0.15791525726703978,0.08423309265360901,0.15771520070015516,0.08476182576072441,0.15972474020867503,0.08778852404289347,0.16537842912127484
2019-02-21,0.030901335124174777,0.08030934580999444,0.1455091173368938,0.07905859311947648,0.14452565754229768,0.07839443204222868,0.1441120057972036,0.07879411798584476,0.14613788568458072,0.075464039176542,0.14017295709956235
2019-02-22,-0.06795606475851125,0.08358881400866892,0.15488555855120054,0.08227057038921273,0.15382421759774736,0.0816007720055847,0.153434764072951,0.08190737173206022,0.15564777113895978,0.08426359225984091,0.16005156215533325
2019-02-25,0.09456971327660123,0.0781764161635748,0.1412004003225002,0.0770564704870637,0.14032760811442826,0.0762228125067461,0.1397502138064715,0.07669250744711487,0.14190912136901798,0.07366196860733709,0.1362554680628158
2019-02-26,0.021319928111732247,0.09922285175080983,0.18566127045584546,0.09785115539015513,0.1845797013088999,0.09667751629324445,0.1834418058654901,0.09750817625308372,0.18697499993895922,0.09725018692504042,0.18566861490094516
2019-02-27,-0.03147229957575032,0.10793947276883156,0.1986060670483156,0.1064954627503804,0.19747664187325997,0.10520746357592445,0.19624416452133964,0.10607276420816728,0.20023033594673378,0.11246383534887647,0.2107081186518328
2019-02-28,0.005427421735365015,0.10702657872450842,0.19533581155055757,0.10560600229040176,0.19431664540910062,0.10455544758783217,0.19337510468396768,0.10542133774692554,0.19609678787402302,0.10889016907988784,0.2026651276868411
2019-03-01,-0.08541344167327787,0.10496535568452192,0.19315726648900186,0.10353392494315583,0.1921285253734759,0.10243068742393513,0.19113251858264693,0.10330373906880536,0.19432642023815766,0.10941445267858882,0.20525560199848297
2019-03-04,0.0752127411852551,0.09479561516863699,0.17071021193900354,0.09350782023346481,0.16974842612563087,0.0924331556522503,0.1687543797381823,0.0932801587699762,0.17169805132003013,0.09090406194023247,0.16681457726782922
2019-03-05,0.007490671729157659,0.10702156642170886,0.1993161643393298,0.10509653277104473,0.1978913765784204,0.10401476725283926,0.1969086248354687,0.10516477453087245,0.20010760141101114,0.10840086648631418,0.20587096846075256
2019-03-06,0.06564035622806655,0.11082376435037686,0.20346702824116836,0.1091237183837924,0.2021814779665495,0.10766264659030003,0.20089568817499817,0.1088697054113284,0.2048539935945642,0.11679626442709731,0.21849025378597356
2019-03-07,0.05259486121309593,0.12361997903096877,0.2292064180742797,0.12178092052669422,0.22792524678545764,0.12031482917490574,0.22660622013189485,0.12154944790657593,0.23087876719387598,0.12436402304859964,0.23491940262613573
2019-03-08,-0.03309125462632822,0.13517943882764294,0.24972325851168914,0.1332590331885594,0.24837958940854793,0.13173285160592133,0.24699305777263397,0.13283376268554323,0.2514377535262868,0.1369116485368875,0.25755938344830503
2019-03-11,-0.11335360773594438,0.13094992259018495,0.23860225725309758,0.12911495956782065,0.2373184998553305,0.12754099431375315,0.2358811703235542,0.128562025514256,0.24028619048823077,0.1323156618609,0.24565192949420722
2019-03-12,-0.039862929099517073,0.11528491694212213,0.20681225150875998,0.1135357378060712,0.20554928915596526,0.11286046651854856,0.20505843536569085,0.1131687643804781,0.20760183492970488,0.11042353829732438,0.20150991421705344
2019-03-13,-0.026491615446976226,0.10336652212299999,0.1881612051375852,0.10192393892822096,0.18715289214415842,0.10138321682433656,0.18680027898867618,0.10165815161586089,0.18898439152797952,0.10350210228585568,0.19177657684299645
2019-03-14,0.006688988150796489,0.09735076042545514,0.17768651247538236,0.09602776692012595,0.17676869429583897,0.09542984640802102,0.1763470316875262,0.09573054161862185,0.17829489645492116,0.0981157449772,0.1822214896573774
2019-03-15,-0.04701396476817609,0.09883163864453896,0.18235687962428734,0.09766910417741727,0.18159667148551303,0.09686187239831762,0.18083276744027546,0.09777383972441316,0.1840010092122333,0.10184089578867107,0.190654087980774
2019-03-18,0.016936509530898255,0.0938756365115026,0.17126009188978739,0.09275137113520886,0.17055839708431747,0.09217984327654057,0.1699997960872251,0.09288294799343727,0.1725482842709506,0.09323178480401656,0.1726421087608922
2019-03-19,0.03451205230514368,0.09353813830226096,0.17298758413943652,0.0927289724125328,0.17244426902340299,0.09151875950840596,0.17139113404411851,0.09239843783015506,0.17432690840718465,0.09583791020247152,0.17994263982941203
2019-03-20,0.02548372342310198,0.1010856856765558,0.18685911016684378,0.09982873252241933,0.18601600965719522,0.0981002505019097,0.1845127844223736,0.09918738355188253,0.18759295527716358,0.10109241237997527,0.19049288191602926
2019-03-21,-0.02033476022691022,0.10882103272451177,0.2005408152523613,0.10722735206966365,0.19943960528864874,0.1057816102851946,0.19816492512641395,0.10680514204865502,0.20173640000723414,0.10943998161183197,0.2055622452312957
2019-03-22,0.18987427877288446,0.10561515501777023,0.19307751912841625,0.10430552877826967,0.19220498870725955,0.10255419785409073,0.19069093086620748,0.10364812702289442,0.19408259606642467,0.10608388855516374,0.19762459169331378
2019-03-25,-0.009143617498952032,0.1537962722017533,0.28958798038081973,0.15190866065375738,0.28841968267301954,0.1502436499154748,0.2871279373625322,0.15182693420905652,0.29185436963970696,0.14055128167100306,0.26981356019768216
2019-03-26,-0.10651788379600413,0.15660707268530905,0.28736192944384586,0.15470757109840258,0.28620367638938515,0.15280022944084312,0.2847277334175582,0.1544226460087417,0.29006972716435486,0.1632692650685076,0.30474975485576117
2019-03-27,0.031514508769008735,0.14068841261075454,0.25438004224422706,0.13890195113809853,0.25327030474640827,0.13752484393687342,0.25222534171755545,0.13867651830162062,0.25644026562283273,0.13569546613363503,0.2496383042460384
2019-03-28,-0.04869115916959869,0.13724357308269067,0.2533093388202193,0.135111535584991,0.2519898116071951,0.13436459129785708,0.2516520861550853,0.13471468510174292,0.2544790685109575,0.1404401388820585,0.26446193600547907
2019-03-29,-0.051183879211556364,0.1293544006835875,0.23635634925807195,0.12772658800037978,0.23548933895973573,0.1267491568490119,0.23481277350120522,0.1270652264104331,0.2372758167888559,0.12893802457687084,0.24014393509979418
2019-04-01,-0.022870786617357405,0.11818413864510027,0.21626628992832464,0.1167104497292684,0.21550712495699034,0.11576314104435813,0.21479406218906835,0.11608038753235346,0.21682285767184276,0.11674266477427933,0.21777520324797328
2019-04-02,-0.0029895388483660483,0.1121539665568818,0.2058439681837536,0.11093396652247765,0.20516071669016012,0.10915111821505878,0.20383949321009273,0.11029133253518414,0.2067126183837211,0.11269031797495523,0.21106984386669997
2019-04-03,0.028046118685703753,0.1087649720510495,0.20079980442151243,0.1074534789782353,0.2000688890157687,0.10664003188281207,0.199673463187648,0.10701205049096808,0.2019878456527161,0.11114834702597662,0.20920304667029338
2019-04-04,-0.011713164663653203,0.11278422476751594,0.2094638454215843,0.11060850623737803,0.20821392188567447,0.11053436609572527,0.20849660335418857,0.11049911853484028,0.2105096325771205,0.11299678604046656,0.21423687903855157
2019-04-05,-0.05759167063802611,0.11086695380435559,0.20493023749018843,0.10884729274701438,0.20380623223952685,0.10857579499140617,0.20375212103378051,0.10874746339487858,0.20562323326541132,0.11174256702021142,0.21069962973190912
2019-04-08,0.027694077581837222,0.10376314378483828,0.1893899956085049,0.10218884868719419,0.1884346488804172,0.10117850734694177,0.18779295605723523,0.10174586774478991,0.19037727325110748,0.09996288965873446,0.1862900114020828
2019-04-09,0.08015942783707708,0.10463594541347064,0.19483790824622038,0.10260472406119896,0.19366389270807585,0.10250594975205585,0.1939425683968262,0.10266437774039329,0.19605253536718492,0.1054556180415987,0.20038064826040577
2019-04-10,-0.0710959216837301,0.12299366676916527,0.2301338241941538,0.1206896412989715,0.22884751960280744,0.12039044156611454,0.22907128576574334,0.1203278897160203,0.23115857355808017,0.11907450614331307,0.22811126755637756
2019-04-11,-0.021277398447284965,0.11652480907729164,0.21292553265512673,0.11444476117149308,0.2117931204826826,0.11440773456919574,0.21196980412271013,0.11435733625880994,0.21412776100027733,0.11262294020910618,0.20991789106709913
2019-04-12,-0.08074700068853098,0.10859010003909172,0.20044780570278814,0.10672052817228471,0.19934887068967405,0.1063716428124342,0.19921404275470964,0.10642006302435776,0.2010196576497669,0.10814829691321673,0.20386428667982603
2019-04-15,0.025484322013481556,0.09780289640147463,0.17817249546176225,0.09605399373597584,0.1770663894274405,0.0958106101771076,0.1770120699257199,0.09582750929433308,0.17883683768434502,0.0920407491688959,0.17112358857877827
2019-04-16,-0.011428695823622857,0.0980649583243877,0.18244976218903544,0.09596121017080295,0.18116282583601678,0.09578216708493009,0.18117510817783805,0.09578191877303466,0.182994882628471,0.09891030751710998,0.18833153915518783
2019-04-17,0.033901551675681416,0.09712073912391482,0.17964328847566832,0.09528365336390734,0.1784472546665073,0.09489926644340363,0.17826583232662724,0.09502675899612223,0.18043302073496773,0.09779536675781697,0.18492477131166102
2019-04-18,-0.041318149330730976,0.10317284092934913,0.19213214035015777,0.10070729509692043,0.1904604297608112,0.10044796897965305,0.1903652209189413,0.1006235950142144,0.19225389764680828,0.10224866500462086,0.19493049607539578
2019-04-22,0.026929411878631328,0.09899354569388485,0.18202185656399236,0.09752742957563149,0.18107841005949965,0.09695277119032697,0.1806884254405617,0.09724529324108089,0.1827680821620217,0.09732694228357387,0.18228638402992625
2019-04-23,-0.011336153786336352,0.1009692949376767,0.18847674996172162,0.09928095364976182,0.18728237582357798,0.09849911776778027,0.18674853287275262,0.09884795558088073,0.1889445564617927,0.10131315003842369,0.19295038802767958
2019-04-24,0.06768909033746807,0.10004766968783468,0.18524334692882896,0.09832740271855372,0.18399986232583923,0.09731638883669752,0.18329855335709933,0.09778857230174152,0.18529952404131467,0.10043645708471946,0.18985683810484133
2019-04-25,0.008336539375766625,0.11355313883600146,0.21348254193680982,0.1112673355115506,0.21224349396786424,0.11095749206376265,0.21223667939955126,0.11124316469102936,0.2147547037420614,0.11141225028070637,0.21358282426061728
2019-04-26,-0.04003613986291601,0.11765193646796973,0.21878331953363322,0.11503939457098707,0.21738648221273443,0.11492569839633691,0.21753743621916205,0.11534093860747692,0.22018605802178803,0.11849275494481187,0.22528738958583883
2019-04-29,0.02941388520629319,0.11160832863150512,0.20575199037314082,0.10921028943953064,0.20448699129308548,0.10905153608650414,0.2044551414819529,0.10957651303075117,0.20686082167582484,0.11036950926796651,0.2071863573592295
2019-04-30,0.0007624857403343954,0.1118073053280261,0.210147859640876,0.11070846624065708,0.20957425140270083,0.1094362140978626,0.20880379050966347,0.11024134798571836,0.21143571798027516,0.11346720472320719,0.21650805336016304
2019-05-01,0.1204893972541265,0.11418754038829207,0.21241567849120765,0.11182158591439566,0.2110490765797384,0.11138961589720964,0.21088551651035162,0.11199397991240001,0.21347592794020023,0.11620276418691834,0.22023798098613104
2019-05-02,-0.026011048913266433,0.1406113527333554,0.2644812800241456,0.13739991270098062,0.26248254838758517,0.137184775959105,0.26254657890066346,0.13754886665104799,0.26593934354752935,0.13258844786611101,0.2551991094965325
2019-05-03,-0.1137171102487678,0.13930308958573426,0.25703178930548165,0.13714229489682941,0.25568106190849177,0.136215363494059,0.2552091485690912,0.13682108689325767,0.25868070073221355,0.13979333393439464,0.2630433745961674
2019-05-06,0.18206252298859477,0.12284274456720462,0.22293605031487046,0.12088585761536802,0.22158354440396102,0.1200290827209794,0.2211131602426323,0.12054810711506794,0.22396647490251106,0.114391398426119,0.21149245952222023
2019-05-07,0.22417928418774183,0.15732516728971968,0.2976144170781964,0.1543995726036942,0.29558869180588015,0.15331909555619053,0.2948868859418571,0.1541244561182817,0.299777290089392,0.1494942404332103,0.2886440399168742
2019-05-08,0.00413223728491037,0.22247335955072725,0.4157921094148478,0.21932098823525223,0.41372148127931063,0.21734035683346448,0.41222268361238096,0.21848088709938307,0.4184379361687776,0.21814265337002273,0.41546319107368634
2019-05-09,-0.01558473101669809,0.2241228597461944,0.41050965151215324,0.22049118191948713,0.4080082546415467,0.21877137522932813,0.40677120517786597,0.21961320398548234,0.4145648316088544,0.2340983248157769,0.4371253443206529
2019-05-10,-0.17460273261421583,0.21231623713685135,0.3881389615589997,0.2080912902556237,0.385088352572009,0.20685391872236875,0.38429211118977485,0.20756011345085879,0.39168045820718683,0.21660512785180913,0.40400106441734995
2019-05-13,0.24777533850387526,0.18410550283193888,0.3306275824900785,0.18077677475042575,0.32816527092350056,0.17944491228490025,0.3272727341498083,0.18008495748607842,0.33331875474457556,0.17851128065967065,0.32690564464376515
2019-05-14,-0.12916139295340437,0.22900329762683205,0.4278024111360014,0.22521474783967477,0.4250170723210714,0.22325630661855395,0.4237128192069275,0.22414995889394165,0.4330769938196156,0.22265705595568502,0.4242470321907979
2019-05-15,-0.0939821583608053,0.21786632867458422,0.39378994316105453,0.21519222947588643,0.39215554209547177,0.2141521375462519,0.39145676425431924,0.21507300030026463,0.3983267424455714,0.2218394112824476,0.4069161014197247
2019-05-16,-0.07251836968706304,0.19040366123740612,0.3452462276488397,0.18809896517064018,0.3437556557482539,0.18683713904334545,0.3429193890171069,0.18767321846623108,0.3475290639539344,0.19277550496643478,0.35497225643534586
2019-05-17,0.04288657208069182,0.16990018638936102,0.3085827774589633,0.16764504992985546,0.30704789649119807,0.16654185261533413,0.30635646819490175,0.16727862284810235,0.30988563291271043,0.17194383211096043,0.31732561242942275
2019-05-20,0.021692824611259754,0.16921299670366072,0.3118633106742195,0.16716178326421127,0.3105260545979685,0.16596200568596056,0.3097397539007975,0.16671096668272475,0.31367501055214186,0.1736154422711667,0.32491252534880843
2019-05-21,-0.08706711679622699,0.1712416898131418,0.314135362619683,0.16850241214350625,0.31221326130546884,0.1672543533252844,0.3113894282594566,0.16800956513229204,0.31542816311081495,0.17470918604521654,0.3261204766585444
2019-05-22,-0.013468217050866593,0.1570575034981387,0.28376734228959577,0.15427914129397702,0.2817400971892645,0.15317222193287638,0.2810222164635332,0.15378211654558496,0.2856594524641976,0.155441537164504,0.28604518984635463
2019-05-23,0.1372532713922485,0.14634982825408271,0.2672536944734389,0.14377002910899386,0.2653568573456665,0.14266278884040376,0.2646972262861235,0.1432848285825148,0.26986437061343155,0.1483281391152797,0.2759800750526946
2019-05-24,-0.06532685385478766,0.174351997754435,0.3235990991101977,0.17166216165169515,0.3216602982508784,0.17020085892922002,0.320634633799489,0.17094263194484452,0.32602512800446193,0.16838693904517185,0.31876867833153855
2019-05-28,0.09903138060617876,0.16844026994239558,0.30452324096610467,0.16515394580250817,0.3019543178725998,0.1638051421073721,0.30109516369845274,0.16457330390598476,0.307245431005563,0.16605146913296978,0.3067496428234606
2019-05-29,0.022599831917240777,0.17992449877430858,0.33299027481324645,0.17778872437896415,0.3316557976351286,0.1761900777654543,0.33051449150559625,0.1769798172794956,0.3366370785818082,0.17712958047434885,0.3338639032140702
2019-05-30,-0.0340942113429759,0.18449421882233355,0.3375948270862321,0.18140267697025947,0.3354913766260355,0.17985654853544963,0.33455357505179106,0.1808949289971608,0.34150683733158593,0.18490387901161662,0.34564381734976984
2019-05-31,0.07835163878226507,0.17485301842499099,0.31801878137938183,0.1718246108097181,0.3160648096959249,0.1712033335694845,0.3161225751282661,0.17176633532402547,0.321905903500261,0.1746179240042758,0.32381802793459075
2019-06-03,0.00798513691931305,0.1831945372394037,0.33799628560341183,0.1798985388521044,0.3359836165730481,0.17958038655843836,0.33614122568150046,0.18009515045010094,0.34227680820716644,0.1808725612040633,0.3400048271845983
2019-06-04,-0.1055961979591765,0.18328238220613652,0.3351953580221314,0.18009904844911667,0.3331954263180865,0.17953059988524242,0.3332373783355172,0.18009550668289087,0.33945048919054627,0.1840826146868007,0.3430432149160553
2019-06-05,-0.05324911824184309,0.16637914322721514,0.2997886749761631,0.16380468245814686,0.29800881308663596,0.16233329895623602,0.2969300647713463,0.16313413190527107,0.30316781554550953,0.15986407903300429,0.2933691504242432
2019-06-06,-0.009993837082334717,0.14917582423082887,0.27043236151180866,0.14663297300416456,0.2686615276519033,0.14582662249628328,0.2683732954962707,0.14629171139620548,0.27326486039068,0.14516619802966327,0.2683443530975443
2019-06-07,0.022960983890759512,0.14095255370709875,0.25699559663069915,0.13842996139895114,0.25525333071200135,0.13792823237064777,0.2551561021675531,0.13831178712327064,0.25946956686553957,0.1397771612346544,0.2597525289133775
2019-06-10,-0.022333434450647765,0.1413490844898303,0.25891722740593454,0.1389483346331949,0.25721318122047776,0.13849580793279873,0.2571264860322857,0.13881822932203675,0.2612283932392867,0.13934834977649188,0.2599184364738848
2019-06-11,0.00313185348379388,0.13637364966057341,0.2480198098506744,0.13407805284972774,0.24639229288394848,0.13361627196924883,0.24626274594306807,0.13394397279586415,0.2501809471380517,0.13390108375391574,0.24792243396209468
2019-06-12,-0.005015684496167357,0.13260776717517175,0.24162243852628795,0.12976334508733606,0.23931826525271468,0.12941918972058788,0.23921621108672653,0.12977961541905567,0.2428827925103327,0.13053817920723662,0.24245949439898506
2019-06-13,-0.005672880010187653,0.12861885051754085,0.23388850347602802,0.12537426967265033,0.23122082458544482,0.12540583589875,0.23134427165065502,0.12581518860511287,0.2346520385605298,0.1261057205475195,0.23377136350485841
2019-06-14,-0.03473017860113339,0.12497531335647304,0.22715606512046038,0.12155765335396454,0.2243534325973001,0.12174039394104916,0.22456092220113028,0.1221829833486667,0.22787945493277742,0.12189661556786752,0.2259666090401238
2019-06-17,0.004570690294831766,0.11782221674965511,0.21312435283146802,0.11463620010885549,0.21052596107211502,0.11483174116779446,0.21072467047431293,0.11527593934069458,0.21376109550068303,0.11285703040890008,0.2081579681756509
2019-06-18,-0.013114942077828018,0.11379619136191364,0.2072412480614772,0.11044000982775773,0.20453896122402296,0.1108347121832378,0.2047803428960135,0.11140833810806487,0.20713289795500103,0.11081587684003119,0.2057395624252381
2019-06-19,-0.05564529011529768,0.10818423917927161,0.19703325705373,0.10567533542755977,0.19496026829289978,0.10575280459729333,0.194848058725354,0.10634294701798516,0.1973243366024639,0.10492572465186076,0.1943674327254122
2019-06-20,0.02888784094574829,0.10008674420383076,0.18070082051933262,0.09773959393850497,0.1787190361255959,0.09776644418766767,0.1785938203949885,0.09829113890351732,0.18088680802401172,0.09477529909421546,0.17391410849907882
2019-06-21,0.04312442663375462,0.10319172540405477,0.18935984267003697,0.10069460619601997,0.18720832312283078,0.1005928370678179,0.18700184948940535,0.10125188657569441,0.18908187521015574,0.09951681165471299,0.18586237792766075
2019-06-24,-0.009132483563272587,0.11435870920961286,0.21012921761910197,0.11150139191639839,0.20768039772571215,0.11141043000989911,0.20744966847702492,0.11216996374199922,0.2098638333636968,0.11006453750472395,0.20591971833733935
2019-06-25,0.0647023347180834,0.11283093514162046,0.2056037130118924,0.11009581039714422,0.20328385947429137,0.1099547030712754,0.20300282428009453,0.11079472015718382,0.2054147150087886,0.11101685944225599,0.20590506240317935
2019-06-26,-0.0043090248268094706,0.12680870422325208,0.23362376537546975,0.12338092721387914,0.2308742569362277,0.12360246638710795,0.2311117321265167,0.12427995057262609,0.233091947718898,0.12110187457131723,0.22774939382186704
2019-06-27,-0.024353373408077007,0.12496402123290064,0.22860701125435523,0.12329925751790666,0.22724879815680427,0.12323988577152001,0.22795461367467937,0.12309498305285628,0.22811761270142258,0.12403456468960793,0.2304024734161823
2019-06-28,-0.04790559975969786,0.11854179361966004,0.21631147938262457,0.11696600699601568,0.21503391998352941,0.11691423025829646,0.21569745881734692,0.11678596917964307,0.21593116839356138,0.11636933652561433,0.21555752154820013
2019-07-01,-0.07003547619729111,0.10996711785792826,0.1997300989142053,0.10843239978099518,0.19849908402412794,0.10812461275256935,0.1988062169185457,0.1081717213044858,0.19952486169416886,0.10571381213701063,0.1955513212895519
2019-07-02,-0.08378369359875283,0.09833677948145558,0.1779359636165924,0.09686607718149463,0.17680310133297758,0.09680509388881899,0.1774743879410269,0.09679361155247788,0.1773855936640938,0.09311914748949408,0.17152728950073054
2019-07-03,-0.028237170181609997,0.08567976664665355,0.15446920254938454,0.08424183340126885,0.153415410532675,0.08456652880405086,0.15462223878154746,0.08430814761730465,0.1541732474175049,0.08062902334365862,0.14778739779668842
2019-07-05,0.054946121446131695,0.07809014536042291,0.14290042744352088,0.07680965237835671,0.14200699713852372,0.07699664544313761,0.14295204308202158,0.07678004917891998,0.14251085574477032,0.07539302514217439,0.14046477389569664
2019-07-08,0.04993695328593881,0.09078682282503181,0.16950321324675613,0.08910600596325302,0.16839521670649676,0.08919452151297116,0.1691673978955377,0.08921495565511625,0.1701051272033242,0.08718067187837614,0.1660398405148436
2019-07-09,0.00926922857636247,0.10502552416221994,0.19569498155776904,0.10323795440739915,0.19461877676442063,0.10350392335680889,0.1957507675604651,0.10348361761353302,0.19669080120123517,0.10298004333790868,0.19543338252253611
2019-07-10,-0.07821093477383509,0.10865379143994121,0.20067750511827456,0.10653679257482886,0.19936746863936267,0.10683673212958505,0.20046480578264014,0.10687007475542973,0.2016007133242322,0.10846396399829965,0.2042080249338337
2019-07-11,-0.007704198352987564,0.09936552158064943,0.1804582338150919,0.09749263444426487,0.17936039221445457,0.0979151077957396,0.1805671172024769,0.09786703613627339,0.1816826680741418,0.09630693921140027,0.1782394473658093
2019-07-12,-0.04266049714271494,0.09356789276278604,0.1726631159495059,0.09171119052269201,0.1716305109992684,0.09228362144892481,0.17295215734193653,0.09213471951129241,0.17444828274360424,0.09384591043504033,0.1766273922735816
2019-07-15,0.023136253368028808,0.08802520852797063,0.16120349309128748,0.08636347392928574,0.1602934136196952,0.08689041509748728,0.16156656678657597,0.08671777546503445,0.16285221110783493,0.0864302200133034,0.1613814011711158
2019-07-16,0.014095769800393376,0.09069422069816875,0.16846729076697106,0.08879175839271759,0.1673573237613593,0.08934071039207923,0.16867116307211397,0.08918207503243611,0.1701348537476708,0.09050452517216963,0.17160155689776094
2019-07-17,0.08279045445939719,0.0948228967837196,0.1757357709853488,0.09342962346326028,0.17485441435753665,0.09333590701661182,0.1754906423986572,0.09334918433728204,0.17664951814749708,0.09479477435081267,0.17899566492780797
2019-07-18,-0.03200273108617384,0.11532017885857043,0.21554739435722461,0.11306791458888381,0.21412170731363894,0.11352291680310822,0.21545660511406883,0.11337123904487438,0.21675481858655363,0.111642475081297,0.21298940627088078
2019-07-19,0.0657849723757446,0.113206243647678,0.207855643911704,0.11165278540335803,0.20699401858022792,0.11185463558923972,0.20815752276471625,0.11160571975560836,0.2099616906821099,0.11345568538816236,0.21213811522953732
2019-07-22,-0.06578497237574447,0.12317042911850132,0.23088633364918443,0.12180867436109931,0.23026044954216787,0.12209534404514771,0.23153247456610146,0.12193220979693456,0.23370378516325055,0.12211800548438094,0.23271856441267252
2019-07-23,-0.07041929220586848,0.11778092081753005,0.21514547496151654,0.11619312512652803,0.2143625424286858,0.11662796133403816,0.21568927244610694,0.11638264859640214,0.21739529356351672,0.11633232050652303,0.21632192501611475
2019-07-24,-0.04376711486738801,0.10517625156878513,0.1917761074379472,0.1036397297469887,0.19099901097940633,0.10419091123139028,0.19233389123636813,0.10393786839289626,0.193714534388228,0.10282279831321828,0.1908202534536759
2019-07-25,0.05402361503457719,0.09555073948695438,0.17526995807552379,0.09415221190483891,0.17457165876675396,0.09467563258317639,0.17578423459277162,0.09444488330324514,0.17689639516598393,0.09435503982165398,0.17616160569258085
2019-07-26,-0.0465947736059963,0.10349591233394989,0.19459081452747776,0.10253132203573856,0.19418379336051259,0.10300097146046483,0.195407136261705,0.10274427389390826,0.19682827009541792,0.10327276530754304,0.19701889275880766
2019-07-29,0.05363430208952412,0.10061578480730345,0.18498243492107183,0.09976418255377915,0.18468134461135827,0.10010763246023269,0.18570232519721305,0.09989487497241212,0.1871384456187624,0.10067623708195138,0.1878251038663658
2019-07-30,0.08297622670483266,0.10791299644538663,0.2029759025903434,0.10700083413336102,0.20253328104943172,0.10734589908733312,0.20353468569995087,0.10715298825099172,0.2053242264312343,0.10818992990870469,0.20629743614014312
2019-07-31,0.1452983317461045,0.12863004289869473,0.24124268219524198,0.12695412611179038,0.24025669748161252,0.12736875139641132,0.24162703156144594,0.12690754052135134,0.2436677956612664,0.12709410174888108,0.24243622431489553
2019-08-01,0.10306259209285434,0.16670002690237515,0.31308281278798433,0.1656716433945881,0.31249138426687706,0.166262441025759,0.31469169112518314,0.16576375352685818,0.3152290049388305,0.16387942922536955,0.31180398099592194
2019-08-02,-0.014656406663221957,0.1912066786496807,0.35569147256898254,0.18904794875023703,0.3543979703072171,0.19034655355813462,0.3574935195361668,0.18974232265230803,0.3577109135031802,0.1935864354985915,0.36521316335299886
2019-08-05,0.3338729337199865,0.18431442163849726,0.3388093035369094,0.18219070940586107,0.3375495510500853,0.18325638053967652,0.3401139222499298,0.18269483211240103,0.34067089374733345,0.19151498805961256,0.3571173002262588
2019-08-06,-0.19814350426198063,0.26595288442347204,0.5037662778950582,0.2624805188152808,0.5018836188231927,0.2660381317990445,0.506111903952868,0.2656179609320347,0.5075233507672953,0.2425980807310288,0.4656569644562804
2019-08-07,-0.034294838446651106,0.24544890828458055,0.44560359335575633,0.2426640358216809,0.444043898923054,0.24567051623021402,0.44783197879644965,0.2451759312980735,0.447898001461532,0.2409154824298254,0.44114363837232645
2019-08-08,-0.14199635060898044,0.21584464927841884,0.39794325825703863,0.21327194826681356,0.39655056790992144,0.2160824816481625,0.3999591860232662,0.21560949893734682,0.40001288614602154,0.2187708209377851,0.40721477353006724
2019-08-09,0.06079853788497872,0.18909393155590196,0.3441945479353453,0.18705096855427525,0.3430467148124062,0.18929100177928845,0.3459113900361219,0.18893724936305584,0.3457431655330401,0.18382483375148226,0.33747195398635266
2019-08-12,0.16009529369521552,0.1856808519564094,0.34596537039316305,0.18410766909683546,0.34521025088897445,0.1853734466040388,0.34802567331063555,0.18504428741763967,0.3493551215896993,0.18499385993652417,0.34941480611879117
2019-08-13,-0.18545590898243783,0.21803159336867028,0.41154325112248863,0.21615595309877034,0.4107261872175977,0.21742407917469442,0.41359890632112717,0.2172062289726431,0.41611624518962925,0.20537356541212407,0.3947392223112086
2019-08-14,0.2322345230154619,0.2039845349256733,0.3710871343820207,0.20278671634867373,0.37035397862243413,0.20447952610845735,0.37306099445287316,0.2043951824625954,0.3745955706500165,0.19584653235538765,0.3592896991516145
2019-08-15,-0.04252026835044681,0.23832402660726537,0.450671203835922,0.23560173365657494,0.44939015113151215,0.236504804756555,0.4515516681093253,0.23655222098848866,0.45800711517926096,0.22241936213320768,0.4289005295867527
2019-08-16,-0.13690954596211183,0.22869515125263454,0.42008152636252466,0.22549590751983994,0.4187063832273173,0.22663795239083318,0.42026046089778873,0.22767334442251588,0.42532315944536975,0.23671562700602578,0.4425788943186801
2019-08-19,-0.09001830504333753,0.20146434710898123,0.365843910758175,0.19898049285903888,0.3648390640486934,0.20091721224493853,0.367512705721051,0.20124905399932427,0.37024603249554644,0.19813176197107105,0.36502567386168144
2019-08-20,0.03607139176165744,0.17546178775239574,0.3206715282367339,0.17341800944287086,0.3198523188819395,0.17518422298641506,0.3221022950449008,0.17538997542475834,0.32456438861800607,0.17368375277210452,0.32174397332705695
2019-08-21,-0.10219094089654719,0.16781993984757992,0.31226284491863987,0.16546813906380067,0.31121060343753015,0.16666541950079694,0.3125179221761889,0.16738613681762665,0.31611974178936914,0.17015507342320813,0.32185166560922807
2019-08-22,0.05420045689767944,0.15575803381754574,0.2842052576762141,0.15552161453950322,0.28417791527579717,0.15575437709426246,0.285362282995725,0.15594208991151684,0.2889049478206081,0.1523521722340919,0.2814077056561919
2019-08-23,0.1750006596331249,0.15183998133694065,0.28430360887078665,0.15028172072450585,0.2835570167985979,0.1512656713892553,0.28493598995673275,0.15197386284640163,0.2875933727132465,0.1519685865769186,0.28915699730350086
2019-08-26,-0.028070227779353526,0.19450809064691557,0.3682042533925612,0.19221064702877858,0.36701982434996006,0.193943970954092,0.36917584776121276,0.1945990381054573,0.37229723779870727,0.17864454031431254,0.34445259347391477
2019-08-27,0.04997254680792123,0.19064382958744752,0.35162620133247885,0.19041447152625307,0.35167708035481043,0.1908872392434492,0.353514191123379,0.19121533881590821,0.356062785541031,0.198886550909846,0.37185132749237243
2019-08-28,-0.048420956116502364,0.18870355595608693,0.35106915535817407,0.1867779592950982,0.3500250351775405,0.18814659413804086,0.35194548182768803,0.18876233623936794,0.35495724254420735,0.19028903549295056,0.3594028055761748
2019-08-29,-0.0790096497304228,0.17703975913399503,0.32502997773415293,0.1757613976540669,0.3243982600768593,0.17688993559244875,0.3264051811596683,0.17730985623276324,0.3289058961542907,0.17865963949913607,0.33267300380032566
2019-08-30,0.05970302343641376,0.16057758412820278,0.2928173686829671,0.1587848265885686,0.29181508927711713,0.1598839320024059,0.2931528857049451,0.1604934432254888,0.29577062479212396,0.15675219151573253,0.2896846964290278
2019-09-03,0.03520032153723869,0.16160127380914904,0.3009948824433158,0.15948703015189797,0.2997502359868392,0.16061825396909485,0.30123616899306016,0.16108909539054944,0.3038404091255844,0.15863383240484064,0.30041093131425706
2019-09-04,-0.12614701099150588,0.1655394648237253,0.3070440882549839,0.1631810776353867,0.3057072929088505,0.1645003589423705,0.3072975496492551,0.16503615375822492,0.3100527316569469,0.16470088010357734,0.31054458339377555
2019-09-05,-0.06311618249656815,0.1519498253143798,0.2743145354006417,0.15051888468970565,0.2734429579302481,0.15131349877208872,0.27476305717300226,0.15155475247896952,0.2767055522624657,0.14392565111706657,0.26295553518674497
2019-09-06,-0.08127272012873638,0.13373334661468442,0.24400755606213242,0.13265857967564368,0.2433566151793677,0.13329735999313105,0.24461983471447163,0.1333013831963746,0.2459221076066198,0.12877669808054218,0.23803349458585646
2019-09-09,0.017839918128331016,0.11989636614531046,0.2178264038878595,0.11917626745593513,0.21743750196330716,0.11945763722937067,0.21830523524453344,0.11939641576518877,0.21930858865438638,0.11326539718803778,0.20832242047732477
2019-09-10,-0.004594691378310417,0.11509685134319643,0.21371262759757723,0.11422758790995509,0.21319339325326964,0.11465915046477605,0.21414309305311527,0.11471881743255176,0.21543786336859966,0.11474022808713602,0.216181517746703
2019-09-11,-0.039589202089622626,0.11295718610418422,0.2085481943638258,0.11151283863755676,0.20773613253856318,0.11260771539853563,0.20928796501876124,0.11242764073717014,0.20973249474852199,0.11322078376315364,0.21230877666777284
2019-09-12,-0.02705680138751319,0.10613137490431901,0.19486819552014356,0.10505279969114521,0.19423572572644784,0.1059278119074283,0.19587987608808824,0.10594565760048487,0.1963381484380408,0.10341413730947092,0.19280073115791832
2019-09-13,-0.03433813758089157,0.09956611373011763,0.18331448203515405,0.09864781697472937,0.18277262881867556,0.0994189337203692,0.1843480209586959,0.09935879206305191,0.18442134606984023,0.09735488981845286,0.18200335637725196
2019-09-16,0.06549330536068707,0.09376010375290422,0.17243894510655783,0.09280185903137445,0.17188452901040852,0.09348401961686129,0.1731470728875027,0.09361916620250417,0.17359514710607235,0.09083422547854028,0.1696998590546723
2019-09-17,-0.01580245869021021,0.10709997048372617,0.2012949695867313,0.10550589087318694,0.2004836874550455,0.10647858595583191,0.20176889207343396,0.10675379023149427,0.2033278941508106,0.10016479753835411,0.19208784100769605
2019-09-18,-0.034522625197305604,0.10682860878376323,0.2002325864034918,0.10588823681750031,0.19989176356221075,0.10709491784468471,0.20155045721573928,0.10724903231100268,0.20389169611429428,0.10895832772143624,0.2070796110197781
2019-09-19,0.007142887512380204,0.10159669369649206,0.18881253657509872,0.10050004069853694,0.18838207061799297,0.1012547579597334,0.1895691881039479,0.10163377570584886,0.19166554027406552,0.10030344982155687,0.18955549593572282
2019-09-20,0.08653676853269039,0.09886533652920297,0.1846521551053527,0.09785959436583153,0.18415659408716378,0.0979811007408958,0.18472450863176573,0.09870337569228146,0.18713800232129937,0.0998671095527964,0.18994224972887827
2019-09-23,-0.027127035535798243,0.12015659510000837,0.22626765016741873,0.11858275127136896,0.22541644519364643,0.11932536192616562,0.22671291382638978,0.11976647638488097,0.22749034470241422,0.1107161791233003,0.21321622562992906
2019-09-24,0.13411807495287872,0.1190482742924013,0.2192890842395011,0.11780759755373581,0.21858787569479216,0.11889695722366492,0.22012837803016988,0.11896694021477927,0.2202643964355182,0.11916466002724121,0.2230032513059587
2019-09-25,-0.06606461170786312,0.14766162824303752,0.27947799511479676,0.14669020433687183,0.27880350293203354,0.1474062399266131,0.279329294642536,0.14796894116293388,0.27977619337639903,0.13454209618087282,0.2584747953139404
2019-09-26,0.00686858772775858,0.14438941989443196,0.26381015976218763,0.14468875121707567,0.26393007216894915,0.1444812049891946,0.2638905242459759,0.14475721028893984,0.26421007883556386,0.1430492180914465,0.26349768353940917
2019-09-27,0.06911731925016337,0.13643571943359908,0.2533655659508512,0.13724157408818682,0.2537705529629209,0.1367324758927795,0.25344135783258204,0.13676788716146285,0.2538313583177374,0.14003038874825846,0.26184472254671476
2019-09-30,-0.05859416426605282,0.14804198437900545,0.27779976758415686,0.14848599515770436,0.27802627845651573,0.1479579640848784,0.27771457845145275,0.1478841749448193,0.2788891207804934,0.1437666443953093,0.2724954919005165
2019-10-01,0.13353139262452257,0.1426589948312493,0.26073341457104177,0.14284992909320593,0.2609043583551308,0.14228545057834585,0.2606006348635725,0.14225187805698475,0.26155070349070675,0.14010072550286148,0.2585801015054627
2019-10-02,0.10233871322890992,0.16345395543243454,0.30888187037830567,0.16364157302764398,0.30914100837122804,0.16301592572859405,0.3087919473858958,0.162692136155709,0.30973722341409327,0.15264036425424593,0.2922654424348863
2019-10-03,-0.07261253296370898,0.1894010424172908,0.35565053294864696,0.18948360225326016,0.3554207927132861,0.18969101882534412,0.35580111466273073,0.18959809798400762,0.3572019318296704,0.18646256418438564,0.35285151709477725
2019-10-04,-0.11517138622208563,0.18079377117934886,0.3301596175255608,0.18070087612260777,0.3299235521901136,0.1809680819972764,0.3304859939211557,0.18078469222815577,0.3313130271115321,0.18303030491163821,0.33662457479447655
2019-10-07,0.04700005404718329,0.15748328980317144,0.28438376019343964,0.15785240886426605,0.2847480042046623,0.15717470754729967,0.2843147661433407,0.1569081526068898,0.2852903090151538,0.15395317377246764,0.2801334992726566
2019-10-08,0.1270716032746296,0.1529860546110144,0.28500931865189316,0.15320954393913905,0.2851878979487761,0.15259930972753122,0.284773441724021,0.15230040227645447,0.2857714556807529,0.15469062912677187,0.2908060222639681
2019-10-09,-0.08432536946553726,0.179599897609552,0.33719207812254914,0.17919377067386158,0.33686321856514584,0.1785932891888184,0.33648139398810495,0.17801061773975482,0.3380488513448855,0.1719949681461813,0.3270029509937586
2019-10-10,-0.059116907058439326,0.17348954267246333,0.3140902743181838,0.17315039006017105,0.31388186709776494,0.1725903713275745,0.31357241411244124,0.1720599424150016,0.3148140058462607,0.1723089603296866,0.31512267813168404
2019-10-11,-0.12020486175640367,0.155283765358709,0.28188352629951613,0.15486769978176568,0.2816654254698903,0.15443330622925974,0.2814776755759016,0.1540153745527887,0.28252321553572196,0.1536064854454052,0.28195513897553526
2019-10-14,-0.06702342023548868,0.1344750822215183,0.24085382087692228,0.13426165276224666,0.24073751426965018,0.13366209385701036,0.2402191079786179,0.13332965750770712,0.2414365074178811,0.12795259089972236,0.23103579825016618
2019-10-15,-0.07331635272298458,0.11661676442641056,0.2104948581567912,0.11577937152039419,0.20993547621702002,0.11518738431578016,0.20935967541819975,0.1149218287918098,0.21053424221509373,0.11170913089125976,0.2041896561103691
2019-10-16,0.010286644710275525,0.10229792326329777,0.18460223579941443,0.10207963586381386,0.18449394299939118,0.10151795461307142,0.18390859906586599,0.1013754131605817,0.18508467569925446,0.09743150484554673,0.17748495793341917
2019-10-17,0.008008779610806047,0.09758555375056474,0.18038664468649251,0.09740006318040115,0.180252368256877,0.0969450137152179,0.17982405780029398,0.09671630721114921,0.1809013060299864,0.09802353973149204,0.1831207729608089
2019-10-18,0.03281321490944922,0.09979712740157858,0.18384252366778642,0.09908548673846534,0.18334409870376156,0.09865824372131585,0.18295373215567093,0.09834850804201073,0.1836625564167296,0.09934179612358729,0.18541107993784497
2019-10-21,-0.017699577099400975,0.10661736047973339,0.19755700513361224,0.10576624676879724,0.19694686874768966,0.1053390098746953,0.19655527939752881,0.10499511119013193,0.197261969488749,0.10405079711510522,0.19549763966515873
2019-10-22,0.03232888711536007,0.10587653513698495,0.19357657616779064,0.1050707452484457,0.19299597757771164,0.1046821545851827,0.19266669798346647,0.10432760274321798,0.19328546667496124,0.1052106694993941,0.1948425244035333
2019-10-23,-0.03161485638170311,0.11061588994665911,0.20449757811072775,0.10901562673297485,0.20327361708731267,0.10876015155818707,0.20304991628273125,0.10833592231009025,0.2030121755178553,0.10776530401028662,0.20249669186189834
2019-10-24,-0.02164586677469255,0.10800621162655155,0.19652145959406947,0.10649705089344806,0.19536973119133955,0.10626937311585015,0.1951710248673829,0.10585755846035448,0.19507031055334384,0.10569037327402545,0.1952121434893834
2019-10-25,-0.0804682784006938,0.10213921547624398,0.1864683890025792,0.10116160311527712,0.1857393377974878,0.10084459261425975,0.18547470310792716,0.1004862041902236,0.18586186618296582,0.10043851054031708,0.18584878958812256
2019-10-28,0.035718082602079246,0.09126142598749382,0.16362958764883856,0.0900354593371218,0.162706453422352,0.08983660530470251,0.16251590703435972,0.08951078616754649,0.1627547862994329,0.08524388910002806,0.1548315415460062
2019-10-29,0.006841531816716784,0.09219675046469021,0.17162602850748804,0.09115255476237252,0.1709104446068994,0.09065576214710375,0.17045636514262763,0.09036672106248834,0.17065388539740142,0.08974068048952591,0.16986177386929366
2019-10-30,-0.06818151241607213,0.09606840881420306,0.17741438883288058,0.09538528702611777,0.1769487653483582,0.09501407393299319,0.1766870407962768,0.09470187095815277,0.176856801578913,0.09659726138807397,0.18082889868944552
2019-10-31,0.06969551724728738,0.08886487840192825,0.16017845875294692,0.08753707605477373,0.1591834579018044,0.08736430286397479,0.15902901709306025,0.08708394598256472,0.15899388546053134,0.0848674821648416,0.15526193279754189
2019-11-01,-0.07213157204516843,0.09944502534084093,0.18636580489628954,0.09803530673932442,0.18533373227862515,0.0976217615332171,0.1849762865062929,0.09726350181943631,0.18546607099774667,0.09503743067521075,0.18141004483143516
2019-11-04,0.042186916249173145,0.09685177658824742,0.17413468900483506,0.09551213852687779,0.17325061107048945,0.09519292756430092,0.17296889089191467,0.09519851662571038,0.17357997127233651,0.09405210023003642,0.17179542936833617
2019-11-05,0.020826051579560797,0.1005454024645482,0.18692223581588485,0.0991349354072066,0.18581940723067988,0.09831380416124795,0.18504141566999227,0.09853344273595002,0.1857047409991547,0.09924161785802087,0.1884714641589515
2019-11-06,-0.037329373094038755,0.10670343881584027,0.1970086072720431,0.10519184590487907,0.19592395976738522,0.10457069575480936,0.1953963105147535,0.10451502272368929,0.19607943975999045,0.10755500259433427,0.20225993609876786
2019-11-07,0.008678555456248249,0.10318010589862847,0.1874890235682334,0.10199988340704923,0.1866951802843357,0.10122336918967174,0.18600494475857046,0.10119578046039417,0.18668307989147093,0.103260956990474,0.19086333537096273
2019-11-08,-0.053238377459875044,0.10013344214676152,0.18510439931758452,0.09894830145100891,0.18425112354530582,0.09858178872010116,0.1838857065078509,0.09841423240565346,0.18434177585370967,0.1022636181747884,0.19182563519463114
2019-11-11,0.050091246616856135,0.09446641988702145,0.17139103179912854,0.09343597612741808,0.17067111793204354,0.09301222725710488,0.17021425249781827,0.0928656828505303,0.17062845484510222,0.09332979761423303,0.17165378616164534
2019-11-12,-0.0007883327172164291,0.09911900171843234,0.18637346744899194,0.09847251126095596,0.18596727007707514,0.0978618712635946,0.18545679128441317,0.09753793927368161,0.1855017080439787,0.09811728980973139,0.18703409873430057
2019-11-13,0.024923408452456934,0.10245974629402811,0.18987579429750326,0.10178197126312995,0.18939154503211966,0.10137429270396577,0.18920759921122968,0.10091871769543342,0.18899118930361417,0.10550830010641045,0.19790846541612964
2019-11-14,0.003838776307165667,0.10636938832024699,0.19857212498468907,0.10550400493435726,0.19794120965921436,0.10514233225300547,0.1978039919243483,0.1046351671256295,0.19748805984095003,0.10725698718502857,0.20283208788503007
2019-11-15,-0.0797234738320384,0.10803870966244206,0.20078851670532977,0.10728160510406504,0.2002746094559943,0.10689738834826037,0.20010417968742794,0.10637127619924383,0.2000967718537115,0.11030971382922888,0.2075083203598855
2019-11-18,0.03345885342264318,0.09932242694819576,0.1800688532758691,0.09864812607086196,0.1795966952924335,0.098343305476243,0.17944301549516073,0.09794381522074529,0.17923879816828373,0.09678097247940737,0.17738056189869808
2019-11-19,0.03159820545016623,0.0985784607605167,0.1851329132100072,0.09773619832511377,0.18453425947384172,0.09747937173522127,0.18447876911852584,0.0969994457466115,0.18437070618175067,0.09911757179065671,0.18868357341628145
2019-11-20,-0.006240269860084623,0.10650822237671694,0.20018668754879335,0.10589962560515832,0.19971092734705315,0.10584766109998783,0.20023566391686412,0.1051378616318555,0.19960358178897641,0.10712890991100334,0.20378061221910537
2019-11-21,0.027018239365316134,0.10749349540910023,0.19971259899523613,0.10686102841616592,0.19926321753776147,0.10643595171641403,0.19900985498347243,0.10605966843853407,0.19912533753732156,0.11061066480357859,0.20795622481753218
2019-11-22,-0.062053669837463084,0.11093226298284717,0.20791522369593435,0.10991077778594319,0.20713495878027963,0.10985911161289307,0.2074418745136574,0.10941562092807551,0.2072790424986238,0.1117034177089446,0.2121402795315669
2019-11-25,-0.038831809855665186,0.1056761480830738,0.19324380299579227,0.10485503981386929,0.19264223967669153,0.10500477796114288,0.193270099239113,0.1042867399707774,0.1925394442020103,0.10417231528297728,0.19256028411982953
2019-11-26,-0.028194947541623175,0.0961976777408247,0.17695312836823374,0.09538560668376726,0.17638019795092874,0.09546425012229033,0.17690504314666497,0.09480554633342395,0.17597064043204885,0.09527416761140525,0.1773692596801201
2019-11-27,0.018033979510214532,0.0898202110084797,0.16603890162796378,0.08933112052315212,0.16564421071827864,0.0894868764629685,0.16634565414404917,0.08885702691718897,0.16558757451685635,0.08982613609065923,0.16775111546935256
2019-11-29,0.071429616522899,0.09131424026944528,0.17114119861470642,0.09047678186359709,0.1705640349463607,0.09070743174857153,0.17122040969202032,0.09014290566437037,0.1710326105988839,0.09189806835157543,0.17438671136890574
2019-12-02,0.16674927166358008,0.10744841498715907,0.2034649615134786,0.10657168395887032,0.20283267773521874,0.1062572478805936,0.20261607373360957,0.10579588238927369,0.202688447265701,0.10319618806678196,0.19833593586079254
2019-12-03,0.06805346324501578,0.15441212246944078,0.29347717523086364,0.15222953910658185,0.2915998230605683,0.15156561603268576,0.29164011098595977,0.1511671564504774,0.2925123055712089,0.14116860255103741,0.2752698096215239
2019-12-04,-0.07545841125159339,0.17621483000060614,0.32749197551653436,0.1728907696006045,0.3247676345660829,0.17229607771625763,0.32436319570472827,0.17254179274678197,0.3270489914880178,0.17702509126580782,0.3360457875849139
2019-12-05,-0.019100171373419378,0.1658779220106672,0.30159851462999315,0.1621467010687796,0.29886380475093755,0.16286313293651322,0.2997783930641951,0.16254910115445473,0.3009027185212799,0.16902743237379778,0.3129758901894627
2019-12-06,-0.06398770867528374,0.15281582896609705,0.2810310108801769,0.15043471471513686,0.2793476060436809,0.15039666048185205,0.2793626682110883,0.15000338800166818,0.2797825949060277,0.15808875623339563,0.2952239617444258
2019-12-09,0.15226091548533557,0.1402869502238688,0.25562600232002636,0.13800138166682907,0.2540199660921796,0.13804249674514202,0.25418928773829425,0.13768214151864305,0.2546695028892626,0.14202954447078353,0.2629200735285265
2019-12-10,-0.011414201284440123,0.16757381139376729,0.31513698449231026,0.1639765425166149,0.31211867823444,0.16448889947723214,0.3128231103591275,0.1641397710900409,0.31463990061135844,0.1599160547268688,0.30675704283879063
2019-12-11,-0.04500270280775544,0.17063948169898344,0.31284796675294646,0.16797452109494665,0.31072010688160345,0.16792291902830128,0.31096565052383973,0.16737611900977714,0.3121096359524107,0.17735523783351476,0.33046646475861885
2019-12-12,-0.07262090678212861,0.15855308470482904,0.28987226848277853,0.15676708844780335,0.28839518929601055,0.15634520357801934,0.2880761408665176,0.15582139266784878,0.28905993781062894,0.1613859201817318,0.29912541380681984
2019-12-13,-0.09868746896997799,0.14269759795245857,0.25972602335483047,0.14137164053888082,0.2585591298232617,0.14080533846760823,0.25814548697380596,0.14035817663961933,0.2595724000879302,0.1426476988675969,0.2630007288902794
2019-12-16,-0.039569150731047595,0.12365522396337951,0.2234891588268781,0.122503730834954,0.222475558791127,0.12191347980232846,0.22197307679563294,0.12165269302826172,0.22348114352490409,0.12101432167834186,0.22148778448850553
2019-12-17,0.012280137946591151,0.11071525492881382,0.20252633253129307,0.1094032788302185,0.2013632400353238,0.1090668934741886,0.20106168340841607,0.10873730015797854,0.2022396441636389,0.1106585802833557,0.20520967304902452
2019-12-18,0.02332232769435099,0.10922362132079083,0.2025985379789083,0.10803337166638916,0.20154501238367747,0.10746343952258636,0.20101535234295992,0.10731967306119419,0.2025903858698096,0.11101590282609555,0.20886451505926332
2019-12-19,-0.00637960696403904,0.11419255334897847,0.21197882180939856,0.1127622656331803,0.21071451592661739,0.1123947617793684,0.21038844043607519,0.11205934047997818,0.211768671372653,0.11464960948657645,0.21585974445227094
2019-12-20,0.0007996801705642441,0.11401105902951983,0.21009387715441427,0.11261104402294381,0.2088449436755315,0.11227170450538196,0.20854229278712427,0.11193201340889812,0.20921882833459127,0.1157778009610054,0.21623212049262988
2019-12-23,0.007961825498008442,0.11274981472432714,0.20843067128329623,0.11156825370340268,0.20731643420543114,0.11120170273018831,0.20716939192787734,0.11102006504571121,0.20801175571845298,0.1144356509567774,0.21445945550410828
2019-12-24,0.004746844356219477,0.1131952144969956,0.2097351797240665,0.11197373630997458,0.20860833623384548,0.11161168230331577,0.20830829327966924,0.11145222800820537,0.2090941788783006,0.11403638110644612,0.21402455761345185
2019-12-26,-0.0015797791595183908,0.11372151737484543,0.21038791902849888,0.11249865577521918,0.20925965645656497,0.1120846731154952,0.20902167326549947,0.11189417473410863,0.2096524117336976,0.11429823834710755,0.2143265412519783
2019-12-27,0.059833795361616836,0.1113311705510068,0.20530326425968976,0.1108606661568436,0.20492424442657634,0.10973084413869286,0.20372079792794953,0.10950725364905838,0.20318820828396922,0.11143990331421345,0.20819472829841787
2019-12-30,0.09848660933279475,0.12227684660929411,0.22851365276961705,0.12196340674490865,0.2284492868722977,0.12079737122062051,0.2272620476654113,0.12057294423653106,0.2259346918762118,0.117739350635932,0.22318603064942674
2019-12-31,-0.07275935428242843,0.14786792972134466,0.27624727145657285,0.14709813517154052,0.27563173629069515,0.1453915983426782,0.27362236574469656,0.14499278056475137,0.2734295299330292,0.14065125049903027,0.2667618618662643
2020-01-02,-0.0998925058935674,0.1421071750436488,0.2577284414662015,0.14125440834614827,0.2568671088796889,0.13998458993093071,0.2555517439832597,0.13941052075825572,0.2558660383579144,0.13914782066129597,0.25548428348389096
2020-01-03,0.11715912191449881,0.1233550096275075,0.22205047207481793,0.12249441984380084,0.22122296622121623,0.12164013835001374,0.22019727904101413,0.12164046511219018,0.21991037311796954,0.1184232969662959,0.2154327450548144
2020-01-06,-0.012199648973096491,0.14081172899410935,0.2642317362141073,0.1401372671651775,0.2637241118581402,0.1384906223611457,0.26174707626534266,0.13813911633594425,0.2616850895314924,0.1338552360508439,0.254873126074713
2020-01-07,-0.0043415408281371245,0.1440464069773696,0.26368769027522354,0.14242977818665672,0.26204262063328077,0.14127017514203824,0.26095263723046125,0.14155059983599302,0.26044333317461654,0.145917927175267,0.2710992398052724
2020-01-08,-0.02496458575736234,0.13832133105727543,0.25405716555272057,0.13674468212306456,0.25246298769766834,0.13596790861215935,0.25164678248996025,0.1361678053379769,0.251235478331397,0.13954680883853843,0.2598801120718302
2020-01-09,-0.0700555708430735,0.13181539039680085,0.24086166583255472,0.1303390563681779,0.23937720660215756,0.12935432698007826,0.23849826982359534,0.1295181306903811,0.23773500628786404,0.13125281002159295,0.2432169566396034
2020-01-10,0.001593625835278026,0.11981191708377907,0.21711610386352967,0.11844457336052765,0.21575348576876638,0.11785709381298246,0.2151347146453232,0.1179784466392097,0.214625519267681,0.11705718296836798,0.2146307831298512
2020-01-13,-0.019293202934678896,0.1136682065774676,0.20937791830779276,0.11297291492864416,0.20874894679798436,0.11191599624079519,0.2074779730850269,0.11189649515995863,0.2074128473562362,0.11466482698736398,0.21367822711551618
2020-01-14,0.0056657375356773,0.1098944775198974,0.20152191957404464,0.10955683141271937,0.2011970809873565,0.10809556459330061,0.199437271174257,0.10839215964458873,0.19952690817072632,0.10963498670716966,0.20337072555181798
2020-01-15,0.0024183808642816527,0.10886847491609787,0.20080043305750775,0.1083651998312543,0.20030332877758014,0.10705255728974825,0.19863867426630336,0.10721173617936396,0.19902401983068305,0.10885737204552573,0.20298674088677182
2020-01-16,-0.008084118399958911,0.10851735939414635,0.19998345129664283,0.1080272310946096,0.1995218644285408,0.10657545198070777,0.19767856664624972,0.10683373153170256,0.1981003510538021,0.10826868313078561,0.2017927542174781
2020-01-17,-0.018018505502678365,0.10624948685105895,0.1955837581029178,0.1061327352856826,0.19560808791612402,0.10435566845744178,0.19329251213346305,0.10455126039326626,0.1942388568694994,0.10559665079564899,0.19640795713446185
2020-01-21,0.060138358738533314,0.10256731369586783,0.18870554018789573,0.10241928251810442,0.1886004307916526,0.10077245886727106,0.18654283170674021,0.10090299258994005,0.18722957121911799,0.101229447966607,0.18806311722260483
2020-01-22,0.00465839351732231,0.11454602702032478,0.2143316320398063,0.1141382740134019,0.21400143010345984,0.11245698211720467,0.21200528391162363,0.11250119293431361,0.21262272708121613,0.1109573967041532,0.20999715585591938
2020-01-23,0.005407506417392935,0.11729136217631049,0.21657951223017918,0.11704573861887171,0.21656131070039014,0.11564414765204498,0.2151218952704431,0.1154623437492436,0.21471150582541348,0.11694058275882252,0.21843395898339493
2020-01-24,0.11486833149259595,0.11645615996013658,0.21536819918828778,0.11618105762845365,0.21529706936055187,0.11498540459090932,0.21412010685839022,0.11466030605955366,0.21338816308800876,0.11612437631930189,0.21710912169754643
2020-01-27,0.22479054592203176,0.14449143630577355,0.2706654626463173,0.14398075951758507,0.2704305691408957,0.14166133603278652,0.26741592501660005,0.14195152151164225,0.2681635969785342,0.1367095429189865,0.25952723432047675
2020-01-28,-0.11313122811617742,0.21277657513932724,0.3979805353990074,0.21185307106594364,0.3972279683812986,0.20842934281068423,0.39277725857923684,0.2096436046179349,0.39622065662436656,0.20128189302296706,0.3813802613648376
2020-01-29,0.0067340321813441194,0.20013551788093578,0.3628722645175251,0.19941785133481285,0.3621789122550751,0.19770533253870132,0.3606264134264117,0.19898059136348703,0.36171786696317504,0.19991634876191808,0.36620681391625376
2020-01-30,-0.05647673832696107,0.1827302067810946,0.3357579651288131,0.18131361648498318,0.3344966005962371,0.1799454939861046,0.3334504708785518,0.181135913488466,0.33379184847811366,0.18480687414008376,0.34391043141657024
2020-01-31,0.1957876147194397,0.16820544486302172,0.30663531864106314,0.16726584895916477,0.3058873401946147,0.16570025050529555,0.30433421802038224,0.16676789197329187,0.3049103877696841,0.16780313747577613,0.30955572914155544
2020-02-03,-0.04727856835274938,0.20939633830145504,0.39217866500565957,0.20735861209918072,0.39022225447975245,0.20704205153547087,0.3912399801498934,0.2077697331259163,0.389557563150276,0.2003699289197522,0.3810982758169319
2020-02-04,-0.1129948512194427,0.203090297283339,0.36958889237037373,0.20231646101330333,0.3688454509543253,0.2001331156025862,0.36645733249795936,0.20158635775105269,0.36731163370960745,0.20409911069052916,0.3757051090844103
2020-02-05,-0.05770831762064673,0.17930140805432365,0.3227505324699662,0.17884349913550085,0.3223774520387158,0.17667479840651304,0.3197581470256891,0.17765517969168665,0.3210551262047959,0.17598215604574613,0.3200628018185159
2020-02-06,-0.012620559409046939,0.15868240249286056,0.2872460389305014,0.15827898909574373,0.2869826946816918,0.1559502519068752,0.28392325360513376,0.15668598968043362,0.28659035361179463,0.15688929689532824,0.28693241922214363
2020-02-07,0.033522692038643644,0.1485188688082371,0.2708028230591833,0.14814783602929277,0.27059287105198954,0.14610608932946284,0.2679629673492823,0.14641366254284066,0.2694008352218712,0.1484747101264382,0.2735708237481305
2020-02-10,-0.028189346063281114,0.15131881435696068,0.2783850311700274,0.15101003289752846,0.2782270339655353,0.1491837428545378,0.27603100341283204,0.1490638202527004,0.2777467643352851,0.15007634236711953,0.2789340134398095
2020-02-11,0.009265453445790191,0.14630563772476626,0.2666596499197887,0.14565909487827702,0.2660729403629509,0.14465969426399852,0.2652319435784053,0.14427771738027012,0.2675097107652288,0.14552991659991954,0.2678545405868006
2020-02-12,-0.0996674851732806,0.1403350817064865,0.25780751638459637,0.14050324092111188,0.2581641328258778,0.13868576963444718,0.25592107013550514,0.1388079303946582,0.2573185458897558,0.13990924047500594,0.2593577985592974
2020-02-13,0.0294033372950434,0.1259588633436182,0.22655050555888528,0.12618720509482462,0.2269409812251018,0.12476956964240023,0.22525993155005342,0.12466675553615056,0.2261550457863654,0.12267344097485973,0.22222929452674947
2020-02-14,-0.03377971189484227,0.12457088935236159,0.23008743661218733,0.12417144967005914,0.22975790611611438,0.12329974694330233,0.22893626484972898,0.1228449031192963,0.23076754511470327,0.12363684650878558,0.23047125595404405
2020-02-18,0.08071724395543628,0.11957241310832688,0.21789020912970242,0.11944445665264009,0.2178598591159352,0.11839119855616367,0.21673076369899366,0.11811184942861665,0.21736688678606886,0.11846290721036537,0.21769179871459257
2020-02-19,-0.03081380385694006,0.13430611272267284,0.2499824377255073,0.13397066376659075,0.2497844006843305,0.1326516923798733,0.24849855698030077,0.13249943298647784,0.2497218591974935,0.13052691295556573,0.2456824721941364
2020-02-20,0.07886516645734483,0.13353555491555236,0.2432317351604321,0.1330111468336812,0.24276919574909436,0.13223697048533123,0.24225558218328197,0.13172134641697805,0.24410718659346575,0.13291594843280033,0.24445507421043428
2020-02-21,0.09320466961017813,0.14635505931293172,0.2727183601005327,0.1456381298806188,0.27217931993691147,0.14490574645891272,0.2717646491353247,0.1444120720482642,0.2728217341018496,0.14320592575152663,0.26971350187525295
2020-02-24,0.3821669170832592,0.16978482860283198,0.3159531277190407,0.16786563801429152,0.3144349592386838,0.16760573199393405,0.31472074090321106,0.167156636649782,0.31601686181933414,0.16624977325379603,0.31336488789359807
2020-02-25,0.1067578609296101,0.2812353736359587,0.5361031329394335,0.2758279778025282,0.5325101430978884,0.277614026304103,0.5346754335702019,0.27692500527162944,0.5384165390794945,0.26476935956805375,0.5128657459799203
2020-02-26,-0.010467520227835274,0.3167289490931148,0.5859015611817079,0.3123204177770968,0.5828791668697151,0.31234781728551864,0.5830933100080591,0.3123738565396171,0.588245645286628,0.3180503457671416,0.595303547629623
2020-02-27,0.35129037151685183,0.2982290529597389,0.5462169160779413,0.2952337736530506,0.5440822851300949,0.2948666112351064,0.5445810643411988,0.29505987433423825,0.547652621166403,0.30377363422568854,0.5628302428529395
2020-02-28,0.023969862119651842,0.3688939477785592,0.690688645213944,0.3659030907608809,0.6886519305046778,0.3653145120770763,0.68942875781035,0.36455303656098287,0.6923612118978987,0.3568254888589891,0.6773640227232391
2020-03-02,-0.18247115661471383,0.3709001664449705,0.6791531974263492,0.36778097767571194,0.6770068153386842,0.3676799817637237,0.6781791644094968,0.3665321499890741,0.6830725010389984,0.3748927121287883,0.6942546759724095
2020-03-03,0.09688665263768408,0.3282339559646061,0.5915543630794171,0.3236613207798037,0.5883302817426314,0.3243519137599285,0.5885803102203602,0.32435508484426634,0.5947992117479481,0.32575313616457974,0.592979751860966
2020-03-04,-0.14061782184350524,0.31495717940572493,0.581079092898197,0.3095709333093205,0.5772477344542364,0.3105599134836193,0.5777296990574723,0.3105519142341305,0.5844088769329061,0.3132011812110521,0.5847296822175688
2020-03-05,0.2139106873089782,0.2861392005800342,0.5164543797867716,0.28117428862112703,0.5129826983767727,0.28319190836799174,0.5153302586426651,0.2821620251653498,0.5189782008763696,0.28338938985777734,0.5172315396382391
2020-03-06,0.05690598420336896,0.3112115089529732,0.5819902122658089,0.30756657667439535,0.5797357643251346,0.3072454637714313,0.5795277875030344,0.30632715780311354,0.5829796840306628,0.3029632728066567,0.5738216049459941
2020-03-09,0.2612264617718398,0.32254469896014043,0.5958348715887926,0.32061705079013136,0.5949333194055618,0.3188826667984417,0.5936640667354066,0.31765996026400084,0.5959322364427808,0.319928809575032,0.5977756601749339
2020-03-10,-0.14095619174772628,0.36714815508469406,0.6888171838483393,0.36506834286591294,0.6878538850739611,0.3620304204544327,0.6853815286231664,0.36051449223220466,0.6870370507896179,0.35542273153548115,0.6761372196068852
2020-03-11,0.13062018241706422,0.3466949225755523,0.6291161862468391,0.34484692507035675,0.6282776717736245,0.3420326538862489,0.6261422737166439,0.34097535134379575,0.6280361214167677,0.34082375567254153,0.6265940632186842
2020-03-12,0.3366047483818256,0.3418077642516256,0.6352183824218752,0.339697145107184,0.6342157681081809,0.3368817191823347,0.6321345626147589,0.3354409037543838,0.633815133506049,0.334514039636066,0.6306315061520348
2020-03-13,-0.26622755412665017,0.41075995209610716,0.7693375588520756,0.40737708808117845,0.7672452860613111,0.40488373444289666,0.7658577497871089,0.4019899862430455,0.7678376488902071,0.393433749407798,0.7478271669154115
2020-03-16,0.3575910035639485,0.3797919518505973,0.6782202210807378,0.376747248128791,0.6762620269256938,0.37440815771095765,0.6747371344171965,0.3724156361064639,0.6758305927740706,0.368455070632662,0.6662246722256898
2020-03-17,-0.08555024770539854,0.4125394853945031,0.7753642409371747,0.40946601205438243,0.7729998904912394,0.40744826032976256,0.7718749560394152,0.4047572673305131,0.7706391473646903,0.39921273905443533,0.7593077216328716
2020-03-18,0.0070885043463945795,0.4060348655725987,0.7378170772136152,0.40261002739395235,0.7352018390486802,0.40106225019562003,0.7347445284550598,0.399399991321036,0.7363954524854636,0.40171724304890405,0.7386902697616564
2020-03-19,-0.05997081335901607,0.3744085481311542,0.6863077903007551,0.37052862484031024,0.6834160484311496,0.36979949873354323,0.6835259994787306,0.36829086222468677,0.6857769855065051,0.37078810751517693,0.6882711075883001
2020-03-20,-0.086405499964128,0.34565022252373157,0.62862116291081,0.3420122939526987,0.6258842667722729,0.3412487056444323,0.6260375705012063,0.33966612845332944,0.6278290492848565,0.33973271308307657,0.6255748510505861
2020-03-23,-0.06976109935297539,0.30710936517453225,0.5567603915771215,0.30355337339096683,0.5543557845719946,0.3031450560902158,0.5550307815531478,0.30140485114713245,0.5559436727768605,0.3002140034713085,0.5516072433187422
2020-03-24,0.0012980693044495892,0.2778459078616377,0.5034206450709934,0.2753365810217725,0.5015991457768778,0.2737124320412263,0.5001664372450965,0.2726079156811793,0.5025733419362198,0.2706479435074828,0.4964601337040399
2020-03-25,0.036303939021450266,0.26015664204703753,0.475596688684542,0.2580588225220506,0.47416429199921895,0.25750240083543546,0.4744227708104126,0.2562184755516029,0.47593392126659884,0.25719401145519166,0.47571425278687174
2020-03-26,-0.04722766385154046,0.2505542262467992,0.4598681848936995,0.2482519323909808,0.4582486432618948,0.2475217867219798,0.45803668568872025,0.24630096212557956,0.4602859232014792,0.24435826441493216,0.4542525152747627
2020-03-27,0.07178677909735734,0.2301113574159862,0.41609862086062566,0.2268105950291919,0.4135496856021302,0.2256936698531381,0.4124364366440167,0.2258188886513871,0.4166328969554401,0.22294134062717855,0.40939840324848503
2020-03-30,-0.13820685066203303,0.23098375629411438,0.4257947518610308,0.22761427615014093,0.4232486103249142,0.22708964367975668,0.4226936383112052,0.22726535781302284,0.42562469323643726,0.22329372730991012,0.417709304337647
2020-03-31,-0.06402475451642924,0.20935245739709873,0.3732768797017836,0.20663958608061694,0.3710056444897718,0.20541025735487195,0.36959356426213913,0.20555495217100078,0.3733366624084786,0.19971659664257507,0.36090544375799793
2020-04-01,0.06367430769314765,0.18296208628334057,0.3307373595651526,0.18050136917503903,0.328903172684856,0.1798520770727729,0.32821382976165536,0.18006787155527954,0.33067236781254544,0.17566798138654854,0.3220122645033068
2020-04-02,-0.11404397787110943,0.18537560376796564,0.34304719301868514,0.18258894341542042,0.3410329048797929,0.18259061672235485,0.340994445928371,0.18233937868070768,0.34308973163121215,0.17877789609137854,0.33558305885532996
2020-04-03,-0.08417616499064363,0.17180462095688978,0.30861775227196775,0.16992845794487565,0.3072756729423262,0.16983119840853853,0.3074322255067077,0.1692401809076993,0.30859457308282495,0.16472223862790825,0.29920913327026816
2020-04-06,-0.03390155167568123,0.14915047241634666,0.26937857300243484,0.1479582542971337,0.2685994251427275,0.147618868045022,0.2685586508923066,0.14696615504131827,0.2693027274498152,0.14322709377757564,0.26141303922135717
2020-04-07,0.031762513426932,0.13252367503968715,0.24171909361800978,0.13122377872961194,0.24081154915598446,0.13086083234700344,0.24052761905834752,0.13045748325282314,0.2418078331028094,0.12772944203332093,0.23581745915066488
2020-04-08,-0.07443746144830075,0.13178365375466383,0.24402044776481188,0.12973757879361053,0.24251157436682738,0.12977779906501252,0.24223537135861262,0.12970021737780382,0.24441880237268734,0.12717171847860154,0.23863321583550465
2020-04-09,-0.03952525779218881,0.12334824196279805,0.22287137012339223,0.1220363229361421,0.22189439766421518,0.1218113204139072,0.2216098396344839,0.12155571221240717,0.22303299008830302,0.11794479182227663,0.2154868933658622
2020-04-13,-0.01207160965254878,0.11062097491631194,0.20106312060321074,0.10911567701632681,0.1999657720326616,0.10903093211691674,0.19978638999673135,0.10884379375444572,0.20126761829653506,0.10597216735349164,0.19513822768437553
2020-04-14,-0.08645949450451353,0.10140591540928069,0.18624755368239385,0.10002227945817953,0.18522055742557053,0.09995436306519073,0.18477804085902164,0.10011167088863564,0.18697947193094666,0.09850827830531977,0.18290447102421825
2020-04-15,0.07841165201916492,0.09385212916231772,0.16815227571940852,0.09284139749551251,0.16736576047854473,0.09264759755089588,0.16719072226715997,0.092425590867619,0.1679235835347521,0.08852748463254542,0.16030113937431575
2020-04-16,-0.01803631351450345,0.11028471838596192,0.20708213993609945,0.10957810147426901,0.20671947537165458,0.10879914888072015,0.20630330895965454,0.10802155072381735,0.2062725342878692,0.10583002967736312,0.2016393988243285
2020-04-17,-0.050099922051495466,0.11112016184479342,0.203234681266157,0.11017334261568408,0.2025966012978965,0.1096825638820287,0.20239525796098343,0.10896056396424207,0.20271688689619463,0.10938816757876392,0.20252997255212463
2020-04-20,0.1387927567002517,0.10245067190885652,0.18575472541874144,0.10194270705649096,0.1855107887675943,0.10101608410806946,0.1846382031297936,0.10060196342708792,0.1852662711036382,0.09969009847537842,0.18286095056465881
2020-04-21,0.03541383067914189,0.1351514421881056,0.2566031698438313,0.13489786658031458,0.2566331572791449,0.13369813389257731,0.25563605747909046,0.13302336063952735,0.25618867860030764,0.12914137103057485,0.24835918239689508
2020-04-22,-0.07853903071737288,0.15214314214523225,0.2815774447419126,0.15160070942084924,0.28136569080450974,0.1502609590657122,0.280273608449019,0.1497644772233494,0.28103904384396594,0.15071967871050623,0.2821727205815706
2020-04-23,-0.014395642075089799,0.1417463446128952,0.25601208028503536,0.14139083656636148,0.2559199831911206,0.1402832927606602,0.2549881480820348,0.13967215267554065,0.2557250512604446,0.13998198201226125,0.255351898297202
2020-04-24,-0.14122507119196964,0.13113613746556643,0.23998553600313247,0.1307883567519294,0.23989532980133402,0.1297742769511745,0.2389931614251799,0.1291498560564374,0.2397613731639915,0.13094162786452704,0.24213797839395973
2020-04-27,-0.07631554953849375,0.11224362723029158,0.1988103851406865,0.11204630200144772,0.1988062509068512,0.11110256425928469,0.19795111033996474,0.11071899263897828,0.19854790172410466,0.10865632742851386,0.19409971294997405
2020-04-28,0.008375759405010074,0.09253527438974761,0.16710837523778227,0.09227860328208401,0.16700365082569868,0.09186145848775804,0.16696229534569837,0.09135994760534516,0.16707750218731235,0.09014966694914806,0.16420295627087816
2020-04-29,-0.0722536396969564,0.08667959049943709,0.16067369523101327,0.08627166650759438,0.1604656857029422,0.08576094561868239,0.16010703325172998,0.0854816757062898,0.1607927341346392,0.08597148910024346,0.16103539309481935
2020-04-30,0.08938341472181185,0.08028772887264635,0.14529542679049004,0.08028216110477786,0.14537819513513192,0.07991919330465407,0.14534330014275343,0.07955730545481184,0.14543557413226316,0.07826943887458433,0.14265699987427635
2020-05-01,0.08527732192017964,0.09906791448225906,0.18831188424955186,0.09884773252705817,0.1882087384634649,0.0982903661622354,0.1877522290573059,0.09781931545004836,0.188091769170132,0.09642426391521602,0.1847195230870347
2020-05-04,-0.0333546502294461,0.1251761544684265,0.23537714678312452,0.12458842621374887,0.2349937855598584,0.123770989953478,0.23412838798389055,0.1232863887187497,0.23505225551212622,0.1231511742349466,0.2332779501616898
2020-05-05,-0.06786161597051829,0.12545923682876522,0.22950935415556453,0.12486750759457355,0.229074827034595,0.12417862142977708,0.22835525355757297,0.12364833487235803,0.22917146760128493,0.12443449956296754,0.2291353647544153
2020-05-06,0.015060080886463946,0.11329841289401146,0.2055289770778995,0.11275004853203692,0.20515099612712656,0.11214398066204659,0.20457965448466883,0.11173159302269836,0.20520047986710377,0.11187974787851505,0.20433526771764046
2020-05-07,-0.0818027550624724,0.1097688689271088,0.20321730294070456,0.10922792168146599,0.20280602826388275,0.10865064616217722,0.2022323801809765,0.10814934978817442,0.20281043554310177,0.10900331691525825,0.20318228928695448
2020-05-08,-0.1165909983236707,0.10080408070242329,0.18178045597779685,0.10033488660897176,0.1814667893764561,0.09979506045616798,0.18094519705017614,0.09930096371734821,0.181449731284785,0.09912573879983713,0.17997655300437818
2020-05-11,-0.014761744201629741,0.08404295037821864,0.14980756141090507,0.08382374198098855,0.1497315574734314,0.0829476073068558,0.14859478326988093,0.0828163457226074,0.1488994503677711,0.08183852928547991,0.1467512309812253
2020-05-12,0.18099072361707189,0.07231213042802521,0.13359889560298835,0.07199789452713005,0.1334178833124226,0.07150254854178634,0.13287971640286927,0.0712770722427015,0.13301263333335286,0.0713757670021123,0.13282790112777607
2020-05-13,0.06559728248581327,0.1202544936077668,0.23321712703084713,0.11845814934488393,0.23195551183214494,0.11779211986681204,0.23113219730720644,0.11816861682385055,0.2318450726306452,0.11638711934890418,0.22866600039367665
2020-05-14,-0.07869724133736279,0.1431180352864112,0.26988125925488354,0.1418239751807122,0.26923917315863677,0.14086190823392036,0.2679708673503003,0.14137777694703613,0.2691629533232703,0.14153420682993592,0.2691603986198897
2020-05-15,-0.022326508779261522,0.13513087914727537,0.24842398703886956,0.13384210170406588,0.24768999219160961,0.13336992222083593,0.24688396034898896,0.13383165391163088,0.24794619192203407,0.1332803728175669,0.24669197589027106
2020-05-18,-0.08470496499894466,0.1248359525892288,0.23229013846817714,0.12350349218831534,0.23150107186550045,0.12356374157125784,0.23124950701112876,0.12370080589538388,0.2314657506683629,0.12389138586545391,0.23183804346067924
2020-05-19,0.041122290723764963,0.11174149170363433,0.205088080322119,0.11074362435159374,0.20453998723365407,0.11083966132873149,0.20445565280159303,0.11080476465527343,0.2043153601172749,0.11072816656022445,0.204274641569674
2020-05-20,-0.08686250321942444,0.11282969125616608,0.2129303062896068,0.1114124633795176,0.21209788616265016,0.11126606913101549,0.21163301973369741,0.11155268259384256,0.21205778275410062,0.11196708235627197,0.21290361880709352
2020-05-21,0.053559392228469144,0.10468534154419103,0.19130990234853698,0.10341976879053393,0.19059442899422777,0.10331401322222954,0.1902554192182327,0.10349693949896434,0.19063130539153966,0.10298230734639556,0.1896595750207421
2020-05-22,-0.04750416446598974,0.10617944388440753,0.2020979102285586,0.10556479802194964,0.2018251201956089,0.10549714594470114,0.20172965041871319,0.10532451397264848,0.2012895152177494,0.10615964127786721,0.20311941616958973
2020-05-26,-0.005340942017824424,0.10368073008710162,0.19206368364895074,0.10298063230960677,0.1917278569783072,0.10320216312759214,0.19199777742791452,0.10292661970617889,0.19186360986578976,0.10370854717636734,0.19313595772930747
2020-05-27,-0.014021441290871163,0.09894377541452114,0.1853926071719043,0.09824039296523447,0.18508048994633988,0.0983586311326103,0.18520687768784116,0.09814803885840283,0.1851461304505472,0.0996088815586785,0.1877399186323691
2020-05-28,0.03451685835307424,0.09634161397369986,0.1800791836900997,0.09571398048007301,0.17981933042248863,0.09576642938981189,0.17986509919803226,0.0955813924341474,0.17980730620530214,0.09675436159227363,0.18187661195047744
2020-05-29,-0.03850743139773717,0.10085716360504249,0.19114714882700287,0.10016542235936898,0.19087991428793302,0.10037509053491911,0.19114231605333104,0.10010332462170395,0.1909436271108193,0.10127568867166768,0.19307495951555625
2020-06-01,0.025835667328914673,0.0983900965614238,0.1826186950144344,0.09775920141012032,0.18238071346720489,0.09793142996207833,0.18259395000714565,0.09769586356313253,0.18238274878943556,0.098645424312374,0.18412863647261676
2020-06-02,-0.05049193016191688,0.09965127463460167,0.18872385843712203,0.09894120651875431,0.1883840745093821,0.0991119291128484,0.18869552870403009,0.09882723099961606,0.18811512895222243,0.0995119218685749,0.18969673640265972
2020-06-03,-0.04495995291599066,0.09801281183071314,0.18223243647788942,0.09722660146823711,0.1817293125134421,0.09641721379806929,0.1807145870375947,0.09653886670649876,0.18080022562101675,0.09619262321111284,0.1808088981237384
2020-06-04,0.005828654543031993,0.08824127205784878,0.16428791021108272,0.08754152571502077,0.1638571214390258,0.08677996004104369,0.1629508358396809,0.08697787558396425,0.1629710333105208,0.08671336070052232,0.16312281443464993
2020-06-05,-0.051272902662511874,0.08478360059158102,0.16053381143401083,0.084014503711378,0.1600876129313969,0.08332242335503624,0.1593079773751949,0.08348546457835823,0.1592382215171985,0.08445416788441726,0.161647460927237
2020-06-08,0.051272902662511874,0.07878866990802388,0.1458981221034093,0.07802176410611028,0.14548499731156223,0.07801460327613799,0.14554107208093137,0.07785951782429562,0.14558896824915513,0.07794811187674043,0.14563778493149462
2020-06-09,0.06596621130518301,0.08277545111696422,0.15945490723110622,0.08170702911899744,0.15894971012564413,0.08201406770175486,0.15931013009942208,0.0819226063545134,0.1595143290117031,0.08247024714041512,0.16045519561389618
2020-06-10,0.0,0.09836882720454942,0.18917736949758138,0.09751168594192106,0.18880447075925796,0.09805129689231007,0.1893663499636848,0.09774768407850934,0.1889480350417833,0.09853709159370247,0.19068408924705554
2020-06-11,0.3917087282937617,0.10412963175494441,0.19588837276724033,0.10348997522845917,0.19568944120734522,0.10394052908482967,0.19629135296420117,0.10354726144408775,0.19553889866642865,0.10732205113815878,0.20309880348798665
2020-06-12,-0.12242113467476978,0.1977363410831456,0.4050099104663004,0.19518042406804945,0.40400769275876564,0.1942363454373316,0.4027620548527037,0.19485139025414874,0.4048503370311715,0.1955719931427425,0.39825120585123386
2020-06-15,-0.04795925427534472,0.24456154822769555,0.45750693351902255,0.2436894123252138,0.4576588426681187,0.24242005334118588,0.45686670695576354,0.24294839473954574,0.4615854357590496,0.25791243418163384,0.4831214393511942
2020-06-16,-0.021449331206369406,0.2214507423070054,0.41536517225118125,0.22115772489551555,0.41539547020051976,0.2205523172053006,0.41577592195618734,0.22042756228082225,0.4170105797379912,0.22636261286019874,0.42677772389631796
2020-06-17,-0.005957717949747924,0.2018967288862833,0.3808093866685454,0.20128757494565883,0.3806803011793475,0.2008740891678151,0.38072410211933666,0.20071299178300234,0.38270064974431073,0.2066822338780921,0.3913855233496466
2020-06-18,-0.015961790473741067,0.19159217893390057,0.3612440115796464,0.1914475525341914,0.36144785837632576,0.19074034746768084,0.3613162548317449,0.19058795477089316,0.36317357288758856,0.19619955258834415,0.37135146274104214
2020-06-19,0.06408304401742156,0.18042600211557158,0.3405448120700324,0.17978283502670928,0.34020861677487074,0.17914260461538556,0.33935698567700806,0.17952497445241591,0.3417144505603549,0.18230324964496725,0.3450401159610984
2020-06-22,-0.10024832048549104,0.18164440604017298,0.34924410615196355,0.1820231749213048,0.3499284692634657,0.18070402161281643,0.3479776118810998,0.1804727145841509,0.3497662101447909,0.17974421499508156,0.3466004149333755
2020-06-23,-0.012670426078837952,0.17013097696590884,0.3192074864680371,0.17074863168134738,0.3197903584829145,0.16956339658180616,0.31777633134048733,0.16895509613256124,0.31734735095931565,0.16232656319489674,0.3045479420350732
2020-06-24,0.07579151253543588,0.1603847496442616,0.3040880352800723,0.16051764413821357,0.30451136643710747,0.15942704460008,0.3029534411872411,0.15912808866714032,0.3040741317977924,0.15984885126146012,0.3040529027762327
2020-06-25,-0.04905615698919431,0.16544982025059657,0.3212113337369315,0.16597685174638785,0.3216867736191801,0.16477215285506586,0.31950933057893344,0.1643465311402635,0.31963464059129754,0.16168853255355686,0.31417712607606085
2020-06-26,0.07501648900715434,0.16311657929137913,0.3085126302651886,0.16294267418752637,0.30862917930575307,0.16137163303223961,0.3060532352307701,0.16072974323780503,0.30445423390205734,0.15876451727815466,0.30123125079989105
2020-06-29,-0.08876670564741256,0.16464257074605945,0.3217423941991506,0.1657722561340884,0.3226903485090862,0.16402400539363604,0.320100091610932,0.16310377999810932,0.318674370585337,0.1627376227783051,0.31796718666817986
2020-06-30,-0.043408197199690225,0.16033025564914197,0.30238280655275757,0.16115631194774457,0.3031284114863855,0.1596199722590525,0.3008303866749494,0.15875861654088863,0.2995907160187597,0.15321300565326565,0.2887908629032576
2020-07-01,-0.061323189780574834,0.14650506566486457,0.279165035559077,0.14729616246871108,0.2798680233767953,0.14581469969569696,0.27770417555030175,0.14511201666757825,0.27728862893412776,0.14241721129915513,0.27147695080257533
2020-07-02,-0.033395643378836125,0.13558557952253605,0.25656347021590714,0.13529498506057544,0.2565664598559757,0.13415104642754008,0.25510986122585566,0.13372854239187457,0.2548900805006297,0.12903361609809869,0.24540557552911837
2020-07-06,0.009349223079347,0.12575554489040092,0.23997196740484475,0.12528057373477308,0.23980732455339301,0.12424089352254819,0.23854241514976124,0.12417158012369615,0.23791044188383087,0.1217378476875282,0.2337776711397245
2020-07-07,0.0519552084165656,0.12335768082173919,0.2384751898934448,0.12274054206063811,0.23821925550595663,0.12202437123429881,0.23751884938136178,0.12187100472832015,0.2360801392505357,0.12219370077503991,0.23803756345065363
2020-07-08,-0.0469569830877711,0.13001238792249553,0.2543816998230629,0.12922905040352967,0.25407837415475604,0.12855218365972315,0.25344386105233524,0.1284732197150694,0.25161794799001624,0.1269066068291612,0.25044222108985126
2020-07-09,0.04116381643436809,0.12814320497526188,0.2449186137396995,0.12723202822471108,0.24461827335772177,0.12716425019205843,0.24465095985468285,0.12721614711635204,0.2452644602424148,0.12343899961531672,0.2375638134558018
2020-07-10,-0.06970106087173124,0.12824728964880486,0.25146501705859076,0.1279018867122109,0.25161026322624824,0.12726341583295822,0.25108579254650404,0.12762829395384334,0.25181171481457715,0.12721702520733053,0.2510096759540852
2020-07-13,0.16513551059046966,0.12439256638451203,0.23630461214138326,0.12399403122283595,0.23623010823632554,0.12334002527618532,0.235636203699074,0.12348242150381171,0.2359608537398156,0.11740461304257423,0.22446474205495953
2020-07-14,-0.08658784557844502,0.14212909842763283,0.28541824336252497,0.1413320562484771,0.2852369904136493,0.14126795287481536,0.2854027405553488,0.1413950575935915,0.28589033556035376,0.13978569254067674,0.28252147848464326
2020-07-15,-0.061471864093667866,0.14658025290861137,0.27672919329850926,0.1463306416305778,0.2768393652602466,0.1455553859157954,0.27603214301418644,0.14532805525264092,0.2742923705047707,0.1420018829078165,0.26925555881939006
2020-07-16,0.008608374536600101,0.13185923582558598,0.25016931247431634,0.13156506216505276,0.2502203212979218,0.13083890137080215,0.24944840638283627,0.13066144433385063,0.24799307322912884,0.12735843968355626,0.24283000191662932
2020-07-17,-0.0864920313534435,0.12664671698700547,0.24510407702401119,0.12629354225293965,0.2451059071880409,0.12561220285332036,0.24447126138337616,0.1256872252202491,0.24337031468939457,0.12789042613037,0.24897379658124968
2020-07-20,-0.04867334856273411,0.11810266750985131,0.22237476991963098,0.11769726985096347,0.22235767778520812,0.11725251181426039,0.22209414716355158,0.11732525320713115,0.2225355625059394,0.11162818275888244,0.21119990385018161
2020-07-21,0.015416126806251694,0.10543733038900834,0.201021183067556,0.10506397616369278,0.20105098514876768,0.10476647447771797,0.20075770787288405,0.10497908215817095,0.20085475106915868,0.10218387405432923,0.19569129208200878
2020-07-22,-0.021156199967311738,0.10311753475853286,0.2005318422664935,0.1025843069705058,0.20041743210508134,0.10230214804201018,0.20018571663145068,0.10249848646156201,0.20072052815570704,0.10332914562019407,0.20215121832959893
2020-07-23,0.06986967996048579,0.10207875619418612,0.19613707029988933,0.10180029658709792,0.19616066887465305,0.10121465059375125,0.1954460435790882,0.10116605866919409,0.1942609705145289,0.1002608359436881,0.19363454410241815
2020-07-24,-0.00924505814405105,0.10982654094892542,0.21670213892997073,0.10929405514758195,0.2165865557361063,0.10867784806408849,0.21602861302671134,0.10889472600046016,0.2169366702839411,0.10807951169928083,0.21481723748052406
2020-07-27,-0.04350231195005931,0.11422596758349216,0.2200503231137679,0.11363806215213659,0.21993155222092833,0.11327870304399078,0.21968864349800218,0.11350981560932569,0.2201482579056464,0.11457181930712924,0.22211993436485902
2020-07-28,0.027901371507579677,0.10859873514315461,0.2073670385409028,0.10838986057801459,0.2075113103119516,0.10796612849632554,0.20713305828199988,0.10822079219814056,0.20685535195083948,0.10570387335842342,0.20269314918432166
2020-07-29,-0.0541108979753121,0.10800847243707848,0.21103496165881563,0.10775008825070045,0.21113793970027023,0.10751354308384484,0.2109667171421742,0.10764578082762441,0.21056963439953932,0.10845038938195409,0.21273028678205358
2020-07-30,0.027017607319785947,0.10472430387869013,0.1992092059874473,0.10448814379768011,0.1992948226512865,0.1043358732677684,0.1992052826076622,0.10440930663549473,0.1990200827087422,0.10139907882422594,0.19351105619251505
2020-07-31,-0.012190317557369091,0.1030465990500408,0.20151368410859782,0.1027993312911213,0.2016159140350135,0.10263817251269612,0.20158514297631114,0.1026906904516395,0.20127940621029478,0.10378896982522193,0.20378233034180124
2020-08-03,-0.007386164067728783,0.10397571832394277,0.2007741458694972,0.1037679493770084,0.20084164695675352,0.10382733952129629,0.20094933091773995,0.10379798186362268,0.20102474697118933,0.10437198748205358,0.20199128823011925
2020-08-04,-0.0216494716968533,0.10203722127652382,0.19739794295796134,0.10192630968911208,0.19751499014718393,0.10200333492297975,0.19764903623486393,0.10190362801211561,0.19742178322414886,0.10273631634494201,0.1990511436418716
2020-08-05,-0.03294415571935415,0.09912005204388766,0.19079230895630775,0.09900141113851682,0.19089862959246814,0.09909198543388259,0.19105675711974693,0.09897652881704094,0.19085971103699728,0.09849021781273982,0.18989308066684835
2020-08-06,-0.01489948684604718,0.09405866550425948,0.18009231082619814,0.09373654644743519,0.18008632258693655,0.09372284483667631,0.18018383618478026,0.09368697738242875,0.18063793196792194,0.09197497705608557,0.17684652948970356
2020-08-07,-0.01961721402270685,0.08962364158187244,0.1729927643033889,0.08944569227800551,0.17306309572714457,0.08950109665650487,0.17317950669237764,0.08940520675115275,0.17320987922381176,0.08925760936123661,0.17271625007192512
2020-08-10,-0.0036084838433779205,0.0864020855206334,0.1667344396168084,0.08647173818699995,0.166824697835774,0.08654004144427446,0.16700809703144287,0.08637169272239953,0.16650727224965184,0.08582701836152015,0.16564019148727874
2020-08-11,0.08236889568541927,0.08448282434823709,0.16415186772370993,0.08450518084288758,0.16414223038354422,0.08463994781177435,0.1643959577260492,0.0844557411439803,0.16426457737320818,0.08529168574488832,0.16564272813287187
2020-08-12,-0.07561363468929426,0.0967249165862381,0.1924409672950743,0.09675234110623313,0.1926169770357381,0.09661555520213554,0.1926344671332368,0.09631871433520216,0.191738863811954,0.09389999732225869,0.18741955899401638
2020-08-13,-0.006755260996125091,0.0969181238555734,0.18187409349540792,0.0970630899873321,0.18210313592387217,0.09688839511983206,0.18206424449619474,0.09658469446945654,0.18101767797820023,0.0925700844551545,0.1737666868870647
2020-08-14,-0.003621552170103266,0.08929844193429666,0.17214682271561363,0.0891163974865969,0.17218679550184318,0.08897965176274923,0.17218565330746796,0.08874611971638158,0.1719443207576573,0.08913060766915044,0.1724086700704966
2020-08-17,-0.032260862218221435,0.0884686291301708,0.1707713303992717,0.08828383377831647,0.17080582759947088,0.08822851041421165,0.17097729130561182,0.08793065681013226,0.17073795665196556,0.08822909363763261,0.1709219407081811
2020-08-18,0.007466203605005218,0.08516728064921619,0.16243285261575444,0.08506770239949894,0.1625016335107985,0.08501161066110527,0.16267117921638805,0.08470646730795903,0.16224495476589085,0.08237080034028932,0.15760865297973256
2020-08-19,0.04677356533199138,0.08333286918160887,0.16176846530051184,0.08334217721236704,0.16186935715667197,0.0832927695098179,0.16204629762919748,0.08297575973014176,0.16197847863083445,0.08332164353019707,0.16211119215741573
2020-08-20,0.007954085241320357,0.09091629569306767,0.17866463094427865,0.09090793633190138,0.17884210946631515,0.09082322044098065,0.17899347795621437,0.09048506927300703,0.17832512974143483,0.08861210705839108,0.1747752826006533
2020-08-21,-0.007954085241320375,0.09635206936684064,0.18623460553910826,0.09630306373741254,0.1863721818575623,0.09623949914556082,0.18653248693422494,0.09593309926112097,0.18571847473775072,0.09611682904155003,0.18635928934618481
2020-08-24,-0.007570733109591865,0.09621626315537357,0.18483732334441783,0.09613891575155435,0.18492786767280464,0.09616591390625118,0.1852473428177723,0.09585035229456564,0.18377731780352616,0.09588124323304749,0.18477329491200034
2020-08-25,-0.01531561468778645,0.09442458865212444,0.18173600500900097,0.0947378143435673,0.18200111586975054,0.0948231631264733,0.18244583529161193,0.09449809949633226,0.18068429464502206,0.09469609881111754,0.18216366906840048
2020-08-26,0.05475981649994859,0.09188073052085163,0.17658215872264435,0.09235874087176096,0.17688203062349717,0.09242908184060403,0.1771874281624929,0.0922146444717061,0.17575245012075044,0.09171332878434052,0.17577937942378558
2020-08-27,0.050282900140379796,0.09894401427531141,0.19420400961371187,0.09926753628626045,0.19453775882064003,0.09957785863918042,0.19530065417110978,0.09923398603441864,0.19272139460738275,0.09714322031057974,0.19032526967451532
2020-08-28,-0.06369430600321455,0.11088148929015666,0.21682110472851657,0.11145635048123337,0.21722316133049532,0.1119990329166498,0.21843770757635372,0.1115419426757767,0.21533101169819224,0.11076758630722797,0.21560722483981457
2020-08-31,0.13998915485767516,0.10726401244888956,0.20092563009489872,0.10765182479942298,0.20140720924240668,0.10800771612669519,0.20189456803498015,0.10817996249431364,0.20257201849354745,0.10475033827376931,0.19587324278676368
2020-09-01,-0.011041421900810509,0.12027304062193574,0.2381623309192477,0.11976441859297562,0.23815722648134496,0.12050239811028762,0.23895816188419927,0.12064976105601208,0.23914553184728413,0.11764028551885587,0.2333950346045444
2020-09-02,0.017081455363491774,0.12870565702946146,0.250424148431011,0.1319490271712036,0.2511598686688331,0.13218231703810476,0.2516612509154528,0.13224899975912538,0.25362297788095306,0.1340197577128848,0.2550951088993389
2020-09-03,0.23474330719743638,0.12912045932112257,0.25337186083849034,0.13253338113558763,0.25415899295820876,0.13270638892329167,0.25463256744977314,0.13276103725153166,0.25674000879600334,0.13381225130914934,0.2566782818074573
2020-09-04,-0.08863607271663171,0.16491580787739576,0.33233931753445456,0.16756256461828672,0.33360503020746646,0.16836475199010623,0.3349967409234822,0.16824574404249437,0.33780952864016967,0.16310169666034477,0.32458017311059967
2020-09-08,0.02282690337760498,0.1766937580086421,0.33010770776983156,0.17690828966834635,0.3305732258954375,0.17790081244887218,0.3316330050501609,0.17813539530876302,0.3338227004745649,0.17543843363920789,0.3268660992651718
2020-09-09,-0.08799434853369473,0.16995257293380198,0.32483314659925144,0.1697191432299523,0.3250938365193732,0.1707857767375067,0.3262043720825749,0.1710436367586927,0.32823582725367195,0.17308440435833158,0.33040310291159736
2020-09-10,0.030761140378079206,0.16185495372851,0.3015481497138699,0.16156031746221072,0.3017435941285978,0.16250316514744678,0.3027453096348227,0.1627464601216362,0.3042978141599199,0.15799158576025177,0.29415420800100284
2020-09-11,-0.10047326684711642,0.15677366502468404,0.29994471880120327,0.15592878708712898,0.29982926243500146,0.15671365560054848,0.30078374776590155,0.15701311853334976,0.299402935147363,0.15979740976570306,0.30667349351301704
2020-09-14,-0.03869982167296167,0.14903017010549405,0.2765095817182415,0.14894282132719955,0.2768429763514928,0.1492523666590925,0.2774602318589816,0.14915575928526317,0.27513545326957656,0.14374060709047268,0.26721425010448696
2020-09-15,-0.010108950782740721,0.13438358704850234,0.2537377969336271,0.13454688650271684,0.2541874944956146,0.1347686129510112,0.2547427823280007,0.13460778899188094,0.252423815279967,0.13349194529279862,0.25239502834480104
2020-09-16,0.017432167168671017,0.1263178976583051,0.24225463900328315,0.1280576740454668,0.2431645603858868,0.1287219530165138,0.24446422594240866,0.12865332494840598,0.24470291928024107,0.12946300195451652,0.24584504880902625
2020-09-17,0.016000341346441117,0.1284539923850967,0.24619114785852994,0.12783188839383944,0.24618495167859225,0.12898939475114313,0.24756998197545993,0.12903750820290055,0.24838608193876918,0.129637417289298,0.24884301181148522
2020-09-18,-0.02409755157906064,0.13104902986143346,0.2518775103263552,0.13044286741375566,0.25182764731194607,0.131243704619771,0.2523235306320601,0.13171705696180178,0.25340008810921266,0.1326146228938209,0.25519542655322214
2020-09-21,0.07277973021844862,0.12923560540946386,0.2467586795220495,0.13056268053587997,0.24764901289619065,0.1312170246285578,0.24867645065532226,0.13119335821415695,0.24887570354524435,0.13042593436309172,0.24726607482257593
2020-09-22,-0.03367814623110624,0.13391780513613014,0.2640388962954281,0.13532654813779224,0.26463775862093686,0.1363503099830585,0.26591069116761845,0.1365435154561649,0.2662314789629182,0.13548430041296924,0.26421868360395157
2020-09-23,0.062068981406629746,0.13667947101114744,0.261672632236715,0.13802805896816164,0.26226494299117564,0.13901108761926356,0.26351986019136436,0.13918009460441247,0.26375955734496076,0.13843465816601047,0.26253681705369225
2020-09-24,-0.002452269577140614,0.1405675117643563,0.2749129746437996,0.14123911634740133,0.2754388943083252,0.14242708554569222,0.27687741213803674,0.14261628078657265,0.27706286205767733,0.14194400233691365,0.2759504919172876
2020-09-25,-0.07764875563541222,0.14593406223668395,0.2795906161942519,0.14546227739918782,0.27977715084839405,0.14659722862062655,0.2808897962833266,0.1468760336610244,0.2822539538099163,0.14877468505133093,0.28531185262396536
2020-09-28,-0.00722848876954791,0.13681653143826272,0.2572336791183741,0.13608987277362797,0.2571869252020771,0.13721464995729865,0.2578646200039103,0.13773907458621387,0.2588232197068478,0.13306919207762696,0.2503827183789218
2020-09-29,0.003049945177827885,0.1289869652933092,0.24676700653687866,0.12839933544292298,0.24685787899281464,0.12950623025209718,0.2479791682897814,0.12970190555001648,0.2490083699400169,0.13112547325082655,0.2512617007473053
2020-09-30,0.0037993966677468778,0.12814514089873752,0.24625333539925978,0.12739493335209412,0.24622912622563503,0.1285724837938478,0.24715889120881873,0.1289396448984828,0.24810854372073404,0.13023073175339045,0.25051666600550343
2020-10-01,0.012436565041008563,0.13003484472533894,0.2501619755947138,0.13168227453260264,0.25133901907856016,0.13192195585040056,0.2518748116864366,0.13171545428781298,0.2518093800419483,0.13325457191395593,0.2546307200276796
2020-10-02,0.03423857352912134,0.13253125992433,0.2544740363655837,0.13392542289917947,0.2555687300282804,0.13415229529738854,0.2561992478116028,0.1338397508614693,0.2563512213628511,0.13532050699326986,0.25871041995947175
2020-10-05,0.011872778430284345,0.13675150497788477,0.2648996370640659,0.13896798240879316,0.2658799801901439,0.13910354396397984,0.26626227903765437,0.13891033510696985,0.26624529326213764,0.13971860195153193,0.267916387935864
2020-10-06,0.052937149955526404,0.1408707223820004,0.2709115223011958,0.1425591226656311,0.2721186647959519,0.14277948847860633,0.272681555918903,0.14250998216059788,0.27299644692389924,0.14435740724786972,0.2760491344478799
2020-10-07,-0.04936699264682103,0.1467240770739681,0.28564502022525967,0.14875799395539857,0.2870435088771448,0.14896576121583402,0.2875969284107216,0.14872431895759092,0.2876709498455831,0.14840532406784304,0.2868131006316499
2020-10-08,-0.06249736504000841,0.1445200951639204,0.2754301226996627,0.14566448625720085,0.27619407810877705,0.146591788345208,0.2772610402669742,0.14671903402544553,0.27677791414723446,0.1444809991021072,0.27372277818588464
2020-10-09,-0.05297188476610566,0.1324037295147222,0.25069433732693697,0.13196586566138327,0.2508446754908053,0.13324651633471712,0.2519662463222664,0.13368564658674242,0.2515852769149948,0.12971227716903427,0.24554590669681012
2020-10-12,0.002796087302001188,0.11974771090762996,0.22752094059117917,0.1188744410767097,0.2274627947891773,0.1199304545985256,0.2278627563145127,0.12066675836336366,0.2290372978088877,0.11710673797527577,0.22279545272583642
2020-10-13,0.03911331577520824,0.11414985533289142,0.22081847233521099,0.1131493660437959,0.22067299646369112,0.11399710308769567,0.2210848296089724,0.11465846499977679,0.22272121898969605,0.11534830009715608,0.22401338680265326
2020-10-14,0.012578782206859965,0.11730464020374651,0.23043401939232205,0.11687057297793958,0.23046552425429728,0.1177637245400219,0.23113746539260493,0.1182483072598552,0.23161572979144998,0.11690512493419188,0.22982781247046924
2020-10-15,0.021361126999368023,0.12220076873706795,0.23769854314313016,0.12148483701062193,0.23761759252636,0.12256170837039322,0.238350291448443,0.12309346279561066,0.23912715204593532,0.1229532533391097,0.23948689985408222
2020-10-16,0.016182773163055948,0.1266582926047616,0.24590767214741532,0.12537522478444643,0.2456895801712401,0.1262909318559028,0.2460635625477873,0.1270827313995335,0.24814539147126116,0.12651291421981833,0.24691598978778592
2020-10-19,0.06257563277994509,0.131613519445261,0.2546495795338403,0.13077523771126098,0.25466765741103164,0.13179347340388692,0.25548911275643515,0.13232685836452512,0.2556239021632328,0.13230076988835027,0.256936284772722
2020-10-20,0.005809003179465935,0.1407972337300919,0.2751975952602937,0.1402210791416968,0.27544910649596166,0.14121958085525194,0.2763486069959378,0.14170266516298097,0.2758784463571736,0.13941678969909177,0.27341684238760605
2020-10-21,-0.024139103113357017,0.14779388525109094,0.28362745091500824,0.1471422716408937,0.2838927260742223,0.14845773977064197,0.28531856257400606,0.14855768577429962,0.28458089729886593,0.14971673980100295,0.2883666723210604
2020-10-22,-0.019028058242308035,0.14654447855670882,0.27793984794065,0.14629311547531684,0.2782985396693167,0.14725334939893422,0.27954217481260146,0.14708430128763053,0.27895661878986205,0.14736647677650036,0.2803494539250878
2020-10-23,-0.020122849319516935,0.14160481313407483,0.2686955478615651,0.1415637806840001,0.269183241458716,0.14215970189917831,0.27008241294419644,0.14207389130771836,0.26902090987102034,0.14289491197461326,0.27207906888680694
2020-10-26,0.16400602648752172,0.1308070914697236,0.2519057592021668,0.13363077107530638,0.25342584336654594,0.13307924831654203,0.25281636612093483,0.13355111420167184,0.2518073126366863,0.13433087095010246,0.2556430439537641
2020-10-27,0.027049210275187512,0.14725653890079016,0.29598872243512486,0.1510662969383873,0.2982831559593103,0.15019417722929673,0.29728373471118064,0.1506579745421638,0.29655455809702164,0.14292283742753045,0.2838249085011929
2020-10-28,0.18879729548872887,0.16989049487433955,0.3257537807108782,0.1716699005396421,0.3271389712122841,0.17144776644942591,0.3271447973388788,0.17167258580807995,0.32852521241186955,0.17396155042230688,0.3327280691454999
2020-10-29,-0.06911701027427491,0.19363206545700884,0.3813393889310683,0.19600529813132678,0.3833831825268432,0.1959213189259491,0.38388589333635365,0.19600986302837678,0.38297130700954185,0.1881775764289859,0.37018509379926273
2020-10-30,0.011374279484196505,0.20261016183528358,0.3786280508448787,0.20557682527342247,0.38085834034308474,0.20477414196376562,0.37966039076260544,0.20499102749393855,0.38093639921745265,0.20532496263923253,0.3814630235867159
2020-11-02,-0.023687068871294396,0.194464466670917,0.3694380299111459,0.19748022265707327,0.37173124339823554,0.19666713468636352,0.37070394393190026,0.1969028049260524,0.3714941691389425,0.1999943552328464,0.3776467341414223
2020-11-03,-0.04348511193973901,0.1920858250861782,0.3637369406279765,0.195622616851058,0.36620200645582296,0.19462657707285808,0.365052499160732,0.1949440239669447,0.3666907504458887,0.19721240232560344,0.3707404156124157
2020-11-04,-0.184179822384864,0.1830037468141304,0.3453010322995999,0.18625368987596327,0.3473562795043212,0.18549874576743242,0.34646863514194925,0.18597557209693838,0.34685701032455996,0.18648144534768066,0.3490659806250015
2020-11-05,-0.06966946149923013,0.16410832367321415,0.29790412151657825,0.16579606072674402,0.29946019375102195,0.16565987747870917,0.29987014831274417,0.16567305585204167,0.2991609281531902,0.15817928542037354,0.286826764134085
2020-11-06,-0.10383078628259063,0.13881020634587304,0.25858560562443494,0.14052384874271084,0.2602348703278227,0.13998745964750642,0.2597581182100374,0.14013518233550845,0.2602361899248042,0.13681858393025875,0.2547150854236614
2020-11-09,0.03517454102718005,0.12171896319622828,0.22442780972462995,0.12292589040528386,0.22562370140608828,0.12295484922288509,0.2260701880447157,0.12290326346184617,0.22545964122095516,0.117740445356561,0.21697117223841103
2020-11-10,-0.03759097393880867,0.11541223757190838,0.2226352878411434,0.11619586275295435,0.2234901661908558,0.116752373250851,0.2244843774856744,0.11659998896127999,0.22422620459988907,0.11561241734082539,0.22277044188834044
2020-11-11,-0.05597315827864813,0.11400052455198878,0.2155457444437188,0.11481530707288913,0.2164447612194639,0.11535892704132938,0.21736509044584437,0.11521983106703125,0.21768193475001155,0.11335169629268202,0.21395829978502687
2020-11-12,0.07790823514490385,0.10475869069681361,0.19699964700448117,0.10547074372308915,0.19773556276278564,0.10600394706989351,0.1985645860494202,0.10596927595505591,0.198896754051424,0.10229602859175485,0.19192693919342307
2020-11-13,-0.09294611250944432,0.10711021680894774,0.21252866578901305,0.1088114805668419,0.2134791147187186,0.10924280662749973,0.21416251482994406,0.10927673756011373,0.2146688802605909,0.10574635264686708,0.2079165930611942
2020-11-16,-0.028542003339484662,0.10622768115224289,0.19811548289948103,0.10763600293199954,0.1988563900929158,0.10798685227580929,0.1993335628172493,0.10818100534145074,0.19964654274813096,0.1042171191211305,0.19257247888728962
2020-11-17,0.01151474192920386,0.09629001632096547,0.18245043882553155,0.09686968335104364,0.18297583401021172,0.09753612725514405,0.18394865416941383,0.0974929469971939,0.1838235644058808,0.09536001578709564,0.1801437516106583
2020-11-18,0.04855948607968184,0.09467314930665072,0.1824594317324235,0.09545943497813837,0.183294713372917,0.09585348758016828,0.1839446204033171,0.09575268931307272,0.18423356749574626,0.09486951214454523,0.18227575949760821
2020-11-19,-0.031099417910859614,0.10089636711444844,0.1981393478142979,0.10239148757793996,0.19892670787256453,0.10303848729962638,0.199860325702024,0.1030189459918679,0.19962202698223672,0.10041818787656753,0.19517210794725653
2020-11-20,0.025209623854796175,0.10453817611844533,0.19784637166309282,0.10595882654336944,0.19889988422583016,0.10601109072682695,0.19928095575158808,0.10595740764150788,0.20000165719077911,0.10442886818746083,0.19657111913374817
2020-11-23,-0.04487379254122522,0.10419692051230683,0.2013448461427019,0.10563812599523521,0.20246877849252204,0.10569741848150004,0.2028714488674029,0.10567630056420148,0.20327958433277582,0.10471384618690709,0.20139783816269902
2020-11-24,-0.046057801621579506,0.1022043707218035,0.1925088342170798,0.1034342261352125,0.19347487053211535,0.10363318357543959,0.19403710078461942,0.10358134537552281,0.19428407458135066,0.10133498540059772,0.19011569324963884
2020-11-25,-0.018186558607855,0.0932665382849072,0.17574277130439342,0.09402708385252298,0.17633903202927606,0.09461698825298738,0.17726339085349477,0.0945514903744425,0.17678583335847844,0.09189767401274856,0.17241174183164637
2020-11-27,-0.019482678485259638,0.08785936428639075,0.16731282389621271,0.0887861606514767,0.1680752996694978,0.08905912239964785,0.16869359552496518,0.08901514037001404,0.16868214774823162,0.08735305370373866,0.1658048061795357
2020-11-30,-0.013040513220300339,0.08537501024608282,0.16229415426459665,0.08660319030795854,0.16332726978030837,0.0865051571481797,0.16353569085968533,0.08645744548602688,0.16405398130271226,0.08478662924066245,0.1606494529257657
2020-12-01,0.009675934223155196,0.08170403358224591,0.1559826422809599,0.08222319562979856,0.1565008076314237,0.08267243046727936,0.15728278469268145,0.08265886362412361,0.15682956602665787,0.08088013750844271,0.15408500251739218
2020-12-02,0.01907544725875304,0.08314075199959158,0.16066432241023473,0.08441783788483738,0.16161395819281918,0.08415210161002502,0.16127965535237496,0.0841604514048198,0.16291117450093254,0.08280471833403481,0.1590442289895248
2020-12-03,0.005182579326669905,0.08664751208375833,0.16803984905077807,0.0880239285841811,0.16904151059813724,0.08774005151916432,0.16868519740246113,0.08773818057234106,0.1703935842277005,0.08591827873345302,0.1655706588024443
2020-12-04,-0.023295562603522182,0.08997708662318873,0.1738984165728268,0.09195802572270412,0.17515507999187072,0.091424539177839,0.17437865535198915,0.09130810982263984,0.17634627650446627,0.09069191826192462,0.1732825363140162
2020-12-07,0.024234970845457966,0.08788592267865086,0.16741209205701404,0.08918897651382579,0.16833299880546096,0.08898360493169044,0.16809812834031565,0.08897288555861453,0.16960812623314536,0.08641720202756809,0.16255000731458566
2020-12-08,-0.029540023075151047,0.08828516352783858,0.17066378848562544,0.08857078049201332,0.1711463189062167,0.08880986777669797,0.17175891713813307,0.08882094119798654,0.1725001827273449,0.08682662765247522,0.16809890132749142
2020-12-09,0.07407343162904795,0.08710539766402445,0.16465241994982505,0.08702491759416711,0.1649150759563902,0.08767990809366509,0.16613189104992682,0.08764199346918769,0.16598576755936933,0.08502450274497768,0.16116965471860595
2020-12-10,0.011163322002213375,0.09247869225885054,0.18296868333869665,0.09294805907751792,0.18366303400302614,0.09344364801907068,0.18450027951751818,0.09346442735651882,0.1832092482129529,0.08953039952650198,0.17725045177109
2020-12-11,0.03447864977617599,0.10086139563173259,0.19425971407761175,0.10133637387388347,0.19491665676558945,0.10189611763778435,0.19579653069282973,0.10194537838785354,0.1938204455206224,0.10122738840786617,0.1947564369300736
2020-12-14,0.05873017954182421,0.10578104346851826,0.20531948341803294,0.10627526520480139,0.20600490064173463,0.10687175772448328,0.20692028138854623,0.10692928819220353,0.20494394420799464,0.10531910359178466,0.20418208894616263
2020-12-15,-0.07691249862501459,0.11483049790745088,0.22535903346433134,0.11596169405388312,0.22624976920071635,0.11662142983479719,0.22711383744043734,0.11670523442408967,0.22572660503645847,0.11436561398833163,0.22312022971216947
2020-12-16,-0.01718482475410086,0.11533050424593158,0.2143846708670398,0.11588500259868863,0.21513348550661415,0.11636073776850703,0.21588877720408997,0.11638412649238583,0.2151655802466969,0.11246281210299693,0.2089128049353919
2020-12-17,-0.025659746780577607,0.10690083355164186,0.20550552362394447,0.10932534016883064,0.20687356990258526,0.10894529479565061,0.20640080150111564,0.10889276259760239,0.2074963029986671,0.1079585638375197,0.20492008042102905
2020-12-18,-0.01655210202873176,0.1041065410185106,0.19917161110975815,0.1062702136210609,0.20037729909575183,0.10591871626744105,0.19992831677481082,0.10575468474815779,0.20093975760788307,0.10470683613353403,0.19790585287639648
2020-12-21,0.15395197143117467,0.10217378276761771,0.1955152280221128,0.10398337347897751,0.1968340868827201,0.10331084051323171,0.19571313050597594,0.10317520789876125,0.19664459986489047,0.10310177774109279,0.19554878781383334
2020-12-22,-0.03766389700380541,0.11792838392894099,0.23836767927450506,0.12084786233614984,0.24037683221218617,0.1201858572400082,0.23956233180182485,0.11975765769475301,0.2414705113652184,0.10902422750005826,0.2188759711265881
2020-12-23,-0.038709081780768644,0.12895178961910697,0.24484091616696915,0.13184087631015656,0.24650506086277185,0.13155405159025269,0.2464029475189692,0.13133874747722948,0.24758045084593341,0.13057709833636522,0.24502666946237306
2020-12-24,-0.079435141671394,0.12146931180774066,0.22919551125994617,0.12333697661344928,0.2307201269467629,0.12315966955513419,0.23087019793511487,0.12308241821183347,0.23155163571525889,0.12063020419627589,0.22660458113480533
2020-12-28,0.007864949170142136,0.11007351309542861,0.20431436030615682,0.11138650202241637,0.20541149606102793,0.11139521174131396,0.20561925304021983,0.11150509235288678,0.20621119091298262,0.10672097307485565,0.19751933867722285
2020-12-29,0.061654181093484875,0.10281870498543295,0.19756685952576375,0.1041676713469784,0.1988035449463227,0.10403077918811515,0.19881947915494716,0.10410688135493007,0.1996081990250023,0.10383285128382959,0.19906253520651174
2020-12-30,-0.01352256156425056,0.10868800237210031,0.21482534458911537,0.11099347090797843,0.21605301568849683,0.11113835994669825,0.2166413073695418,0.11117188299670916,0.217179207949152,0.10682707148428096,0.20918697116221072
2020-12-31,-0.0008787346786887605,0.11400673927269073,0.2186055535671606,0.11577152935433112,0.2195377683800255,0.11631797581137325,0.22047200996919425,0.11646006636094144,0.22017634504834785,0.11623133224714845,0.2209663944324644
2021-01-04,0.1701599917546791,0.11299369205920032,0.21761391673373573,0.11487929223134691,0.21865672613805745,0.11531347234664874,0.21959755921049343,0.11538926655415553,0.219499946503281,0.1154823209884459,0.22053775569258374
2021-01-05,-0.06234096225864551,0.1323898426169386,0.2673196948483432,0.1348393096502969,0.26888770226066183,0.13522960221472796,0.26957451795005655,0.13554358391493354,0.2689172571445552,0.12318106717515918,0.24787394283734654
2021-01-06,-0.010712262722790983,0.14518973291867207,0.27309929379477305,0.14840847916046296,0.27503046512378293,0.14841578516797482,0.2755444879996161,0.14835122626717334,0.27601765725970506,0.14498999215015415,0.26997692385048766
2021-01-07,-0.1139511366681637,0.13846542368018921,0.2650123522551825,0.14161739106380236,0.26670192187958036,0.1417664996786481,0.2673522670361136,0.14137406570845598,0.2689443475628366,0.14031870991770332,0.26511874052238715
2021-01-08,-0.036881029461241985,0.12811177412154928,0.23680191046259336,0.13116587959421955,0.23845481360378568,0.13094386776071945,0.23831359993107923,0.13061186196115204,0.24048679208524376,0.12202630427245588,0.22213302144500766
2021-01-11,0.11054187439982383,0.1113778178719442,0.21127876517156716,0.11376896111210169,0.21255704283940274,0.11394494660136639,0.21311982133518068,0.11370568685122123,0.21414066246213,0.1092032402712015,0.20479664804411538
2021-01-12,-0.031641534407281714,0.11927889194363224,0.2369014740483103,0.12209446242332252,0.2388240039275297,0.12197896957061577,0.23904680145326063,0.12149912849342094,0.24084851404039231,0.11277621562261865,0.22246722178365969
2021-01-13,-0.04919744812700245,0.12781671017409113,0.2415924459018184,0.13049528796263923,0.24336333804194107,0.13044512926068835,0.24351593566814753,0.13030098271325763,0.2441988450649289,0.12900840202834787,0.24151853055060962
2021-01-14,0.045762494127029124,0.12022316637776388,0.22527156470124812,0.12213048615307272,0.2266442669649001,0.12227340889085696,0.2270629156636501,0.12224850557936306,0.2269797559626882,0.11903925604297189,0.2216124752124789
2021-01-15,0.04581595552601579,0.11922017674803158,0.23067974906818922,0.12088026755838727,0.23212265277750124,0.12103953138621225,0.23271915002423213,0.12101493171446019,0.23183491692572297,0.11805751841699513,0.2275969212357555
2021-01-19,-0.04624615557567066,0.12850033138681355,0.24793626952154113,0.13016762963680908,0.24947790824974944,0.13022813292233168,0.24980076308601937,0.1302748202783007,0.24897366388568806,0.12783408610640506,0.24581423461141655
2021-01-20,-0.07410797215372185,0.12956407256079133,0.2438167738485767,0.13244413138377406,0.24589141177662174,0.13198326842881014,0.24523133409466447,0.1315244960404105,0.24705720301859901,0.12950757866500157,0.2413419272482152
2021-01-21,-0.012121360532344737,0.11888059900542865,0.22045334524549523,0.12112635556646971,0.22223727283971811,0.12059933440958788,0.22134843414357683,0.12030990841501783,0.22303175999873243,0.11525864927999574,0.2119414399703975
2021-01-22,0.02729755430973142,0.10888832184350497,0.20777629859691019,0.11137712329254938,0.20944261913990256,0.11103173791955614,0.20896484451793423,0.11069842458142778,0.21036001137635194,0.1092283829310653,0.20617677437603057
2021-01-25,0.05677799766006525,0.11027134315271876,0.21378805970715256,0.11287947506025806,0.21552771808441773,0.11253468335943721,0.21506663667779694,0.11217956277378527,0.21650429134363994,0.10998755290526024,0.21092719284717418
2021-01-26,-0.007357747973703723,0.11778324545428892,0.2310556994602245,0.12058567104906384,0.2326629480351163,0.12040915337029286,0.23248803207378899,0.12022653947621144,0.2335033058496851,0.1160158921697123,0.22486448695401015
2021-01-27,0.48021413906479454,0.12401748159335081,0.23766062542950803,0.12718220216330406,0.23950997736976323,0.12684346966759233,0.2390721552291998,0.12652318504068433,0.24071190223140285,0.12724164809181907,0.24050999261370826
2021-01-28,-0.2084045469599505,0.19558482006815656,0.42651498281513867,0.20168783800715473,0.4297359980895241,0.20051941324714712,0.42840001177632786,0.19966753375084917,0.43303123755987033,0.14225035071750075,0.3176724538795285
2021-01-29,0.09105812653494016,0.22911704723450055,0.42955648776260946,0.2338030272861365,0.43218491546243726,0.23289481292377395,0.4312554570893133,0.23219808214720705,0.4346633188476116,0.2212149062168847,0.4090909407538761
2021-02-01,-0.09006557062218873,0.21171396975584192,0.4226846586432125,0.21541393797297734,0.42488127548458815,0.21484759993822092,0.4242000463088002,0.21453447592337876,0.42655228427143477,0.20869617149265163,0.41302568508569165
2021-02-02,-0.1681369218019982,0.21250240121128244,0.40740138679723725,0.2157314058455463,0.40923763111909833,0.21536122281204576,0.40873530171110667,0.21517274909701078,0.4104122774056097,0.2095279086483867,0.39793595031962425
2021-02-03,-0.1094551330439299,0.18833835469760665,0.35330530211828726,0.1914185587689633,0.35525983589387744,0.19057086206540005,0.35390304365547054,0.1905631566859917,0.3554908897184127,0.18137317064589425,0.33645867877319735
2021-02-04,-0.05104062121894815,0.16233959124619268,0.3076824462405911,0.16388776381134115,0.3088603179467339,0.1635985435631127,0.3080541699095465,0.16364278130003815,0.3083830429085259,0.15807297786598443,0.2975811168696713
2021-02-05,-0.04222015415734667,0.13921640319855355,0.2688869515471229,0.14165558779226886,0.270362367055217,0.14056642893697588,0.268303452182997,0.14041111178202706,0.2704190805629376,0.13470641970366676,0.2572979243288907
2021-02-08,0.017573475284628527,0.1291902764830673,0.2502886809048065,0.13136855086394664,0.2516109722005785,0.13034873927779286,0.24971224254883367,0.1303376692406764,0.25165721111915873,0.12477556066146202,0.23926853167651038
2021-02-09,0.01819504359122934,0.12604601270449767,0.24955591058878002,0.12839285664746267,0.2511630546063904,0.12720577800760588,0.24913811568246172,0.12725123286461235,0.2514065269403733,0.12188105951645907,0.23919686333252074
2021-02-10,0.016506564601702408,0.12906057506745494,0.25568638321071274,0.1316338169973235,0.25736831490606416,0.13040212872150111,0.25534464907118165,0.13047506152789384,0.2575105347773171,0.12434177138524266,0.24402191536893816
2021-02-11,-0.03423090919624392,0.1318141442553376,0.26122188455351514,0.13477633573088002,0.26306824142034624,0.13352377636190318,0.2610384676269916,0.13347880351979033,0.26351865248479756,0.12698972764563232,0.24887180437482237
2021-02-12,-0.0621257479427021,0.1301310517493585,0.25354859973312727,0.13292757575262318,0.255244326323141,0.1317329927858576,0.2533428191458337,0.1317548276374768,0.255879689879587,0.12418400510141665,0.23919482933612116
2021-02-16,0.07195958977482875,0.12127072396442763,0.23398500194299465,0.1235113604620879,0.2352430187164279,0.12248936529566061,0.2335247733925479,0.1227362361683219,0.23608419147880624,0.11445956502422938,0.21837050759908672
2021-02-17,0.001862197931064621,0.1212313738178703,0.2453980699959726,0.12363650961266157,0.24664350500960502,0.12278971842561727,0.2451610254252591,0.12273855213430428,0.2476240599049702,0.11482271204204954,0.23023018831396855
2021-02-18,0.04501783083760719,0.128892366391267,0.25344758233724307,0.1312793649171477,0.2550414941308617,0.13050612174386053,0.2532749726755322,0.1302400676378681,0.255487259359406,0.12505172995268887,0.24326086321535353
2021-02-19,-0.01975816407836922,0.13363176443746452,0.2663374628888301,0.13621856423165812,0.26829827152240676,0.135188853671972,0.26627728027350805,0.13489870712187252,0.2688234728593416,0.12811636642061783,0.25316231170906983
2021-02-22,0.061557892999433365,0.13644669531284148,0.2674605092228042,0.1393723265306486,0.2691311671074786,0.13855687834726138,0.2676812482706362,0.13839652190562482,0.269432831437754,0.13336832359710005,0.25815599069283585
2021-02-23,-0.014605070605998955,0.1404474407729386,0.28299286067891793,0.142902688613256,0.28416220784636725,0.14226972467997112,0.2827016325723363,0.14253226799567278,0.2851592365864594,0.1358682802498606,0.2708656386077042
2021-02-24,-0.07968217841268203,0.14589149888713454,0.2863059230349281,0.148399922798287,0.28762376184424054,0.14779273598810064,0.2863782085947619,0.1478831178355829,0.2884920386897532,0.1438373967822829,0.27926184118184977
2021-02-25,0.3029122686045366,0.13686615843916886,0.2624300554213037,0.13905553930424142,0.2636802838422433,0.13832637914811052,0.26224727491698524,0.13847421529257148,0.26437568457332145,0.13094524110908615,0.24846312767182982
2021-02-26,-0.03307831487703574,0.16552600230670336,0.35440788344541446,0.16911531843615035,0.3563343288005437,0.1679861077503133,0.3544313699597329,0.16787191571938467,0.358801193626946,0.15086093318254284,0.32236368916025576
2021-03-01,-0.1798202154862018,0.1951091917246856,0.38078351554054307,0.19915185429814147,0.3832160960956104,0.19780632496738956,0.3811186011336794,0.19756635978695186,0.3846786391493399,0.19878649225929335,0.3842676585515955
2021-03-02,0.03161485638170301,0.17596813705836784,0.3312130057319201,0.17919703047793814,0.3326183647494414,0.1782474390400798,0.3309165376090146,0.17840660334209693,0.33440408935042326,0.17171700283432922,0.3191149677775777
2021-03-03,0.10132749769731365,0.15814213297209345,0.31534411292402303,0.16086939109433301,0.31672437500490347,0.15980354597185178,0.314817352068696,0.1603649938038737,0.31758721302343856,0.1600637161336176,0.3161666162507194
2021-03-04,0.06881787804875882,0.16929303065424603,0.34460670068211696,0.17316300854934494,0.3463773836257807,0.1719162917933187,0.3443579064014412,0.17215507871873328,0.3486239239891733,0.16660707069950195,0.33523731467529094
2021-03-05,-0.1471747185064834,0.1872552432778708,0.3776218774349625,0.19149811605740813,0.3791690746640579,0.19073063237217755,0.37775907986609275,0.19097630392778783,0.38002702352220646,0.18863685448985967,0.37482049820059266
2021-03-08,0.03231879125516731,0.18316940080186,0.34722579250111407,0.18549769002159425,0.34867582985725654,0.185170440164831,0.34794427079862655,0.1850674120185733,0.3491244239097914,0.18085761040564685,0.3402301752914124
2021-03-09,-0.05819823924298805,0.16786108428002475,0.33391122960815395,0.17033456557361645,0.3353533595400341,0.1699934190863261,0.33453875391073934,0.16992018465803865,0.33578138708228744,0.1708905917271149,0.3370366011263161
2021-03-10,-0.06312462311851956,0.16485557808226456,0.31984485766531157,0.16722660913402432,0.3211708070300006,0.1668860235199422,0.3202619793710861,0.1668311813082528,0.3220443731227197,0.16619672626745716,0.3194660887673362
2021-03-11,-0.029235273022482917,0.14861643195436788,0.28945280221944925,0.15130473771354555,0.2906749332377835,0.15034324527597046,0.28899252911178824,0.15078310177727922,0.29198957564848643,0.1479542800991273,0.28513034507199214
2021-03-12,-0.05729266184992349,0.13790793720169628,0.2709234576768293,0.14050555456425243,0.2724578137175789,0.13912452028510947,0.27021623753435153,0.13953523634752824,0.27391654607368876,0.13748053927726583,0.2679737324204373
2021-03-15,-0.03241934207972474,0.13397962863278054,0.2602640005835379,0.13716839426715402,0.2622479066698733,0.13600516551148978,0.25996117034910704,0.13544508140365585,0.2610093366638214,0.12678849595749012,0.24452425864741453
2021-03-16,-0.012054390063252611,0.11932889350257202,0.23435094301425521,0.1216478384870926,0.23564784977326872,0.12035323148249394,0.2336412939175419,0.1208791222852584,0.23685628946831053,0.11830372153378844,0.2303198264201488
2021-03-17,-0.028705200013785927,0.1156033118850952,0.22829519251309474,0.11731482709135198,0.22926423237602944,0.11668990197818982,0.22815555202661966,0.11705854425791669,0.2300275319506471,0.11569623751958574,0.2269306145478943
2021-03-18,0.1152954002293002,0.1132655965927199,0.22168027211827684,0.11450530249892699,0.2224935904170579,0.11436444255386422,0.22174843157238372,0.1145428680481429,0.2234389246910714,0.1127631580738005,0.21919994139829477
2021-03-19,-0.02962831346184185,0.1236366100106657,0.25523221782805044,0.12592060258260623,0.25638382327406584,0.12583550789908227,0.25556084340684526,0.12573456040249714,0.2574970098240469,0.11956661469915084,0.24403626251355365
2021-03-22,-0.10403548565079211,0.13382667871865453,0.26173796782133274,0.13621886566027325,0.26291006230160663,0.13602193541668017,0.2618972549083666,0.13595525590961016,0.2639442165772625,0.13663542047606006,0.2635392350772353
2021-03-23,0.0725177253303872,0.12126446993442079,0.22897258706112605,0.12259235698836073,0.23007311641638087,0.12220998634242974,0.2292805247886572,0.12214647887127496,0.23052790361205738,0.11756326554713198,0.22074793214732774
2021-03-24,0.04338029563022496,0.11599838752773849,0.2363173192860837,0.11796665513226663,0.23749072004193497,0.11769964584424102,0.2366640938417081,0.11763355041828982,0.23830404229728322,0.11495527943847461,0.2318913013996076
2021-03-25,-0.06781432096750728,0.13029665436327625,0.2613058785932354,0.1322295336213744,0.26222164658599295,0.13254355712516247,0.261707791163518,0.13227300424351598,0.26388306560904307,0.13181448093680256,0.26063205128226885
2021-03-26,-0.0491435835051481,0.12825745081031217,0.2460949378898825,0.12955741809472066,0.24716613836880189,0.1293593333015984,0.24633051225011257,0.12928441106714353,0.24779784786882952,0.1279648548205154,0.2440517657684688
2021-03-29,0.09502092559606982,0.11689974234312876,0.22539595003205345,0.11775724310037082,0.22610886423239535,0.1179516372410555,0.22567203923445292,0.11773808213327724,0.22719937137334345,0.11671498080096812,0.22357511155127063
2021-03-30,-0.0560245625931263,0.12152465856886288,0.24811247715280607,0.1233826047327317,0.24920294623657693,0.12332363317884433,0.24840089073704108,0.12302320312655392,0.24881852215805725,0.11972967124786617,0.24179609004469277
2021-03-31,-0.01076657413897251,0.12501884061840338,0.2423244473432447,0.12713523311788688,0.24360864945034838,0.12690878848773898,0.24276507074455345,0.1265892233532187,0.24390741825843024,0.12608109703256346,0.2415520218925747
2021-04-01,-0.1128339623417678,0.11569817256876995,0.23033633980923912,0.11814226389621274,0.2313738218968321,0.11771503804891177,0.23010222153052176,0.11775620431052236,0.23226970484075252,0.11824475494883266,0.23169696013131202
2021-04-05,0.03292011234510589,0.10609041842098467,0.20184253723653323,0.10797794470319921,0.2025758136857287,0.10785099403298748,0.20184585076220138,0.10775985379546835,0.2035385837156661,0.10386497664027157,0.19453830886335757
2021-04-06,0.011657084542212948,0.09549417594705006,0.1952162737645861,0.09728646301891081,0.19584205361574916,0.09720992909124519,0.1950810530534773,0.09718961223394362,0.19689177037183306,0.09691182080190303,0.19500560811180517
2021-04-07,-0.0544352065550171,0.10293128310996925,0.20452312870589162,0.10405981759834888,0.20550651240618445,0.10373847637438322,0.20449420538564098,0.10360584626909318,0.20562714711239372,0.10409985743100884,0.20568002214069483
2021-04-08,-0.012313260233357014,0.10101036113587945,0.19351974526499183,0.10191540575887281,0.1944140700478777,0.1016585852571847,0.19356722203359036,0.10142954793276662,0.19434628085435576,0.10050690930107947,0.1916884346334845
2021-04-09,-0.015458096152715418,0.09308770451751806,0.18239120205071951,0.09397103213659844,0.18324695172352573,0.09369703079981102,0.18239172431264286,0.09351234170536235,0.18338996349222011,0.09408875316695892,0.18354649326686398
2021-04-12,0.01309542523674514,0.09184620518458395,0.1787221670309362,0.09241299130742288,0.17937409313687502,0.09233518728684906,0.1788407673702681,0.09203003821224151,0.17930553571807528,0.09291643256079606,0.18021216437535212
2021-04-13,-0.015494946484036206,0.09155934970951121,0.18077371851324678,0.09213911130678483,0.18145048081378812,0.09202886462301198,0.1808770912800487,0.09175501639547129,0.1811669727144146,0.09205337359611995,0.18127876094107764
2021-04-14,0.020214719257387763,0.09457898705597101,0.18389563934995132,0.09512709819384346,0.18452583058885633,0.09500507271363735,0.1837747718353959,0.09481589556603048,0.18451469167827825,0.09587076690351241,0.18564632792921273
2021-04-15,-0.02503110424536897,0.09593529454285965,0.18979233012794847,0.09671877273227182,0.19048947055597887,0.09667637222751514,0.18985695744895004,0.09629964499614957,0.19100661673639896,0.09714903097391034,0.19089942928838916
2021-04-16,-0.019500922662725104,0.09678244585899484,0.18683568870142342,0.09753874498034362,0.18751677751474818,0.09747781531989225,0.18689364794962818,0.09710839906498821,0.18774613871280696,0.0981236479844808,0.18822214273177246
2021-04-19,0.0620353909194527,0.09335732522755215,0.18057571166310582,0.0942041692341821,0.18124616139668082,0.09427515833535752,0.1808912509688686,0.09375108355341984,0.18112254736259314,0.09494453613828677,0.18203525155539574
2021-04-20,0.0773251331054975,0.09818677706211304,0.19742314678108577,0.09885815655153053,0.19788229464616325,0.09915836615316255,0.19782059763299042,0.09859028836860885,0.19836827454981154,0.09715285803377444,0.1939422367861311
2021-04-21,-0.06525255187122822,0.11685165204031592,0.23464885060088464,0.11962610167298698,0.23627092680878145,0.11955257231058641,0.23623786818937856,0.11836860570183273,0.23532654067316627,0.11857777372231026,0.23297177304442862
2021-04-22,0.0668572593565299,0.12028432069916882,0.22772252106200208,0.1223359314620809,0.22894989601037338,0.12239520779225956,0.22903062136300745,0.12129371912194785,0.2278716501731691,0.12337786071601756,0.2299035728910652
2021-04-23,-0.0766190365584837,0.11988242642865635,0.23920119609167118,0.12255881088013262,0.24085384870337734,0.12244996288236935,0.24069083757068377,0.12125994966404041,0.23983369245462666,0.12417449481741664,0.2423332833933334
2021-04-26,0.017729946851130707,0.1238746616927575,0.23171686283281204,0.12612935447780577,0.23363833489264543,0.1258689974725472,0.23340209402813997,0.12486847075840704,0.23280106778783796,0.1284897633920767,0.23630532858925288
2021-04-27,-0.004545462371674722,0.11591055909691454,0.22510230581350538,0.11818486776204865,0.22697209941487462,0.11799167115305638,0.2268416734179841,0.11698880535203747,0.2262957023777033,0.12392647043731182,0.23575551644808723
2021-04-28,-0.016073824831060908,0.11819135633810596,0.226831804417447,0.12092241381098705,0.22866009351449343,0.12092339772488071,0.22921267595666367,0.1200479438149834,0.22908925416834172,0.1262863120192377,0.2371792172565133
2021-04-29,0.018917159132205087,0.11558473277370418,0.2203710216528585,0.11819236090700729,0.22222745609720435,0.11808849543724577,0.22256270489790897,0.11729862519109709,0.22268913478000849,0.12167078309532586,0.22739403141654274
2021-04-30,0.05523214814604466,0.11520381648149883,0.22256102316092452,0.11784401063660484,0.22447656102137223,0.11772957616163074,0.2248193418037884,0.11691127387455431,0.22495111234330462,0.12023112742144298,0.22755126785001456
2021-05-03,-0.01625171196774008,0.12449400045078247,0.24320333867207045,0.12735867634989828,0.24526202468457922,0.1272833039438096,0.24572812668786512,0.1263612524308434,0.2458322929462475,0.12711648553391755,0.24321245902897062
2021-05-04,0.06194093952796975,0.12847020813611695,0.24285173340216473,0.1311720933956947,0.24510263959684853,0.1309111956284312,0.24541337402333877,0.13011392490211204,0.24579447982842395,0.13522269099858428,0.2514788918523188
2021-05-05,-0.017085582587734117,0.13449355959491124,0.26007659378702674,0.13755859995221814,0.2626029944569256,0.13733803698677888,0.2631106492199855,0.13657402171063554,0.2629272479331213,0.1361103031810583,0.25896993951937913
2021-05-06,-0.040495677010425155,0.13714783856852875,0.2576179216383591,0.13990746558408002,0.25988491974391265,0.13984966725465853,0.2606994121573858,0.13917319763679528,0.26001054620551844,0.14323837802501077,0.26532950689749096
2021-05-07,-0.09699730094248603,0.12791527796639687,0.23965071314566969,0.12967009259639867,0.24084268380544302,0.12958240241891109,0.24119376979885426,0.12920677510886297,0.24422322728740237,0.12950112488452176,0.24119514751290222
2021-05-10,0.16377637704527678,0.11355276244167418,0.2083138361617158,0.11522128279563557,0.20935002821992266,0.11520830873896443,0.20968628747424747,0.11500909566080444,0.2110472163295528,0.11431500208203005,0.20833800229673738
2021-05-11,0.10515703615768388,0.11789180335803488,0.2393923470895934,0.12037973325610553,0.24135036771811624,0.12005478106850177,0.2414419390726692,0.11961491622252397,0.24288104968343233,0.11567486664080237,0.2332966710939472
2021-05-12,0.23371023735249039,0.14866309382955856,0.29172498756797266,0.15168690807291513,0.2941844978770596,0.15090091867117164,0.292987223070871,0.15020582159530496,0.296614451073794,0.15037053624896898,0.29235382443476055
2021-05-13,-0.17632291198584696,0.18859086223452526,0.3777280380514096,0.19268271866592876,0.3812388740941637,0.19150489204987844,0.37959519581464896,0.1904985722111376,0.3851162694307423,0.18891079654166856,0.3746498360411698
2021-05-14,-0.2067418329304088,0.20339278348340414,0.3679995152350121,0.20712779278437538,0.3706952933870146,0.20647163993255246,0.369921357446246,0.20583444262774236,0.37186200571380285,0.20683204662731822,0.3707115329508053
2021-05-17,0.04724470586155038,0.16569583817902425,0.2950944210005536,0.16849255227561982,0.2969095257643721,0.1683603645622763,0.29679767520104594,0.1675908606377851,0.2981594887205741,0.16746475064962088,0.2953247604700345
2021-05-18,0.07894989669911809,0.14286874985410686,0.2767330691581878,0.14555986044196748,0.278316852164814,0.14573072595902148,0.2785293843267102,0.14488444021518052,0.2795269955263963,0.1471946901417293,0.2812575116765507
2021-05-19,0.03860773604861377,0.1545590838787532,0.30156802772179,0.1579246468226738,0.3036866859392767,0.15754588671055803,0.3028655419234631,0.1569141770457441,0.3053333296748256,0.15823721175316027,0.3044190903043154
2021-05-20,-0.07050760822854403,0.1673875289759769,0.32141383361976417,0.17068352432315936,0.3235769439473923,0.17030722272266177,0.32280053266954295,0.16963910831449006,0.32531740263441883,0.17192950723844683,0.3260931734561657
2021-05-21,-0.025479085300985013,0.16676480273310923,0.31006664621520297,0.16977010242411403,0.312097348938704,0.16974210389334188,0.3120610431113859,0.16873082878011317,0.3133375137919005,0.17087841773509976,0.3140300979109984
2021-05-24,-0.0908536237777521,0.1548064194776334,0.29233839428170266,0.15798045531270413,0.2944826559412237,0.15788781446270891,0.29431870353127215,0.15682092729461794,0.29524573814065586,0.15933839724067866,0.29686282182536944
2021-05-25,0.023631604533277038,0.1431778711996417,0.2637588719586118,0.14572391380615646,0.2655639470099812,0.14566635690844182,0.26551521785326104,0.1447076234795472,0.2666494788079656,0.1459640635538852,0.2658547579240249
2021-05-26,-0.08181355991601287,0.13171007100707877,0.2530195896515029,0.13431685660782905,0.2547110299998722,0.1340863202982595,0.25424677482348224,0.1334525026985549,0.255978149098473,0.13557060751679148,0.2570514999319722
2021-05-27,-0.03636764417087495,0.1283550371570773,0.23652342114989225,0.13061281746742398,0.23799193460864781,0.130503245428074,0.23773600448752244,0.12980938390801883,0.23909404890431657,0.1308806243054608,0.2382983709087156
2021-05-28,0.0011940299926079903,0.1157171775698375,0.21715194281576353,0.11772553397408907,0.21857724061104009,0.11771355789940706,0.21853183181051505,0.11686227093536748,0.219445801152642,0.11853706449711127,0.21980171162808562
2021-06-01,0.06580561779277215,0.10973376881870851,0.20912958678974153,0.11162792860182122,0.21044680953784323,0.11138382221466658,0.20990623201210604,0.11089296888863397,0.21158894176058454,0.11292722465111839,0.21281953688425698
2021-06-02,-0.02374334261931983,0.11485125580728685,0.22471770232112562,0.1171251064236622,0.22664338105145304,0.11652579980974104,0.22547022091813237,0.11611967409235532,0.2286389994955107,0.11643475095474724,0.22537377462334038
2021-06-03,0.0315341444070881,0.12344825257100062,0.2327962716153364,0.12564712252602825,0.2342668264451751,0.12549624700017825,0.23380345727893634,0.12498598481957635,0.23547158214194994,0.12697011589370077,0.23661152481111966
2021-06-04,-0.09409141061019523,0.12345541698945613,0.23779842171579937,0.12559328912939777,0.2392740397875385,0.12540163780245012,0.2386832504170911,0.12489084026163123,0.2406610744538893,0.12639385682487814,0.24066291277876395
2021-06-07,0.0,0.11948838732249444,0.21824569020633536,0.12137648332024628,0.21959925805171604,0.12113662546250556,0.21896667531145264,0.1207112896691046,0.22079962456264848,0.12092333414636842,0.2186541890347318
2021-06-08,0.038822432782066964,0.10855435694146168,0.2073061707110888,0.11051788859017446,0.2085311298008042,0.11050229168916159,0.2083115865572338,0.10985660055282097,0.2094659229683934,0.1118491839982173,0.2106309309504805
2021-06-09,0.04691936071427864,0.11325211184206484,0.21957407473365428,0.11526455045879665,0.22093107217582478,0.11524705318986105,0.22075679884818977,0.11443955471507201,0.22171311173185215,0.1156085328432659,0.22115740856954555
2021-06-10,-0.10542262553021042,0.12232832021327779,0.23726728449601925,0.12454152868071215,0.23869997499890494,0.12444025696420517,0.23827609289016036,0.12380047514900454,0.23976275361032603,0.12465379894609581,0.23853451987883606
2021-06-11,-0.0283483550042552,0.12027582141631674,0.21886580568150213,0.12208466082140815,0.22010104307552802,0.1220677070527852,0.21993247852650014,0.12131509558945223,0.2209082730158719,0.1211843247083906,0.21798979605222243
2021-06-14,0.046200475769576005,0.10553509411597045,0.19860245853702144,0.10733146079812177,0.200006412313909,0.1071272645583983,0.19949651688441583,0.1062750177296428,0.20056233712538465,0.10768463624685261,0.2003139797611354
2021-06-15,0.03771773038948974,0.10904590684069702,0.2124171875884188,0.11123582885986422,0.21401990864406226,0.1106873979734998,0.21244082293056604,0.10996712438536262,0.21371978865193703,0.11164304087158464,0.2140565116541715
2021-06-16,0.06428143756563162,0.12097128606179958,0.23314402199530115,0.12291488720851207,0.23466831599169932,0.12242154658649271,0.23317892791338907,0.12162441456289674,0.23478502718534547,0.129047658667885,0.24223371545009414
2021-06-17,-0.022285044789434872,0.12792087133977248,0.2498415380747156,0.1301625043123409,0.2514983799242785,0.13007029459162675,0.2510460719192058,0.1292679564667092,0.25192960244572116,0.13014397652246124,0.2510603403887218
2021-06-18,0.1537481843498986,0.13537955694559775,0.2565769200422856,0.1378513160367395,0.2581315476154138,0.13767380604715243,0.25699818172316136,0.13689738977066768,0.25849875866376154,0.14063542752375047,0.2625806614715698
2021-06-21,-0.14589180275069558,0.14798196710096295,0.29581127338130736,0.1507503102318556,0.29758247051272035,0.15068663186979495,0.29683381145202303,0.15009049532562796,0.29970178867775304,0.14713691974164486,0.2903759919277788
2021-06-22,-0.07123126078193112,0.15281580939077355,0.2779221671395241,0.15533974567527362,0.2795957491641455,0.15530406250218984,0.2791575580684317,0.15461348657603602,0.2805193726432623,0.15351567895029844,0.2759032647426686
2021-06-23,-0.020619287202735703,0.12833864010422072,0.23846829474997297,0.1306597647262204,0.24031572092080403,0.1303884234381263,0.23959690806777179,0.12965993736760534,0.2406211902478218,0.12917271909505776,0.23735139691917467
2021-06-24,-0.021679387309039806,0.11855285319985338,0.2239497787703454,0.12039882884899752,0.22551669002291294,0.12023374226347976,0.22498799297931785,0.1194392735505577,0.22579838480821085,0.12058933715944928,0.2254762980241456
2021-06-25,-0.02215981781538123,0.10792080336289958,0.2052227390288692,0.10939410868093612,0.20617658682602144,0.10908064659973028,0.20555574161735254,0.10898780895427534,0.20785841871867464,0.10937652923872405,0.2063339843736468
2021-06-28,0.008922940018193248,0.10619989494014191,0.2028011738544377,0.10819345327120194,0.20389248583046218,0.10822200578723887,0.20356654622531992,0.10782535473088412,0.20530554102878565,0.10844061963606504,0.2040408985446405
2021-06-29,0.016362857210480062,0.10572172690887982,0.20441878697918037,0.10784574035347724,0.20563176989555285,0.1077499841762798,0.20504698576301653,0.1073895009325987,0.20664070468751825,0.10834726848909641,0.20630514819707158
2021-06-30,-0.0119310677472923,0.11005455049662471,0.21263258209642785,0.11211454323534883,0.21399082321650617,0.11188424239802774,0.21308531125677446,0.11155433345544515,0.2145157391496977,0.1123210274484423,0.2140837545777094
2021-07-01,-0.02235800573133971,0.11311008587708274,0.21525640031026813,0.11488582104987743,0.21657027571157972,0.1148792566251745,0.21608451565554287,0.11431386999845858,0.2171675751808152,0.11551146713240007,0.21707618913550517
2021-07-02,-0.026842855523176938,0.11102580915960729,0.210037319833422,0.11243133564136677,0.21097636326947172,0.1127848719440885,0.2110029028221877,0.1121961900591949,0.2118809467985169,0.11310448966719344,0.21127839894652742
2021-07-06,0.0870113769896299,0.10696466955467127,0.20184948729679456,0.10880948958758832,0.2032712682337962,0.10880803746166443,0.20276568751244956,0.10826434304932452,0.20405697121689323,0.10903390257866245,0.20250450983110646
2021-07-07,-0.014706147389695562,0.11569126081353559,0.2275707022562443,0.11813242649293215,0.22933996188450137,0.1180324781108201,0.22864990229221488,0.11719634231505743,0.2303221351418151,0.11625261277211055,0.2244025753828061
2021-07-08,0.15942773692810217,0.12371357554668044,0.2338771612461021,0.12592541161387266,0.23547220114441636,0.12582838483707456,0.23467565360186363,0.1251321162890808,0.2362519754120531,0.1272614559033201,0.2365113502737441
2021-07-09,-0.1606630675360949,0.14652790500100246,0.2896820587452818,0.15011357797004332,0.29265833277331305,0.14918689676438254,0.28975580119996086,0.14858944189866954,0.2940489797449704,0.14449653298852191,0.27981747382517086
2021-07-12,-0.0006182380413300661,0.1523445765023527,0.2722124739236747,0.15477872537830006,0.27422321873152344,0.1547147951538715,0.27372936041186496,0.1537863569061414,0.27643575417145244,0.15193066973365904,0.2673624652632685
2021-07-13,0.05708969712458059,0.13261822724071112,0.24888570147728867,0.13512807746079594,0.25094093358180364,0.13507668763412745,0.2504634702773989,0.13416952346667504,0.25324997655924164,0.13682767933644308,0.25205795124152436
2021-07-14,-0.04724346373122244,0.13961340451952867,0.2663673084140652,0.14245361832956255,0.26873322176792025,0.1423521469194586,0.2681271443200708,0.14135975511079935,0.27131008305753673,0.14157987374163805,0.26483969248155764
2021-07-15,0.0407974994253969,0.140161162644886,0.25871885325788224,0.14286580628216186,0.2609449402493293,0.14281220640237316,0.26040084733478314,0.14186166078138027,0.2634096810833434,0.14262803689401873,0.2584253576071648
2021-07-16,0.08126296407876558,0.1384700624632411,0.2629508069203011,0.14133125722729453,0.2652531140951022,0.14132378567592155,0.2647117908834767,0.1403148544114498,0.267872838394823,0.14109297202471377,0.2625430983436028
2021-07-19,0.19845093872383823,0.1529355184989842,0.2932840557378785,0.1555180687552902,0.2948020056156724,0.1561718225697124,0.29514521930816207,0.15509818933861896,0.2987702636743893,0.1541823754165632,0.2896821496434269
2021-07-20,-0.13137498917585042,0.196733294657527,0.38007635086482516,0.19992406937362428,0.3827796594905447,0.20030844715725515,0.38274218679165534,0.19855599573137675,0.3889659875068623,0.19404214776474216,0.36869693513297036
2021-07-21,-0.0967811039619036,0.20305383595488982,0.36467852193745076,0.2063974683774319,0.3677902089478138,0.20645381181714142,0.3675512703285162,0.204803898907915,0.37271842485119605,0.20697906638979224,0.36624363676532956
2021-07-22,-0.012359707900926494,0.17676566615750897,0.31844481916995443,0.1802187951219863,0.3223927114965138,0.17932775940917817,0.3196274769870852,0.17826378087007363,0.3256791328560587,0.17876656158330667,0.31750606934216435
2021-07-23,-0.028090124352286715,0.160787158600116,0.2957764788126921,0.16410850293560228,0.29954450244700725,0.16324782378105632,0.2967807348518769,0.16224670700639832,0.30268580525527344,0.16646656873570437,0.3015598901000491
2021-07-26,0.02185250843762349,0.1538995930188573,0.2814008489516377,0.15683938257854405,0.2849097368701918,0.15598699101193836,0.2821111079976802,0.15505984658716823,0.28782965886466266,0.1578755367253868,0.2847421756317091
2021-07-27,0.09644718959140004,0.15102247373281413,0.2797715255112679,0.1543358899342371,0.28344071189766773,0.15367280403917002,0.28112238139310064,0.1527504385452494,0.2861841432402439,0.15525660010563946,0.28316621399432756
2021-07-28,-0.055761723162011646,0.1678135281961068,0.31462305328633244,0.1709579219800879,0.31800090264674913,0.17064044260242003,0.316692824995543,0.16963392570421257,0.32166108043737934,0.16710660336991034,0.30982655612960847
2021-07-29,-0.0338827191066359,0.1684506199588802,0.3047150523456947,0.17141940379217535,0.3079001125440252,0.17100786442506466,0.30642969785266855,0.17003121249911138,0.31141456368382125,0.17162571623796793,0.3067872705691547
2021-07-30,0.030052345066401837,0.15528987943539868,0.2820242272965405,0.15804297576826123,0.2850092034724874,0.1577748474568852,0.28401061834654834,0.1568867007693426,0.28803897738181017,0.15810075337818427,0.2842284189890576
2021-08-02,0.06474409211167378,0.1419583159800006,0.267074501641768,0.14183320943413766,0.26676198104181054,0.14141987645019471,0.26651659666337846,0.1416268629986993,0.2702829880424272,0.1412653197560765,0.26650115209532965
2021-08-03,-0.07576956212338146,0.15294763345838483,0.2902065210209254,0.15280366240369106,0.28983338126647107,0.15248058802148481,0.2897790340477528,0.1525831448782042,0.2935263123457762,0.15165483670455226,0.2884788382946817
2021-08-04,-0.0038878138390099504,0.15465841221844276,0.2813955505187544,0.15582881714080338,0.2823955358482756,0.1552168704345004,0.28109495231593873,0.15498137519560062,0.2854070208502994,0.15479698515818724,0.28054221919852174
2021-08-05,-0.03915393741955795,0.1456235674281133,0.2715053382466734,0.14736585481485429,0.2732707529905062,0.1468627340500768,0.2722494743146264,0.1460243034888589,0.27583429562919287,0.14653129969584017,0.2711010125431369
2021-08-06,-0.06762971370724422,0.14165757056490252,0.26100908813168,0.14343886069801334,0.2629503843597514,0.142867430848926,0.26145126767713234,0.14223070135738022,0.26364965159056014,0.142765666833288,0.2612035009615516
2021-08-09,0.03468555798789011,0.12691298612025254,0.2307921167056859,0.1251493963247684,0.22863108675865848,0.12573684394798768,0.23002333749359682,0.12580596690518628,0.23000548194016499,0.1268753213883918,0.23176235670219802
2021-08-10,0.004177863432894006,0.11973826188343448,0.2262754133051714,0.11839904587582138,0.22463339083280284,0.11887702079454332,0.22576714502513123,0.11863722065565004,0.22691814710853467,0.11931885271164919,0.22632361826319503
2021-08-11,-0.04445176257083392,0.12579757229352181,0.233323278755345,0.12440299628472076,0.23177576911856396,0.12465937854881949,0.23260435137633928,0.12431591668767657,0.23472361714167625,0.1246809522780505,0.23253320059925367
2021-08-12,-0.029702025448930355,0.12251616250427107,0.22358253651954585,0.12233446556291476,0.22328920194837173,0.12243335715844218,0.2240865147468333,0.12193572179569236,0.2263433652032827,0.12245603148599997,0.2241298246431251
2021-08-13,-0.00902067972593067,0.11377479989041371,0.20900168242128406,0.11296972150819587,0.20803206739488606,0.11327730669843424,0.20904793504896285,0.11287816034577033,0.21017293900815406,0.11325677376037545,0.20901132945019657
2021-08-16,0.042451733734727805,0.11039326314871671,0.20444720822108262,0.1094665265837044,0.20334677004855894,0.10990366739037104,0.2045916568003477,0.10942478831956444,0.2057538036294174,0.10987451580044921,0.20454439348408404
2021-08-17,0.1052984789941382,0.11450687223108728,0.21696178807980673,0.11454994079314705,0.2168188628928587,0.1145972619488101,0.21760740933441267,0.11406768216215876,0.21988090623954157,0.11462082915986731,0.21767560916760714
2021-08-18,0.18594424432844467,0.132283462513626,0.25379448563818,0.13209985382511844,0.25347652976835944,0.13187977785462698,0.2538110789472911,0.13120775937440013,0.25752338656890966,0.13236772240095973,0.2547038066528124
2021-08-19,0.004625355147202788,0.16806191251231983,0.3242180369849337,0.16700202845065984,0.32293268897051997,0.16699340630015236,0.3236195498603544,0.16597881339854303,0.32923382135307916,0.16926541326641764,0.3277538542361935
2021-08-20,-0.15492008819021336,0.19081384045762967,0.35096731258934355,0.19039710225929724,0.3504046081832331,0.18996445012954383,0.3503075606977235,0.18920729321089122,0.35661923364351367,0.18933564482949017,0.34908143066554226
2021-08-23,-0.07901055374610566,0.17317628186169856,0.3068005558464535,0.1742095829675797,0.3079692239113054,0.17351644353978382,0.3073101245395573,0.17293802040019451,0.311076834520348,0.17296374042753856,0.3062339966159724
2021-08-24,0.004073325387635869,0.14623198777207513,0.2646141169616512,0.1472149432407679,0.265625293779073,0.14674396041977958,0.2644784292584232,0.14635431301213264,0.2682752495995886,0.1454647950268985,0.26214471460733235
2021-08-25,-0.02528802791013531,0.13590475335216945,0.2449915806783588,0.13307143912643343,0.24117040971160558,0.13403573316879583,0.24314720327553277,0.13410884268239687,0.24351574042996765,0.13477538605581824,0.24499532967230786
2021-08-26,0.11519879805876758,0.13326447862468582,0.23856808718604633,0.13057757479613633,0.23510808249720866,0.13174231595373898,0.2369859813805617,0.1316301078352622,0.2386952490557382,0.13093126195384341,0.23602500387969216
2021-08-27,-0.13931087639247858,0.14490071810998814,0.2694569414704759,0.14203638046036882,0.26560442174894394,0.14291409674127126,0.26716329356400026,0.14287739087923912,0.26862368041001417,0.14259292091784131,0.2670729254294658
2021-08-30,-0.012277625066194557,0.1405947269157228,0.242458991929518,0.1377808922199479,0.23844521789366815,0.1384912189865511,0.23958485693171144,0.13855417965672304,0.24042514156916628,0.13518982167818133,0.2340014265687621
2021-08-31,0.017753756791781816,0.12340520829192732,0.2217445133980381,0.12129566019408085,0.21870604892432816,0.12159644953620816,0.21908003408122184,0.12163902542647825,0.22118423192348538,0.12116037802356461,0.21865735634820807
2021-09-01,-0.022707327292442705,0.125361919554508,0.2278323651436834,0.12337140507248703,0.22496190423602724,0.12344939653391997,0.22504194508329556,0.12356285384849919,0.22730788608660402,0.12343635349897218,0.22517555940892706
2021-09-02,0.018450707913116607,0.12565646208242426,0.2253543059013155,0.12366069152261358,0.2224880534283721,0.12377460413505431,0.22263115764161462,0.12391674176143687,0.2246792675769942,0.12306359021469353,0.2214521127361477
2021-09-03,0.0,0.12637059571548795,0.22982158001422545,0.12424871783114055,0.22677981248630322,0.12443131303429722,0.22707470743566685,0.12458035337322888,0.22898940481339167,0.1243188309213477,0.22688578877128318
2021-09-07,0.10022853958499102,0.1301045704281754,0.23560553434481932,0.1280410316521319,0.2327019197280005,0.12835386646372965,0.2333644145944888,0.1283543836469635,0.23459118876320878,0.12800138127583746,0.23255889497573662
2021-09-08,-0.00997238181293695,0.14178564677901004,0.2639453031019854,0.13950454786405372,0.26074068724686406,0.13978151321807422,0.26128256359616087,0.13965247788245386,0.26306157579375605,0.1396332965904808,0.2609653883031591
2021-09-09,0.04570980696185003,0.15373330137537672,0.2768032443417069,0.15134980464697873,0.2734427454067935,0.1517591248235982,0.2741312227374,0.1516555023324485,0.27588234210614104,0.15179290257610156,0.27430172606185105
2021-09-10,0.10828177653224315,0.15753807886000834,0.2888853242060127,0.155508986516912,0.28606698712517287,0.1553335730459049,0.2857083098065017,0.15520796242032175,0.2873832307748274,0.15528026337903345,0.2855458547445772
2021-09-13,-0.07841316894924216,0.17438028072016418,0.3239040766331278,0.17219530553041118,0.32096530431748005,0.1714324887133536,0.31972714177187384,0.1713789424847365,0.3220984342352565,0.17166161341329012,0.32016023547535105
2021-09-14,0.004635599338954411,0.17650925052943606,0.3135922923161618,0.17463798044398793,0.3110355085648871,0.17372409637625855,0.3095680125685063,0.17327004167631263,0.31411523944620706,0.17198713894219167,0.306309290973695
2021-09-15,-0.06803898800852634,0.1698453814275296,0.3067984580471494,0.1669104468408564,0.3028118909963975,0.16700009342691643,0.30289059442626437,0.1671837590193906,0.30636958894009747,0.16730701283229252,0.303620830972476
2021-09-16,0.02766653271813886,0.16133044988349007,0.2858587057887661,0.15860114412377102,0.2821312574649824,0.1586960184978852,0.2821264251886915,0.15897708040347466,0.28507239901720693,0.15666884793878483,0.27865821281105546
2021-09-17,0.1074450189380715,0.15650091771700939,0.2854917450584915,0.1538945845728475,0.2819722682329553,0.1541767840124942,0.2821729679743511,0.1542446586126669,0.2850055831318216,0.1544395511087513,0.2826804159901632
2021-09-20,0.21144638087225512,0.1705037280590147,0.3173191879901468,0.16832301292482352,0.3143500419655179,0.16737278395559854,0.3127801961341316,0.1675735197993907,0.31700063509542237,0.16768549050845358,0.31334824638704867
2021-09-21,-0.053937578436101884,0.2073301454018911,0.3903177603415736,0.20504522420844984,0.38701726144250415,0.20385986925988436,0.38531146389429055,0.20382234921649448,0.39082939000359274,0.2055062639834795,0.3881262988257046
2021-09-22,-0.1546297217525868,0.22401926255962945,0.4000393324717561,0.22159907191356226,0.3964904354245001,0.22026463317366443,0.3945010206712167,0.2203547046577218,0.3999718033265152,0.21958679341603327,0.3934437774231681
2021-09-23,-0.11353953647561237,0.19651064161870724,0.3429215992078528,0.194248207319362,0.33955608174408397,0.19341557440137241,0.3384302444827601,0.193523401370279,0.342173968995315,0.18887613330802222,0.33050901079890094
2021-09-24,-0.048387668692072276,0.16269388703361376,0.28542618640905654,0.1606786197880624,0.28244193912387294,0.16024829519076367,0.2820402248801522,0.16014672277340122,0.2851128849673366,0.15658182085722394,0.27549846385023646
2021-09-27,0.05534142765665383,0.14376326827774183,0.25714750697471717,0.14209162131349806,0.2545286349714908,0.14122131944085323,0.2532946862924431,0.14156550597197484,0.25613688493015513,0.13911118804868583,0.2496067600361874
2021-09-28,0.2145781884552866,0.1453653838119054,0.2667836044321057,0.14313487846927012,0.2633961663031045,0.14277125491028955,0.2630548692783731,0.1426508818734089,0.2662426993561143,0.14237756092582166,0.2624474287402926
2021-09-29,-0.030126705403507273,0.18021810602776062,0.3389962047271361,0.1761289135366313,0.33356110634837405,0.17694845830154726,0.33492143871035734,0.17739810767133085,0.33719353266349883,0.17471090550500168,0.3317141253847288
2021-09-30,0.025384295135672443,0.19983677103300765,0.3570741686174763,0.1962309271869052,0.3521626775882567,0.1969498798910387,0.3533333075728894,0.19724447384614988,0.3561240878385463,0.1981947741294945,0.3562703852018426
2021-10-01,-0.08992281627324367,0.1988078129789331,0.35997541514937076,0.19607648634925876,0.3560155901679115,0.19625973568079164,0.35641759810484486,0.1961781932770392,0.3610724981486282,0.19688785676487494,0.35806897246095604
2021-10-04,0.08211366595907871,0.1880818738881143,0.3322164973353482,0.18553014512369156,0.3285015536958257,0.18572976819931822,0.328915441166921,0.18568891949938457,0.3328533840901059,0.18327963757059554,0.3249638366941644
2021-10-05,-0.07504649873598626,0.18706718747696333,0.34361120510899895,0.18449960865549922,0.3396072310436938,0.18421400769842486,0.33953023323457165,0.18415621239081179,0.34341194880693793,0.18452300571691288,0.34027637387685106
2021-10-06,-0.014184634991956413,0.18551379289089848,0.32877224803085475,0.18308286804288224,0.32508089151432346,0.1830539768851527,0.32533871905495454,0.1829949338158748,0.32881455412284233,0.18171472838296782,0.3233318446036936
2021-10-07,-0.07205879110878634,0.17551817777798706,0.31514617025173947,0.1730429075443979,0.31149197769635023,0.17319198117605833,0.31196557224650157,0.17313417713851123,0.3152887823110348,0.17353620817918763,0.31299505540414435
2021-10-08,-0.04020379601621917,0.16363287376647126,0.28989278571017063,0.16141302665995824,0.2864175528290771,0.16144512915083578,0.2868102754051872,0.16140214600245834,0.28953550873531375,0.15928624282490256,0.28323655554671506
2021-10-11,0.06347242295557366,0.15027680943220922,0.26834441576796114,0.1478142554914247,0.2644849803912043,0.14790742596383408,0.2649816910769592,0.147870350208396,0.26735376538111283,0.1464635247597903,0.2626350312131406
2021-10-12,-0.0075282664207915245,0.1533022095027121,0.28169343614637227,0.15073255681298647,0.2775614229162265,0.15076621635676868,0.27803960799771404,0.15075474768012234,0.2804373562032336,0.15085352234531713,0.27847107328909415
2021-10-13,-0.06289419787575438,0.16173903986218943,0.2904285904162154,0.15785217078638772,0.28547699292734174,0.1588789946035204,0.28724359316813414,0.15896804782281598,0.2895354017918279,0.15994205406652237,0.2897809609073022
2021-10-14,-0.10036585668373584,0.15222516474815243,0.26914705175540854,0.14859151207448723,0.2645510602207746,0.14955645152481195,0.2662533593487501,0.14964207556642503,0.2681516669055953,0.14770043789548454,0.26348498378492485
2021-10-15,-0.03377884476099264,0.1307024516812377,0.22805157190214564,0.12768301845815092,0.22421465423632758,0.12847248938786843,0.22564064214736665,0.12851239886345472,0.22727421536716463,0.12472923307582696,0.21937802723210031
2021-10-18,0.0006133088202056268,0.11520415397140901,0.20538419959115622,0.11244882440057935,0.20187013261232484,0.11318996381710252,0.20322180946957105,0.11320159800173447,0.2047042179691704,0.11156538192002698,0.20072542856991837
2021-10-19,-0.038117704278660056,0.1133619293282986,0.2058079105330075,0.11168744395833928,0.20327880951233648,0.11190916642093025,0.2036192207079221,0.11186835051873661,0.20647611623254822,0.11160674561122938,0.2033891824172879
2021-10-20,-0.013466057925485107,0.10932404499238292,0.19521679452074284,0.10689448052731013,0.19201297465756334,0.1076960522267338,0.19327985851540838,0.10769507351324309,0.19483423749953485,0.10515033062762535,0.1892061285216697
2021-10-21,-0.03147800878340669,0.10487726420656347,0.18931966419789664,0.10271235515982426,0.18640453272146473,0.10349206852101,0.1874614911279166,0.10340282153439143,0.1895835593081181,0.10205530825301597,0.18530031989883983
2021-10-22,0.02759702072969895,0.10013250504801187,0.1796284357918313,0.09826798220587074,0.17701543679449525,0.09887430070252293,0.17792503692632244,0.0987732333006543,0.17990099656701924,0.09604811915255446,0.1732404708453969
2021-10-25,-0.012390116116569278,0.1018441892336395,0.1871584542547376,0.10008829319521427,0.18445191435442174,0.10058523827683923,0.18519489367207517,0.10056295298054917,0.18746988247846585,0.0995192021136872,0.1835856983479354
2021-10-26,0.04741439007962845,0.1058772344221337,0.1919735016498496,0.104167445746568,0.18905642188951202,0.10423026148604737,0.18937951273384318,0.10444317924759744,0.19090599760174431,0.10309332486500233,0.18754645062110153
2021-10-27,0.060698240545072585,0.11161472103977907,0.20638522597119796,0.10959531499055694,0.20301268489338067,0.1097754379348687,0.2035069980397721,0.10998710436333108,0.20521106803177466,0.10860154809247399,0.20157490567297146
2021-10-28,-0.026859269050268413,0.12490516602792283,0.23075715784623424,0.12277832221617135,0.2274802679967781,0.12321238209922472,0.22816508677229616,0.12336077058716544,0.23049959935883474,0.1219861539910718,0.22626856244115878
2021-10-29,-0.016468807713268252,0.12927953711733978,0.23243065670069893,0.12700102316949738,0.22891970527199731,0.12746229126287686,0.22966974711217297,0.12761960347355475,0.23183511565945228,0.125998613806349,0.2273476433673462
2021-11-01,0.009182800982334982,0.12568677178798102,0.22640125618637216,0.12334375484264588,0.22302078556895227,0.12415153892729537,0.22439173369104384,0.12394234690830745,0.22656518652608118,0.12285423627893882,0.2224982159203449
2021-11-02,-0.02342893848053786,0.1279447515237955,0.23189467325561783,0.12535703440718826,0.22825532942537335,0.12623925070429165,0.22991013775260177,0.12614392308853603,0.23106222333688076,0.12588579192736649,0.22992939165770296
2021-11-03,-0.05976722280058303,0.12711241687112154,0.22810240686812722,0.12413568099347845,0.2241670275038119,0.12543364912439148,0.22623404894765284,0.12537521550963623,0.2271712416061732,0.12365809578340566,0.22374340334660928
2021-11-04,0.02226680077575145,0.11617047994777906,0.20602401313944851,0.11360622590384467,0.2025796136121259,0.11466660802930292,0.20434317448972042,0.11462609205323701,0.20504659251619844,0.11073724113810206,0.19781092714627885
2021-11-05,0.06518597988469554,0.1170035161021807,0.21351831839823732,0.1138842447957939,0.2092739074699668,0.11447409373992562,0.2100332456742984,0.11472134395040982,0.21114773251069263,0.11480427553554218,0.2111917108487405
2021-11-08,0.04392397451825903,0.1273941848276337,0.2346256584977884,0.12366043759688805,0.23017389788164802,0.12505265605945723,0.23198641346217572,0.12530856579038085,0.23390470037018155,0.12385124049935989,0.23038469711355497
2021-11-09,0.03200273108617395,0.13994404101306251,0.25608203603386825,0.1359426981244696,0.2514875258788487,0.13812609899676956,0.254577148774734,0.13810789477728347,0.2555438741895686,0.13745422135111396,0.253814580624462
2021-11-10,0.05205228637023868,0.14866635164823155,0.2713556427043146,0.14622057636639427,0.26778319596476985,0.1468483301235474,0.26908456956474597,0.14680033714904941,0.27147432492261353,0.14624819494584843,0.26825400651316567
2021-11-11,-0.05882432128018317,0.15771807887604883,0.2896263507278098,0.15554050763530414,0.2859864489889453,0.15544224735639753,0.2858544258529993,0.15567443342811416,0.28949249113911774,0.1549605210842872,0.2852160467533224
2021-11-12,-0.0807507725618603,0.1555566797465824,0.2776417740137799,0.15325170375470273,0.27385880266113843,0.1532324397794274,0.2738757020401448,0.1534145782404121,0.2771722424036554,0.1501461986722455,0.2686096838548953
2021-11-15,0.012202713957553742,0.1376932433712074,0.24392730170866653,0.1355325348299237,0.24035348897529665,0.13544584708382043,0.24031831441615253,0.13570313625707844,0.2425313606189015,0.13086932023544923,0.2322610792818287
2021-11-16,-0.007303745188463861,0.13243138254139936,0.24098179422243823,0.1301052168696506,0.23717464770854207,0.13011021339705223,0.23727153604406603,0.1302976365015039,0.23983126058891052,0.1299663716615999,0.23727354482899662
2021-11-17,0.04421269652105846,0.1348827957481429,0.2439336781751778,0.13241121720699398,0.23993398448470732,0.13249871832558827,0.24012819681576814,0.132623874450782,0.24300759405343175,0.13154343447730907,0.23873099507613446
2021-11-18,0.027667470845364785,0.1407806811211134,0.2581467573975013,0.13827040942680247,0.2542357136771207,0.13867245018652863,0.25500121211727406,0.13869190183509125,0.25787135020020074,0.1378185442035931,0.2538267687124296
2021-11-19,0.018028657323153587,0.1502069487123028,0.2740768562058618,0.1478249346396947,0.27050016604428406,0.1485140673788606,0.2719192427131681,0.14846026821863276,0.27420798024300996,0.14782401396232545,0.27085286617278176
2021-11-22,0.0679873409849328,0.15673063141803495,0.2851142962875903,0.1542405056209225,0.2814008005496168,0.15501810460041887,0.28296918055731385,0.15495156871445498,0.2853132653380834,0.15446121585702732,0.28214020705836207
2021-11-23,0.010895049405066982,0.16781888978109008,0.308398714974246,0.16498373625145504,0.3042295157108596,0.1658862150603827,0.3060555372047517,0.1657891079398171,0.3085339346934922,0.16503070194098662,0.3047231758679037
2021-11-24,-0.04215587307692779,0.1773945212666826,0.3213395893350872,0.1740148193445082,0.31624657465914796,0.1749155625401104,0.31794384840200973,0.174892095129076,0.3205849541725895,0.17484259010092046,0.3181412887972362
2021-11-26,0.43202004074261247,0.1722919741684195,0.3082930356918674,0.1688366298218663,0.3029391239263522,0.16958176407586492,0.30421301062773337,0.1695879498118688,0.3073145870343756,0.16684055653029933,0.2996510127297039
2021-11-29,-0.22035220267693922,0.23117933632647852,0.45141636207901065,0.22379674628266277,0.44185343262552224,0.22577211009430345,0.44437293624702157,0.22618212988619177,0.44833042382223803,0.22354843672519947,0.44116449901354554
2021-11-30,0.16909568719301363,0.24593213551319237,0.42831326978671014,0.24050838913071795,0.42079955005364006,0.24093202143815287,0.4216909483145222,0.24115061408853528,0.4263736945857663,0.23567198494035085,0.4125010918316794
2021-12-01,0.13500144066581152,0.23544698238041772,0.43990940039725623,0.2295550266150364,0.43185542172920277,0.22965601849152914,0.43297066513317917,0.230052778093553,0.43679236178891484,0.23319174776998833,0.43933815665880105
2021-12-02,-0.10743349970908281,0.2683255199801571,0.49615603905297356,0.2623436953455739,0.4887353297119952,0.2633826836309612,0.490713867505556,0.2636222118421499,0.49635551946252915,0.26651107335812435,0.49671188968502106
2021-12-03,0.09286777852505201,0.2662300811033029,0.47309347166800775,0.2608048679227774,0.46642769641265114,0.26198054087771055,0.46844783238753496,0.2619794175646094,0.4744119534155302,0.260954233500509,0.4670004523113233
2021-12-06,-0.12080356940316256,0.26117415445213926,0.4799278077425219,0.255388821950546,0.4728518543340778,0.25674437438543546,0.47506051991778164,0.2568088147386105,0.4808611535662737,0.2604377160056231,0.4821886557205972
2021-12-07,-0.21645149718822604,0.2516997001772913,0.44506982021106983,0.24579507989001553,0.43782138216510263,0.24688488759948077,0.43978664604814954,0.24748024051252288,0.4430786177848242,0.2455076053950109,0.43745482065629515
2021-12-08,-0.09531017980432502,0.2055048469603,0.35455858229380705,0.20095455311637983,0.349051982791072,0.20194802768793735,0.3507599079255755,0.2024110973923463,0.35303471362393635,0.198406519402945,0.3444888284351689
2021-12-09,0.0810472280995419,0.1642945699158487,0.2907352258033932,0.16095816707351898,0.2865945120448309,0.16148286230121867,0.28769745508296907,0.1618062996126864,0.29013643317040044,0.15991830908606203,0.28493818494494105
2021-12-10,-0.14377833836251702,0.16197300415433807,0.300296646616601,0.1579239983658814,0.2953664026078192,0.15865103144045054,0.29668085232661584,0.15919036311559417,0.2988720289638519,0.16030319174659188,0.2996086970267441
2021-12-13,0.08312475412482166,0.1522476145794846,0.2646447078952858,0.1488070919910582,0.2604678165189455,0.14943441239484476,0.261602614256434,0.14989948848828336,0.2630774648641071,0.1480999074972003,0.25927201813088263
2021-12-14,0.0749165359424783,0.14343798649220008,0.26758774054839846,0.14004184653654686,0.2635466785682962,0.14084639579063638,0.264912893665192,0.14129606308852458,0.2667434686352803,0.14311954064696011,0.26893920833901336
2021-12-15,-0.12644308461713394,0.16250082658563147,0.3009502867135532,0.15879492416030594,0.29666301198230743,0.15963718273595423,0.2981115299986008,0.16011935181882297,0.3004464361119443,0.16179754110329822,0.3020138275862781
2021-12-16,0.06424687674722813,0.15470998205510222,0.27030158406630483,0.15165399750734918,0.26676331126652664,0.15229145275757688,0.26781339961750883,0.1527133268659415,0.27003095500784313,0.15113846272958845,0.265825708450076
2021-12-17,0.047469756736199284,0.14561814453540411,0.269803031278658,0.1421703392390026,0.2658569287708314,0.14297301878429672,0.2670216884500039,0.14346563107305285,0.26891877496585176,0.14530324843094164,0.2712494310208834
2021-12-20,0.058522547633624744,0.15994700726637717,0.2939760253587549,0.15622829615216557,0.2897229904503292,0.15718299228537302,0.2912688243102183,0.15750061455427017,0.29397648877851085,0.15919912727371577,0.2949524141856062
2021-12-21,-0.08482749317778074,0.17154384549049784,0.31592189913089597,0.16826353111479725,0.3119891238236749,0.1685816463794805,0.31278829769740457,0.16874842302843626,0.31714548217062055,0.17056408508078355,0.3165222972618051
2021-12-22,-0.1202253302434121,0.1673322342496294,0.29636443154474124,0.1648846990576427,0.2932413606776497,0.1647309967105575,0.2934235659664132,0.1646456552061692,0.29854785287413915,0.16449581893228474,0.29331700535373184
2021-12-23,-0.036626121739443476,0.1409317935578284,0.24623620517276856,0.13923202445403363,0.24400680028260666,0.13896102070646976,0.24403896106368944,0.13886427044805713,0.2481412524070312,0.1383942363353152,0.24328558797130995
2021-12-27,-0.015713005664556225,0.12093253933818436,0.21721208698285857,0.11922331183991851,0.21496478213824338,0.11907854193589879,0.21517727272113865,0.1190098813358107,0.21863658358933144,0.1192586171943975,0.21580519917348626
2021-12-28,-0.007950070265460478,0.11514323584774111,0.20825074285058365,0.11315825063014501,0.20568444569867708,0.11323031916790871,0.20619687400259515,0.11318451430090935,0.20910461692798699,0.11367547949000201,0.20726802221663074
2021-12-29,-0.03421615311757772,0.11365709769942053,0.20591110454994424,0.11122051178444796,0.20287956179679104,0.11157350703903474,0.20362893859602912,0.11159851381430555,0.2062531891286917,0.11208766039007736,0.2047675749684166
2021-12-30,0.022171269901055363,0.10908571650832087,0.1954703612718028,0.1068253425526321,0.19256768017465817,0.10704516302179062,0.19317276209894416,0.10704505914647561,0.19566591500725086,0.10700412212040336,0.1933157338800272
2021-12-31,-0.006367604727929907,0.10868329242014318,0.1991803365200102,0.10605288842421451,0.19576018644001206,0.10625119313471412,0.19635559763735497,0.10596500721922637,0.20044111556935015,0.10715479438554165,0.19818249550952746
2022-01-03,-0.036668803637087,0.11304528074631957,0.2043872795981515,0.11009477815450605,0.20055980279423025,0.11038081035782313,0.20121971421197418,0.1101564035312111,0.20525276044447394,0.11077835421971978,0.20209609426824612
2022-01-04,0.01850246754799135,0.10845509216514496,0.19361388355106218,0.10589347337714199,0.19038390798559093,0.10627877245154638,0.19113539438901384,0.10638121353572723,0.19290758926117885,0.10597760194321003,0.19071324262885464
2022-01-05,0.15423515712403513,0.10745566762185012,0.19627263495827008,0.10480446885475578,0.1929147691690269,0.10522820777395371,0.19380627567762954,0.10524341436616515,0.19569618718315943,0.10595948980368218,0.19528663167634958
2022-01-06,-0.006100679826269165,0.12977289144180718,0.2469264904911806,0.12590375422542685,0.2420324324562994,0.12660967655849975,0.24328947738879714,0.12660292613813803,0.246688563903326,0.1292636040502947,0.2483471435657652
2022-01-07,-0.04431269663017613,0.15034776626103472,0.2704928514048259,0.1464522995159351,0.26550369892216374,0.1471571918107401,0.2669599078865688,0.14678187856497205,0.2722786670951734,0.14779842348811623,0.26829083772961243
2022-01-10,0.03354612249120359,0.14429758114276245,0.2566529716702414,0.14075100386761175,0.25200603921220155,0.1413382163268351,0.2536128668730842,0.14137838699252123,0.2566422013029649,0.14035085563351324,0.25184084204019835
2022-01-11,-0.05237907082429589,0.14336416101632174,0.26151261894069877,0.13958616426142645,0.2565597905942378,0.14012833129053326,0.2579150887862342,0.14041323505029127,0.2611166971421252,0.14108408172903192,0.25971084167485764
2022-01-12,-0.04385937473695304,0.14152415330683504,0.2510596617817397,0.13799392302367325,0.2464358455742848,0.1384939353123009,0.2476049785594517,0.13885701065601622,0.2504738734272184,0.13748093256358587,0.24587606095306494
2022-01-13,0.14207875508425982,0.12965439580408977,0.23074805601271942,0.12653939067160264,0.2266351878661864,0.12701379651158448,0.22787706234297164,0.12739126145835455,0.2297617227127601,0.1258390356815902,0.22588402701766067
2022-01-14,-0.056724065572684584,0.14105031930798637,0.26641183338527846,0.13834501382261769,0.26254934586367296,0.13800419040642992,0.26305439518539037,0.1387208972329071,0.26280280145118623,0.1388281101743296,0.2646518325274059
2022-01-18,0.17193253323798421,0.15247626829083194,0.26981776177177064,0.14925065007459276,0.26520351295336697,0.14963530363234923,0.26660725355072834,0.149957739497676,0.2684341443228575,0.14924402337460024,0.26574711304677
2022-01-19,0.04546237407675741,0.16401641905602393,0.30910752002792563,0.16040287133976766,0.3037558539951069,0.1607203323976114,0.3055204365075578,0.16122798131635308,0.30592001988141965,0.16169826751268712,0.30704910734574115
2022-01-20,0.07041743283734721,0.19198722303879,0.34861574528751405,0.18825322848189482,0.3429633247969282,0.18841345044973384,0.3445921309629557,0.18904494780232192,0.344244407645925,0.19051284551439773,0.34830781108558073
2022-01-21,0.11990834278241122,0.2047394341727351,0.37383963656975916,0.2008712633033933,0.36794280762088755,0.20098168071068087,0.3698051929397932,0.20159960773360194,0.3687361519073955,0.20278121293317064,0.37263702316157465
2022-01-24,0.03574848744253209,0.2240735954440062,0.41178753286031367,0.21910496995877324,0.4047336203159642,0.22032002477260362,0.40826495694484594,0.22080022039953343,0.40826983102864256,0.22157797984776553,0.41016425631679404
2022-01-25,0.041276740605906914,0.2365355919856377,0.42576624021567083,0.2384330882602017,0.42831513846035835,0.2381386675326802,0.4262893942559422,0.23655060400498723,0.43327918075968486,0.2448197809643225,0.4377817057475701
2022-01-26,0.02534989989552639,0.2353817691705684,0.4235780434606694,0.2383549270574858,0.42823905974493237,0.23669831081991716,0.4236295934961977,0.23506811543119663,0.4318053358994577,0.24038755701883838,0.4294735144812974
2022-01-27,-0.04708635989791053,0.2332291117634477,0.4190998453007444,0.23615930369601423,0.4233559527948509,0.2342432150931522,0.41805671790015725,0.23325970379395322,0.4262864125390251,0.23625201413565336,0.42030164241887613
2022-01-28,-0.09741143476355116,0.20445270505400842,0.364579867132301,0.2062918615240713,0.3670585546829278,0.20649952861279844,0.36822295918332415,0.20476784184016716,0.3716584873099742,0.20386243764733716,0.3622275523191229
2022-01-31,-0.10793472671653695,0.1904976840819773,0.336287085958026,0.1928809675465963,0.33979770322660197,0.19214905698649137,0.3385147931458798,0.19052556826525513,0.34319447690854304,0.18537537783624647,0.3248685230188796
2022-02-01,-0.1228299828787453,0.17336720086746257,0.3052671365852026,0.1756644211552228,0.30804436436578053,0.17502452644900948,0.3069756861798736,0.17397767598200464,0.3111199319747974,0.1676653698404142,0.29216961713048845
2022-02-02,0.005902400790695801,0.16856924063733816,0.29689813152110606,0.16808685851152835,0.29612737017793717,0.16774154572997013,0.295311275924072,0.16741241018840886,0.30022604893866756,0.16797078259858342,0.29575886097217924
2022-02-03,0.09740683209657312,0.15911860391849156,0.2875499885384352,0.15762110497702633,0.2856460813290714,0.15729992766253095,0.2864793513966679,0.1566463272312656,0.2884795357865942,0.15755296330187793,0.28687359668791934
2022-02-04,-0.04751787325885351,0.17176029225398806,0.31600320561971196,0.1688824031941353,0.3123544817981323,0.1690199391373737,0.31380866238098554,0.1686428315115371,0.3157815277311645,0.16867797069722026,0.31311121631684885
2022-02-07,-0.01562531790308087,0.17633191259122608,0.3133277866681433,0.17342066077506466,0.3096058967861258,0.1736347355644101,0.3111226797638551,0.17311169885407585,0.31361249482778036,0.17379446863340664,0.3111863985500885
2022-02-08,-0.06413032216406334,0.16793767068736415,0.3011043941047168,0.16572743918020744,0.29834729553658085,0.1655927191581906,0.2992380706277998,0.1649519936602079,0.30200159541819466,0.165941506002567,0.29987292054343806
2022-02-09,-0.07152806531928332,0.15806875438801202,0.2795891293107523,0.15549859096900132,0.276274564988421,0.15573790289243405,0.2776340145556765,0.15520502587095053,0.2802985044896563,0.1553199439947825,0.27674974779697165
2022-02-10,0.1805665105869154,0.14092716479187964,0.24789755772302288,0.1386908012537125,0.24497401158678042,0.13911849443711116,0.24669378252096244,0.13893394339188117,0.24810800524908075,0.13764642808844052,0.2439399164443165
2022-02-11,0.13478531128411625,0.15405424838964826,0.2884087440123887,0.15051660644136772,0.2837406916847374,0.15157800283107054,0.28609971546189483,0.15168370837607903,0.28718383548026766,0.15153982293229998,0.2860552110729034
2022-02-14,0.03483922108807537,0.19046294493472524,0.3480254491353953,0.1858887343691257,0.34182587291314326,0.1871953324181174,0.34469145792912864,0.18757210747201816,0.3450872684584161,0.18784693616453652,0.3458501354940892
2022-02-15,-0.09743032194125102,0.21122062326509258,0.37977300181356893,0.20712135431199305,0.37447708270018387,0.20824435700580654,0.37800596170315076,0.20810552738953741,0.3778384881734567,0.20830063299399426,0.3781475753101147
2022-02-16,-0.056426248887093015,0.20151450714510905,0.3530958692884669,0.1973039313593026,0.3476296762739651,0.19801656247657043,0.34951551055213764,0.19763545029822815,0.35222386324226124,0.19729174871982877,0.3483251961221082
2022-02-17,0.14606064190435936,0.18055453351319195,0.32115324089557384,0.17877424860163033,0.3188980487674263,0.17848887610525443,0.31919215804163803,0.17790074901169983,0.3221325541395045,0.17796226780348928,0.31855799512328764
2022-02-18,-0.012889544725996958,0.1918843307146845,0.3542662644776129,0.18796093445138218,0.3490343684985606,0.18829793868253453,0.35102637708048023,0.1879256607299489,0.35148871867737774,0.18840029578088707,0.351216769745573
2022-02-22,0.03748670890399365,0.20623157449905133,0.36704860809851914,0.20207058310981243,0.3615112156132374,0.20319827565712664,0.36476765566114905,0.20277794346628675,0.36428432199146515,0.20354101137020572,0.3653629990689356
2022-02-23,0.07390960865195559,0.2080054844797252,0.3734384772620972,0.2036354356830569,0.36751454576303966,0.2049273600566347,0.3707308420428469,0.20459855338389357,0.37097552051159094,0.2050178987029643,0.3708986317310323
2022-02-24,-0.02282459697422188,0.21940167333751703,0.39570935392779333,0.21515625625535098,0.389714677133201,0.21606172883259525,0.39245616543312,0.21584651427732904,0.3931359412641428,0.21614138621304665,0.39265686118375354
2022-02-25,-0.09435417254497616,0.2250543382777059,0.3971888957904888,0.22021463625514395,0.3904726050135794,0.22160620985260843,0.39360754075883864,0.22199320363224262,0.3943609748847704,0.22097436717320387,0.39246166732190046
2022-02-28,0.08873153494399973,0.20597561925020813,0.3581967147890619,0.20209316667765675,0.35271034659320305,0.20341937287831657,0.3558313687960076,0.20420064874051463,0.3540797096956503,0.20292090581538857,0.3549316007046361
2022-03-01,0.09997289412544748,0.20414102434744655,0.36881207678255656,0.20005487925330276,0.36307306940114403,0.20138947614005775,0.3666141439701367,0.2020102844928167,0.3652506720713184,0.20144402588931112,0.3666953146142953
2022-03-02,-0.08059307918819225,0.22478941445877076,0.4059692670869504,0.22025872231061203,0.39972149085022585,0.22171391534065527,0.4034437170444631,0.22234539864926997,0.4025390964820692,0.22197099263855197,0.4040295594792582
2022-03-03,-0.008494007292004188,0.2245821525713111,0.3917214317400387,0.22012552115638515,0.38558211328890396,0.22135659156816168,0.3885273986881784,0.22179345501254932,0.3890808985596472,0.22071785038601152,0.3874745020634521
2022-03-04,0.048039976587362566,0.2125999704093427,0.37623717082123953,0.20863536224856258,0.3707475719647113,0.2100385805486101,0.3743229211165282,0.2105959217865726,0.3734398695340835,0.20973308298917728,0.37377320819737586
2022-03-07,0.13083075104885902,0.2150785527441233,0.38549033430879476,0.21097495791186455,0.3797681347547181,0.21255945236169388,0.3831537235573849,0.21353824930441415,0.38116765234428646,0.21240829508867523,0.3828780578782308
2022-03-08,-0.03688599217693148,0.23373079330903374,0.4260540941081315,0.2284041202643223,0.41926069479706074,0.22992212400178855,0.4226713318765644,0.22987411596491128,0.4232213513887118,0.230804784994388,0.42449067589072714
2022-03-09,-0.07935502312763662,0.24401362289698522,0.43072247345666403,0.23842584342759707,0.4237382781989185,0.24013276914037326,0.4266499014615275,0.24023605200182174,0.43000549476747624,0.23931649713065212,0.42528051580950965
2022-03-10,-0.07086563435873244,0.22632485917096687,0.39593079935267544,0.22156529442148906,0.38999326712005306,0.2232486804905349,0.39341786869460277,0.22352833700115934,0.3953819660991188,0.222041717040807,0.39111522203790094
2022-03-11,0.0170551854611602,0.1871523999756118,0.3324586283077734,0.1860833024716893,0.33090564280282136,0.1860648190449325,0.33071038413237425,0.18590859850471225,0.33546905304323293,0.18639911650894916,0.3318123390823502
2022-03-14,0.03263245402889793,0.16392036097038204,0.29498638621928625,0.16449908573520536,0.29558314267990093,0.16412939275517982,0.2944237972275735,0.16452053261871655,0.29652349194640015,0.1636741525110173,0.29292611012663367
2022-03-15,-0.06300784975476766,0.18252103939398207,0.33163142102834264,0.18155977644101373,0.3302177658461891,0.18124553895799006,0.3294467886838366,0.18100644397440438,0.33532465610621875,0.18147414275946072,0.3304103942990603
2022-03-16,-0.11197526033273407,0.1670601510664642,0.2957212673719997,0.1670078402772568,0.29564098073903755,0.16641467762469067,0.2942183910285135,0.1667506505166757,0.298146206463507,0.1655660938529342,0.29228786820787905
2022-03-17,-0.03821634331087388,0.14993225230891677,0.262309759964541,0.14969490875791291,0.261978037198558,0.14934206299727923,0.26106731848091863,0.14947117410101482,0.2646948434487415,0.15110306624557554,0.2644963683533472
2022-03-18,-0.07270055453231034,0.14588341559791673,0.26088917964100766,0.1441661071650984,0.2584564536207654,0.14402558744167368,0.2589547667850146,0.14382271751904416,0.26073741505837805,0.14461868137903694,0.26074027033268254
2022-03-21,-0.014346237611467631,0.11061349301807974,0.194488410659171,0.11106059518210579,0.19508137074759296,0.11095329946949745,0.19490054325966114,0.11049330615291286,0.19714576013232668,0.10869032229422626,0.19057873451509963
2022-03-22,-0.025394091038046514,0.10332459700470369,0.18554068012382086,0.10355837150181876,0.185882529877054,0.10333323108399288,0.1855421712761903,0.10289096457716723,0.18876277542550157,0.10211963642379474,0.18278441793469935
2022-03-23,0.027092605246814973,0.10329123060463473,0.18557294588933868,0.10330611608026892,0.18562225309011257,0.10264705107300348,0.18407911447584105,0.10268504387296876,0.18865599341048306,0.10082387885835953,0.1802981092148133
2022-03-24,-0.08404590139977201,0.11820952805805318,0.21681079559058467,0.11701233764496285,0.21521752969371216,0.1168413714992698,0.2152767394321191,0.11674035509390202,0.21757040181041173,0.11752858510169853,0.21694107853779954
2022-03-25,-0.040495175142724826,0.09648455900243112,0.16907387359761125,0.09661350939035061,0.1693543953080088,0.09648897246652162,0.16923272542442597,0.09600909416683802,0.17099516569968587,0.09463107081223039,0.16554087640553963
2022-03-28,-0.058374632117173364,0.08642816662870785,0.1540283261092573,0.08664333195778878,0.15437162765876,0.08656690414508145,0.1542749432450443,0.08608177548958375,0.1560044965418768,0.08551523424175589,0.15207578763881816
2022-03-29,-0.03789708622277308,0.07825796022547032,0.1390462488307553,0.0782169853185357,0.13897424943766767,0.07816188549594896,0.13873796120455886,0.0778256994750113,0.14151733063802577,0.07719015392999798,0.1367594294557695
2022-03-30,0.022496371154642827,0.07124003542164953,0.12828554276011778,0.07138894451992682,0.12844488833557988,0.0709972400323177,0.12750028158108348,0.0709061957580006,0.1309852654997813,0.07102348743281714,0.12755158648353254
2022-03-31,0.061689147366724865,0.07953873063329826,0.14768648796471326,0.07862730214256747,0.14650503659749523,0.07859812773769134,0.14675121145893996,0.07858682773166425,0.14819270208043336,0.07956834614320045,0.14865085333529277
2022-04-01,-0.04628843229859461,0.09585856019829242,0.17863074449858357,0.09408586515372881,0.1762981590843513,0.09419705346641055,0.1770491837118163,0.09431312338309934,0.17749616115221964,0.09569810267343684,0.17988146322183216
2022-04-04,-0.05551163292375521,0.09827483805823696,0.174552177242589,0.09640306857939189,0.17216256329432672,0.09701485046373515,0.17370677387495118,0.09693442969853391,0.17393009249784064,0.09648814263960488,0.17267865665627774
2022-04-05,0.1244026143499941,0.08721754022825279,0.1532867534028947,0.0851610783724401,0.15069951048665545,0.08591377090723125,0.15211953952784518,0.08605500655655987,0.15230645283314367,0.08584165363803052,0.1519584868274893
2022-04-06,0.04962761880909874,0.09931902383649042,0.1870815211111416,0.09653881686211291,0.18367182302792362,0.09760316786489596,0.18543891005292276,0.09775814333520158,0.1866032737811533,0.10084447229155359,0.19103898244578815
2022-04-07,-0.025201791973950362,0.12055514665260134,0.2192621274762383,0.11741196545721554,0.21559901079366728,0.11872800879521883,0.21772769273027706,0.11885105014808758,0.21891895930043273,0.11852174397995195,0.21717023370253818
2022-04-08,-0.01826320955965817,0.12422998274853418,0.22160230295290176,0.12135339234482334,0.21820587123916216,0.12256407209272231,0.22035558729243185,0.12253850482915113,0.22154492158845207,0.12075454335460277,0.21711769402764636
2022-04-11,0.14124026064701617,0.12062618414581186,0.2150493538319145,0.11779367266805535,0.21169827750131323,0.1189462678976859,0.21379752703471816,0.11894636979017877,0.21485230121782753,0.11430395218736265,0.2068797590744222
2022-04-12,-0.004523964121210731,0.1367044986211518,0.25720516064003407,0.13395761220637703,0.253651899912452,0.13434269395151396,0.2548650147026044,0.1343859452391099,0.25811082384240774,0.1385014362250284,0.2622862084611748
2022-04-13,-0.10600192311097936,0.1523868886678885,0.27474759279434374,0.1495198871471105,0.2710572759508639,0.15007160770089795,0.27256258307624626,0.14989069477406652,0.27655569187249845,0.14689352464017158,0.26682147509695237
2022-04-14,0.03953794408243218,0.13789572653895513,0.23985371713679807,0.13491382406016927,0.2362571003797825,0.13626351925758454,0.23871334784683154,0.13623325342482948,0.24034167415884444,0.13644770079402105,0.23910238712798956
2022-04-18,-0.02362490085913676,0.1322981356675176,0.23867312277258607,0.1291680363745268,0.23472084487565606,0.13045224080385656,0.23706095064449728,0.1304542502824721,0.23892351045655238,0.1289514493659486,0.23434596163600724
2022-04-19,-0.036751954297163825,0.13516228395843372,0.23959939172794642,0.13196414411801224,0.2357043774129701,0.13347526284176572,0.23838444672191336,0.13343525376058207,0.23982428227139826,0.1313053918980108,0.2342718241573918
2022-04-20,-0.05038244662077515,0.12828241991098147,0.2260993220397243,0.12558282337838694,0.22263173772546055,0.1266463051409204,0.22458414062356227,0.12674674513237363,0.22627112380559425,0.12538803179609762,0.2224149049633779
2022-04-21,0.10987785614927019,0.11827406132284315,0.20773417852532494,0.11575695211523133,0.20450558905152236,0.1167007754584436,0.2063479967879428,0.1167459681264037,0.20772776917506305,0.11420711327873072,0.20354204726342862
2022-04-22,0.2181930461543536,0.12683912265962277,0.23325180529382283,0.12380658877626645,0.22919828750412832,0.12483699101926105,0.23145984547966625,0.12464854326255775,0.23353028264761844,0.12578111178431067,0.23292495042382488
2022-04-25,-0.04309919248185219,0.16828140768294347,0.3120261771972895,0.16480035298911566,0.30724747037251054,0.16597606584276506,0.30971610565686025,0.16611259712793636,0.31271257114316825,0.16913495369068607,0.3155280603480977
2022-04-26,0.21556494308182958,0.1859109247768337,0.32552099676480617,0.18237872677274616,0.3206660329564305,0.18365399270609342,0.32302447258716266,0.183812585847834,0.32638841699001303,0.1809688911994693,0.3186621528968713
2022-04-27,-0.05898515502101594,0.20797887280033336,0.38062709714497617,0.2039748349588363,0.3748691193435287,0.2053440675733982,0.37829347417343046,0.20576951447461744,0.3797875788559206,0.20579205894443386,0.37903615893255277
2022-04-28,-0.05229312783194876,0.22086333516573048,0.38514231450603825,0.2181875834730096,0.3811126657493405,0.21904488191104388,0.3836315381698453,0.21944139785894742,0.38451788361468,0.21891371670024357,0.3834041293070144
2022-04-29,0.107691907221737,0.20490315868019576,0.3581099700010283,0.20274498869220423,0.3547283338852264,0.20348906001864486,0.356941813539582,0.20368471723786047,0.3580905034898089,0.20342681107245705,0.35684523930552614
2022-05-02,-0.03225104583369378,0.20948804390898115,0.3777656747838408,0.20809690414181148,0.37552647872752765,0.20815416817065946,0.3765601066179353,0.2083483294090399,0.3771153246033914,0.20833165245568921,0.37683050805148305
2022-05-03,-0.10042528047109535,0.21619138300582785,0.37987890992517115,0.21468591823910543,0.37743378153444096,0.2148771409363895,0.37884263293501436,0.21498686389730237,0.3794505230235453,0.21447838388270457,0.3781531171323437
2022-05-04,-0.1403433079165574,0.19977226843882046,0.34570665087248365,0.19650056429892998,0.3412081236341993,0.19771052552659601,0.3435523511043467,0.19806987597789427,0.3463735614206121,0.19717713691965902,0.34276698703600467
2022-05-05,0.2048818290541286,0.16674604933842005,0.28608465338132,0.1651502776866161,0.2837070784055284,0.16578003920160783,0.2851095570883122,0.16619382436112481,0.28642408744641706,0.1657657175040501,0.2850757938750428
2022-05-06,-0.032907351096689116,0.17760377722585624,0.32802825102095434,0.17604986977526565,0.32560239519993905,0.17660004005538166,0.3273955640111278,0.17681832669816624,0.32886867933598574,0.17654156344080632,0.3272805975257354
2022-05-09,0.14066882829205374,0.19608896932108258,0.3439401553151276,0.19449300278507764,0.3413575308798086,0.1951316058645059,0.34330724711313004,0.19533355167515057,0.344679560134163,0.1959709660302918,0.344779104656211
2022-05-10,-0.05197508677031099,0.2075260670023983,0.37601763350219225,0.20622515005520525,0.3739052242791182,0.20626912284318613,0.37499363883523174,0.20642239101247895,0.37634173838772567,0.20658903664560074,0.37535125830721944
2022-05-11,-0.013119944106150474,0.21515795175382482,0.37587051706128405,0.2137908707284711,0.3735726962355313,0.21391877279098975,0.3749825297466565,0.21397037972710137,0.3761826455915913,0.21582800427074697,0.3778064427956599
2022-05-12,-0.024562092852914878,0.2060523300561979,0.3633306416331951,0.2053206293674185,0.36189052303173214,0.20492605617189114,0.36209141181205196,0.20487539109180555,0.36328425016886434,0.20682638026994257,0.36542031371474737
2022-05-13,-0.09571945460658098,0.20031735647086105,0.3526365293237411,0.1995307605436789,0.3510338525626593,0.19907186900316745,0.35102679403702486,0.1991071579411019,0.35200606281557806,0.2003282696215281,0.3532462437099618
2022-05-16,-0.04970849356766125,0.18412131700201137,0.3189236325742466,0.18336702276338557,0.3174448105871288,0.18315640828082827,0.3179602445695045,0.18307191047972382,0.3190330587965153,0.18362686391785846,0.3187836448335489
2022-05-17,-0.05115918577853464,0.16854047995756954,0.2925017768445375,0.1656382541024861,0.2882485859799597,0.16690902915549566,0.2913311304640264,0.1666183397878798,0.2938704628735055,0.15329460427297784,0.2647573333554906
2022-05-18,0.1707607343928786,0.1554578224343516,0.2695615985120429,0.15242420898333883,0.2649819505847091,0.15355307642603483,0.2673240734949798,0.15310392607195966,0.27123084643014655,0.15285645784731863,0.2663951386391121
2022-05-19,-0.053403502447420856,0.17133447291082735,0.31130379669700614,0.16771630097292506,0.3056271534641079,0.16905699971839033,0.3091604142204136,0.16936762360575133,0.3097148681303638,0.16993813841531322,0.3107373749050433
2022-05-20,0.002722015971275821,0.18240820942829536,0.3156777851194453,0.1799202193112289,0.31189035896951744,0.1806494396876734,0.31452901731612587,0.1805219377159461,0.31639443666214123,0.1807929228223928,0.3147839018004985
2022-05-23,-0.03281247570160639,0.17763469594734588,0.3118522769747208,0.17522458666777477,0.30810814825965344,0.17586070035242685,0.31054900467146845,0.17603089819530277,0.31195755865644165,0.1760596437318402,0.3106990125604477
2022-05-24,0.03349182355382076,0.1730724987410551,0.30195634845421526,0.1714309773589691,0.299399526561177,0.1716399786932542,0.30072951356672156,0.17176827859237961,0.3024388168696911,0.1716371451009382,0.30072440792109006
2022-05-25,-0.037361661276835656,0.17271208540917216,0.30689516573597375,0.1712944585710666,0.3046355282592654,0.170983286584921,0.3044647223487978,0.17102846980513284,0.30688883813102136,0.1708126857153038,0.3042312228460083
2022-05-26,-0.03114624414823439,0.17184616624648963,0.30010323618484863,0.17045139251773825,0.29784315693962027,0.17046591576141748,0.29859206991088577,0.17041728725233585,0.3008580597403322,0.17022867280339368,0.29815192598204876
2022-05-27,-0.06691710530310699,0.16378169969091094,0.2864162373992947,0.16236232840647635,0.2840853234539612,0.16241862621280098,0.2848896532614292,0.16232100005369154,0.2871380844784748,0.1621543812507087,0.28441218836973614
2022-05-30,0.03138412953464273,0.15140219849367453,0.2622741435694792,0.15014234534874582,0.26019775983428045,0.15023531562554213,0.26103559190132347,0.15013445044377838,0.26302795937433354,0.150169014966301,0.2609128177962491
2022-05-31,-0.01327537038444086,0.14837842787646763,0.2638632514892667,0.14697292413082164,0.2615409488116865,0.14697962320354116,0.2621875246863174,0.14685901932972217,0.26422779898015886,0.1468164498311566,0.26188893803399466
2022-06-01,-0.01927584739782829,0.15195038558340954,0.2665415349040142,0.15040350190736748,0.2640416738154629,0.1506240266316958,0.2653240505219434,0.15057634026111985,0.26706555139100224,0.1501807076310318,0.2645244529365582
2022-06-02,-0.038489178532302284,0.14773358043574025,0.25970918446284236,0.14664455070053442,0.2578298140017333,0.14639501041130595,0.25791650960170165,0.1465541614895879,0.25870825520705226,0.1459459050467322,0.2571059128918856
2022-06-03,0.002827713457609205,0.14046013239673047,0.2460653256423514,0.13968204474937657,0.24462329602240188,0.13929241025784667,0.24435250032662256,0.13922970984165836,0.2457414069733343,0.11651386303843245,0.20184885772000963
2022-06-06,0.011231566123103002,0.11365044301065856,0.20112267398707545,0.11402038486024757,0.20176009125288893,0.11349791144740476,0.19946953690552952,0.11338592337297641,0.20119139512957993,0.11170905952007983,0.19583708157187232
2022-06-07,-0.04278509551836457,0.11527137466614958,0.20438160469184774,0.1156950332594895,0.20519654131666443,0.11505404315997532,0.20255312690745986,0.11488892785531389,0.20469575700157835,0.11267396242925269,0.19790758306877124
2022-06-08,-0.002501043404588837,0.1104914017143555,0.19292356435390615,0.11078726022885874,0.19327152615147403,0.11040788945725159,0.1914332455241021,0.11002521733104832,0.1935737134157831,0.10784178023294172,0.1863858283986165
2022-06-09,0.08516632590138844,0.10635388976824223,0.18858392837122445,0.10668459244579885,0.18916545915196054,0.10618384542365644,0.1871659322599692,0.10595506858539076,0.18956001900196034,0.10443378046681875,0.18371156486726697
2022-06-10,0.061683741043806396,0.12559117815255708,0.22696086095334803,0.12594961363537382,0.22751955732861892,0.12527070903181492,0.2249096965558847,0.12509998400176048,0.22800563930540785,0.12222014563689264,0.21917475338622958
2022-06-13,0.2037127467752723,0.14296211241427878,0.25492088675762636,0.14297698194024147,0.25472806722208363,0.14245677353038574,0.25223700735125937,0.14179553705640968,0.2546251594001706,0.14178108573858933,0.25067455846728054
2022-06-14,-0.03987936623159667,0.19810337550328505,0.3569468496034906,0.1980507188947632,0.3565765663630945,0.19709191834647652,0.3523692422903795,0.19630456656775497,0.35696115762952596,0.19578484055694104,0.34930243390586296
2022-06-15,-0.09861941189646643,0.20164392055667993,0.3511869554607221,0.20147998477892126,0.3511772898717331,0.20077110724068475,0.34808725278967256,0.19993539993511728,0.35058828570766876,0.20581038139004257,0.35563435404320215
2022-06-16,0.10654145210886365,0.18219110351651158,0.31443954606381064,0.18192790295463937,0.31424340113065347,0.18122950902638768,0.31196898144814034,0.1804368876701611,0.3135627929478101,0.18261751096253223,0.31329693197896835
2022-06-17,-0.05681927649499957,0.18901083863031873,0.3364564449740759,0.18903182418226752,0.33643053114440646,0.1885812539637555,0.33485624203981174,0.1875408193621508,0.3371993856885848,0.1897108837276043,0.3359123046125203
2022-06-20,-0.0032175059932278596,0.18391579175804515,0.31918066191127964,0.18388479608417055,0.31905365110425365,0.18339188684861443,0.3172698736180648,0.18249584286924758,0.3199196424748537,0.18534564478035345,0.3201386426989303
2022-06-21,-0.027443734741541385,0.1712889691540925,0.3001048959340463,0.17131498731617345,0.3000145166721936,0.1709402499157781,0.29848445084179565,0.17004864439509887,0.30111137973500873,0.1724655132877511,0.300607077575178
2022-06-22,-0.041940539699743234,0.16444184712640778,0.2872552145089133,0.16432620288815958,0.28675583811927546,0.1639197346130074,0.2852609830737065,0.16382163295081156,0.28661202456851903,0.16356211986158534,0.28435298993556335
2022-06-23,0.0034482792789159236,0.17740808176898412,0.3084899285304227,0.173687515305295,0.30257176896052823,0.17502190197402281,0.30559058926201754,0.17458575062095721,0.30890476514448684,0.1730147152871239,0.3027921003141153
2022-06-24,-0.06469917661225205,0.17345844543436592,0.3051310885262767,0.17042477740632056,0.3003971655588271,0.17147439677730816,0.30288524228424213,0.1710653927666993,0.30694149000090176,0.16833346478306319,0.2976427225734281
2022-06-27,-0.01033600933066206,0.1639640870487128,0.28444819181292735,0.16184639133028714,0.2811489382101516,0.16239508940517308,0.2828096020157539,0.16210139524005066,0.2862032632217168,0.16115622699825266,0.280891864855068
2022-06-28,0.05099640430892059,0.12852043963766524,0.22596239482409256,0.12876219383666854,0.22635486557604473,0.12831509672627964,0.2248906851739127,0.12785612229855747,0.22651075601897397,0.12738151117098412,0.22290945300479456
2022-06-29,-0.007077170374085087,0.13587799628943606,0.24249518949429846,0.1361531841529018,0.24286494148497087,0.13576454013502215,0.24128798293668793,0.13531231889570583,0.24333353950843642,0.13440912585131493,0.23854790704288165
2022-06-30,0.019342962843130935,0.13530465010358397,0.2383933589242996,0.1357612495388369,0.23929964756050626,0.13519071005726105,0.23708529158970795,0.13466695301430834,0.23923800870660858,0.13459250507643578,0.23558376696851258
2022-07-01,-0.07258192872676886,0.1351916551323262,0.23940486139244924,0.13552035754611308,0.23999907552449598,0.13500988316732507,0.23811014294833235,0.13430362613203925,0.24040545778557548,0.13384144469818893,0.2355762118058455
2022-07-04,0.03061275374831211,0.1284725864207176,0.22287906952171807,0.12895365949570484,0.2238178963011893,0.12842452092410714,0.2217059540045872,0.12786703614884018,0.2239239958932853,0.12654544515106747,0.2180051416393086
2022-07-05,0.0003631741459926869,0.12564503794505402,0.2237289343039059,0.12619855663330537,0.22475560915937443,0.12564163311431717,0.22240843706740918,0.1250821652747138,0.22489478828432222,0.1248010307221476,0.22053249341814374
2022-07-06,-0.02985296314968116,0.12586614995673615,0.2222387576479367,0.1262681695544233,0.22308872792108458,0.12558729906648625,0.22050345003206648,0.12480301427889458,0.22308723941404834,0.12504674518108844,0.2191370061499758
2022-07-07,-0.024617793092375544,0.1209547523696894,0.2120648686266987,0.12133142267172856,0.21287696328451688,0.12068294894543408,0.21031595110788145,0.11996624470063157,0.21291795077080355,0.11946289262056142,0.20777882390925606
2022-07-08,-0.05679759839313307,0.11426527958725796,0.20082372681315963,0.11457966203736429,0.20151919222377704,0.11398745543637755,0.1990153636125084,0.11334806377337393,0.20176827288351945,0.11263980961216925,0.19623220386268958
2022-07-11,0.06024257787673551,0.10730851958231312,0.18703566858276466,0.1076304319796935,0.18767998089165452,0.10723294760358183,0.18603134046940192,0.10665665424410467,0.1879940021857035,0.10504611381011848,0.181640626422181
2022-07-12,0.04190661817819258,0.11538045287993856,0.2076515563743408,0.11587676221172813,0.20878055121248684,0.11536749588065023,0.20650858163057761,0.11480307061254302,0.2086707591940544,0.1137993210561068,0.20307329509820463
2022-07-13,-0.01737245686671458,0.12843935844502838,0.22957533432132543,0.12895173422127001,0.230667105118613,0.1284844658423172,0.22832812889292428,0.1278642862853479,0.2307103661078262,0.12821039073056595,0.2270484527560569
2022-07-14,-0.015783867701262,0.12758374238490983,0.22470444411390614,0.12810519535766038,0.225828334149805,0.12746966916058525,0.22310887869550305,0.1268346170338778,0.22586102038094677,0.12823081289194246,0.22389200998635667
2022-07-15,-0.08577247532383607,0.12176609635214376,0.21505121627896367,0.122365305318801,0.2161734497813352,0.12200458836224795,0.213895612162758,0.12150022866003124,0.21568192827210886,0.12214725279651446,0.21344254348818395
2022-07-18,0.043212860905040264,0.11377845585620776,0.19714476764070374,0.11436399184459878,0.19824715562744366,0.11400473464222637,0.19626156799101982,0.11339504540915621,0.19829403296875547,0.11242422420696231,0.19292786390219974
2022-07-19,-0.032131278182793294,0.11420952525215652,0.20506975864535182,0.11480669674375772,0.20617855910132452,0.11442537154967311,0.20397217799417725,0.11378224490161003,0.2062617486037434,0.11449934350012558,0.20343553190699995
2022-07-20,-0.025631829026280046,0.11358875700403988,0.19976130103702833,0.11414889285717661,0.20080093426380138,0.1137322421213665,0.19847848610947552,0.11316490062591923,0.2009233070237045,0.1142715656861679,0.19875105005054763
2022-07-21,-0.032775864238112,0.10747450240331614,0.18944495568024092,0.10796355286203037,0.1903687507402571,0.1075335065176152,0.18798833488077513,0.10703298958271686,0.19054924761720618,0.10792133865899445,0.18798719511446255
2022-07-22,-0.003467710453695508,0.10206070061766997,0.17960964769012794,0.10251539855820474,0.18048980896370295,0.10207437855149325,0.17811406376539515,0.10163534492538094,0.18066745986853328,0.10214982632500663,0.17754299130677947
2022-07-25,0.014227444127432336,0.09779719977918021,0.17386595902684995,0.09813198448796348,0.17461546998603905,0.09779467012515268,0.1729744378795929,0.09721393851485598,0.17481933271838324,0.09892808407677595,0.17468281185717927
2022-07-26,0.05537314539706198,0.10004313841203805,0.1788692016561857,0.10023788087663098,0.17946666000697115,0.09987194632831418,0.17753961185183326,0.0992635730930664,0.17962345848645986,0.10022154444285755,0.17791099762555557
2022-07-27,-0.06052337137337781,0.11424921665103352,0.2060123600187653,0.11462341539009571,0.20698534040525027,0.11426676467474993,0.2050525648733906,0.11356073329212851,0.2072445266686125,0.11312699741344778,0.2028060174936925
2022-07-28,-0.03994386613164402,0.11288418646731387,0.1969396448404823,0.11344946925152094,0.1981739141168601,0.1130158654396619,0.1957141551605899,0.11250291323786345,0.19781141485595363,0.11290239058012878,0.19550417271733728
2022-07-29,-0.045816533368807304,0.10379601743066384,0.18228209708818086,0.10432402300911607,0.1834777311138743,0.10367977699806881,0.1804850216563115,0.10346009321130983,0.18255140642076026,0.10368414999158375,0.18003991118858464
2022-08-01,0.06839885230455024,0.09640773002006581,0.16920036715769374,0.09686605802269108,0.1702072428310138,0.09629075018424577,0.16756789571140604,0.09620725020879606,0.1693358781121644,0.09634547900117603,0.16745176982759946
2022-08-02,0.046619517132472504,0.10715184054428516,0.19492317328739137,0.10770457134888867,0.1960765524238578,0.10711410034933591,0.19322615553173822,0.10701296036709702,0.1952797619933857,0.10699821604105032,0.1927851570095614
2022-08-03,-0.08636576239910163,0.12306367880429096,0.22146031051945553,0.1237991306978233,0.22291053074299585,0.1231782533921397,0.21986525113965846,0.12292201784094753,0.2223393215737239,0.12515315265789256,0.22336978073941688
2022-08-04,-0.023508803318579047,0.12049128737416631,0.2091812345565383,0.12126974543061503,0.21073284978286166,0.12074618189969279,0.2081619195091758,0.12041201256831544,0.2100417711441375,0.12224411260691018,0.2107558550784556
2022-08-05,-0.013618430710314393,0.10935004763590442,0.19343782103652626,0.1100911132743339,0.19489655686611304,0.10957062215552087,0.1923744061366685,0.1092808951879162,0.19422084124332234,0.11259917952467707,0.1977039681540856
2022-08-08,0.0065975734131011364,0.10466958666776734,0.18576747993031567,0.10526922665416874,0.18694856277507,0.10475219787491186,0.18440909290037444,0.10453226386200155,0.18640527436761023,0.10763449573863554,0.18948595194975387
2022-08-09,0.02229539634106803,0.10383100703943841,0.18555182688127447,0.1044559762434579,0.18679524461785701,0.10387434238807526,0.18405008119322397,0.1036457463396864,0.18623472901861082,0.10625622992923317,0.18825426835604947
2022-08-10,-0.09788584124112062,0.10819803676449594,0.19412808087049538,0.10885045793781893,0.195443821225652,0.10817904193458588,0.19240252452136,0.10794213487860206,0.19495714838069286,0.10977112075842069,0.19521699537249623
2022-08-11,0.0230355704018236,0.10419844986911794,0.18014830686712346,0.10482319562403752,0.18135200602691717,0.10433887882117202,0.17907995712117647,0.10391665564230732,0.1816253774994921,0.10394939005121037,0.1784641831261637
2022-08-12,-0.033730859518571424,0.09873136776138844,0.1775805061020323,0.09929968582594179,0.17867722339721948,0.0987635367934696,0.17616357370603444,0.0985605993190301,0.17852312560635358,0.10130916055380147,0.1806715054421084
2022-08-15,0.02127739844728488,0.09769094995373725,0.17239475380209157,0.09820665165207228,0.17342599600283612,0.09763099721447972,0.170816844369376,0.09758517605229441,0.17283595593453896,0.09969869842439419,0.17446901307177134
2022-08-16,-0.013118250684838155,0.09838927614277032,0.17693656313079098,0.09893781069030537,0.1780405612065338,0.09841204599151307,0.17571760056490757,0.09831577539472516,0.17744919142567409,0.1003683875088401,0.17907649170908782
2022-08-17,0.010608839079412413,0.09781881656925494,0.17424664030690853,0.09838246686208584,0.17538040731103588,0.09783757120036665,0.17283620849292966,0.0978627268228527,0.1744990445752995,0.0999930992109364,0.17636766732293915
2022-08-18,-0.017233067123775443,0.09806029275140603,0.17609371439434465,0.09864330726791634,0.17724835908423572,0.09805057347823806,0.1745055149552487,0.09813312078317317,0.17623524464119084,0.09979707662622768,0.1772879558711312
2022-08-19,0.05180441118886418,0.09652345855605184,0.1718410788407037,0.09711772629358782,0.17295992492063694,0.09654540602098428,0.17038938066289844,0.09659610801520412,0.17221793121084705,0.09802473059806266,0.17257891953043106
2022-08-22,0.14439450488189357,0.10591364951990656,0.1923888315036502,0.10652917014247382,0.1936553638896692,0.10588521442037994,0.19075424628113996,0.10591686651505298,0.19290191021501213,0.10668126773904639,0.19172808386123819
2022-08-23,0.012941111515650625,0.14835584780064323,0.2714162524421634,0.14976101666040773,0.27410374918938785,0.14893227620013247,0.2702991831400517,0.14870419665482995,0.27294909815460533,0.1479172990181295,0.2682726359577673
2022-08-24,-0.0549893477591501,0.1590772125111288,0.2825717060223923,0.16040669596245472,0.28526154442033946,0.15946637043224018,0.2811977784500677,0.15919640329941345,0.2842459025093793,0.16398233266254686,0.2885093122255816
2022-08-25,-0.04664522692911516,0.15096341117292422,0.2642896952393099,0.15212160224745205,0.2666842653634581,0.15123584781641028,0.26284477819571384,0.15101902290351352,0.2655290901088616,0.15416634422711215,0.2674578624223835
2022-08-26,0.16003651200451952,0.13877441552824388,0.2433520195497471,0.13979921292366096,0.24546635822614804,0.13899165714933345,0.24186087878098317,0.13886394970954508,0.2440969219096024,0.14134877015440103,0.24567355350633188
2022-08-29,0.025112387825980898,0.17095646036730586,0.3107313700720069,0.17232268027959408,0.3136550442125696,0.17132375980204365,0.30907005028193313,0.17078637660511464,0.31197685114820684,0.17014506529594675,0.3061961710525557
2022-08-30,0.0,0.18374487561462488,0.3251666517456494,0.18506853909970128,0.3280296870658975,0.18402107986736108,0.32324479760075164,0.1832461282065144,0.3275005055599388,0.18932792703239623,0.3315423192987433
2022-08-31,-0.013057021137377153,0.17751373004516136,0.31290056801245725,0.17870880872055914,0.3154585287933663,0.17769375941654988,0.3107858343868002,0.17723213275782704,0.31508976714532905,0.181628019575625,0.3169300169124225
2022-09-01,-0.012055366688603752,0.16906325338043227,0.29821503585731945,0.17043984589113825,0.3009556410190832,0.16963039561073306,0.29692738449800893,0.1691280793321816,0.30052155708477657,0.17209725183601848,0.30131535687763605
2022-09-02,-0.0035273405179684107,0.16007809946821133,0.28238800399690756,0.16127928553769436,0.2848414488836066,0.160567902538736,0.2811136017628523,0.1600240667008237,0.28474937932384636,0.16177142511773773,0.28333942812789004
2022-09-05,0.02021055966203332,0.15200205230362684,0.2686390885383287,0.1530758964528588,0.2709167613737051,0.15245219768794838,0.2674204938511051,0.15187895347809,0.27097098369309125,0.1529341445808725,0.26832194884243254
2022-09-06,0.034786116085415604,0.150770210701514,0.2677498252076281,0.15177863504018174,0.26986889621343735,0.15118322755750044,0.26633792560120056,0.15068294909324667,0.26995985253224014,0.1509480015803186,0.26608980344864136
2022-09-07,-0.08812682607349537,0.15471652129016567,0.2754027966302525,0.15572849521551788,0.2775231947155262,0.1551110489472726,0.2737785518883695,0.15467395403024387,0.27752069519576433,0.15464936483910466,0.2731497900944133
2022-09-08,-0.04270078756789757,0.14820857400058868,0.25687573785176565,0.14906174621561347,0.25871044705656315,0.14845163419796292,0.2551956238075338,0.14816865779595823,0.25838713199710417,0.1476160811274259,0.25372525315910227
2022-09-09,-0.03534850783982872,0.13412473021690335,0.23482820687777436,0.13491770887571466,0.23657638464540465,0.13437907855069173,0.23366093170261465,0.13408494392670545,0.23610815860356524,0.13382619302931767,0.2325464121513991
2022-09-12,0.04630059709314601,0.12513729935005638,0.21952589646962298,0.12588679831001545,0.22119619655088985,0.12538520508469267,0.21852601607551939,0.12507714603251788,0.22075946071316546,0.12482176671708332,0.2174566103532159
2022-09-13,0.1331647565067584,0.12888810999444697,0.23064331873932806,0.12968136587861342,0.23241554667287587,0.1291534187534338,0.22945683254238117,0.12887701934057236,0.23171069395181895,0.12865304167425173,0.2285499208147781
2022-09-14,-0.04155567026849922,0.16080579624963792,0.2904049561882273,0.16151084019120276,0.2919609596387042,0.16087797288567,0.28815600023745885,0.16062830727392396,0.2911096859285774,0.16039046365213364,0.2871235800429844
2022-09-15,0.004196077108450419,0.1630885144463876,0.2844850874825532,0.163808968571029,0.2860762223314608,0.16319278896001,0.2821978397288861,0.16299009163317982,0.28498350022163266,0.16391864037192733,0.2831321428645483
2022-09-16,0.0011413354862703858,0.15421840410407833,0.271674846546344,0.15493228617388496,0.27313453182261627,0.15442239977038008,0.26941599588017096,0.15414792907939837,0.2723587510550949,0.1551918082153093,0.27077251084069565
2022-09-19,-0.02074603794756593,0.14930002751703145,0.2629056422158261,0.14973595831737924,0.2638841635250827,0.14938676436145454,0.2608910033223398,0.1491320727287664,0.26275310801321583,0.1496626568827965,0.2614122744856443
2022-09-20,0.05292240145434253,0.14310371253141416,0.2517540596737915,0.14392008913600635,0.2534579293536277,0.1434809196522947,0.25064613931231067,0.14314546670101863,0.2529451999298694,0.14329990219598027,0.2503292179947014
2022-09-21,0.030102000836866667,0.1475222596991912,0.26367637172851555,0.14834106553415258,0.26538862501358096,0.1479142591677129,0.2624046989362156,0.14756885343909712,0.26484184920544707,0.14730526772968963,0.26134164388461456
2022-09-22,-0.023130774659371803,0.15307786931711034,0.27204103410328967,0.1538454591035268,0.2737298513748713,0.15343233279940763,0.27072609214314186,0.15300706053959456,0.2733207398881946,0.1529831453532147,0.26994751609834494
2022-09-23,0.08981062423828633,0.14694101902819232,0.2582190309222152,0.14781176771735488,0.2600862149755797,0.14750363944566305,0.25760204484684057,0.14694529014207114,0.25982857840801865,0.14726723027174926,0.25731607415667856
2022-09-26,0.07530091959078623,0.15911101608302447,0.2855907854367061,0.15974615419561344,0.2869930746633361,0.15968972046541322,0.28493359426595466,0.158981647169388,0.2876405304834673,0.15773013600758382,0.28165452711612887
2022-09-27,0.010484215675599155,0.17534710190164585,0.31370790124072895,0.17638654106567384,0.31594576933444274,0.17625167769878464,0.3134782522383074,0.17549090419274896,0.3161831616999157,0.1751527872536434,0.3114532088243033
2022-09-28,-0.07713283503295913,0.17701115919178304,0.31269010139031717,0.1781305535506782,0.3151792011765315,0.1778006231805434,0.3119925658513231,0.1771518789415116,0.31465972736674586,0.17826586972494649,0.31281987739480926
2022-09-29,0.05354390763647936,0.16611960902602566,0.2886102821960207,0.16709024084424842,0.29069295913926524,0.16684642115555154,0.28793944682719336,0.166240427547507,0.2901831533300758,0.16614931453853723,0.28686086708255376
2022-09-30,-0.006933529194856294,0.16291075670796676,0.2905858012935194,0.1639282404300716,0.2927623663641161,0.16361643231215944,0.2895798303364754,0.1630523716862782,0.29183382057496626,0.1633104065640366,0.2891627288565054
2022-10-03,-0.04926466002649594,0.15877397596657014,0.2799366656144943,0.15968191976976479,0.28183652862798403,0.15943814438931014,0.2790104730800911,0.1588821389626229,0.2809052400447759,0.15947951407791006,0.27915151865413557
2022-10-04,-0.034818457184045574,0.14884760808408448,0.26072914817043674,0.14969980074333322,0.2626485404429576,0.14949776082046826,0.26025942470485086,0.14878876827021392,0.2626737966020613,0.14905695297142818,0.25957607355990897
2022-10-05,-0.01804977846876529,0.13746957442027313,0.2415913210866655,0.13805394069617502,0.24298313436032565,0.13796256059995815,0.2411644399851373,0.13731705790912396,0.24307495725497127,0.137397349078225,0.2403029399592697
2022-10-06,0.06672527031423699,0.12842973799905455,0.22670294437953722,0.1286821668407171,0.22741575674685366,0.1287455334191688,0.2262871493912343,0.12816611534833927,0.22761542835402002,0.12824841634934084,0.2258230441950311
2022-10-07,0.027150989065950898,0.13774657836211815,0.24808835854297326,0.13850341051222895,0.24968973117370777,0.13850395491489048,0.2480930563461774,0.13787539530279325,0.2497595475403603,0.13743846256501374,0.24668281312318802
2022-10-10,0.03416724766789199,0.14099194489057454,0.25268001452119443,0.14141422013480093,0.2534938067413236,0.14189086100914425,0.25422117984673687,0.14159197620911176,0.2529031429820953,0.14144303627473573,0.2535518268707915
2022-10-11,0.035718082602079246,0.14537150215054337,0.2606581361702727,0.14576511050973542,0.2614385352676259,0.1462317525927569,0.26190686713489336,0.14585749043204452,0.2611559952426556,0.1456853694499908,0.2612212596527523
2022-10-12,-0.001785714760234755,0.14995309539685958,0.26872256207115636,0.1502588287217235,0.26937949959992846,0.15070999831109835,0.26958850118786665,0.15020564810658926,0.26959907096630575,0.1501148398028138,0.2689637045320973
2022-10-13,-0.04977366820507715,0.14490816984750163,0.2577460328336342,0.14519316024396445,0.258367774606124,0.14562242167495248,0.2586386252889683,0.14522084182374442,0.2584260923117687,0.14580213906665673,0.25937231758672263
2022-10-14,0.0025015647817023426,0.13807594519678443,0.2428167963326765,0.1382464837843465,0.24323769611570006,0.13862766435743987,0.24336459634867333,0.13818915519423128,0.2435714110340735,0.1374250484584298,0.2414549220350146
2022-10-17,-0.020508685365981875,0.1289214120722585,0.2295806709420261,0.1291085046946777,0.23003325859006504,0.12951906237283217,0.23108407702312683,0.12903143267977263,0.2302417330984183,0.1290806189296155,0.23005139971180152
2022-10-18,-0.028125338589220856,0.12356578055565462,0.21880307972062232,0.12380704807616777,0.2193241463004259,0.12426779109765558,0.2218455081123032,0.12380185420141279,0.21928293281875713,0.12339154994306364,0.21997718364570606
2022-10-19,0.008488461024077446,0.11652076581380134,0.20601001543813838,0.11671366663741967,0.20638951896713134,0.11722338169764834,0.20939965225944016,0.11687980172854064,0.2061922717639906,0.11598133187300677,0.2067387993793408
2022-10-20,-0.02568465196299165,0.111389356299971,0.19920684449999024,0.11153949756612437,0.1994699522573832,0.11209230463821114,0.20249377074994432,0.1119125228159171,0.1989371808695386,0.11105128723821739,0.20020808832874298
2022-10-21,-0.009720203898783187,0.10724479810307078,0.19001104236265107,0.10745023595888395,0.19039260915147968,0.10792690080331077,0.1929819595673251,0.10791022400352293,0.18929665210119903,0.10681846779944051,0.1907498640903507
2022-10-24,0.005374551062942673,0.1013594102835307,0.18061733302463406,0.10156823112346008,0.1809862386661618,0.10201971520625816,0.18345760449724363,0.10204961396021593,0.17976948705864793,0.10128164508668862,0.1819220370846717
2022-10-25,-0.04768524717690479,0.09855027860319523,0.17661070892449632,0.09862172208805997,0.17677385902131884,0.09908432722928177,0.17935594045023084,0.09921480442199301,0.1752655229041074,0.09817015984322218,0.1774346423232275
2022-10-26,-0.042345759686444905,0.09696229558845978,0.17072750867660097,0.09698826369116244,0.17081283233734268,0.09744664676892115,0.17339045964029773,0.09757833710195317,0.1693869916207082,0.09598169595445634,0.1704301473890582
2022-10-27,0.004024150299725327,0.0912515182948334,0.16142463398026483,0.09120771562769607,0.1613010994844878,0.09164225976211221,0.1630787277116552,0.0916478520913905,0.16007269653307596,0.09059854381485151,0.16112055114607357
2022-10-28,-0.06174335616524164,0.08637505101006006,0.15557943401629942,0.08635745698813951,0.15547848394092845,0.0867700263289597,0.1571367034486787,0.08680230124737368,0.154732388744979,0.08644159005854206,0.15644754533342808
2022-10-31,0.0050358425229546705,0.08708109960858215,0.15299655162936623,0.0870133316146411,0.15282929685275667,0.08743515796785754,0.15450366746725866,0.08748994641701728,0.1518173815697545,0.08604740231310323,0.151905535508359
2022-11-01,-0.002708455902177344,0.08107646596792156,0.14631424792432415,0.08114090037423527,0.14637647695612488,0.0815178024282308,0.14864099477692544,0.08160024863025273,0.14551911713016769,0.0815068065015126,0.14822891145950354
2022-11-02,0.0019353596131888896,0.07998263226979065,0.1439658945586262,0.08016755551222271,0.14426423847977,0.0805073569548103,0.1464679302002293,0.08060601103781774,0.14331934767216867,0.08047254492739864,0.14606957783293012
2022-11-03,-0.021892977610236775,0.07954530113755663,0.14369724776789725,0.07987631370852824,0.14417417833672927,0.08015841887019678,0.14601639561865304,0.08006966217377318,0.1433818559592269,0.07994443175057339,0.1453964720796513
2022-11-04,-0.03009254149294502,0.07893944809974285,0.1418763168595185,0.07908215363643464,0.14217609868837883,0.0793065106942827,0.14359346148595942,0.07931256925859947,0.1412028632368592,0.07877570183847948,0.1425154020820783
2022-11-07,-0.008180004711930807,0.07663130474817609,0.13711843279485497,0.07681326533890181,0.1375175164523659,0.07697895109462503,0.1388244121130888,0.07697305340640449,0.13654078258577665,0.07623848510318623,0.13744982880489756
2022-11-08,0.04771400107579442,0.07283446210600894,0.13162593718053972,0.07298068871729828,0.13192580807500842,0.07316321484652498,0.13318757786859656,0.07318573570010932,0.13101855887489494,0.07313660984783459,0.13314053629931608
2022-11-09,0.02130624854424395,0.08687890514707139,0.15936666545979702,0.08729037585294325,0.15999812663256882,0.08755554423592109,0.16201206190704018,0.08755502808103056,0.1591687619086742,0.08630210578715919,0.1597637724277152
2022-11-10,-0.10327589640936587,0.0954715526213748,0.17279012868793686,0.09594912916187144,0.17359230192322184,0.09616048692574573,0.1755614013134563,0.09619065779009145,0.172486165221439,0.09647354647360133,0.17594947901111277
2022-11-11,-0.04387239946778159,0.09732980771044013,0.16875263605276905,0.09777699588066391,0.16951169748625788,0.09798048802214972,0.17150018181073928,0.09801470459391655,0.16839123404195633,0.09632927028607047,0.1680880725152214
2022-11-14,0.052336267176182706,0.08841952312461976,0.1563903386690417,0.08881293323639367,0.1571019763589595,0.08897895304839404,0.15896662677451412,0.08905244094944148,0.1559391019264789,0.08965734691157548,0.15971014373730305
2022-11-15,0.03356436883509308,0.09925993981162108,0.18054338602615133,0.09970436207602934,0.1814463669015862,0.09990956098081842,0.18355153995114648,0.1001831912196737,0.17947915769095993,0.10125841682999531,0.1855025097577604
2022-11-16,-0.017677747089685693,0.11070403954579185,0.19948644360800344,0.11122876573478603,0.20057203784128386,0.11140020852370963,0.20271814000871863,0.11175838345786833,0.19810677398980325,0.11460012676789956,0.20778335733681413
2022-11-17,-0.007493790272797705,0.10754596586613195,0.19115560180794888,0.10762290966851853,0.1911355684002285,0.10802205873172133,0.1936410519519155,0.10857343127035243,0.1895634339835208,0.11209991755819738,0.20079186371105295
2022-11-18,-0.03443485811610522,0.10170718160641494,0.18134030045220842,0.10180923707915505,0.18135492541325107,0.10218541783588898,0.1839716310443125,0.10254112522238698,0.18030257605947964,0.10522882165922764,0.1890875328824511
2022-11-21,-0.03342439551727837,0.09827477835056525,0.1739354955145973,0.0985400713874752,0.1743674892706148,0.09868310000196273,0.17624075562617844,0.09903983562588495,0.1728584092715599,0.09993915745828465,0.17812604213801933
2022-11-22,-0.049036169381510314,0.0928629616838868,0.1645331628405991,0.09310273709858985,0.16491540105011013,0.09325238281664533,0.16658391848194987,0.09353077837765422,0.1636449130371682,0.09420092438827572,0.16803068886021144
2022-11-23,-0.04515656701678402,0.08866079522585837,0.15640123755680105,0.0888947166059505,0.15678491886528068,0.0890529326042167,0.158342786253746,0.08932248893286225,0.15544330550023694,0.08928605905038424,0.1585202699622178
2022-11-24,0.003433900847915608,0.08388782381915888,0.1483566380437906,0.08408698072498916,0.14868137817019547,0.08426997442931039,0.15014734633342117,0.08456955911907454,0.14719622990388012,0.0847525382489448,0.15076824537176214
2022-11-25,0.0039100734078428186,0.07946814565854549,0.14316720400692337,0.0798547775648472,0.14394365313963017,0.07988341749717488,0.14501151215775837,0.07972139303141187,0.1435528738426627,0.08222159030204597,0.14898598380978717
2022-11-28,0.08011775176197365,0.0800581503207715,0.1442097997799211,0.08047378603199931,0.14506391441686328,0.08045879055117579,0.14596650850391213,0.0803002366574124,0.14454227923317733,0.08212628594449786,0.1487787904418122
2022-11-29,-0.014512726371564491,0.10835213116914981,0.19769386647681877,0.10864591645315694,0.19820565441771962,0.10875933160531284,0.20011566259938474,0.10928160240434527,0.19589973798873847,0.10614680320605778,0.19520840464821884
2022-11-30,-0.06171018112886809,0.1085897256931524,0.19314717465360595,0.108924420218158,0.1937405257656968,0.10901906656818096,0.19574688293537928,0.10932674496293934,0.19201426201157673,0.11260393257830811,0.20152351762259385
2022-12-01,-0.03661962854917669,0.10432444249453486,0.18328915248709352,0.10459232892529564,0.18374650046919,0.10475853480588236,0.18574508469735837,0.10516888012195645,0.1819479511275037,0.10495900759957257,0.185537600671497
2022-12-02,-0.04010820363067079,0.0974634173304965,0.1727280052375083,0.09755879767506602,0.1729788017362934,0.09763238452932481,0.1745723698647163,0.09810043982366665,0.17097727351219202,0.09877707343629492,0.17597675887124833
2022-12-05,0.08495434845065138,0.09293594235019516,0.1646791848792878,0.09306447856099018,0.16498229271536455,0.09312385166924653,0.1663973863820704,0.09362530758149014,0.16303586430262282,0.09407179456443357,0.1674620073373219
2022-12-06,0.06619377695151278,0.11787442332418474,0.2162997835865327,0.11784152917536848,0.21597003735846168,0.11831108231081912,0.2185181027094633,0.11906110030586493,0.21366559370874763,0.11664757147540561,0.21533671234071566
2022-12-07,0.022743455231331214,0.13955751308540687,0.25279488353322777,0.1396175372650177,0.2529010755475065,0.140044877977077,0.25610219074427926,0.14121064515786308,0.24832106518723304,0.14269851022595367,0.2599761129541615
2022-12-08,-0.017345331461773847,0.14148126045743775,0.2538559088335591,0.14159764908643754,0.2541302703274491,0.14191983851610232,0.25683398703236887,0.14234842645686724,0.2520625170495952,0.14763768381094378,0.26643004620157845
2022-12-09,0.023937313143926636,0.13306227958292555,0.23679236403123263,0.1332252991464245,0.23710696016947425,0.13351736575588735,0.23938208808561823,0.13412468284086393,0.234619819638725,0.13822073277070518,0.2474662331685745
2022-12-12,0.09080036432649675,0.13080433530936694,0.23472141066647315,0.13111408634594302,0.23532553491675443,0.13134577985611226,0.23750943844972802,0.1321688430126807,0.23176107544852276,0.13380531035511653,0.2415555304244868
2022-12-13,-0.10314075891951337,0.15330792587797568,0.2773927984510857,0.15364908291038948,0.2779810042375711,0.15391820981106122,0.28035528403323345,0.1548399894556584,0.2743426247471973,0.1520651824476074,0.2769688451126617
2022-12-14,-0.06456808550659575,0.15017747421675187,0.26235853909510465,0.15076325841969646,0.26328544039477153,0.15105348279778807,0.26555172939838595,0.151950806320075,0.25965894477004176,0.1506234326251186,0.2642975021095133
2022-12-15,0.07690848009961254,0.1348891947425127,0.23776870045309192,0.13525859263383014,0.23843467046286182,0.13555489580541374,0.24078236452731283,0.13646823224796956,0.23506781121125925,0.1362343280288421,0.24154566113920162
2022-12-16,-0.009240989853729672,0.14440336068683157,0.2616491411530974,0.14489011179101952,0.262480995345135,0.14524456853934098,0.264967356530658,0.1462779731026906,0.25865072864343874,0.14537449062346214,0.2650397323624528
2022-12-19,-0.008881053043960481,0.13887024473594795,0.24734604789357528,0.1393605409934907,0.24825431109008866,0.1396395670981899,0.25051287634097147,0.1405567836487081,0.24464579980238996,0.14396113521148257,0.2578671306317699
2022-12-20,-0.04283114800334995,0.12923195794710346,0.230282936961867,0.12970600162327928,0.23117356127902133,0.12995738805997353,0.23328867380738882,0.13080108780917188,0.2277730687533341,0.13201126054686319,0.23661799896669286
2022-12-21,-0.06789610683241719,0.12206286627739628,0.215821874980347,0.12250328504375635,0.21665991651734579,0.12273311047583192,0.2186325261093897,0.12352383456746335,0.21344262394278066,0.12215890263964876,0.2172616106338915
2022-12-22,0.09045172358827193,0.1145685300351491,0.20131042707162217,0.11499597798282692,0.20214198012384216,0.11520141587450303,0.20396384328296302,0.11592263433558714,0.19916087270329502,0.11330350128548718,0.20019545067421254
2022-12-23,-0.05136516530740935,0.1326483857062245,0.24090210623353034,0.13294553258370145,0.24146124587889872,0.13326676402274235,0.24379711355250488,0.133976537104809,0.23818326348555485,0.13125165579662976,0.2404099600825132
2022-12-27,0.0366927333593894,0.13123897024037584,0.23100845211993307,0.1315159270770748,0.2315530847550202,0.13180015351122262,0.23354881888957946,0.13245812694883582,0.2284251527497239,0.13379222816316275,0.2371268767103596
2022-12-28,0.02238047283199198,0.12991408257920953,0.23327156611470598,0.13018362764008287,0.2338113140757084,0.13047398627361426,0.23581908370840424,0.13115531745240783,0.23056233814189256,0.13200565195980477,0.23872151860526764
2022-12-29,-0.03212759107788949,0.13190849785687442,0.23594098387971,0.13244107922410758,0.237110629217629,0.13255669792362937,0.2387281693293707,0.13327089479006285,0.23315593255116818,0.13398520978733763,0.241317127448248
2022-12-30,0.010670479345666523,0.1257904180967409,0.22237472198911754,0.12625255959474868,0.2233552411214303,0.12636416567632433,0.22492797670542206,0.12708067593142577,0.219426402615535,0.1270935682168749,0.22618263306060446
2023-01-03,0.05520809501192617,0.11892934096862921,0.21263755189050448,0.1191456284675614,0.21297622255372883,0.11923078890451863,0.21395934280456771,0.11961705094572184,0.20986830154839103,0.11982281837259631,0.21528403866619247
2023-01-04,-0.039640015021823495,0.13069000646620474,0.2354687728133346,0.13100444699533126,0.23614940693120764,0.13103728017143199,0.23768060910134708,0.13109895871149055,0.2336654525179205,0.1294037452148786,0.23445871306238988
2023-01-05,0.020239053771926866,0.1267728654200318,0.22388488544615065,0.1271163269696724,0.22457286618291625,0.12711237126031377,0.22575524003414796,0.12714078940969414,0.22282755408999563,0.12692659606830123,0.2252881292847369
2023-01-06,-0.06104211768233191,0.12223304255558248,0.2189971391525371,0.12257963100300913,0.2196717328278664,0.12255657015372691,0.22066008515541877,0.12263627880315531,0.21799355504297135,0.12235189639333231,0.22043498750450552
2023-01-09,0.03898405476855347,0.11854077850165394,0.20862977834545365,0.11882713683952695,0.2092344138428113,0.11888698372553926,0.21065666486555895,0.11889551205383267,0.20751404157287556,0.11724200897058878,0.20726676146680603
2023-01-10,-0.0653581559906153,0.11901484469367243,0.21451616331666504,0.11933353508767709,0.21512775134353163,0.11940068274145176,0.2163667686910729,0.11945589647483512,0.21317419563925305,0.11867685655601778,0.21512026407573795
2023-01-11,0.024479264084779847,0.1170346857755968,0.20562123468181795,0.11734859412662481,0.2062262618362921,0.11739336057228941,0.20726190875885872,0.11746644512133099,0.2044131654661106,0.11606085303847495,0.20487640308394992
2023-01-12,-0.11334765182162222,0.11254163714579618,0.20255038402472278,0.11292153917361804,0.2032373369204688,0.11292940050817471,0.2039398207018536,0.11307064344013218,0.2012594750310021,0.11317945624133172,0.2046302634611281
2023-01-13,-0.02582176816848157,0.11333570363899767,0.1962851214949795,0.11367253470789061,0.19686948655581968,0.11369796939644009,0.19743482100234458,0.11389249545560862,0.19506925455649557,0.11065054121022945,0.1922689113964463
2023-01-16,0.06027193901888998,0.10100509150461047,0.17953165127807416,0.10132914117638527,0.18009988552647144,0.10135027417308551,0.1806543687832537,0.10157449109526767,0.17848633091912633,0.10211239544671705,0.1821608836073933
2023-01-17,-0.006692431671038407,0.11335048633358408,0.20606692729600376,0.11350182081147635,0.20629124657434703,0.11381018031591364,0.20808272802784572,0.11409851135090265,0.20484789802310097,0.11319820107754294,0.20711875678368658
2023-01-18,0.04938030877198296,0.11177210346807369,0.19965529414794841,0.11193011838754284,0.19988534792424006,0.1122986886927681,0.2016796959093748,0.1125299499930106,0.19863596335181952,0.11493302206263983,0.20634695719235552
2023-01-19,0.008810629682154906,0.12063844477481171,0.2185407938119942,0.1209608735745454,0.2190292698638827,0.12123933480052956,0.22057470833761228,0.12157120146524114,0.21716515199530328,0.12065829480536677,0.21959400807907442
2023-01-20,-0.03319601316936929,0.12110605225961456,0.21714274723055949,0.12146212845315682,0.21774684638879985,0.12170330774875458,0.21927707452781653,0.12198623640320225,0.21595922629394393,0.12310801503948529,0.22167043991795143
2023-01-23,-0.0020171464227399655,0.11599637598365527,0.20586474309650854,0.11634114356680925,0.20645883982810764,0.11655364818448137,0.20787177746754104,0.11681116116287603,0.20476695704525863,0.11670164514000052,0.2079642113768179
2023-01-24,-0.03127658167672371,0.10766957452828342,0.19283468066741932,0.1080194537081441,0.19346925750729532,0.10819224695206672,0.1948001967304218,0.1083999331849177,0.19185930331044085,0.10897412733522648,0.19599016459716018
2023-01-25,-0.006269613013595485,0.10351742267375537,0.18397561121177486,0.10384890027194267,0.18458465665691812,0.10399696816295607,0.18582212575485235,0.10419526095487383,0.18302537324110196,0.10302351586868723,0.18383235506661386
2023-01-26,-0.018514149564143226,0.09701620358349711,0.17383083997547838,0.09729788374359506,0.17433735463044647,0.09744184818857997,0.1755679458157125,0.09765515602620316,0.17289755478973973,0.09721709395024765,0.17489082365144104
2023-01-27,-0.011815389870590904,0.09332655930406882,0.1666761665418926,0.09354736940119628,0.16706051436690925,0.09370247491429401,0.16829127619744955,0.0938788509348132,0.16582253584481485,0.09270489047760372,0.16627249521657628
2023-01-30,0.07441663794828605,0.08876480097410765,0.15902868039582108,0.08896447837423799,0.15937532523115225,0.08908773131473671,0.16044333903067146,0.08925877189745067,0.15809868862947052,0.08815616043470569,0.15863386715437128
2023-01-31,-0.02745469846440994,0.11083805858476009,0.2020268228873979,0.11096277316876359,0.20233644592610694,0.11111640437163621,0.20362154482659492,0.11104506288220231,0.2008139966542144,0.10716241696776875,0.19679509748577356
2023-02-01,-0.0821497368979456,0.11058034048511203,0.19632639263976903,0.11070564149268533,0.19662715250014465,0.11082912000789603,0.19768911532961933,0.1107827475275398,0.19512160790844027,0.1114083378567943,0.19886357999331405
2023-02-02,0.04700318728466044,0.10651113635506959,0.1864711475047754,0.10659852394575482,0.1867241523343073,0.10675609809431683,0.18801735525163285,0.1067504561172424,0.18548071993709297,0.1045000174033694,0.18366544041567853
2023-02-03,-0.02158745460438366,0.10948374431156013,0.19842796837626442,0.1097562411610978,0.1990481787575787,0.10983022462213107,0.20014509213409043,0.10989030906340863,0.19754076843427193,0.11013670256990203,0.2004163423107388
2023-02-06,0.05827920153773509,0.10748937590243837,0.19137851621865057,0.10778899430090011,0.19204223939554907,0.1078095892492616,0.19266016529232574,0.1078633178982102,0.1905550099303865,0.10981138850340094,0.19626040646218815
2023-02-07,-0.04043606797015094,0.11851173676351184,0.21520017318886095,0.11905239241049437,0.21618593086102234,0.11917602428512417,0.2176666701106608,0.11926774797667551,0.21452817280702305,0.11833607530618118,0.215777667047788
2023-02-08,0.050676812869171896,0.11698195621714057,0.20732495398662906,0.1173108195149262,0.2079734820227844,0.11748138112432333,0.20937486635461702,0.11760303257094738,0.20635418695355154,0.11857332328521557,0.21079034169578834
2023-02-09,0.05355766711912315,0.12241785849076284,0.22187837059130092,0.12282964670399861,0.22266552579146148,0.12304082858001393,0.2241565605526508,0.1231919499080627,0.22078556784551423,0.12288918697728243,0.2234589896992662
2023-02-10,-0.008729444376650566,0.13604630986137,0.2460441001988672,0.13643992222951193,0.24679732300719043,0.13671744691210586,0.24867373063468182,0.13679086713398006,0.2451707026138674,0.13678409720667092,0.24805926430949427
2023-02-13,-0.009297840410428365,0.12995284017569733,0.23220372396612965,0.13039901418652536,0.2329886407839309,0.13062989634436703,0.23460341800255055,0.13072492104834954,0.2313525574296194,0.13337361106035925,0.23881694503568351
2023-02-14,-0.07289850795004778,0.12157046104543998,0.21738599223567867,0.1217812088613459,0.2177645857578189,0.12201280484227682,0.21925701733222547,0.12207985196561401,0.21638349590174039,0.12310267200337649,0.22061064792072682
2023-02-15,-0.03662229397979444,0.11675754530713425,0.20559528652021788,0.11693944221690863,0.20594317004044374,0.1171487392404673,0.20730824781798218,0.11717027153569148,0.2046836747129509,0.11488062148437429,0.2026700440100833
2023-02-16,0.10112776327554886,0.10715578120180819,0.19044940321582668,0.10731853329645141,0.19075883989599707,0.10751184708418045,0.19204034263782735,0.10754874396065603,0.1896097502400622,0.10687463429195011,0.19031660520426924
2023-02-17,-0.007464578079045992,0.13291859573923598,0.24266844360916373,0.13331613495371408,0.24346373708123267,0.13343998781635835,0.24465542636605517,0.1336988264951171,0.2402941541204147,0.12998710579354397,0.23887395429825792
2023-02-20,0.05868350182809021,0.13103839988709157,0.23364348864001136,0.13141500661867805,0.234344710768582,0.13154314917300114,0.23528926698375688,0.13178406307808094,0.2315215360474195,0.13528662296187485,0.24212081458664436
2023-02-21,0.07441073231952501,0.13910548299373185,0.25140967391806135,0.13954557347392432,0.2522329850121278,0.1396646448851705,0.2531399524521035,0.13991359111301296,0.24916293159153835,0.13913570543191264,0.25259945581069326
2023-02-22,-0.025687860636912356,0.15639651039422206,0.2825602380824019,0.15698348231201054,0.2837618662230758,0.15711051219201103,0.2850222926945124,0.15740446080749618,0.2801820072487583,0.15621379642140718,0.2837480339286239
2023-02-23,-0.05297116695568589,0.14911281295984272,0.26442269607613317,0.14957159423584016,0.2653472623795313,0.14972698148822727,0.2665838232831785,0.15003330774355933,0.2621471278016187,0.15223705771053628,0.27115147136329126
2023-02-24,0.024761835106176064,0.1385408339446124,0.24429503778338194,0.1389046524107633,0.24502913128487336,0.1390735039243112,0.24634521161185385,0.13938819943318154,0.2420729179139121,0.13875837856382886,0.24572874810388626
2023-02-27,-0.03379016918012106,0.13188952351998742,0.2366299899463413,0.1322494113246868,0.23734270457017587,0.13241751347573624,0.23860070844917267,0.13267094475714764,0.23467141322194224,0.13273558450292,0.23927322753453578
2023-02-28,-0.012004946096823375,0.12605143534159086,0.2232140096730512,0.12635399501714267,0.22381074802034454,0.12650003289238496,0.22492827019193445,0.1267306796686912,0.22142657182601375,0.1258844433681502,0.22377500560393404
2023-03-01,-0.005813969865419845,0.11595526297347364,0.20651436885779378,0.11618868610587345,0.20700897978219598,0.11629658715151141,0.2083508379067236,0.11668256262852368,0.20419418265357325,0.1158671102751673,0.20721005753524985
2023-03-02,-0.04930049844945412,0.10862202468695062,0.1940935144788407,0.10896036551705185,0.19471862370167017,0.10902152680762994,0.19554430599386421,0.10939996311604855,0.19141235170856807,0.10839673527919148,0.19431981333551218
2023-03-03,-0.05778918655741601,0.10497063835204534,0.185287757127069,0.10529152826965658,0.18585880458133106,0.10534479084520697,0.186568424009848,0.10565546005461343,0.18290317964163336,0.10290063852247344,0.18218387692971205
2023-03-06,0.006469025255125947,0.09961101124314281,0.17555775721913228,0.09987186139559874,0.17598774424632527,0.09996123732394993,0.17674722242213672,0.10028319201648082,0.17335826084088435,0.09763727826606255,0.1725347499012216
2023-03-07,0.051320161302290085,0.0929166415364426,0.1670981656438957,0.09313808544223874,0.16745498063497913,0.09325274303468374,0.1684768729058136,0.0935279291230482,0.1650128176585913,0.09313942387169163,0.16818769815313128
2023-03-08,-0.024807473704267727,0.10655470104076387,0.19346360959812897,0.1067653088979185,0.1938699058477873,0.10693208542733848,0.1951693363149839,0.10721500940042077,0.19134657818177533,0.10460897861635242,0.1910211249726636
2023-03-09,0.1681805280376968,0.10506604067461789,0.18702793498217807,0.10531012517886698,0.18746198317882545,0.1054451094056025,0.18848118487209067,0.1056562114018263,0.18556788200172797,0.10549142146406211,0.18856225991831996
2023-03-10,0.09245136688105814,0.16264246236052987,0.2987351094514567,0.16302393033356655,0.2996314650989468,0.16322373145521987,0.301433187920258,0.163645653576495,0.29614472112599316,0.1545263327707819,0.2859989482853995
2023-03-13,0.06705551214672525,0.19026515332097205,0.343332412241401,0.19075728820596083,0.3446047608507776,0.19108831614046554,0.3473449902270805,0.19167413932876795,0.34089720333972656,0.19556172991693052,0.35530655544602596
2023-03-14,-0.11115909486998951,0.19727668746504534,0.3544456406075981,0.1978134340408213,0.3557697449218044,0.19820000788148712,0.3587080304923951,0.1987602932815912,0.352233790542409,0.20384135077116608,0.36868109154153744
2023-03-15,0.0967266377484037,0.18607859425665618,0.32597081102516023,0.1865613368429643,0.32714072564772473,0.18698470511891055,0.32982228473029224,0.18757948972490662,0.3238819992248856,0.1902286455639034,0.33555725337451214
2023-03-16,-0.12840736942098585,0.187522972715831,0.3392112373783249,0.18796731976674746,0.34036919775801466,0.18854681293946507,0.3432338248279052,0.18930211099670466,0.3365182574195434,0.1909603326407926,0.3476700142220356
2023-03-17,0.10401119337862991,0.1811382767688632,0.316338820484707,0.1815678701813379,0.31738864325322,0.18208945943248803,0.3198701979623919,0.18277275745069244,0.31384125074707403,0.18321773965391885,0.3217524944955732
2023-03-20,-0.054786152055138496,0.18398879873108945,0.3334966228381726,0.18438450668011755,0.3343998577699951,0.18486513791988127,0.3369855471349848,0.18558023568695878,0.3304992398815593,0.1864001374275315,0.3398395504112031
2023-03-21,-0.12182847450168245,0.1750357668251626,0.30913266025658404,0.17535703916827497,0.3099085939331243,0.17582640278006123,0.31220696166361156,0.1765561602262576,0.30619974895855345,0.17906197239164573,0.31802225182447924
2023-03-22,0.040335440250499795,0.1624168448849259,0.2833226789731822,0.16273793631080186,0.28405494109987783,0.16321765147177822,0.28611685865187597,0.16387154910423188,0.2807791464820992,0.1623148626133171,0.2846078704429818
2023-03-23,0.015600940442479592,0.14960748148781103,0.269590017366152,0.14998173462083073,0.2704799101876853,0.15034300188590677,0.2720832381691148,0.15110030570946834,0.26658751685619625,0.15273901248890137,0.27653879750728094
2023-03-24,-0.03923840459681518,0.14574507271666082,0.26133655407401557,0.14614491444854932,0.2622167078897087,0.1465350240609791,0.26394182403999894,0.14716887518456703,0.25874716093767186,0.14814150653464042,0.266950192094804
2023-03-27,-0.05386280589752779,0.13742563108993502,0.24369154214386907,0.1378812428667902,0.24456644750965761,0.13822663185976744,0.24605217562596812,0.13876110647707574,0.2413812435120419,0.13826124095856263,0.24614837434222037
2023-03-28,-0.03105992836781172,0.12809250617811072,0.22635347537528838,0.128470216892336,0.22709817108071395,0.12879645905280412,0.22853490965714462,0.12924000290348828,0.22427901074570006,0.12777960475321481,0.22666750960532542
2023-03-29,-0.043496239804468546,0.11796238471447036,0.2096836077617314,0.11831267376165065,0.21038644126692257,0.11862270958638234,0.21178551252506528,0.11899097820883378,0.2078057472580697,0.11822186205667604,0.21095739164374958
2023-03-30,-0.005243850506011036,0.11132314770167112,0.19727257216296595,0.11166746251426542,0.19796715984297972,0.11194803769644686,0.19927455632952956,0.1122489333167898,0.19557402884494773,0.11105473899336646,0.1975702971503878
2023-03-31,-0.016967533256703315,0.10284614802690496,0.18423898894259655,0.10319877765931298,0.18495708177952352,0.10343771690061025,0.18614067172370333,0.1037662174402222,0.182227425048903,0.10357985021911023,0.18621263285716325
2023-04-03,-0.008053734807096714,0.09822752742210934,0.17543971240333886,0.0985377948372577,0.17603419587977082,0.09879513165146257,0.1772477859703553,0.09911286220188265,0.17359216583645423,0.09827641927893899,0.17623493820746097
2023-04-04,0.023969190112996187,0.09312053168952039,0.1668831900449775,0.09341738252994668,0.16745216801609947,0.09364543200272259,0.16856473800723004,0.09385080329579605,0.16537697009000335,0.09315707465820018,0.16755465923240526
2023-04-05,0.004201686853699977,0.09660107919573141,0.17474887106373868,0.09692843987091575,0.1753779358737518,0.09714076214868211,0.17643244695949384,0.09744121982319502,0.1731983309035741,0.09593378597393538,0.17417102281033678
2023-04-06,-0.03629000140520049,0.09629755894244585,0.1732781538454477,0.09657373598879565,0.1737999748750757,0.09678662026761715,0.17483171347200188,0.09716722347059571,0.1716468331775841,0.09623006918839368,0.17377599347858513
2023-04-10,0.030508119331982917,0.09383099113760102,0.16699284095146683,0.09403786811397427,0.16735315140584014,0.09434658800026823,0.16844014323438153,0.09474875675418866,0.16525258442785906,0.09290719731112466,0.16590804906679935
2023-04-11,0.006829551105661417,0.09675859916164399,0.17592217227106585,0.0970559376801204,0.17633517251504885,0.09739634122198479,0.17742787042256164,0.09775431885117981,0.17471162279882474,0.09631969728655237,0.17560810945808566
2023-04-12,-0.000523697314927982,0.09734995712875236,0.1757721211499,0.0976451785928512,0.17618638809839285,0.0979379434821949,0.17712186662597293,0.09833922087493158,0.17409528026300755,0.09774080947186241,0.17679681135913106
2023-04-13,-0.06996618043961672,0.09417284023119889,0.16972804883911063,0.09450660851879586,0.17028065244411117,0.09469116752592993,0.1709414074742108,0.09505253427428896,0.167680018360007,0.09454999793854066,0.17070592317989444
2023-04-14,-0.04187592049169022,0.09425100532688387,0.16680276148193804,0.09475310227676534,0.16770870338215732,0.09490589191127617,0.16831675353832642,0.09532781189662108,0.16574074690628,0.09216961938530543,0.163165111489148
2023-04-17,-0.007054702979890038,0.08869641183755358,0.15950748277730217,0.08909134744808749,0.1600063143914098,0.08940332545199312,0.16075630396668852,0.08969390683565695,0.15956324799394503,0.08868254703420426,0.15924018534704532
2023-04-18,-0.007104825623744683,0.08272231145863372,0.15061002801855186,0.08312945177849602,0.15115962592997664,0.08338442363589199,0.15179153847879406,0.08362509951063114,0.15083825357201466,0.08398038372336365,0.1526643201079701
2023-04-19,-0.02222981295379072,0.07940228098691429,0.1444549646512411,0.07987190558119593,0.1451655323453437,0.08001500841552298,0.14540808586637544,0.08023479293585213,0.1446915922296801,0.08039868493830216,0.1459518768288227
2023-04-20,0.042230479660460396,0.07775913225685742,0.14048285600126795,0.07823749482076581,0.14126032871534,0.07832981696602953,0.14126919619396713,0.07858334888422037,0.14034919625062894,0.07782949055410177,0.14028424695836963
2023-04-21,-0.023572099074266828,0.08792246762464996,0.16273732709134997,0.0886759647245023,0.16388860370748579,0.08866930755843658,0.1637705681128988,0.08910325539783633,0.16287922915436603,0.08729635719014311,0.1612860874785188
2023-04-24,0.007130154984591269,0.08815333581636528,0.159447464376736,0.08857898204364503,0.16017388069609242,0.0886917499641092,0.16029666624344588,0.08903487632843582,0.15947746624935744,0.08955079502011964,0.16175728354506025
2023-04-25,0.10500521275836998,0.08572605862102303,0.15651565158132827,0.08628111097977437,0.15734781695120892,0.08637733403699839,0.15734938086686978,0.0867091075690122,0.1566004379929797,0.08728195382709016,0.15890407302984128
2023-04-26,0.00425532557013827,0.12331490217886847,0.22787743860017495,0.12408416315420746,0.2291524618028506,0.12428456465090693,0.22984866504787635,0.1247072415354276,0.2276618807570704,0.11897974589227786,0.2199124058330463
2023-04-27,-0.10100577447362,0.1248744882842912,0.2256347204018022,0.1255292172849487,0.22665529148976346,0.12580045266526904,0.22749202065007798,0.12613281464463605,0.22583687366479857,0.13025009988933206,0.2349762300712997
2023-04-28,-0.07623317925686887,0.12190390927015597,0.21508188063644731,0.12259197557079071,0.21624005474549313,0.12275487777429847,0.21686845437961239,0.12312069697030718,0.2149916856028651,0.12204843824724473,0.21491137990168416
2023-05-01,0.01883294833309196,0.11181858102960156,0.19851141110835563,0.11242146832490811,0.19957942712830667,0.11259166265903545,0.2001030994460613,0.11302233440201861,0.19802823849066967,0.11330509508996377,0.2010503831774747
2023-05-02,0.1004979663349383,0.10605592544841251,0.19272897686189264,0.10665921276947836,0.19379423442259525,0.10684903006957493,0.19423982210689852,0.10731167780546075,0.19198232921312247,0.11083805936950764,0.2012102656842728
2023-05-03,0.031010236742560218,0.13627956814699713,0.2498884523802887,0.1369521945116302,0.2510267331871394,0.1372502031675843,0.2519855143575602,0.13779438705597943,0.24781329150424425,0.13521312183653333,0.24809862937055782
2023-05-04,0.09113771199852436,0.14316948891777137,0.2587903700524092,0.14373095804993355,0.2597843506223356,0.14413091999923572,0.2609322427865069,0.14458299242527578,0.25683734669950087,0.14852518393348202,0.26842429642890797
2023-05-05,-0.15589435943208504,0.16304184500194016,0.2965607352610526,0.1639003632517661,0.29786962341455914,0.16426767486259003,0.29912279803290237,0.164648486200141,0.2956534757681187,0.16464394839703383,0.2999842723837775
2023-05-08,-0.012291638511556624,0.15793703715524196,0.27655894635002853,0.15903079509266144,0.27821777815415255,0.15922351692819878,0.2790056499952683,0.15959301922530517,0.2755150752592165,0.15829941997657584,0.27714821397772593
2023-05-09,0.042093270911541,0.1370751488535939,0.24589899687688674,0.13773334785066982,0.24698671924720333,0.13794861799642263,0.247775598354787,0.13838627034189663,0.2447593463658479,0.14268800201256127,0.2561655156403667
2023-05-10,-0.04445176257083381,0.13913324394302787,0.25202598659048886,0.13997535776512693,0.2533785347624346,0.14024206592659585,0.2540585449854019,0.14082636054998687,0.250448499130794,0.14173273722505428,0.25718307362951853
2023-05-11,-0.0005904930788644328,0.13186619899041424,0.23538971254799587,0.1326881426130112,0.23667487932694306,0.13294035942010676,0.23742581923152514,0.1334751016593988,0.23392430423211433,0.13392873377289585,0.23932956346183784
2023-05-12,0.005889298529552946,0.12060643543186904,0.21756865918047846,0.12135028914236579,0.21863337576726155,0.12166137800583553,0.21953200527090225,0.12207241894555645,0.21680625358305616,0.1232656255741024,0.22235816546801096
2023-05-15,0.00527087603899908,0.11536602338132342,0.2086820171180916,0.11608354350549854,0.20975099601520295,0.11631028774120417,0.21034110640636125,0.11672499364547298,0.20807005225111838,0.11620623183873059,0.21030949372344548
2023-05-16,0.04956867724884546,0.11127652195065917,0.2013892128551439,0.11191636660073201,0.2023406786185973,0.11216516105454766,0.203003012272082,0.11258877198451789,0.20062468473846615,0.11126571114749288,0.2015308958461443
2023-05-17,-0.06427915140456468,0.1214899353647394,0.22160782653933267,0.12221531735773546,0.22262146102024133,0.12255547169031596,0.22353972755874282,0.12306415823966846,0.22056266793336946,0.11943070177776009,0.2181725650296022
2023-05-18,-0.049828046981852114,0.11874690725219178,0.21135584041769093,0.11923694097945438,0.21208219109626025,0.11958179880358451,0.21293063345268884,0.12004397374075834,0.21022930651426497,0.11714877424993932,0.20868601141557513
2023-05-19,0.046265097844499205,0.10987457849675783,0.19620296413467864,0.11015435115785036,0.19659981766436221,0.11059022013376138,0.1976725086043873,0.11100294133970418,0.19503616346799924,0.10877055727743758,0.19451567583321297
2023-05-22,0.023516662802923874,0.11522575631525454,0.2101472798299696,0.1155188802396145,0.21054801148682617,0.11605318523159375,0.2117548118441858,0.11649737083839122,0.2088581861073471,0.11492245549658717,0.2099024728197658
2023-05-23,0.0739004300738204,0.11950818625105716,0.21675573785648777,0.1197494669117504,0.21705801264829894,0.12039340080873076,0.21843606092850468,0.12081663310780152,0.21552764066265437,0.12056519827242637,0.2188258195011842
2023-05-24,0.07784010938045849,0.1374991421061765,0.2510516075592403,0.13780408843327266,0.2515070983850737,0.13858665617042007,0.2532556582903171,0.13906938398905674,0.24983970633262662,0.1365750432723566,0.24974558398218474
2023-05-25,-0.04545076365291869,0.15670678104221977,0.28554148520513395,0.15734118197171756,0.28641897266638705,0.15830318802090956,0.28867477427720467,0.15890258087681144,0.2843082415983102,0.15792582514205494,0.288056002339833
2023-05-26,-0.06419027109052033,0.14849947123282664,0.26558421281534894,0.14907946561045604,0.2662954571384485,0.14999619951213242,0.2683330778002895,0.1504803631242556,0.2647252766693016,0.15185657895369442,0.2715421324056113
2023-05-29,-0.02767756452283163,0.1363801549576794,0.24300747414099028,0.13695724382779886,0.24402208724816282,0.13749216195358302,0.2452153435230767,0.13791751557455542,0.24205815233916314,0.13731512486249703,0.24482980473402885
2023-05-30,0.0,0.12420785733291062,0.2229091745667727,0.12478898571832822,0.22397588397924617,0.12523309096573107,0.22500418081353238,0.12567196173156395,0.22183964143134524,0.12584903535475622,0.2261479882698181
2023-05-31,0.027120306219194035,0.11560268157610018,0.20870601028844085,0.11609542641472917,0.20962279925736893,0.11654501728848406,0.21065134971450575,0.11696539467254757,0.20763827352217398,0.11740092349698776,0.21223485623055224
2023-06-01,-0.1365619396444879,0.11773315350877807,0.2137261089170622,0.11832360437742509,0.2148271925974311,0.11869468226627207,0.21567354538611866,0.11916182378895558,0.2124871240810636,0.11766526094837629,0.21390549286948338
2023-06-02,-0.06944938827187157,0.11532416177331721,0.20208205339975305,0.11565679353421844,0.20263167145132827,0.11622167268631073,0.20390612810829808,0.11661583633635669,0.20102911678411534,0.11194495006394076,0.19615084350307188
2023-06-05,0.008864701760248249,0.10307366631074473,0.1834833826655524,0.10357045754493951,0.18443468506274793,0.10388337008505116,0.1852494141848852,0.10426656617233766,0.18244665335505109,0.1027250573293153,0.18318052338791918
2023-06-06,-0.053690133140312506,0.09720894826017394,0.1761061641658077,0.09747551773656235,0.1767497471921454,0.09774807783110673,0.17738071057638688,0.09813064185350236,0.17472758463004653,0.09935256184627,0.18018844879027088
2023-06-07,-0.0014336920018486968,0.09444284735145413,0.1685231636652524,0.09466441427592312,0.16907302049513995,0.09492623240651443,0.16964660163751458,0.0953234089804359,0.16715686641005278,0.09464536847586855,0.16907070212811573
2023-06-08,-0.021022883701409038,0.08809129423750794,0.15936240802175447,0.0882346795524159,0.15979410280264586,0.0884759991360528,0.16023991043354463,0.08885511803281859,0.15803886648798962,0.09000893718239458,0.16293251762657962
2023-06-09,0.013100624045698056,0.08555879288411976,0.15399024372337972,0.08565479637129245,0.15433778811187213,0.08587692884391078,0.15465135795603982,0.08627896279372983,0.15264559282090612,0.0862447928708077,0.15524643268686092
2023-06-12,0.0818764999687037,0.08634202172100994,0.15688384387676046,0.08638756308682347,0.1571573033293594,0.08661426757400903,0.1574114113675962,0.08704502618621766,0.15550029380881022,0.08697425334182236,0.15801955806937962
2023-06-13,-0.02701041988276246,0.11432263551157824,0.20930679320209933,0.1144642831978722,0.20969362792619198,0.11489780495970893,0.21087565934541236,0.11542201021520243,0.20708941746800938,0.11250534557565268,0.20627776042922275
2023-06-14,-0.05125727068394961,0.11277716016694589,0.20159884598623232,0.1129001382973834,0.20197625802998975,0.11326478129301053,0.20296140233841165,0.11369506796598511,0.19963175761226723,0.11537393869842306,0.20655816576389108
2023-06-15,0.04369969434787028,0.10608607848639118,0.18865665012230237,0.10617031991703663,0.188949102825019,0.10654583049235457,0.18997607201809083,0.10695931045693183,0.18691137456906606,0.10685858720049443,0.1904783915141225
2023-06-16,-0.06850038194239982,0.11115975902840759,0.20216041196161907,0.1111851972849065,0.2023074595599014,0.1117680341310662,0.20365985398183453,0.11214728052222737,0.20061254736658524,0.11246118106416508,0.20489908155250472
2023-06-19,0.04688922368782249,0.10885511893021603,0.19288918683071823,0.10893896301542735,0.19311961314676956,0.10948477968056851,0.19420221049414568,0.1098013195563062,0.19158460281265982,0.10970249895007247,0.19466886225492416
2023-06-20,-0.022088536093292723,0.11266575390487715,0.20536126057782453,0.11290348625748718,0.20574116164111345,0.11346646086792406,0.20675209783722026,0.11378158272985096,0.20404929461148424,0.11457892143296032,0.20891179342008015
2023-06-21,-0.05023212548633336,0.11024266712392036,0.19748449191949596,0.11013815920831464,0.19746255736243915,0.11060670761043732,0.19829986695836654,0.11082759043636063,0.19592401159693482,0.11253448029124417,0.20179763350170607
2023-06-22,-0.02221462473377393,0.10433660629858174,0.18564346151228847,0.10424738728006969,0.18563714428768643,0.10469604011010343,0.18642780724492128,0.10488517588155354,0.1842285375235678,0.10506517610489459,0.18709656326625002
2023-06-23,0.04023313023645233,0.09718725271097062,0.17426364823484852,0.09710978196381648,0.17428590410815936,0.09750075113313425,0.1749425434579967,0.09765906093941863,0.17299811213721536,0.09846773739326757,0.17664260336947485
2023-06-26,0.058521571619656106,0.10411065404590022,0.18967263362567718,0.10417080029980628,0.18998794031237337,0.104547501154346,0.19052424535734996,0.10469023385650526,0.18837958265971536,0.10482239503951125,0.19098156771063352
2023-06-27,-0.0364456199204562,0.12062709964977929,0.21992300180072155,0.12096608141158492,0.22071674045546819,0.12145806503203435,0.22153708709693581,0.12164110456097058,0.21891265638390603,0.12163214837801052,0.22184453345580096
2023-06-28,-0.022820276259057148,0.11743523209905822,0.20975056268654316,0.11779601228767947,0.21059447531756562,0.11812414379619775,0.2110412449140102,0.11833438277395933,0.2083494342610493,0.11944458730490498,0.21327311842368923
2023-06-29,0.008157256948982694,0.10940818881971508,0.19610176333016743,0.10964204152654852,0.19669130224615514,0.10992896294167907,0.1970416550738663,0.10993685047515449,0.19541880194460742,0.11081840872412858,0.1984724630155292
2023-06-30,0.0036859606789235557,0.10555265560728914,0.19077252631678615,0.10579068794631588,0.19131136154611586,0.10609120466389944,0.1916921254128886,0.10615362291318237,0.19036130244533653,0.10678125503675749,0.1927267481311475
2023-07-03,-0.0014727543162745406,0.1034923006010657,0.1869240285081218,0.10373736561607583,0.18745806797511122,0.10403219419795215,0.18783424809444704,0.10410231796676932,0.18665485781888086,0.1044357684958781,0.1882718920301636
2023-07-04,0.0095343589873013,0.09993717936721377,0.18042808545332129,0.10016427486533194,0.1809029159613373,0.10051746251248125,0.18186319347472932,0.10061751478538175,0.18030179891313874,0.10075409035710252,0.18223481079123782
2023-07-05,0.03443668826990234,0.09900503416528673,0.17941139407337311,0.09929621048058954,0.17998858744510918,0.09965596707747995,0.18092018338580268,0.09978085465964277,0.17929040348110958,0.09954003910005481,0.18063162181720951
2023-07-06,0.08512902349264875,0.10589024106405188,0.19290292454233376,0.10618809008411514,0.19354337639207572,0.10653144357818542,0.19442232800271303,0.10669919249422684,0.19262676973629703,0.10601477286942766,0.19340059631208997
2023-07-07,-0.0403093884467893,0.13006769946714136,0.23828482617180619,0.13049805497512978,0.23920229595507045,0.13084493639248307,0.23974044617106066,0.13089749600403291,0.23759820709745103,0.12996352967658192,0.2378587257132467
2023-07-10,0.016053856488563476,0.12803351340450772,0.22854475279243175,0.12822521808520063,0.2291199943016592,0.12855219948352956,0.22983782845988696,0.12857456761469896,0.22762146557781013,0.12901577613774648,0.23019187285735454
2023-07-11,-0.015379774899169734,0.12199371518392611,0.22049430419198338,0.12209667054649964,0.22092061270640392,0.12241318134579418,0.22152098571163198,0.12261303985334981,0.2190856842552753,0.12276459224464403,0.22184291675379067
2023-07-12,-0.09167797025510549,0.11374574082508061,0.20511077473426578,0.11385986182953571,0.2053645615591405,0.11430592184519137,0.20613697389171076,0.11480854894654632,0.2041097319384994,0.1145159250026702,0.20607935985937614
2023-07-13,0.005156549179245798,0.11077736671148873,0.19596768621461116,0.1110586973881245,0.1965694781836797,0.11139552980231734,0.19691576875154912,0.11167654676250587,0.1954368245831933,0.10975357384650163,0.19393370437319102
2023-07-14,-0.02003777617589701,0.10062324850281883,0.1823997458289164,0.10081409882348803,0.18285211966537443,0.1011227705540819,0.18307157453408074,0.10145908568933942,0.18123806465807363,0.10162899272937567,0.1839428108939562
2023-07-17,0.010440064996683422,0.09722038100687386,0.17501259284250154,0.09742178231866022,0.17549205527633116,0.09768744368510936,0.17563229413157366,0.09805328851942399,0.17330809034613143,0.09755616490420077,0.17539594774841988
2023-07-18,-0.013443070256452855,0.0953732575992649,0.17327349650535884,0.09553100619885534,0.1736886885400715,0.09578186014960893,0.17370107790911007,0.09608814854520094,0.17185381483584986,0.09561157704447332,0.1734321928306425
2023-07-19,0.03400179727748938,0.09223132358554167,0.1671586395897253,0.09248986943061975,0.16778949541559304,0.09265259661732639,0.16760019078357305,0.09296129618200473,0.1668285218269838,0.09239325239513169,0.1670099253205214
2023-07-20,0.01657695617219218,0.09866367054773746,0.18092371700026572,0.09904501624635706,0.18161551525708075,0.09942681341291497,0.1822151847791177,0.09987387953490233,0.17994107901859097,0.09827860187919368,0.17976678138869823
2023-07-21,-0.028272995935383502,0.10072306736201167,0.18504320081721828,0.10152970453819751,0.18646298725093108,0.10169908849745639,0.1865117434830691,0.10209075081584362,0.18524704720984075,0.10130587892614909,0.18537227558391112
2023-07-24,0.022538213193345355,0.09785648485819372,0.17760133799516445,0.09854385083787646,0.1788463870835725,0.09874274039733702,0.17899618343042348,0.099027119684663,0.17793302993214966,0.0981880604549044,0.17732554548835772
2023-07-25,-0.003601012173594454,0.09926593111782124,0.18217134034804278,0.09982138568653395,0.18324504831945818,0.10010740689266825,0.18389441453195196,0.10039903311867046,0.18208789223138433,0.09955104093938885,0.18218503887176485
2023-07-26,-0.049548027032533956,0.09648749251096937,0.17577018257960997,0.09689187372499074,0.17663755082928476,0.09716045041347356,0.17727507731704165,0.09750925256646022,0.17509618847195654,0.09714181116764575,0.17660105299835827
2023-07-27,0.0884634432822076,0.0936017360203733,0.1684307551519167,0.09402910721734077,0.16932200383015075,0.09426171820985169,0.16981218494387837,0.09457977774200871,0.1679317310813378,0.0929312498665475,0.16681271801141537
2023-07-28,-0.07790527582081341,0.11574124407426399,0.2141477060228067,0.11616991330971502,0.21495594515650535,0.11658644955308428,0.2155477621099532,0.11720794746283765,0.21213692782920812,0.11530360048695705,0.21291789264609778
2023-07-31,0.02225611151782399,0.1162821968322414,0.20703476475547775,0.11669184872232265,0.20783795364305335,0.1170283914676957,0.20822255603929435,0.11755507342748472,0.2054068910508089,0.11719529571354041,0.20830364958244688
2023-08-01,0.021771542083272966,0.11029089756413427,0.20183457088971696,0.11090870812637198,0.20313537866968748,0.11110182868792448,0.20343249556505202,0.11149859712573934,0.20044776231042313,0.1122384019878729,0.20502451974725633
2023-08-02,0.14415317321257748,0.11274074586283006,0.20618299064695195,0.11333475887901912,0.20740611111234705,0.11356657776502738,0.2078624865716534,0.11395819175020633,0.20476176007323507,0.11421975295668758,0.20855955024751568
2023-08-03,-0.010621780588054892,0.15841322930684498,0.29342184415055544,0.1594669730894019,0.2954283622989584,0.1598362086585948,0.2958175442597856,0.16044124805740573,0.2918403564535554,0.15719435109385002,0.2910570341561416
2023-08-04,0.07150228309237722,0.1532956543568076,0.27652608183974686,0.15392956792361545,0.27778431492212036,0.15438769403512587,0.2784528016761421,0.1550610826942793,0.27422278403001876,0.15760960918237152,0.2840041043248423
2023-08-07,-0.0809690625336672,0.160874388975283,0.2940094005532685,0.16142568166940183,0.2951579617645848,0.1619386921239654,0.295879366367117,0.16281193955927556,0.2907036676914917,0.16205475416102433,0.2958332604371773
2023-08-08,0.013854125870915812,0.15341537400457433,0.27320655132944976,0.1540291707036497,0.2744390033792504,0.15445836837738106,0.27502273750810924,0.15511213679368413,0.2708123864582672,0.15437188937070676,0.2746942657161828
2023-08-09,-0.0018779348242000977,0.13957577707132043,0.253152989325501,0.14022003278652392,0.25444690512754353,0.1405762470683688,0.254887706590146,0.14097271843322978,0.25180840844908486,0.14145216731652735,0.2563788673916929
2023-08-10,-0.006916091698373156,0.1311337809219468,0.23725018001715464,0.13165066065155576,0.23829624246877731,0.13203336114477865,0.23879547971761172,0.1325024686352849,0.23562252010322546,0.13232209250956747,0.23924705834384227
2023-08-11,-0.0658432625840552,0.12235345317422207,0.22129326129099977,0.1228202557900212,0.22232193321506546,0.12305932194889682,0.22238595781749296,0.12356093452142464,0.21959584964124226,0.12260669767376875,0.2215576277300293
2023-08-14,-0.0013486178712935292,0.11686895508589995,0.20834726866681932,0.117233162043781,0.20924741775331154,0.11738640346381424,0.20908243444726743,0.11795687926972102,0.20636758747698042,0.11547371630063148,0.20565206891721632
2023-08-15,0.10495557538098287,0.10604440093957726,0.19248912651695035,0.10642529291002084,0.1933737073383703,0.10657967928931102,0.19319703780824027,0.10708821313253714,0.19099645115471311,0.10589369670097476,0.19200834127177288
2023-08-16,0.019254505790136305,0.1346161477976615,0.24845921688145012,0.13467420110080486,0.24863231471806227,0.13537690285948484,0.2501052734514453,0.1360406512602511,0.24521947557254414,0.1322806967052582,0.24454519348338177
2023-08-17,0.06405419648156757,0.13907754175048306,0.25224315400189096,0.13915048626499008,0.2524190094167987,0.13996720644909058,0.2538982444149727,0.1402997281094704,0.25053185744007067,0.14042012846050836,0.25466697126154564
2023-08-18,-0.03353539601689448,0.14845939628903296,0.27158116045927705,0.1489832202114133,0.2726116553649246,0.1495226292371668,0.2733279316314168,0.14994598236924842,0.2698102310510786,0.14882461271620956,0.2720151672023897
2023-08-21,-0.009875189167704858,0.14186111200910873,0.25500209278027475,0.14235939365777742,0.2558835974131311,0.14283498340938658,0.25643265117401076,0.14325426125970808,0.2535905914962598,0.14296595718838695,0.25659815111433465
2023-08-22,-0.009384233089893593,0.13023098215117004,0.23525287105258097,0.13073926926900672,0.23620225632099817,0.13115114491273308,0.2367015158074577,0.13146845612450153,0.2338519616752167,0.1310331508576796,0.23646379266586784
2023-08-23,-0.06010913890800619,0.12115330823178758,0.21923530010322598,0.12163977158668363,0.22012674545954206,0.1219997746021563,0.22041458086071003,0.12239459983083881,0.21810603827626596,0.12137907868623354,0.2192832605203838
2023-08-24,0.07357144348127877,0.11526671164729096,0.20630863135735936,0.11569592371900216,0.2070536014158723,0.11607097388480897,0.20748709976234322,0.11651276090561877,0.20530497276166101,0.11421036938989863,0.20451413978029365
2023-08-25,-0.09252336889714552,0.12541745723436312,0.23134131238885822,0.12535060123951333,0.23123096180551514,0.1264694122376729,0.23469557749811581,0.12681115322989223,0.2301469531371309,0.12516177899217779,0.23181426981252848
2023-08-28,-0.03901665234245173,0.125666913473967,0.22279804477113543,0.12595049968456704,0.22340560440056526,0.12653257303348558,0.22564488807852537,0.12684294406627628,0.2216804083537088,0.12564127692764598,0.22368637319806065
2023-08-29,-0.04267494802136891,0.11323436392641252,0.20375417477395733,0.1136119673291434,0.20445583194948308,0.11417208722763361,0.20643529464203805,0.11449897485284234,0.20259005295679589,0.11403779047409236,0.20585478240357982
2023-08-30,-0.04024545947978266,0.10619473660401313,0.19112734042893678,0.10651009186496438,0.1918119356161234,0.10695737923904482,0.19332465227247064,0.10757176474369384,0.18986356970025486,0.10672047643052457,0.19237914217270063
2023-08-31,-0.022587481231880674,0.09930751238395714,0.17929351672664776,0.09996949799116459,0.18047231496427474,0.10035261258825762,0.18243044584652066,0.10083870604680543,0.17830193143958875,0.10016158828786265,0.18187528164729228
2023-09-01,-0.03601289392496924,0.09337468077201373,0.1695337409036263,0.09386646103399132,0.17046418296026997,0.09425550663923761,0.17229742534833467,0.09457344173579074,0.1689236395120818,0.09431238296342183,0.17218071933076481
2023-09-04,0.05426823841771534,0.08977219580922556,0.1623417013194128,0.09028719970735664,0.16332293812121074,0.09059926001378248,0.16503299760057014,0.09101894860354429,0.1614607824613645,0.0904059026072304,0.16448051437686023
2023-09-05,0.013654542009391774,0.10043663196812817,0.18601685948144098,0.10080495154464506,0.18664314771803273,0.10151587022690607,0.1893492858568473,0.10183523194568603,0.18572690143585505,0.10124369921163956,0.18863578214914614
2023-09-06,0.030923054209525402,0.10441653590416697,0.19132383239412898,0.10501725047602126,0.19240333321769676,0.10553913182911608,0.1947311194420268,0.10597780590332521,0.19039471298002922,0.10627855794055167,0.1958101458184483
2023-09-07,-0.0034662079764861725,0.10939583133534184,0.20183426672338867,0.11003601918008064,0.20297258159855844,0.11064729556621526,0.20567070611681224,0.1112599727984807,0.20164592244487575,0.11101499477006976,0.20671697151959684
2023-09-08,-0.039665256392431514,0.10594326015055305,0.1936343504414854,0.10644258455759806,0.19461694823104655,0.10700406443850156,0.19707444220066236,0.10745337615209978,0.19363657294221392,0.1076378796959013,0.19851305778272274
2023-09-11,-0.0028943580263644146,0.10193327433387309,0.1844832228149697,0.10233947150822816,0.1853069764294496,0.1028766877172025,0.18754347223653267,0.10330836330733975,0.18425442597242633,0.10280329969953302,0.18761049219340414
2023-09-12,0.030683819938602,0.09502650252215407,0.1738761182245761,0.0954257586532331,0.17468992141418804,0.0959372039034437,0.17686968234621098,0.09629088203690564,0.1739335619609979,0.09612303122231261,0.17741834956851915
2023-09-13,-0.05414530661760005,0.09877316908503136,0.18361460490676007,0.09945429726312521,0.18459558881896157,0.1001263108853499,0.18726875818475072,0.10061933714383939,0.18414597715626219,0.10004258467701507,0.18719757270771215
2023-09-14,-0.050200653991636965,0.09849063536430526,0.17858443764996956,0.09891810106587791,0.17933361215368568,0.09953823285440051,0.1816761862598732,0.0999757363543993,0.1788464125721799,0.09946138297129421,0.18156659991475038
2023-09-15,0.07293724031268635,0.09285912522599128,0.16849158945025514,0.09333549217266707,0.16926184151594106,0.09390393408596646,0.1713217389055937,0.0943109456134586,0.16871720721642064,0.09381496846574086,0.1712192679812683
2023-09-18,0.015113637810048325,0.10781697541691962,0.20123235983430948,0.10844715013701815,0.20224053453055824,0.1090806091604008,0.20449694111259084,0.10935561348779542,0.20190933963317192,0.10899956802118735,0.2045519906513338
2023-09-19,0.007826436249463949,0.11220239130899408,0.20626608157862744,0.1126625892922899,0.2069268282424658,0.11343173294802046,0.20924598069515826,0.11367426576405769,0.20706675070313005,0.11400616376382178,0.2106226251570262
2023-09-20,0.07045648214458013,0.10965150938895539,0.20156065070496487,0.11032253267385586,0.2024323345248686,0.11101062160116537,0.20444442532109552,0.11128830112454174,0.20246407382375278,0.11131911784823666,0.20520043782152897
2023-09-21,0.14714373893473426,0.12458857230378056,0.23150941053911872,0.12511808668545224,0.23236971180645877,0.12589813054545063,0.23490581672235955,0.12621064589624478,0.2326056749175405,0.12579626649125022,0.235125442870816
2023-09-22,-0.019574603124629636,0.16881298710504872,0.31409779229411916,0.16958232145285124,0.3155017087285163,0.1705855025952185,0.3196555423260254,0.171149816339042,0.3145249535718822,0.1702766265798335,0.31892088945689767
2023-09-25,-0.0175957618903796,0.16267485963843864,0.2943594733397399,0.16341378535370768,0.29572413086904903,0.16427797303068256,0.2993695419038022,0.164740600087705,0.29478197020444424,0.16586375603010628,0.30202261882094655
2023-09-26,0.11396246582890447,0.1483100255329723,0.2687825296063828,0.14902484722359263,0.27000474209007735,0.1498677641638231,0.2734277822261165,0.15032963663803656,0.2693190074076418,0.15037308040071243,0.2743019505473101
2023-09-27,-0.03875619592612001,0.16785256589306768,0.31004615212428804,0.16839273312484448,0.3109876254524422,0.16949167320296255,0.31489250069495794,0.16978864483452824,0.31072509472015514,0.16895640736271308,0.31353741733254403
2023-09-28,-0.04950392047941636,0.16123080486790442,0.29030231138110624,0.1617254827729072,0.29115749677741554,0.16272371012515993,0.29472282551576634,0.16305217040210823,0.29095474753311346,0.16332187226204298,0.295383181059942
2023-09-29,0.010327114155849524,0.14758112629953593,0.2653231322134281,0.14801459707590742,0.2660648429639631,0.14893176656052787,0.26919659804451307,0.14932002443062453,0.2659260421674613,0.14883161343064175,0.2686940785610472
2023-10-02,0.005123836999869466,0.13585547328557024,0.24744785361000235,0.13634848656737264,0.24827620270127007,0.13716565799970218,0.2511720440611213,0.13761773385717058,0.2478785895439824,0.13721640873519858,0.250940799790598
2023-10-03,0.11620440368645146,0.12904002711521026,0.23491247307841154,0.12953109804135593,0.23573564978995268,0.13028947257726695,0.23821309947737704,0.13070738140198152,0.2353436993424391,0.13008360530119578,0.23757724447556788
2023-10-04,-0.06258559280887373,0.15570802134882844,0.2876706768629826,0.15604318282422386,0.28811581442580747,0.15721815462593391,0.29113337411262674,0.15766890285367993,0.2879071832982109,0.15611536997981085,0.28916237341478906
2023-10-05,-0.004855687986659007,0.15198007949846948,0.2720515485317442,0.15218019158893725,0.2723080971059992,0.15346460854422417,0.2767015966265835,0.15376462168860974,0.2722886989354925,0.1532018001297642,0.2758409328583756
2023-10-06,-0.05789039675059722,0.13711065356335764,0.24845099659426662,0.13756714988747304,0.24924080453549002,0.13846672454591058,0.2525859366428643,0.1387083195789033,0.2485080852930217,0.1384647739648663,0.2522184467511896
2023-10-09,0.01422499093134726,0.12901227174586788,0.231533674840759,0.1295345981307648,0.23238327140006723,0.13034382119654261,0.235215467468328,0.13056172905961,0.2318816769077269,0.1294233422054003,0.23319103462134388
2023-10-10,-0.038588144905186424,0.12087783631991422,0.2203671418628878,0.12136493201895243,0.22112879917618994,0.12219844493944022,0.22385961963864293,0.12247960365909316,0.22051325102049316,0.12170928168964579,0.22256701786369526
2023-10-11,-0.056778533670305185,0.11567088140912132,0.20842524028542883,0.11601921140188212,0.2090306918792537,0.11678279138387518,0.2115095116561595,0.11708905220157108,0.20828193182259425,0.11573250416229286,0.20921220752551148
2023-10-12,0.036611776669451875,0.10896297538476542,0.1956653553106349,0.1093499360431468,0.196288084194867,0.11007559344431256,0.1986069048703335,0.1103573751537288,0.1956998862585755,0.10868849368568176,0.19572745476434292
2023-10-13,0.14633109111062817,0.1100664179764244,0.20196497313649636,0.11044080485929265,0.20259451086229266,0.11119941524340264,0.20502457595199633,0.11154151732506316,0.20182672552528247,0.11047230009292099,0.20331232255207343
2023-10-16,-0.11565021856092388,0.15537918458206953,0.2878965900165927,0.15654004752463765,0.28948206712121544,0.15759019509387623,0.2926833684807888,0.1582235582759849,0.287801044784738,0.1558516852956591,0.2895790428882021
2023-10-17,0.03819215952191995,0.15449955814560346,0.27409831428846443,0.15544426576277154,0.27551763638323773,0.15632964723536757,0.2782352728881408,0.15679501044760671,0.2741435051822246,0.15660532805193816,0.27871519940505407
2023-10-18,0.07226863379677836,0.14475288644779372,0.2637025675117636,0.14556941919639005,0.26488801181875177,0.1465317896147743,0.2678214891076426,0.14718735963080576,0.2629441559000562,0.1474131504862757,0.26940826453152333
2023-10-19,0.10743951848565934,0.15690337213414063,0.2870688483553705,0.15789623489848134,0.28852037937583275,0.15891090645702102,0.29166963892557907,0.15955301140157072,0.2866076301931334,0.15913789570929432,0.292090114329352
2023-10-20,0.014382061862394739,0.1801787417702777,0.3297487802998381,0.180941834973985,0.3308350207782341,0.18211733805083552,0.3336040019406864,0.18280397291669395,0.32993798951722453,0.18207839847634152,0.333175506856019
2023-10-23,-0.06370975365148605,0.17443861204497174,0.3155056010869432,0.17526544600700067,0.316649531909164,0.17634956607350452,0.3191569355096951,0.17709574075937284,0.31568058474933935,0.17733345376887288,0.3206038397381008
2023-10-24,-0.0712044462917917,0.16139677292693963,0.2887482896224672,0.1622080478461495,0.28986837684679334,0.16318408172758228,0.2922327091849479,0.16380106777145415,0.2891653454742207,0.16323086577292967,0.2920401498423081
2023-10-25,0.06232864837782349,0.14703756276262644,0.26267958260417873,0.14777764369830765,0.26371330799316683,0.14866180454687813,0.2659058517452124,0.1491921739919479,0.2631206152322731,0.14830768401818736,0.26499363824275446
2023-10-26,0.02397961731548217,0.14873839675673023,0.27161910448194615,0.1494074701825805,0.27254561179805525,0.15047509704137388,0.2759732270869805,0.15116353430233637,0.27138841257132085,0.15029802529067943,0.27561761590266004
2023-10-27,0.02813057957191744,0.14825119196862058,0.26914139363083545,0.14898656442056027,0.2701281868334058,0.1500674798965225,0.2735702444385954,0.15069911251946919,0.2691788670998021,0.15024404180560677,0.27387071907969757
2023-10-30,-0.07414413786501495,0.14622583092069286,0.2658965960142957,0.1469837892465528,0.2668749631463135,0.14816563595944873,0.2703685958223079,0.1487590494359243,0.2660416431400188,0.14807797738400175,0.270179861898009
2023-10-31,-0.08503404666014028,0.13884352730285973,0.24814278135350942,0.13974673454591843,0.24943042915141436,0.14061628648140703,0.2520546336047549,0.14126830028807746,0.24759904987647782,0.1397804210443929,0.25053543346899365
2023-11-01,-0.07258254812911362,0.1276809004073618,0.22781076092002814,0.12856745076445814,0.22901206960010906,0.12933697588514687,0.23129235377641205,0.12990179729397994,0.22728591647778404,0.1281290663913886,0.22908503656966878
2023-11-02,-0.07442720599521997,0.11724474690678054,0.20988342134807716,0.11814070971740262,0.21110550045188045,0.11881532940600444,0.21310615646379247,0.11924073145785946,0.2098192246303367,0.11790105606928494,0.21143207728284788
2023-11-03,-0.04907756178600995,0.10967036242711321,0.19628454638617338,0.11051615918974927,0.19744580298756162,0.11114557113190658,0.19931090130377754,0.11157547878018198,0.19631988362840155,0.11048661062056647,0.19808540590222998
2023-11-06,-0.0013422820807294047,0.1014231432637021,0.18314609504401994,0.1022419735220631,0.18413033292581563,0.10298211665170572,0.18665095178221222,0.10314400059029014,0.1846001239279708,0.1028402066391204,0.1862790248661618
2023-11-07,-0.005387218416210156,0.09479989750169956,0.173213243135665,0.09556119723491557,0.17410758433779833,0.09624446657663309,0.17643240840172372,0.09633658616911527,0.1747729581649794,0.09645050238044398,0.17691681693586767
2023-11-08,-0.024608213721266342,0.0906742524051416,0.1654608010993514,0.09124197406487392,0.16606543831395018,0.09201920090882597,0.16866416711923116,0.09220862310740059,0.16639180699136105,0.09209580116896682,0.16875567737928315
2023-11-09,0.05650460538252977,0.08741701660375423,0.15870629267099975,0.08792467454466318,0.15929513234419063,0.0886196115339516,0.16159210415702965,0.08888515025267438,0.1591233072886827,0.08845089152841673,0.161106007761644
2023-11-10,-0.07607196623838183,0.10032122590530075,0.1853422845486825,0.10089538024366476,0.1860366483038823,0.1017318628953087,0.1889313082794779,0.10203743893261075,0.18587895843684335,0.10123149400536523,0.18776654253853006
2023-11-13,0.040793765469737425,0.09971610453847796,0.17884283382208643,0.10022175866631455,0.17934236085861816,0.10098161151816665,0.18146300987361497,0.10135674861176205,0.1795838066750411,0.10097641858954737,0.18145256360752682
2023-11-14,-0.041499730906752734,0.10231023278869916,0.18869430969520484,0.10290630411210751,0.18932055492911387,0.10375305701834783,0.19230882604098765,0.10413649280156187,0.189330104585205,0.1038650195839887,0.1926583488760777
2023-11-15,0.0014114328384078085,0.1009144483676538,0.18237405158946873,0.10138801537245819,0.1829260952623795,0.10218092528017918,0.18575136048874888,0.10252741480469053,0.18283968449119617,0.10237596968933163,0.1863051460253197
2023-11-16,0.0098246404285181,0.09506508738227172,0.1737821812333301,0.09534452279846076,0.17413036461875053,0.09616394558208233,0.17692923548488243,0.09642496280545826,0.1743081754173971,0.09656272939784719,0.17779502433593503
2023-11-17,-0.036988569369340536,0.09496450453907176,0.17402579097222862,0.09513477715189907,0.17430507446522192,0.09592794119401171,0.17699797172640522,0.09621083475244235,0.17436030830358715,0.09611152090655174,0.17737626465649498
2023-11-20,-0.028667894869571914,0.09300521317201697,0.16828418368869225,0.09343994896792239,0.16905518209913936,0.09395436089600788,0.1710898990346934,0.09420641887046421,0.16865150219772704,0.0939495866594526,0.1710798927742458
2023-11-21,-0.004484312447328687,0.08818872204479135,0.16012683421428528,0.08857228857012205,0.16074061010739166,0.08913498461915273,0.16293891173382036,0.08934511841151757,0.1604634370357817,0.0891524183079327,0.16292705993242532
2023-11-22,-0.038172573505029714,0.0835198635086281,0.15287375643792728,0.08384897729278311,0.1534121151396382,0.0843702399147703,0.1553717454935559,0.08454124789561696,0.1531552734840398,0.08455651173232802,0.1557969531025616
2023-11-23,-0.0038986404156571976,0.08199010704142089,0.14853246663324288,0.08229612306048105,0.1489764231860653,0.08282160343200287,0.15085143317469515,0.08293190665395203,0.14911446560550934,0.08270184947956484,0.1508494907738891
2023-11-24,-0.02692165756626433,0.07725410700394054,0.14180858982747224,0.07751554998893707,0.1421708237256501,0.07805044175113393,0.14396695924648129,0.07822743643059032,0.14222078828094756,0.07832784346774634,0.14478805712452897
2023-11-27,0.018290768366989018,0.07584432338723514,0.13818406935702698,0.07608839431231947,0.13852312794442825,0.07660456082763628,0.14024373880385435,0.07681341970126887,0.13867283019000154,0.0765401168506587,0.14049399581630034
2023-11-28,0.0,0.07768872159357504,0.14386964237060204,0.07791657699835883,0.14420870167674904,0.07850914744208044,0.14656385456317733,0.07876644039455567,0.14439433350792424,0.07857529898306084,0.14684276758476827
2023-11-29,0.022595429549647782,0.07795931559925841,0.14350414286293123,0.07812622887341872,0.14380454154019862,0.07876254019070118,0.1461092099078268,0.07907716788209908,0.14396729719039525,0.07923536932444379,0.14740045314415048
2023-11-30,-0.004633212921488143,0.08288874349692865,0.15345522101785009,0.08304481479154552,0.15375207027760623,0.08371528330700803,0.15625005408414114,0.08403278154892627,0.1539323322541912,0.08364988862907459,0.15654693068011208
2023-12-01,-0.022701561992055974,0.08167392641112152,0.1498133466121643,0.08184083147213758,0.15006813030370933,0.08246992386234533,0.1524919229780738,0.08266062967803288,0.15012408802552069,0.08282949499632394,0.15311772015298417
2023-12-04,0.0350094096666528,0.0793736064419448,0.14487007187766687,0.07955648068070505,0.14519193379018738,0.0801178617477191,0.14739073484912585,0.08032019118649503,0.14550657993491803,0.08007348578969592,0.1476601260290703
2023-12-05,-0.017740534687823863,0.08566378172235291,0.15945918248998714,0.08587473181076018,0.15977460417302597,0.08658299042844028,0.1623597201279451,0.08693647262872707,0.1601971871103445,0.08624842141803776,0.16220900092152893
2023-12-06,0.009295186987123677,0.0850738917985141,0.15565663012715064,0.0852407200977563,0.1559106638961377,0.08589298753991502,0.158215552667275,0.0862376322979539,0.1561884347858377,0.08641518188539665,0.15947591444127743
2023-12-07,0.00691512551993252,0.0838358124799827,0.15474150384502658,0.08388740292832621,0.15483889094409006,0.08468956791949127,0.15809725411543402,0.08493781612283831,0.1553628684008036,0.08497064334863563,0.15831179155612668
2023-12-08,-0.05589806077429891,0.08408873787073479,0.15504762868161404,0.08403075526564961,0.15500667813635086,0.08494015465077644,0.15844493555874317,0.08510640174855634,0.15583574088890675,0.0851313151170454,0.15835367081371307
2023-12-11,0.022418873288413573,0.08351951816421094,0.1509290621499716,0.08361224812073431,0.15099694484930445,0.08445462429011963,0.1543259991340662,0.0846070056711956,0.151654231736035,0.08387951191310107,0.15278356816021635
2023-12-12,-0.045351901252959605,0.08269073094157826,0.1534379459336896,0.08276282935236122,0.15349273153714835,0.0835806331693777,0.15700742836065343,0.08353861757744804,0.15473479385282796,0.08380140534510692,0.15692164039798517
2023-12-13,0.009892908383739933,0.08268510854362791,0.1498652226903363,0.08289961210178903,0.1501055741255302,0.08357859819660823,0.15292608633627944,0.08352777797106675,0.15114294197602912,0.08354902695981181,0.15288244155543476
2023-12-14,0.023511419448101614,0.07922639730663505,0.14645171990813022,0.0794844865676089,0.14683061767380204,0.08001136537897699,0.14901678914729025,0.07987850167931536,0.1479006557253902,0.0805263881270103,0.1500864831604671
2023-12-15,-0.016155440222285256,0.08404356373117365,0.15585127984639174,0.08434726482847972,0.15630559321388357,0.08487384755703097,0.15850256902429424,0.08454384919586115,0.15794110618220522,0.08507610891128783,0.1588352220933421
2023-12-18,0.022545238321056222,0.08274852694887715,0.15135610477707492,0.08297762719757122,0.1517353974589969,0.08345993695996407,0.15373557880707792,0.08305941552272746,0.15376927057546014,0.08389465215183675,0.15420865570159034
2023-12-19,-0.0023913921320757674,0.08465443945221379,0.1568983096168523,0.08480354202001657,0.15718514657454988,0.08533225288705651,0.1593467290951961,0.08494182654711332,0.15951055339135678,0.08547787810925195,0.1589680318913395
2023-12-20,0.08707788182788138,0.08350145990010237,0.15351860624913535,0.08350460636364368,0.1536218794330839,0.08412402840385959,0.1560438920630541,0.08380379535473594,0.15582053818420732,0.08470432048178474,0.1570293276896131
2023-12-21,-0.0014641291048894242,0.10544334675100206,0.1980126728414075,0.10622005595428337,0.19880145205198133,0.10707907399208029,0.20219583621938278,0.10674413045589524,0.2011277939307017,0.10546332018212143,0.19818300594710944
2023-12-22,-0.04648513049421505,0.1072711246065861,0.19680238107819462,0.10816526547807018,0.19779202741994056,0.1089087237961887,0.20130398681374234,0.10854599839134828,0.19972634074142387,0.11064966730078707,0.20285313109529038
2023-12-26,-0.0030745604542454607,0.10381026779381129,0.18787935440078368,0.10411848285509347,0.18825983458410062,0.10491707178293293,0.19168866723280484,0.10464862056806687,0.18994789166332143,0.10517004946948516,0.19101030306092798
2023-12-27,-0.04406692515988841,0.09609292691504995,0.1761201143257406,0.09629394270188563,0.17640560306629363,0.09703723566164937,0.17961586398156856,0.09678094709617514,0.17806923631559937,0.09827858238579705,0.1806638307703631
2023-12-28,0.003212854169325343,0.0933524290223037,0.16922504846565148,0.09345439075111946,0.16935795916552063,0.09414655436891421,0.17202874301420248,0.0936820254323967,0.17191756760562327,0.09390736629438953,0.17127263668752843
2023-12-29,-0.0016051367812285446,0.0873299577264053,0.16096881213778397,0.08737578235437081,0.16107637277730255,0.08802438925879646,0.16364152061946108,0.08766101540096971,0.16334936956028398,0.08886721840211374,0.1646415481372208
2024-01-02,0.058496206681608626,0.08458795500808526,0.15580528557466075,0.08454707354920077,0.15580364335460117,0.08522426643253626,0.1583326922234897,0.08493934079444626,0.15788386761558823,0.08568220773249896,0.15856097507862393
2024-01-03,0.06169356900533996,0.09720453912993955,0.18191875756460255,0.09750732426116793,0.18237362013552322,0.09818638687670944,0.18521876457248992,0.09782000723098966,0.184628706351045,0.09657736374651794,0.1816986289157717
2024-01-04,0.0063897980987712094,0.11431303842299106,0.21323599540991353,0.11443956325580468,0.21336502642312596,0.11546857232416617,0.21704499541778055,0.11527902660934801,0.21619620467467407,0.11512347167489625,0.21579519509847725
2024-01-05,-0.05678381185017764,0.1143040339290702,0.21046483781058434,0.11465734763333646,0.2109713744183279,0.11545934559104959,0.213999967371085,0.1153885740161517,0.213315382321238,0.11728327234137251,0.2173284549961721
2024-01-08,-0.020432038817205855,0.1098556686459233,0.19925071329798946,0.11022466639431353,0.1997515238991398,0.11104895464571751,0.20283729473355155,0.11085018079505662,0.20224663667844073,0.11127260189397024,0.2034461482489214
2024-01-09,-0.024769068112408858,0.1011920248823947,0.18537870501795173,0.1015929350022548,0.18582852314376924,0.10238745656046198,0.1886776644450825,0.10202907311823207,0.18865622517967462,0.10310316254712917,0.19002692574448346
2024-01-10,-0.005500996190347586,0.09665060390523773,0.1760981562212871,0.09628833256452786,0.17581886120854343,0.09700106773689704,0.17827536255705043,0.09666996568377659,0.17832490828074227,0.09735801138954005,0.1791581592648959
2024-01-11,-0.01989719441526294,0.09118997866743252,0.16707338902415067,0.09085154946798961,0.166776512032352,0.09152601563395096,0.16915791269691036,0.09120132849682092,0.1690734187884933,0.09193055089095764,0.17005236946790805
2024-01-12,0.02068490615351211,0.08775819520121854,0.1600041518910464,0.08749131085455115,0.15976867343113746,0.08804027067331742,0.16186862483228903,0.08771804231655628,0.16176802580563074,0.0880830785797181,0.1620312233393918
2024-01-15,0.042395558967685765,0.08878426573508014,0.16352142245074983,0.08824487295568328,0.1629530372892856,0.0887306513491537,0.16497771839354214,0.0883196309767548,0.16511949032996381,0.08753103817099707,0.16202915506883173
2024-01-16,0.0435653977572922,0.0975458494482234,0.1801407478256275,0.09698697684049933,0.1795642397771423,0.09750552541598534,0.18190228944604125,0.09711932160998611,0.18159767677138877,0.09572323558664568,0.17783877878968304
2024-01-17,0.06638832653318481,0.10709952498655534,0.19718798662658216,0.10647107221011021,0.19653789844185884,0.1070164391837811,0.1991228836961809,0.10658462300502458,0.1987330090365643,0.10334428673827896,0.19176623682194802
2024-01-18,-0.04565108002627221,0.12107302401348093,0.22302629805831856,0.12011233959458414,0.22188486634079724,0.12104876949548604,0.2254672423823837,0.12053705977330256,0.22517291291784403,0.12101086574818734,0.22538201706695893
2024-01-19,-0.06053616146872802,0.11919747965590066,0.21436104834395533,0.11828716444128816,0.21326362195930026,0.11917391774921895,0.21669553532493352,0.11875637264099607,0.2161575253978454,0.1191067419242864,0.21655511861987387
2024-01-22,-0.008305068498484957,0.11155688600259736,0.19996280657559473,0.11068729471808388,0.1989129375176861,0.11151004979294149,0.20203874725667684,0.11112855891025479,0.20165129608122132,0.11154477123336567,0.20211770093352915
2024-01-23,-0.04973830115143019,0.10312070944423513,0.1872901056570896,0.10223184994953921,0.1861995142862779,0.10305546128076352,0.1892667631221382,0.10274635835183528,0.1887497981069349,0.10324476241478266,0.18964015064588197
2024-01-24,0.04594034747867161,0.09920786597366804,0.1784172000261415,0.09840576685083688,0.17744825918196433,0.09918951519054865,0.18033731718545357,0.09892126803788649,0.17985836389658616,0.09920878439523975,0.18040664500425818
2024-01-25,0.02331809299138363,0.10288166864500821,0.18994042702118497,0.10174436165088178,0.18853091241751785,0.10260236977900287,0.19167934180765997,0.10237741640062753,0.1911919691539803,0.10276393723506436,0.19201131093685295
2024-01-26,-0.014227121290131576,0.10736569635960805,0.19701048630731058,0.10617097468635864,0.19552494671472867,0.10709452771892362,0.1988363450655586,0.10690214774139101,0.1983026481032377,0.10759711977291778,0.19980660800995018
2024-01-29,0.025317807984289786,0.10376829186826794,0.18871101504208065,0.10257825576210086,0.1872294051652646,0.103428310019223,0.19027623574942062,0.10333224160851742,0.18952065445621735,0.1037494802808923,0.1909116700262518
2024-01-30,-0.021554160334985983,0.10342283859441775,0.19078311878326062,0.10249003709025267,0.1896942911334749,0.10325627567303304,0.19274870385299528,0.10313196177147219,0.19291141664383804,0.10334229645687247,0.19278908581312446
2024-01-31,0.07523430979860975,0.10028977104024371,0.18287013924742926,0.0995197751719013,0.1820116739036426,0.10021393461877748,0.1848273783598912,0.10013650580350837,0.18490148243425472,0.10030298807537834,0.1848409708586223
2024-02-01,-0.033300987126971555,0.11357289261360096,0.211239246190782,0.11244578545290622,0.20996647960923875,0.11336870597113496,0.2134897747168111,0.11327238561358734,0.21283987708401747,0.11294425424387139,0.2127811590714514
2024-02-02,-0.0021637224453110305,0.11263390207148434,0.20424064099035244,0.11166674211824677,0.20318338623332025,0.11250689227105988,0.20637660324859308,0.11245680802720552,0.2057653648150694,0.11277403340647568,0.2069129225964179
2024-02-05,-0.013081581897489276,0.10445390154681265,0.19120876314164487,0.1034118954018739,0.1900750012800318,0.1043245494298663,0.1931908770363306,0.10406886373494474,0.19328527448611196,0.10463338304378807,0.19370844332316373
2024-02-06,-0.045649526887573136,0.09912593009722706,0.18158788271408144,0.0983011208385534,0.18073512541222386,0.09912164115136533,0.1836494312913992,0.09902873143636315,0.1839831523545395,0.09909298230431904,0.18338290372117047
2024-02-07,-0.017767945220739975,0.09537930064755466,0.17339125620388174,0.09475856383691682,0.17280024866890842,0.09548254551893351,0.17542391390914525,0.09541155011606672,0.17581592485886655,0.09508989417208688,0.17451304488204417
2024-02-08,-0.003122563036793828,0.08833090735315763,0.16315373691867027,0.08804960222131536,0.16296837132189546,0.0888404639914431,0.16544708537619246,0.08877647061477464,0.16643302821052228,0.08871700696728604,0.16509125003135014
2024-02-09,0.010886577193014899,0.08379417242792792,0.15523346334707155,0.0831175647231547,0.154616931549157,0.08390312212792013,0.1571140750631554,0.0839463681844638,0.15759113706934522,0.0838369140375534,0.15687526235104138
2024-02-12,0.07449459500794824,0.0832125157573022,0.15509345622348467,0.08268788661992403,0.1546556701385272,0.08346111532334467,0.1571141847668809,0.08349028179591292,0.15776149685710647,0.08311829684969227,0.1562412332022387
2024-02-13,0.12912471253157531,0.10005720072433094,0.19013654947144365,0.09949496584977358,0.18978027842847983,0.10036826868012018,0.19228581359206484,0.10038892075551913,0.1935212701485815,0.1002520253300565,0.19203803544127826
2024-02-14,-0.09733114803038895,0.13924938547628862,0.2625896278103005,0.13779003777126733,0.26140871932408993,0.13982598518719308,0.2668668025265476,0.13988785794230613,0.26671256516998626,0.13918283956508,0.2654588483992607
2024-02-15,-0.02606699194398505,0.14085483609008248,0.2571921100530949,0.14113485083279867,0.25761296918123366,0.14230068343435093,0.26040300221068796,0.1424759406736462,0.2624650879955813,0.14501884494245648,0.26552739729220987
2024-02-16,0.01628354563491405,0.12510538404256105,0.23149369655768345,0.12496085710447934,0.2315379241653253,0.1262876224188078,0.23423973537328804,0.12650317043738432,0.23639958826965107,0.12936925231279045,0.24019563383025688
2024-02-19,0.03247262862951656,0.11850013035440013,0.22088830822478767,0.1182072234192244,0.2207875737577862,0.11955935531593394,0.2236051056536644,0.11983475317251106,0.2253589658735136,0.12157396816660046,0.22733899135476662
2024-02-20,0.04713783352183722,0.11969116589866918,0.22370335689998755,0.11956026904369671,0.22371593491191455,0.12094390490017404,0.22724510132448464,0.12112589611716347,0.22832610845227969,0.12179203640317708,0.22867986028689052
2024-02-21,-0.005201572196073284,0.12595016697609113,0.2354088940918591,0.1257347691441599,0.235432686772792,0.12710747632737612,0.23930257627108864,0.12726184735603144,0.2400744835778292,0.12743775072483454,0.23975393566323747
2024-02-22,-0.05356032383373688,0.11886898205398957,0.2201537216519459,0.1183012803682536,0.21983608245373773,0.1197811195805798,0.22369335572003718,0.11995755505480446,0.22404620019050234,0.12073844077633668,0.22536398590033405
2024-02-23,-0.05586464799279297,0.11354110438984465,0.2084246731987839,0.1134177116795725,0.20850119244713247,0.11439600698139894,0.21166851632620523,0.11458661022579181,0.21182361259926707,0.11415755268845046,0.21118325804465193
2024-02-26,-0.0007275373183769789,0.10677059756862473,0.19602799972532434,0.10665222117290281,0.19609907590042575,0.10757393096318783,0.1991098053598861,0.1077381652836861,0.19927090399905673,0.10715343768138089,0.19819532517776003
2024-02-27,-0.022820276259057148,0.098403528181897,0.18254226634785134,0.09805276256207872,0.18238071645286183,0.0989253603888965,0.18537214888607662,0.09903350824267688,0.18539272174185462,0.09933817698523634,0.18601275300442618
2024-02-28,0.030071939654377332,0.09363319480803567,0.173374502848843,0.09349593710799779,0.1733916060111349,0.09431868599619549,0.17600896017142073,0.09445825405612894,0.17629982008665507,0.09415362581889797,0.1755804947269104
2024-02-29,-0.032308243232657775,0.09674023255905166,0.1807644596961093,0.09634426096612071,0.18052569320889675,0.09736027161335663,0.18366973010008814,0.09740530992230881,0.18399760307292376,0.09697172074791634,0.18285011459251063
2024-03-01,-0.02187940918125724,0.09479872979130731,0.17443906268866258,0.09422344582925722,0.1740196678744467,0.0951213922579991,0.17686383724462373,0.09521728104740966,0.17696634555696186,0.09487198840405382,0.17632047416182262
2024-03-04,0.028573372444056163,0.08922901696989723,0.16504695426207897,0.08893376791773237,0.16490771541534788,0.08976231947561834,0.16766747660501657,0.08983622625643944,0.1677620318417973,0.08954829383699398,0.1671194478676681
2024-03-05,0.06943754651095414,0.0927253197661671,0.17303154153225023,0.09216076117260988,0.1726160630885799,0.09308341348079885,0.17534700226487768,0.09314528395773344,0.17584358661510036,0.0927364702022707,0.17476520903792608
2024-03-06,0.0027624326959100796,0.11060606817615364,0.20640009488499125,0.1094529343073039,0.20540722228465083,0.11069376973776973,0.20912357172603005,0.11055840286294774,0.20956955310479905,0.11006798451161519,0.20778807159770096
2024-03-07,-0.004146515961848577,0.10972413397745162,0.20203355912496415,0.10851401992622904,0.20095885061368116,0.10959243651838728,0.20429842018816388,0.10933063512402602,0.205506762572224,0.1100075531356104,0.20510514132448357
2024-03-08,0.020562753296510507,0.10367861590330875,0.1908303270444381,0.10252061470942592,0.18980652472552034,0.10355992514386918,0.19302086243058875,0.10335685438432814,0.19404733413802217,0.10378326247621146,0.19340491416322514
2024-03-11,0.0320454656723493,0.10450499200527683,0.19308219623350717,0.10326234292926778,0.19196671619653738,0.10420622016733322,0.19490719966269537,0.10423560838893833,0.19559784897344126,0.1041805655857277,0.19484713619552263
2024-03-12,-0.0950474022440163,0.10943655670346947,0.20235919070318156,0.1079517874575635,0.20099595734862963,0.10902010039730654,0.20400227564131934,0.10923195860673822,0.20416412338661133,0.1090484198764483,0.20406503757817687
2024-03-13,-0.006524126076943239,0.10654222768916762,0.19209044187690857,0.10518222448536173,0.19080314562468995,0.1060825889667736,0.19336578338588367,0.10643248916987515,0.19278205882644067,0.10659767067958414,0.19429823194115753
2024-03-14,0.046189382469374714,0.09765077279402971,0.17929653077768953,0.09628730179613942,0.17788980163238877,0.09712478056294273,0.18031964005119527,0.09743830313954502,0.1796564197589766,0.09703154750898352,0.18008230095089442
2024-03-15,0.0006942034294756703,0.105428147451601,0.1954632557245791,0.10381606495180246,0.19376594337683006,0.10472136785847841,0.19646172140796683,0.10511186503227421,0.19568802954735695,0.10491191887589474,0.1967597356786186
2024-03-18,-0.005567168171350217,0.10391182222940376,0.1909467171410245,0.10230238905799104,0.18923694125307564,0.10315422333979418,0.19173896216017958,0.10355360748140192,0.1909009684147061,0.10306132297446371,0.19151524542044943
2024-03-19,-0.036238423500556685,0.09960720086480988,0.18284901169277742,0.0980148720477873,0.18115551080455097,0.09880358117940853,0.1834395364208246,0.09914136115157307,0.18276989516748443,0.09879500010988794,0.18333255613740398
2024-03-20,-0.05809526184101701,0.09316083089043978,0.17120492212527963,0.09193081400078755,0.1700615000361368,0.09288500065988185,0.17253298948631265,0.0929918583782531,0.1731321338541139,0.0930186788584171,0.17280242915985908
2024-03-21,-0.00924505814405105,0.08859744465661233,0.1621920829812187,0.08746976556945876,0.1611712328827507,0.08840406741383369,0.16364767167673172,0.08849948915435302,0.16409115903153723,0.08861436808240038,0.16400007917536097
2024-03-22,0.010777625493829336,0.08310811405561137,0.15364082136529697,0.08200305439077728,0.1525938567553713,0.08271378701885851,0.15455259315972836,0.08298111350741072,0.1546447928263973,0.08275179426612794,0.15464312184003465
2024-03-25,0.009904842880938222,0.08324638545765817,0.15450038931469312,0.08214413448868228,0.15345822933804112,0.08281733996687089,0.1554582677365178,0.08321091203012006,0.15493294873629984,0.08295280445340085,0.15562606417596775
2024-03-26,0.0037835837796388913,0.08455725225147721,0.1567462507740387,0.08360690927329233,0.1558878017906837,0.08417479244574232,0.15775755049529608,0.08444269808489685,0.15803378183191627,0.08434861581905634,0.1579480049114934
2024-03-27,-0.03536110155947351,0.0841350516578331,0.15566370426048468,0.08313446453499199,0.15475165187329254,0.08378793256803563,0.15687296007812082,0.08411717181843599,0.1567422185075871,0.08394588958790221,0.1569123669427186
2024-03-28,0.017836843575025088,0.0810990190421555,0.14874936485976506,0.08018456234942159,0.14795719292240606,0.08083389399284158,0.1500852396971853,0.08119327619760944,0.1497472769903592,0.08142902512270526,0.15128551733657694
2024-04-01,0.048021229106554875,0.08184713985245916,0.1520854790746467,0.08097824164452802,0.15131733377604784,0.08169831470541351,0.15353038179229314,0.08202214138159626,0.15327033621744204,0.08201468140482673,0.1541536288163357
2024-04-02,0.06796670413163935,0.09376936597476933,0.17503913715995797,0.0927650452612607,0.1742427015816383,0.09358098990719245,0.17672854805715377,0.09397282564740522,0.17657058296530262,0.09422092878207296,0.178064524164769
2024-04-03,-0.01935098392252762,0.11158656178224835,0.20853271574685814,0.11038611048531159,0.20758560527423256,0.11119781585396359,0.2100828249157234,0.11162939530838642,0.2103638821865252,0.1115700279305577,0.21038993238019954
2024-04-04,0.13187265550318192,0.10855756737743731,0.19955111725059027,0.10754052278829614,0.1987377531804389,0.10827208514625884,0.20108983661693125,0.10865744885038123,0.20134602242486555,0.10762113695682649,0.19957202569852317
2024-04-05,-0.019765930721800776,0.14192906493275312,0.2646838728364259,0.14125111032854998,0.26441308998082386,0.1419262968466782,0.26714489064675834,0.1422763410004135,0.2681644844507833,0.14282231463145142,0.2686340374410177
2024-04-08,-0.05382465001378023,0.1378930558200889,0.25166964315475193,0.13710341231111978,0.2511841603837119,0.13776470567462915,0.25375102199894817,0.13814100055624098,0.2545688794945297,0.13747260149196724,0.2531622715269641
2024-04-09,-0.013921338518608007,0.12758417524443955,0.23163528562916524,0.1271531822197709,0.23153756933433642,0.1276858812202866,0.23383155903380953,0.12795921634981675,0.234778845007754,0.12763980511004086,0.23372789228795546
2024-04-10,0.05329396194384769,0.11789144720164231,0.2153263235839886,0.11752156667025856,0.21525063734257316,0.11801294388212455,0.21737750299010902,0.11829356491164358,0.21819345134217039,0.11790187787901404,0.21712554462024997
2024-04-11,-0.05797781125627415,0.12484099018720717,0.2304134592860373,0.1244341857195882,0.23027623523811314,0.12499945986632273,0.2326030934319248,0.1253292235368873,0.233501224997569,0.1251819240421771,0.23282662494635992
2024-04-12,0.14925224041147078,0.1185200406114443,0.2156123598604187,0.11790589770928317,0.21521448202197505,0.11861671440635836,0.21770284165206713,0.11891777856689786,0.21809297324470392,0.1187077310687298,0.21796140470926578
2024-04-15,0.10518719041257063,0.15188728999987494,0.28405258311810694,0.1505702799178183,0.2827882564929536,0.15157796162250833,0.2862093621332324,0.1521432052308004,0.28600557929493653,0.15198207513893552,0.28689358707123114
2024-04-16,-0.04412089498574847,0.1786320818231345,0.3297548778359934,0.17706307153289091,0.32825109180949974,0.17836780702086036,0.33187414562331335,0.17884216433146688,0.3337836953076896,0.1778576610004159,0.33066491038634993
2024-04-17,-0.010379770875423204,0.1682781900178,0.3049604582411304,0.16740285825908324,0.30442192359531517,0.16805864450270802,0.3068144795663716,0.16857398401246165,0.30842805576477605,0.16657473712166115,0.3038516585428117
2024-04-18,-0.011599135843351918,0.15337100287732683,0.27923698805627295,0.15260801462038331,0.27876782583808807,0.15320769010228996,0.2809831300337711,0.1537166424267928,0.28250677870330704,0.15167385628714553,0.2778413440656919
2024-04-19,0.038686382389833504,0.14203275506905488,0.2587157288523797,0.14134266775092125,0.25831469504195664,0.14189078061253377,0.26040224444123033,0.14233326759576878,0.2618997171431467,0.14079747463080405,0.2580313483876743
2024-04-22,-0.09938045106208994,0.14182206884957943,0.2601128675223501,0.1410613503610628,0.2596140158007501,0.1417255116726372,0.2625075518566128,0.14208191858467129,0.26344649815824556,0.1418593341981861,0.262342591321225
2024-04-23,-0.07665412247896727,0.13274987115391906,0.23867505474975076,0.13217808189639502,0.2383672199016741,0.1326772681688473,0.24041208403246453,0.1330187747164138,0.24185772856639884,0.13398163361049897,0.24294879816260648
2024-04-24,0.017688395481979903,0.11892892969048953,0.21445598368297214,0.11848707481964349,0.21424743015023273,0.11901498822640005,0.216598239334916,0.11920207940903346,0.2175569632406943,0.12001226652065221,0.21813383290922916
2024-04-25,-0.03829440467641671,0.11403460898816699,0.2084683473528869,0.1135179678966967,0.2081606196383382,0.11410021928813086,0.21053335098688986,0.11426234022237057,0.21156150162981632,0.11378433459866978,0.20961502839059087
2024-04-26,-0.022369353785621403,0.10821356065077994,0.1957744667645804,0.107791319461733,0.19558227528181224,0.10832511325218482,0.1977265556240077,0.10847488346839182,0.19868359235063576,0.10863033475958916,0.19799534360213358
2024-04-29,-0.02424361160999274,0.10103617695254682,0.18339056942776402,0.10068150065231256,0.18321953810865657,0.10122828165050576,0.18533970584653597,0.10134536584554697,0.18631436364464818,0.10140408693713791,0.18541698331511372
2024-04-30,0.06466632483127191,0.09513455184910381,0.1724791291777693,0.09485905902662005,0.1723009581713854,0.09542227168671108,0.17440977203269895,0.09550308592648551,0.17543923628203156,0.09577055018988803,0.17485642420017453
2024-05-01,-0.016752969135374406,0.1090471589159867,0.19977730218272374,0.10862875141719214,0.19953649582835659,0.10912338856679471,0.20174394103917495,0.10925449338484697,0.2031009696337972,0.11051156357014631,0.2040939761577899
2024-05-02,-0.04723192466441839,0.10633771108279491,0.19168859295173327,0.10575626790401146,0.19120444986727184,0.1062406107864319,0.19326825353278967,0.10636620269907564,0.19468507599564538,0.10593963336752305,0.1927255688188206
2024-05-03,-0.08453735296670495,0.09968424018637831,0.17833030659538582,0.0990551727515752,0.1777417900828201,0.0995122132262202,0.17963270705727777,0.09962713093103501,0.1810566826326351,0.10004627842605071,0.18065017712068573
2024-05-06,0.0,0.09154227052569613,0.16236522804332704,0.09091562990524729,0.1617600026475564,0.09127891132792394,0.1633853143258342,0.09139832879796227,0.16468341571489845,0.09247354491544085,0.16562333144706984
2024-05-07,-0.019461692092800176,0.08497780780161097,0.152967552009757,0.08437174264568481,0.1523286882157567,0.0847626987170957,0.1539884728734644,0.08483731999041492,0.1554021506232208,0.08437750260434398,0.15346923321578598
2024-05-08,-0.01753762066532759,0.08179159711956335,0.14669141452704199,0.08118559739443283,0.14601448299155695,0.08162020625222921,0.14785221014285926,0.0816619551223614,0.14908595095251806,0.0816102023250758,0.14801168261235542
2024-05-09,-0.024135075735240447,0.0782775350000605,0.14055880249942493,0.07766454023216862,0.13985118403706404,0.07812433076435399,0.14172575793378628,0.07814604073969438,0.14289867722461186,0.07815118304838248,0.14192412241624783
2024-05-10,-0.011093616148503304,0.0746628040035832,0.13375757365249574,0.07402458060056105,0.13293210814841164,0.07457619740211206,0.13495617981602834,0.07459633407039327,0.1360615284930827,0.07482013457789492,0.13576727270117034
2024-05-13,0.08034912716421336,0.071109345806042,0.12691038897711723,0.07051535494063405,0.1261431606474019,0.07106096074667236,0.12812614847714676,0.07139251533567678,0.12751317544256816,0.07101526818484884,0.127696938264743
2024-05-14,-0.013323661198470543,0.09780046862472125,0.17588550243521456,0.09703150279531572,0.17496470252370025,0.0976294604571877,0.1775135580831378,0.09807944384765481,0.17682746401188354,0.09930918350786172,0.17991211692024936
2024-05-15,-0.07502550863281911,0.09534483397186491,0.16909380642583538,0.09457308704902882,0.16815994416197197,0.09510634369296435,0.17055644896028566,0.09556160309663132,0.1700408370187156,0.0943038542465763,0.1685904080154587
2024-05-16,-0.002412546405383878,0.0891006015413158,0.1564696361322787,0.0883971186294492,0.15564957105904367,0.0888979312037474,0.15807492603463086,0.08882384481145113,0.15912016818669605,0.08929153384144672,0.1585147714431231
2024-05-17,-0.03523510746590976,0.08290235410633659,0.1476536575971401,0.0821935587378599,0.14684149422176693,0.08276877820256931,0.1493187748433473,0.08268416535895684,0.15034545601451357,0.08223479341410199,0.14847956928666414
2024-05-20,0.013256200747134628,0.07909872658147438,0.14016811094406043,0.07850271812351882,0.13948097005872012,0.0790461716989323,0.14171447792439545,0.07899241158005921,0.1428077123727009,0.07898846670158974,0.1417411249111522
2024-05-21,-0.02415777621697812,0.07990837601817492,0.14291605312176936,0.07927759658748784,0.14212255354643713,0.0797596218034691,0.1440742830220935,0.07965510249188464,0.1453657419707111,0.07951152813104125,0.14342912435644833
2024-05-22,0.03561453000836398,0.07714077678806598,0.13700232240838045,0.0764700208530997,0.1361163701072335,0.07705387357333823,0.13858421344643027,0.07690470277697772,0.13957472782979433,0.0768460215139724,0.13825560017308688
2024-05-23,0.03831274646650453,0.08482526360493094,0.1522382167129134,0.08405407723229924,0.15124087242757867,0.08473060149330333,0.15377600637447034,0.08468789534114872,0.15504541578604986,0.08478914876403422,0.15402387119876385
2024-05-24,-0.06804243393462311,0.0955711743966804,0.1714572361657321,0.09477688907888554,0.17042707588622125,0.09550679483530133,0.17329833416739102,0.09542915761039535,0.17444354059787004,0.09538904011999745,0.17311121770755075
2024-05-27,0.03540921591972004,0.09091848452019675,0.16039729933916091,0.09023112533040491,0.15949047472742306,0.0909121219781706,0.16237051359036847,0.09085443154457966,0.16336585831736994,0.09098436441742885,0.16272120130139003
2024-05-28,0.0443110463249112,0.09581546817556358,0.17218122655394755,0.09486275286543404,0.17088311931716746,0.09558849028718842,0.1737338866112291,0.09566365511100143,0.17465567910946728,0.09514006296089268,0.17323478578074472
2024-05-29,0.10008345855698243,0.10654834142006273,0.19117265218487517,0.10539486826800092,0.189571126485386,0.10636407728103713,0.19329619236137272,0.10633976180472915,0.19420469722916955,0.10595280241217159,0.19267292174681805
2024-05-30,0.013217583731954339,0.13528579339129965,0.2427343025198384,0.13421407867679022,0.24122924109436586,0.1351876779893375,0.24517969148570568,0.13581030795406626,0.24454291612894663,0.1355841230714407,0.24631246327258705
2024-05-31,-0.11330104228893671,0.13373498735086417,0.2377930754701488,0.13286334968795638,0.23648583436132534,0.13377640611887218,0.24060508998835065,0.13435863529104217,0.23970553071671305,0.13221949734791777,0.23792555466311782
2024-06-03,0.014598799421152631,0.12220949146664914,0.2141348273016998,0.12136928672807194,0.21282895460511625,0.12215644784428975,0.2164484890368686,0.1226795049281672,0.21565192150329934,0.122205995645638,0.21675492847265995
2024-06-04,0.003806628121562767,0.11504026721141489,0.20474042525368133,0.11422158757879541,0.20345868189681,0.1149883496843572,0.20705670657240763,0.11551020628378453,0.20619517116672859,0.1143742966839737,0.20610633700929448
2024-06-05,-0.0411069895347714,0.11118103473898346,0.1977213431004039,0.11040991533508006,0.19654211703856475,0.11113581620219862,0.20000359817620658,0.11162228495670304,0.19912155777691576,0.11030074024342763,0.1985214486070732
2024-06-06,-0.003966685090105363,0.10424584683061275,0.1842729989959464,0.10352205341935873,0.18313711515664172,0.1041986645388425,0.18633556487646327,0.10465367281384903,0.18560151290940163,0.10401452039329208,0.1861015705331334
2024-06-07,-0.02903429752884515,0.0982085289986485,0.17462664652329096,0.09746391357705773,0.17346313532057903,0.09812715834308267,0.1765529014222726,0.09855104788837865,0.1758296759807619,0.09757702311497038,0.17560365912962717
2024-06-10,0.04167269640056808,0.09276526835957752,0.1644057814557041,0.09206183921458003,0.16328144936210637,0.0926742716392443,0.16594139451273027,0.09308798550871716,0.16554763525838126,0.09265048959773788,0.16603683907207153
2024-06-11,0.008597161197211519,0.10057832954893971,0.17994726135005767,0.09963142171001199,0.17844096878744242,0.10024779394657016,0.18144181104433707,0.10085152261686135,0.18017519828993678,0.10040412001312882,0.18195552916045032
2024-06-12,-0.06510937146055383,0.1008028866204763,0.17946058757534505,0.10002245780359066,0.17823513577425978,0.10057264953828544,0.18102162080107548,0.1010280515153659,0.1802759103082704,0.10032339726217816,0.1806908403974745
2024-06-13,-0.00834033191621895,0.09402766310982863,0.16582684014489607,0.09333751639603292,0.16476274695878243,0.0937921649444216,0.167391114039697,0.09420255264790363,0.16647881392487615,0.09413402341827325,0.1680023605339215
2024-06-14,0.058553308751574135,0.08829346072183436,0.15703178083531585,0.08767554187198633,0.15609269457901898,0.08807848079703015,0.15840827561062434,0.08845778076002331,0.1576619469734288,0.08780036483321872,0.15800815275806032
2024-06-17,0.007083854888405042,0.10290098789850091,0.1840298253558915,0.10203392292288045,0.1826880575919679,0.10271683444901113,0.1860135373425759,0.1032012273422163,0.18495546254843473,0.10309364542432205,0.1867997261416092
2024-06-18,-0.03593200922606333,0.10263535910181729,0.1824938271485341,0.1016486865165124,0.18095470830388513,0.10238221471733341,0.18447343588878024,0.10287816069241407,0.1830757038905161,0.10216861510175565,0.1842047329656832
2024-06-19,0.014528100562909808,0.09694728141481385,0.1715274204161746,0.09601754247381904,0.17007593705545937,0.096705964991182,0.17335295652136853,0.09714080558693615,0.17214344439763488,0.09673516602954789,0.1734428765121977
2024-06-20,0.06213178110700618,0.09609360449741207,0.17124655681052484,0.09502493740502847,0.16957525506559307,0.09578847307710964,0.17288269805584483,0.09574519475655396,0.17324302457453924,0.09569950603174959,0.17271479089657
2024-06-21,-0.006042314455962586,0.11177890741450446,0.200062974811107,0.1105770252993108,0.19832682979728727,0.11157496405700273,0.20194397224335892,0.11162244988216802,0.2032499308371695,0.11205552954842986,0.20306924265314763
2024-06-24,0.009800304598292276,0.10762237492889648,0.19126473500493005,0.10659153755429207,0.1897861442357746,0.10741370934470021,0.19331902848254323,0.10746667132771412,0.19411855463047203,0.10713062563169272,0.1927897584037155
2024-06-25,-0.03745183592880223,0.105194293360766,0.18735300427682602,0.10394773398982504,0.18551524611589884,0.10486156359802953,0.18916829496750412,0.10497282251457798,0.189699958670478,0.10481985974697058,0.18907249084069722
2024-06-26,-0.022844632684022197,0.09912328753799478,0.17571038617669138,0.09799870891851697,0.17406720668779221,0.0988123425673961,0.17737731720074257,0.09890420612234095,0.17795498156958922,0.09910351569601449,0.17782802898813496
2024-06-27,-0.02501138849361287,0.0926214263982887,0.16465389976934877,0.09152434336875821,0.16303288181568404,0.09234159992762209,0.16623656142946266,0.09249498090286362,0.16649054712743053,0.09248021293256448,0.16641667911954894
2024-06-28,0.016207810226853303,0.0874879331811127,0.1556160309725266,0.08657418882124272,0.15428935079715123,0.08722529704232444,0.15707506000664626,0.08734783278549031,0.15743323913622156,0.08738997169608437,0.1573404919117535
2024-07-01,-0.017843133567584053,0.08874052221246018,0.15856904519059528,0.0878438023528504,0.15725038096674937,0.08848409719390181,0.1600758624166615,0.08861362147557218,0.16034603282637389,0.08857248654044601,0.1601831061403529
2024-07-02,-0.015670423756861843,0.08500387917387338,0.1513974660838706,0.08414668610394134,0.1501116323164905,0.08475103466674865,0.15275729445723843,0.08487711353807072,0.15297031037302883,0.08481311096999936,0.15283550339220317
2024-07-03,0.004975134640113929,0.08101834818326262,0.1444365220886833,0.08008818689050161,0.1430069447079144,0.08062576285817999,0.1454126767278849,0.08075653065413782,0.1455414673389742,0.08066983769568357,0.1454707280117671
2024-07-04,0.013963265881364057,0.07963998695111807,0.14242946622059738,0.07864229569303749,0.14085855016521595,0.07921607968121858,0.1432543516138458,0.07935993895727167,0.14329236560506695,0.07921659340568199,0.14325498940337833
2024-07-05,0.01778543243321634,0.08154061388696418,0.14602178735765228,0.08050500959881227,0.14437762835152498,0.08113597164968779,0.14683657981564713,0.08129838383254351,0.1467926483146366,0.08108030987955138,0.1467597097986338
2024-07-08,-0.008853176536885155,0.08462990347454609,0.15163617829050674,0.08346055985613153,0.14978489976278214,0.08416490342575428,0.1523655601155517,0.08430063899722683,0.15232354043429427,0.08402541104076994,0.15213362678471895
2024-07-09,0.011254138074423334,0.08117573290686647,0.14516327683420957,0.07997060432904361,0.1432896637224707,0.0807128382539189,0.14580372650466297,0.08075219918647356,0.1462976184471486,0.08068662901203882,0.14574126788603384
2024-07-10,0.02681548686240894,0.08161075212635739,0.14647977245159535,0.08060797164137182,0.14492193078340185,0.08131992138965463,0.1472437430589585,0.08153625599868633,0.14761215786642443,0.08118168377734694,0.14704835823625945
2024-07-11,0.005432687013226967,0.08723030042568784,0.15677961356578063,0.08604853786461086,0.15490776350903837,0.08686224271147167,0.15749229165717873,0.08712086172161904,0.15768053222894368,0.08665313472580566,0.15715096772146922
2024-07-12,-0.036252984995148674,0.08591755790321773,0.15414740025927126,0.08468758374035656,0.15217808602766028,0.08553397863108718,0.15472278031117775,0.08583371772484645,0.15476117211587298,0.08545142685671835,0.15471686750827543
2024-07-15,0.05161427015663584,0.08165719757349382,0.1459422996414332,0.08058287195067065,0.1442010870428606,0.08132364844192748,0.14654291533215472,0.0816061713000127,0.14651653858325428,0.08111710612251005,0.14624540912551875
2024-07-16,0.00532118321328028,0.09507215156582394,0.17095059974942997,0.09366667544731844,0.16878938566611734,0.0946428873302548,0.1719214624435833,0.09487648883174543,0.17199671241965755,0.09444019440539032,0.1715776255123643
2024-07-17,0.0933094202283471,0.0934306700507569,0.16730249505969258,0.09211964745440623,0.1652366409485425,0.09306441914658041,0.16843204743970627,0.09332980169342762,0.16816300078332652,0.0931299900961658,0.16850194142249955
2024-07-18,0.09543573696438676,0.1226474786532634,0.21993140224611257,0.12107577834124296,0.21744100231525337,0.12208958250957747,0.22143730822260288,0.1223729084363177,0.22097556579674343,0.12147451331656674,0.22037021355982309
2024-07-19,0.03636764417087479,0.14886685242051279,0.26581548437747615,0.14724899178463932,0.26324736335473875,0.1482312602323993,0.26745755494886264,0.14834626545558374,0.26738493889209985,0.14819941507185325,0.2673623076577527
2024-07-22,-0.10253963931618491,0.14990213884982326,0.26680499862031953,0.14817148694850582,0.263984123293486,0.14911306664663315,0.26822076675319884,0.149289087191147,0.2677646028920054,0.14948727255339653,0.2688218003081532
2024-07-23,-0.012825015475916881,0.13561857699504062,0.23969512446911348,0.134038974347925,0.23708322894125794,0.13489360933719538,0.24078420002148654,0.1350176891336357,0.24054826900136989,0.1349000275473799,0.24070151969416112
2024-07-24,0.20338440133374727,0.12374920301844432,0.21983920643584187,0.12230996093283432,0.2174590093203574,0.12307435102447978,0.22088162290523866,0.12322288642892389,0.2204067769378634,0.12372802797555395,0.22197472156736053
2024-07-25,0.02301471444022864,0.19558273827402164,0.3494981542700556,0.19330396583129678,0.34582300310095576,0.19442430966143867,0.35104562850511956,0.19464200915568022,0.3505286410572362,0.1901148162536181,0.34340996497823617
2024-07-26,-0.1189348363189678,0.1870095226976688,0.3318915262759014,0.1848006320239587,0.32835364267872064,0.18584815760264636,0.3327416465770005,0.18623194520260264,0.33243035824697403,0.18866986191491736,0.33864741952750665
2024-07-29,0.012731302606759223,0.16641533678535392,0.29368924081643555,0.1644637841120239,0.2905138563578336,0.16542201016990496,0.29506766025214853,0.16554233386328726,0.29448718690685033,0.16538060731388193,0.2952743793818566
2024-07-30,0.06359681280919634,0.15356915407475966,0.27382574995217374,0.1517489371547806,0.2711360527110138,0.1527342427799274,0.27457354133070755,0.15279432289979666,0.2759279219750866,0.15395062397513126,0.2768840784230297
2024-07-31,-0.07816017699709299,0.16117493204940017,0.28772975910145254,0.15935629158312983,0.2849890083686875,0.16038253121231758,0.2890838027772648,0.16045517011170687,0.28981806368527885,0.16004145141193254,0.28848667270145134
2024-08-01,0.12778447055875175,0.14579235723331951,0.2586635181208712,0.14415818139993505,0.25615019375728704,0.14512316173739093,0.2600584794642514,0.14519765432307197,0.2604449099405588,0.14467925698789064,0.25925698528122076
2024-08-02,0.22968477886273508,0.1745057801842938,0.3106125936801276,0.17194538552733998,0.30623060544110514,0.17324753255781658,0.31211140344706384,0.17351401761202434,0.3097758949633608,0.17270400113480724,0.31065666915082074
2024-08-05,0.5001661916240487,0.24525098508743637,0.43450396964577764,0.24338738507374136,0.43166362938289976,0.24409407418589743,0.43607391054244343,0.24491498578366666,0.43322624738866333,0.24421184446127422,0.43631286730045254
2024-08-06,-0.3306814133452493,0.43287109362448417,0.7682290490716805,0.4306174981257206,0.7648104387495455,0.43220484263539694,0.773211794495793,0.435067690630941,0.7631505574799838,0.43343278999171825,0.7750368715412196
2024-08-07,0.005039607498405914,0.3660681700158044,0.6428281995200501,0.36356402130747645,0.6385793553514233,0.365372652391972,0.6464254918648156,0.36781687938867946,0.6374043838970708,0.36129796095534905,0.6388749875364009
2024-08-08,-0.15756764205842674,0.31331235458564244,0.5532759525897089,0.31166870176755307,0.5507317864719203,0.31285676954152686,0.5567197306333033,0.3149759682314253,0.5493310940412005,0.30478436144710885,0.5421100257115907
2024-08-09,-0.1552020940761518,0.2684168439100681,0.473048696405693,0.26691788384995985,0.47066355955620137,0.2680478518967062,0.47584974226313775,0.26997112538726087,0.4689928935850334,0.26565616055500635,0.4717476523165704
2024-08-12,0.016553445168778283,0.2306616174898287,0.4065556629046992,0.22917386669347,0.40419693902347376,0.23017498977704157,0.4083889227750445,0.23184661914679233,0.40236370559333984,0.22908202885664308,0.4066428753958101
2024-08-13,-0.13360037479265954,0.207713223026363,0.36799372918773626,0.20656348391257734,0.3662448533701127,0.20744603019021238,0.370115965043361,0.2082913045233593,0.36709436186218075,0.20562839140300504,0.3667081725146636
2024-08-14,-0.11262253292528944,0.18286005298617158,0.32253031000618543,0.1818139785450497,0.3208659655920066,0.18259943104913856,0.32418042046870355,0.18347690881755618,0.32122105425447517,0.1825357480582511,0.3240244115819275
2024-08-15,-0.06112660078247332,0.16106231343939012,0.28435771692448686,0.1601789845405837,0.2829356137536385,0.1608241793896946,0.2856456681995504,0.16171459967290006,0.28282636875009187,0.1607572916176672,0.2854875202482147
2024-08-16,-0.028639986137001062,0.14312115553193944,0.2535557746996513,0.1424160203772464,0.25240081378459533,0.14294449844452617,0.2546961048627194,0.1438565535254148,0.25233340966790807,0.14264995143219894,0.2537292808283799
2024-08-19,-0.01018684530699313,0.12922436104120646,0.22923337349302306,0.12849575320598683,0.22803036365211476,0.12900715648514802,0.2302542845290225,0.12988978562937242,0.2282782903120978,0.12854239176947288,0.2291693864553537
2024-08-20,0.08062012035591336,0.11808682446996305,0.20997089774604075,0.1174320955992523,0.2089848043612929,0.11792368952395452,0.21111874985696694,0.11865353708963677,0.20923469071789924,0.11744863422309097,0.20966932661995039
2024-08-21,0.024262465411956705,0.14130891068078166,0.2509892002790915,0.14042528066207832,0.24964098443116783,0.1409068255219599,0.2521020501235737,0.1418812297766918,0.24965380160608602,0.14141842581407485,0.25242336908007634
2024-08-22,0.07573102868092839,0.13925059219924144,0.24727879131471167,0.13845581689676453,0.24609468660665584,0.13889576498191808,0.24851806267803828,0.13976385300360364,0.2463079881559753,0.13855276551449708,0.24715244783175477
2024-08-23,-0.10125373370517292,0.1555321787929177,0.2764176726582281,0.1551243101305467,0.27591640685562874,0.15558554748636863,0.27834020130931775,0.15657135230856695,0.2759916737178927,0.1560778037976996,0.2784560732340183
2024-08-26,0.01811983346196358,0.13838982034431288,0.24532547050747033,0.1377159863284461,0.24426811585013275,0.1382276056286593,0.2465832308340987,0.13909919071313762,0.24457192265599378,0.13885730935717458,0.24712055931676385
2024-08-27,-0.04560638329359606,0.13362719669895215,0.23743681224108365,0.13298811159109505,0.23646963963893708,0.13349649347961376,0.2388187493605447,0.13425346478977876,0.237071031523485,0.13325370107791168,0.23776832086373365
2024-08-28,0.10334942152903263,0.12186373006074104,0.21629169969270556,0.12132893277245449,0.2155277613591532,0.12176851541329527,0.21763088903472244,0.12241936936221073,0.21611748464407982,0.12196532419274841,0.21742120683098115
2024-08-29,-0.08919217091793981,0.15170709650720332,0.2692684623754631,0.15126859828397557,0.2686982414909803,0.15171520119242193,0.271109330405607,0.1528615428080968,0.26722323954264604,0.1527253614734907,0.2726843392530737
2024-08-30,-0.04242071588395214,0.1364583629770741,0.24088164754462274,0.1359446601880564,0.24016535074825682,0.13634791014322226,0.24223202554372136,0.13733559319968544,0.23901727021026528,0.13671178490791275,0.24281006730077145
2024-09-02,0.03601043752303303,0.12372009084553871,0.21885283470864306,0.12336739451177019,0.21839520483340571,0.12370788350226838,0.22023737935870666,0.1246227927702438,0.21724059581448746,0.12363499217730445,0.21991335018240293
2024-09-03,0.2870387787660391,0.12749213414751293,0.22610897758128667,0.12706987337987335,0.22551735935938258,0.12745971947877643,0.22755808129051427,0.12841746109647081,0.224443756522559,0.1274304138621447,0.22727793665265758
2024-09-04,0.02854618190636153,0.2532083544366961,0.4514282753147191,0.2527371671355519,0.4510043889453562,0.2535431363864576,0.4556625530895604,0.2546345875714401,0.45076268313343953,0.25867050118143564,0.46438337015959213
2024-09-05,-0.0689258675671972,0.2367960355813482,0.4205434167481603,0.23642650300534512,0.4202323274892158,0.23714570992798867,0.4249192042383404,0.2379484264790971,0.4205356950083788,0.23513465466503594,0.42107309668284587
2024-09-06,0.11744797115333243,0.2093343298358126,0.3710186535863925,0.2088425283844845,0.3704309919025277,0.20950618734666437,0.3747849554560634,0.2101605013831236,0.37079230150066855,0.20808525942063152,0.37191131135837574
2024-09-09,-0.1403206328193239,0.22691649881467252,0.4035128001435275,0.2262065841457784,0.4026875675317169,0.22694165549943293,0.4075355128359391,0.22758103781724465,0.4033230002820011,0.2266979226555646,0.40657698759234223
2024-09-10,-0.019206404044314843,0.19981341556640014,0.3529020462743746,0.19906811766769594,0.3519146710168842,0.19975986344786997,0.35631342971372865,0.20025086621542523,0.35277946071387006,0.19985378723459601,0.3560023637917712
2024-09-11,-0.0756411578484464,0.17911395892157503,0.31746506592359053,0.17852168129338664,0.3168048822854405,0.17903465353363465,0.3203554519853814,0.1795083655701164,0.3172993884664192,0.17823567784992198,0.3185136521700476
2024-09-12,-0.03567697136534471,0.16025653043170857,0.2834653933589298,0.15975923659402527,0.2829379168143792,0.1601899297142036,0.28602708137441657,0.1605991228257715,0.2833570889692138,0.16046493633527129,0.28614995777193786
2024-09-13,-0.030332387849235733,0.14509755295062143,0.25711576001253783,0.14472203962856842,0.25680122256724014,0.14506046422094487,0.25949482344701313,0.14547235919793208,0.2569170180483576,0.1451167945669838,0.25925702542793716
2024-09-16,0.03442476421252025,0.1326872033527236,0.23542872832877637,0.13234622489554454,0.2351741750998809,0.13265550742305451,0.23765840024423018,0.13314309961146986,0.23494665409726184,0.13289801893202038,0.23782625361365947
2024-09-17,0.027052009338481075,0.1346183385252785,0.23941236261658755,0.13425017817497603,0.23913660501950013,0.13453626346221667,0.2415504904705077,0.13509067791698592,0.23857721459601017,0.1349122157247764,0.2420104927132977
2024-09-18,0.03460166618245693,0.1347322145180503,0.23948485514592757,0.13440121430204646,0.23928591020303464,0.1346478937494276,0.24163176065261077,0.13521936874134663,0.2384601316916516,0.1349201511017032,0.24177989233231728
2024-09-19,-0.11006468170819811,0.1369665143625723,0.24354126122230946,0.13655454263132213,0.243189268801823,0.13681825909579862,0.24550622024607957,0.1375386527736567,0.24182647163634205,0.13707365964160614,0.24584293611637761
2024-09-20,-0.011083857313708222,0.1223168459215873,0.21618394396135224,0.12188952170533283,0.2157435967485347,0.12211736321393733,0.2176945237865076,0.12272989936398129,0.2144909737710389,0.12311283274044595,0.21918167282268516
2024-09-23,-0.016230069120040852,0.11300945789503432,0.20139028599790948,0.1125688552539362,0.20087470597613527,0.11292393606122454,0.20272964916114236,0.11371187803807796,0.19987621830229207,0.11316482921467381,0.20292834653429437
2024-09-24,-0.03197203269783679,0.1052153628777248,0.18763900244230972,0.10482080760166428,0.1871459733399309,0.10520556040709156,0.18904435724932525,0.10604108071290609,0.18584782558325144,0.1056717096234442,0.1896160439394906
2024-09-25,0.001298701481236414,0.09586602604753205,0.17202197977593744,0.09500487829967436,0.170849168997616,0.09583593253073638,0.17396390362050781,0.09583662454763826,0.17308022368547296,0.0965401476982896,0.1749023138173879
2024-09-26,-0.0025990917815199837,0.09103177276881422,0.16365549722235995,0.09035205721687763,0.16272660191778276,0.09098809139628884,0.16530223328122295,0.0908923883402694,0.16498443990114414,0.091382607833477,0.16577440627994305
2024-09-27,0.0984400728132527,0.08618157369146942,0.15494629752514044,0.08553727506824409,0.15405434902826629,0.08605919771784815,0.1560532224941758,0.08610719328968275,0.1556619414901167,0.08629556621165638,0.15637217737766756
2024-09-30,-0.013654115365024484,0.12270414859479067,0.21987530453313348,0.12201429439869138,0.21894162263037256,0.12263076718127808,0.22167344367962066,0.12343612309824305,0.21824657762648628,0.12361569444555355,0.22320092384694895
2024-10-01,0.14082689137124696,0.11553600058329166,0.2061371104412425,0.11483867089020118,0.20518805989587036,0.11531361140364803,0.20753335506082202,0.11632467995569272,0.2033503138283023,0.11530579410526048,0.20749190389222136
2024-10-02,-0.018868484304382916,0.1644128819901215,0.2931347052924743,0.16397724609167297,0.2928585120965624,0.1642968644401309,0.2950356244893036,0.16574587045192815,0.2894869578426599,0.16435434640199914,0.29512892949773123
2024-10-03,0.08077504018521162,0.1514597717615922,0.2687042412641355,0.15088828246920108,0.2680449833422496,0.15133199242671797,0.2707206642937714,0.15258392876464996,0.26532762951469524,0.15159799683952083,0.2711537515062145
2024-10-04,-0.06450598547034299,0.1661504877756495,0.296097040666948,0.1656510090517121,0.29554991464782304,0.16618468194356717,0.29866992319490904,0.16743775137372652,0.2931210441506973,0.16582292583307712,0.29797710765073193
2024-10-07,0.1642872765545168,0.15072868158109973,0.2667713315275224,0.15033154171231572,0.2663731420608504,0.1507918280704248,0.2691658699588859,0.15198594716698452,0.2638478623752527,0.1506001610896566,0.26885671636032316
2024-10-08,-0.05539318831537941,0.19911848474623647,0.35454590094678295,0.1986352048329315,0.3542124298935635,0.19903643874090704,0.35726968508456153,0.20044449308589468,0.3510768522716642,0.19795931070957717,0.3559061458582413
2024-10-09,-0.026491615446976455,0.1800069365592009,0.31797111373521647,0.179446622191855,0.3174559723954,0.17985938293617396,0.3201880592630383,0.18127884878969883,0.31491625885731805,0.1804441886874876,0.3217346479221053
2024-10-10,0.003350086885282027,0.16200774994811998,0.28695381454819474,0.16184418104524034,0.28698810105031297,0.1622986441744504,0.2897977241301074,0.16367027757777763,0.28456831366112445,0.16257505672867434,0.2904299941131654
2024-10-11,-0.022711775934427844,0.14929316909962975,0.26516192586521864,0.14907871671474351,0.2650793305531204,0.1495142932412235,0.26777899456633514,0.15074151770391436,0.26291648895737973,0.1496789022296115,0.2684177276795693
2024-10-14,-0.03785312477953768,0.13640961020805617,0.24210077406104574,0.1361106578878592,0.24189353576744985,0.13651389367103786,0.24415086266964325,0.13781457894378418,0.2392269164102653,0.13604793569522688,0.24393493744527503
2024-10-15,0.04661230486941932,0.1245180816081449,0.2209351448178561,0.12430195805146858,0.22087626794626045,0.12462162162868334,0.22260314324028058,0.1258815488116503,0.21808914923504194,0.12383140410208986,0.22195438491430697
2024-10-16,-0.052722303510997756,0.13146579169138786,0.23434578194689235,0.13133029956913078,0.2343928280491344,0.1317010640102795,0.23652769578117208,0.13297751969232774,0.23173895494087604,0.130771298926769,0.2352620427841441
2024-10-17,-0.02429687885018259,0.12078051611740186,0.21407554261729836,0.12062904170283394,0.21412652451184047,0.1209261005487206,0.21584342156171513,0.12217028167845974,0.21124326695174936,0.11999992483677584,0.21479466074539016
2024-10-18,-0.05817472103695569,0.11121265356727304,0.19761177408279257,0.11105773927903481,0.19767613139389228,0.11130134187253363,0.19923114551148743,0.11246893774763804,0.19482424985676225,0.11062163180129696,0.19836051278145317
2024-10-21,0.018681862011808364,0.10188786302757274,0.18074436392542034,0.1017691689673724,0.1808267467316067,0.10200886162644197,0.18226492946036044,0.10307782076791555,0.17819369686389563,0.10084755559845998,0.1807074619177299
2024-10-22,-0.009297305144284741,0.10158066343042874,0.1813241408989433,0.10153392457898529,0.18150502175698782,0.10181035542740101,0.18315804582885903,0.10254931678441839,0.1801827525667263,0.10130472119806169,0.18280635047507177
2024-10-23,0.055569851154810786,0.09616902472996586,0.17139013228803793,0.09616540708932599,0.1716373182557167,0.09641546804175513,0.1732108704859011,0.09712615245182807,0.17048219469646672,0.09604549051769488,0.1730608618500908
2024-10-24,-0.008350779217419963,0.11105613748076512,0.19864535603298125,0.11109846297347507,0.1990606443891267,0.11138822594669234,0.2007093806719221,0.11230972317995264,0.1977313897002732,0.11015643192807849,0.19921227752336182
2024-10-25,0.06345696162011491,0.10527770994857008,0.18749895128408006,0.10530004528589984,0.18786390342476406,0.10556613418579429,0.18931901980925023,0.10647666436149347,0.18671262663999802,0.10549199208095163,0.19000275139745845
2024-10-28,-0.02641568993976555,0.1215465402030858,0.2172449501543212,0.12156051809427122,0.21775509629702824,0.12186813620221228,0.2193653444618679,0.12305719710364307,0.21625373307654758,0.12055867813206715,0.2178672643461966
2024-10-29,-0.023506447675341324,0.11396728727151854,0.20246881686125628,0.11397038783853701,0.2029142687945929,0.11428740371486815,0.2046605976109791,0.11537086089304875,0.20164766634884543,0.11397940012157695,0.20481852614121634
2024-10-30,0.05090542186345579,0.10585318263519744,0.18820082796196758,0.10585271793232297,0.18859395757641662,0.10622036868219244,0.19030045231259762,0.10722127409828626,0.18748100423054118,0.10567574272465845,0.19022161757592765
2024-10-31,0.12934574081619035,0.11669026417812352,0.20859332164174293,0.11661556409371646,0.20891261059708705,0.11707456228318307,0.21083658146783738,0.11819385280732295,0.20764187639451234,0.1160192289394407,0.2098386182534216
2024-11-01,-0.05685367515101405,0.15981446077642558,0.2850345969100131,0.15982291307924631,0.2858117216661539,0.16020422062201597,0.28817606765709536,0.16194415949764207,0.28214715752918595,0.1585494884750453,0.2860754822342261
2024-11-04,0.00455997142169484,0.14651377924131453,0.2588740283022697,0.14635624911646855,0.2592331358103124,0.14673126267281386,0.2614455855654876,0.14823236530195655,0.2562076605450069,0.14716102761777863,0.2628505789562041
2024-11-05,-0.07019598672466697,0.13607222670093216,0.2414099031857429,0.13594017327406466,0.24177324151719315,0.13628777404011103,0.2438204632475172,0.1377153911605008,0.2388879772494663,0.13711930930096017,0.24601331776056498
2024-11-06,-0.23061404101986188,0.12381524993103095,0.2185522942252657,0.12366296333790867,0.21881925917392459,0.12397265592958233,0.2206233757526919,0.12527118011731914,0.21613883218336136,0.12295351050645763,0.21944786394874638
2024-11-07,-0.06802749337871569,0.10525845556645602,0.1835194793923275,0.10510721358363219,0.18366678649361812,0.10536597407843967,0.1851943464124311,0.10643817712134794,0.18145730676569233,0.10359332940572959,0.18225574340398126
2024-11-08,-0.017253248147559453,0.09320232482433413,0.1650615535873717,0.0931923617825338,0.16542002254636146,0.09341121752801067,0.16675616154442302,0.0944289152102906,0.16323245475387474,0.09344669263236369,0.16696523921980774
2024-11-11,0.002006018726865766,0.08658897185838456,0.15376136433752863,0.08660639713841047,0.1541766820091662,0.08673657747989466,0.1549821384538116,0.08765397208822787,0.1521215467876893,0.08686213108899418,0.1553278291477164
2024-11-12,-0.01752066381819082,0.08359520819333531,0.1485097884388723,0.0835786502347381,0.14886406417436338,0.08367903895597556,0.14959696925824534,0.08460530750789964,0.14657041124237882,0.08368962212391536,0.14961195516326567
2024-11-13,-0.04804265300690221,0.07937877211673382,0.1408903573774886,0.07932239943499579,0.14113783948113046,0.07942038124767044,0.1418185020920355,0.08032315549946402,0.1387298081748453,0.07940542603162853,0.1417961334806179
2024-11-14,0.020473711961915643,0.07417189474817608,0.13157445035467602,0.0740723228903773,0.13167701467247026,0.07421344131946177,0.1323833315917137,0.07503128875420968,0.12946400202293748,0.07425998822028197,0.13244881723928306
2024-11-15,0.12034206927344311,0.07866084263237902,0.14055009467539284,0.07864637435658835,0.1407450336101276,0.0788746141094496,0.14164799101126946,0.07981739808480957,0.1389043733606994,0.07884239469158133,0.14154826932006956
2024-11-18,-0.03531262239920057,0.1301712539750204,0.23182965457844884,0.13001115673204852,0.23195838661412405,0.1305000009268448,0.23443019998312592,0.13202661789116252,0.2288548126836496,0.1302529886303458,0.2340957322628248
2024-11-19,0.04823985690066032,0.11986690822831518,0.21243305903330234,0.11979302529505129,0.2127378685473682,0.12014273357585252,0.2145431609962894,0.1215195274867095,0.20972514293624736,0.12039485976232264,0.21517210927011945
2024-11-20,0.048353196716553665,0.12829145811771522,0.22785147715028875,0.1282566434951601,0.22829133050076847,0.1285846356843848,0.23007724010932706,0.13007183602402844,0.2247669057145038,0.12861989124686463,0.23016928602154535
2024-11-21,-0.01704419750193919,0.13657203483989933,0.24234460942334468,0.13647194133987015,0.24267367016639185,0.13685350599807392,0.24461149565474538,0.13829383747734533,0.2394407589472432,0.13683282539078334,0.24455502182978203
2024-11-22,-0.10161334629937671,0.12633510228275033,0.22374089414415996,0.12629267931457255,0.22417996244933694,0.1265836288098498,0.2258159305095691,0.12789728884834595,0.22111549034255404,0.12647256561804,0.22554479655791937
2024-11-25,-0.04290202154420946,0.11290233085089976,0.19944627605786855,0.11276085753142702,0.1995682095075915,0.11312641032818661,0.20131490398898066,0.11424303390045637,0.1973869886409507,0.11300826881870664,0.2013936587776874
2024-11-26,-0.03484673133016819,0.1031656997774233,0.18285890675449903,0.1029301933691754,0.18272817759681406,0.10336187524563872,0.18466960944555852,0.10444428040163647,0.180743959156432,0.10336268709878996,0.1846729695563077
2024-11-27,0.0,0.0958897917728987,0.17066768702558113,0.09540380145527332,0.17014918763674713,0.09581022954739943,0.17177766760570395,0.09694147365710166,0.1681700747885454,0.09582487273299961,0.17181132229551432
2024-11-28,-0.01428595724747643,0.09134643937243593,0.16269474428224653,0.09090932795927939,0.16221733526837565,0.09130666983954104,0.16373296174733576,0.09179063971446656,0.162504508500598,0.09130429276558738,0.16372011106624343
2024-11-29,-0.02845868816453868,0.08650301095084266,0.15395201417982263,0.08611582366438686,0.15355122385938447,0.08648963291270215,0.15502897750737307,0.08648675097036052,0.1556747483057848,0.08641948683093541,0.15473947143924685
2024-12-02,-0.012663111484629778,0.08134744444819283,0.14468916971817608,0.08099726617566141,0.1443492490583387,0.08143000574727438,0.1463156205902189,0.08147440728118577,0.1463383967851342,0.08144515323624374,0.14618901286475447
2024-12-03,-0.0030030052597695457,0.07752432219914791,0.13786326513559768,0.07728564719724333,0.1376259708462596,0.07772674265065355,0.13946449564504182,0.07782072270249847,0.1393651778082166,0.0776624720116979,0.13911373534506302
2024-12-04,0.011215070820140003,0.07480632558253389,0.13337126183891526,0.07451388921266612,0.13301235293619643,0.07492172447889442,0.13475481907117617,0.0750915032944555,0.13436802678990092,0.07483111147517872,0.13433640088333038
2024-12-05,0.006669161436280821,0.07708407733388573,0.13692720807641492,0.07678689646000277,0.1365570669595124,0.07721137075471601,0.13838353692142757,0.07746423498392968,0.13772222269995563,0.07722941769257465,0.13799770248245508
2024-12-06,-0.05854959743968099,0.07751905878558134,0.13710249702609803,0.07719065928676085,0.136697399328219,0.07759805360405525,0.1385144491196817,0.07793215002462672,0.13758544362209055,0.07758044793045159,0.13798528905057675
2024-12-09,0.10543882112750338,0.07178327317853175,0.12666720131508502,0.07149192245542707,0.12630833087960125,0.07189145532659479,0.12799986507901037,0.07215851432830858,0.1273558378203598,0.0723611090446215,0.12835119576774642
2024-12-10,-0.0007049700679698213,0.11781430467842485,0.20706606501413,0.11735202118128134,0.2066640633121047,0.11792124862168755,0.20929150933892465,0.11919999851411425,0.20544736218650578,0.11910929218281835,0.210233658782763
2024-12-11,-0.0432343989734313,0.11147790222916573,0.19417423035484724,0.11106863801777005,0.19380683232115717,0.11163950934618329,0.19625951577684614,0.11280641418367907,0.19310779430283995,0.10934425380617548,0.19142278351460362
2024-12-12,0.024728532775723434,0.1028429938884263,0.17795351994101655,0.10249238277235742,0.17765033221674417,0.1030041723025762,0.1799703542638106,0.10405679523799076,0.17724651290000415,0.101906300929053,0.17728117723669834
2024-12-13,-0.00793368748507282,0.1059410028149948,0.18280485519623096,0.10561807045467254,0.18254900640811858,0.10611281818097655,0.18500656435415905,0.10718896201553614,0.18233617180833528,0.10499126595501355,0.18233012172302843
2024-12-16,0.06177402276458521,0.09989187503176108,0.17168202234246718,0.09963619805714626,0.17151422143169737,0.10007054747495832,0.17391735642075776,0.10107126904959322,0.1714449487579763,0.09894667104981524,0.17132387773510246
2024-12-17,0.07726354435253183,0.11771939668795861,0.2021856359588402,0.1177367213535209,0.20251935825872405,0.11826156469540719,0.20570874745592588,0.11944181555040964,0.20266698797554347,0.11838141394912642,0.20530426641027927
2024-12-18,0.5541096134428284,0.1407602087282536,0.24045968321875086,0.14066327335184117,0.2407812606417823,0.14110801955092486,0.24478629527048498,0.14249014285493844,0.2410582336882497,0.14103755877020685,0.24379735892991608
2024-12-19,-0.13674333135436612,0.5500330460233082,0.9761381307714605,0.5502314756054583,0.9777359644470563,0.5530796088749529,0.9922995699097383,0.555057930683636,0.980701944004698,0.5846617884600015,1.046444088016632
2024-12-20,-0.27162243143443565,0.44153505940750476,0.7797404506031982,0.441809727304478,0.7820953635640603,0.4427228870216468,0.787394931202736,0.44618245896017605,0.7757438430503997,0.4311301818907388,0.7653305487613535
2024-12-23,-0.08998668415328416,0.3611219426001318,0.6384017503862569,0.36046907308901455,0.6386699919717442,0.36133810231321045,0.6448789679207397,0.36384894588998873,0.6345364263173223,0.35738499996538275,0.636824431889095
2024-12-24,-0.16202826955031513,0.29767071885046203,0.5265864160794625,0.2973566937345641,0.5272233085186593,0.2977631338940526,0.5295454270008408,0.3004439833554663,0.5214252637373203,0.29443247291177826,0.5229125108005761
2024-12-26,0.031726798985793885,0.24893633384325817,0.4406144466011371,0.2486643449126541,0.4410386464723002,0.24902111997452367,0.4427515335925291,0.25137557253181,0.4362735899041356,0.2486708202216426,0.4419684893183063
2024-12-27,0.07957259875631452,0.22689948510711638,0.40152857522267,0.22694229646236264,0.4023183673559773,0.2274008325366596,0.40441716052661214,0.22964050399981872,0.3985319559353999,0.2265803538095556,0.4026990847690137
2024-12-30,0.0870113769896297,0.227492661081481,0.40271986723157754,0.22751153651309428,0.40340512357098307,0.2280451784873607,0.4057972143337601,0.23042305434345736,0.4000465536425657,0.227676238343441,0.4047344312891576
2024-12-31,-0.0028776998276149467,0.23172767884918813,0.4099296167776298,0.23121629168275537,0.409909488625274,0.23188591292727032,0.41492419978732314,0.23431566485211672,0.40650612119405155,0.23177071580512984,0.4141556803214098
2025-01-02,0.032882781224173235,0.2030720631638765,0.35915200842004197,0.20265093151103145,0.35918741483638505,0.2033241561384781,0.3638931308398686,0.20552753370891708,0.356036155779243,0.202937525907625,0.36269433435323656
2025-01-03,-0.10579439547992411,0.19108370252828086,0.3380476050194153,0.1906986015618714,0.33809826588269426,0.1914320581854373,0.34281183705559093,0.19352088101760198,0.3352036442100716,0.19170247131994642,0.342782493178062
2025-01-06,-0.005595289698749056,0.1667237740754679,0.29462239014601166,0.16658373124016063,0.2950576589464604,0.16709570243188243,0.2986420767506453,0.16894041851863925,0.2921418841693406,0.16804411864736316,0.2998731027210652
2025-01-07,0.10523581960429484,0.14908496109568775,0.26361029062055796,0.14907480005749899,0.26412645307941873,0.1494597644315171,0.26735687054482304,0.15114610291936753,0.26128915501957384,0.14967089091482147,0.26741727578373065
2025-01-08,-0.0067567824628798736,0.17850338984855932,0.31466403651167263,0.1782080736223274,0.3148817217891027,0.17851240791251893,0.31640579009247355,0.1806587886535732,0.3118034022192553,0.1799203394798565,0.318489809002122
2025-01-09,0.020688465024353817,0.1600013637636846,0.282222370214932,0.15973129337302583,0.2823569149937475,0.1600392505285008,0.28386050233190135,0.16194753448047677,0.2796008750456562,0.1601517117164579,0.2838665729653254
2025-01-10,0.07821054201049951,0.15219976294173906,0.2680671000164678,0.15198343542075143,0.2682584583621451,0.15227574162242152,0.26987037453557966,0.15404718688578922,0.26581194177605216,0.15249543450738304,0.27011331314001574
2025-01-13,-0.01807433659502802,0.1682494291066219,0.2961574749984595,0.16803675848260893,0.29643796749066564,0.1683314841812075,0.2981445953846163,0.17030789167063468,0.2936565267795011,0.16875769334279944,0.29874271633679994
2025-01-14,-0.025331169733610364,0.1504689337907379,0.2642552499343381,0.1503387830688767,0.26459187023117486,0.1506027623441072,0.26635264790048424,0.15223794624155892,0.2626081425314695,0.1505580654917581,0.2663077280232381
2025-01-15,-0.14899740320751598,0.13502637019487349,0.23728410461213822,0.1348975304239605,0.23757940565750996,0.13514018857509236,0.23950477989967975,0.13627882487367207,0.23680970017033723,0.13490695200130545,0.23921325540438354
2025-01-16,0.029341958284015375,0.11799377745687092,0.20691008934904676,0.11786729604260673,0.20712693808129412,0.11805485814808714,0.20838736221340837,0.11943911061481409,0.2053044057218857,0.11805052239671777,0.20838046250868444
2025-01-17,-0.038690733135576486,0.11999161467268032,0.2099260129716993,0.11985199102758111,0.21004598228352592,0.12008405084118015,0.21129427553086352,0.12152196421688073,0.20820742411617338,0.11995635523644507,0.21120307425242607
2025-01-20,-0.010069311005540446,0.10898882849783957,0.19041014249199698,0.10867320352079604,0.19017800993863293,0.10881457192905429,0.19181193355385176,0.10963390286975573,0.18944441088466868,0.10845282656685509,0.19158699734048062
2025-01-21,-0.04860042884963318,0.1007703890404035,0.1762456637516256,0.10070441098001069,0.1764714913515081,0.10077474199624686,0.1773794622515351,0.10047962794611244,0.1786843938917171,0.10070765201235705,0.17744718384603445
2025-01-22,0.0026525214491311235,0.09255378696326204,0.16199314578373042,0.09247345983293025,0.16214026324176958,0.09254927131814139,0.16283297046761191,0.09232996432390815,0.16415952036274895,0.09238932448490933,0.16261327754763089
2025-01-23,-0.0053120974848899416,0.08910311775526328,0.15595810460098636,0.08918800736178888,0.15647879582746183,0.08918152214649154,0.15692826889967024,0.08895155110368133,0.15821068323875626,0.08916261507445579,0.15698408804565156
2025-01-24,-0.011382781087280068,0.08367523660106939,0.14691483867708968,0.08405259095824143,0.14788920274935155,0.0840767930305878,0.14884034796729434,0.08383075258361027,0.1497829410771793,0.08403469596282888,0.1488115030459496
2025-01-27,0.18680084759800056,0.07918413863095479,0.13916842000013538,0.07945062129175329,0.13987167418092875,0.07951517201836261,0.14103735240508317,0.07919502127277901,0.14202446356320922,0.07934225268883108,0.14091577130801192
2025-01-28,-0.08690980774470972,0.1863654895039144,0.32769117586791807,0.18639714127304308,0.3284401664931628,0.18660698043520077,0.3297776106846972,0.1876619480076824,0.32904281637967764,0.1847888214139133,0.32651689342757606
2025-01-29,0.009099243855114089,0.1621730650951662,0.2854129023337477,0.16226514902634703,0.28617596629002195,0.16245940502956235,0.2875454322794673,0.16316750371823752,0.28730846366410084,0.16287681880189925,0.2882619092281441
2025-01-30,-0.04445176257083381,0.14882082888698758,0.2619185607786395,0.14868430206483357,0.2622216570959764,0.1488970789924086,0.2633109975983371,0.15015166291104765,0.26165944126867896,0.14894445324793615,0.26339261680525883
2025-01-31,0.036570545662896865,0.13293654654272746,0.23395127093627724,0.13298952340226633,0.23452247604983703,0.1332068882686387,0.23601597075918238,0.13462963352300908,0.23289400270720964,0.1330573657330887,0.23562845406822633
2025-02-03,0.12512733979974433,0.13561564405429377,0.23877196073052584,0.13564545888758955,0.23934543977163883,0.13588291793276486,0.24074500479571465,0.1374994505698596,0.23710603970518063,0.13571634428594262,0.2402437887743652
2025-02-04,-0.078745661625473,0.17631265023196904,0.3093711139328723,0.17629223145535572,0.30994175234966237,0.17660028490494148,0.3113121483390278,0.1785951651044136,0.30649250707981285,0.17720136855658505,0.3124985304977179
2025-02-05,-0.08738120924850114,0.15484007153844434,0.2713311354143665,0.15477201398280385,0.2717543979003825,0.15510535763773514,0.2730478299515559,0.1568731464083162,0.26875740534087794,0.15503195518650226,0.2729675785415384
2025-02-06,-0.017269377049746064,0.13609029351783303,0.23875257765381522,0.1361547613155021,0.23940593464121285,0.13633104381686598,0.2400132404654115,0.13796179391700647,0.23618609676642444,0.13643161542268673,0.24021811295384918
2025-02-07,0.06494166567034436,0.12388865845861488,0.21778929817951986,0.12395114104149024,0.21829695012807845,0.12412270431979242,0.21889092008973982,0.12566378450155238,0.21518043104092194,0.12389670920094309,0.21849535396426478
2025-02-10,-0.04513903837416452,0.13964754573681598,0.2456859075343969,0.13965599438475812,0.24622383149335342,0.13978829614900395,0.24687772055933663,0.14145336032632652,0.2429693229414923,0.14014931456915633,0.2475450502047308
2025-02-11,0.013195290418832424,0.12612123642069278,0.22186538115743798,0.126052431658529,0.22214708756999227,0.12625831825850786,0.22303398330120575,0.12791940794052992,0.21908639731497714,0.12630886691604332,0.222847484314926
2025-02-12,-0.008147961091588458,0.12168898593371624,0.21437402645810064,0.1215731480895183,0.2145564395984566,0.12187406389564717,0.21536165642561056,0.12269036320638914,0.2146235620274206,0.12176488239433789,0.21505538301043703
2025-02-13,-0.05099523672774606,0.11314349430593204,0.19939340059556696,0.11315721337026156,0.1998564240907162,0.11327424351110625,0.20016407802243452,0.11474950362153956,0.19681297884389465,0.11324128736307115,0.20013246358714973
2025-02-14,-0.022096647277590167,0.10319804029568097,0.18184289204084045,0.103218253254023,0.18227594286360993,0.10335136934398097,0.1827157323599993,0.104698454298481,0.17954474969024972,0.10388899171634566,0.18355712998388152
2025-02-17,0.039819461007216096,0.09589300609204496,0.1692081213137822,0.09586773586392061,0.1695166864079518,0.09597227569522572,0.16982017337502114,0.09720370956230097,0.16696579541623568,0.09614017542185233,0.17016090593200453
2025-02-18,-0.0013020835172983022,0.10655389373717705,0.1880415168339719,0.10652395048010378,0.18839704959113335,0.10660459887771716,0.18858197817133832,0.10640383119421487,0.19076394500510185,0.10689652019505586,0.1891389523809406
2025-02-19,-0.005225354802665118,0.10052597659479505,0.17766907868892115,0.10052864727360172,0.1780883953763353,0.1007166075045473,0.1798750403766326,0.1012250083192554,0.17802200966491188,0.10066206329291011,0.17964653332863378
2025-02-20,0.025219571332116105,0.0945327609963265,0.16722601730990083,0.09466093381382043,0.16786389656341,0.094765974608924,0.16932683203675214,0.09465968762198783,0.16945102068569182,0.09480701487652525,0.1692971583805517
2025-02-21,0.15086120317685958,0.09968392823200035,0.1762796774969206,0.09974707486095007,0.17681246674556872,0.09986227737071118,0.17830531119777693,0.0997598140390788,0.1786416665579068,0.10018257301462244,0.17871030955309028
2025-02-24,0.0414148994422651,0.16691822134802822,0.29387094091602944,0.16693747739338882,0.29456094427726665,0.16712438721889292,0.295348935124807,0.16928911791501508,0.2910686195661954,0.16931327822907824,0.29929135304300564
2025-02-25,0.023432470207566954,0.1656920877432858,0.29168592593496123,0.1657834529985169,0.292428232386814,0.16602136330605377,0.2936297898207587,0.1680152884226993,0.2894169043423987,0.1652686761774757,0.29237528306983146
2025-02-26,-0.017129928336764428,0.158169290387291,0.2786183447920481,0.15810721681484785,0.27907282173674,0.15835031413462197,0.28021031119696715,0.16032293360771047,0.27636508211143407,0.15751530125177227,0.27884196750430923
2025-02-27,0.10100549657538105,0.141980326378243,0.2505617799821885,0.14196115924425143,0.2510533474699711,0.14212964601902994,0.25186259583765785,0.14396657755576814,0.248911043970663,0.14152307925978078,0.2508456014660746
2025-02-28,-0.07363482333959559,0.17049026479030807,0.299907952331663,0.17033062503288313,0.3001685619634053,0.1706734594114584,0.3030271279143929,0.17300904879356183,0.2976580900467953,0.1715620317171968,0.30517958781518856
2025-03-03,0.1488239497306665,0.14881170052206608,0.26266997559378785,0.14883965774002936,0.2631402539269285,0.1493008250819844,0.2671040527540465,0.15136213151095648,0.26088391886633466,0.14952874453954493,0.26678133697001966
2025-03-04,0.03154290453294199,0.19793884657871888,0.3476196843249872,0.19776653730707341,0.3480346289574326,0.19825065586848514,0.34980530845005786,0.20109507802039958,0.343878400998525,0.19960146319198,0.35230994781256847
2025-03-05,-0.0695703001221814,0.18696212734104137,0.32888617665624864,0.18717065603693903,0.3299175135968346,0.18758758204969037,0.33131958809621137,0.19029106588525463,0.32562408868366605,0.18683832612229373,0.330019632374623
2025-03-06,0.12580669538551653,0.16346437942123918,0.2879730189821064,0.16385250282649694,0.2892356671787448,0.1641191630723176,0.2901806992472702,0.16648761774501486,0.2851885633086649,0.16411402015873067,0.29016870256516997
2025-03-07,-0.062209109264546765,0.1980068318230985,0.3476911106675668,0.19788485892988328,0.3482521262877802,0.19803587606719472,0.3490735333995144,0.2007475268353707,0.3431259074772673,0.1986393130139156,0.3500696850628598
2025-03-10,0.17573881980089295,0.17352522660078973,0.3049388619787686,0.1730030775922634,0.3046393843596135,0.1731881868208346,0.3056216794157094,0.17546981929941802,0.3005824486281849,0.17307922732314918,0.30542336385781793
2025-03-11,-0.03432246357513256,0.2278586063663295,0.39912617413642804,0.22777520008610044,0.40002436722780815,0.22777509302058274,0.40075691528808727,0.23053294532940416,0.3939707632477433,0.22876893232183004,0.402714094707095
2025-03-12,-0.10527796994809278,0.19973788394024436,0.34974744923754647,0.19952312409073789,0.3500817582861846,0.19971498166068116,0.3511765911203264,0.2020994225942326,0.3455805402435957,0.19947352769279306,0.35085433841019076
2025-03-13,0.017590962907763952,0.17303936486018753,0.3031090761807328,0.17259229816538343,0.3030253669589777,0.1726537903591847,0.3037505839586031,0.17474820869208066,0.29865037082624196,0.17288305968854267,0.3042537463034274
2025-03-14,-0.12464962248974215,0.16254825708686071,0.2849215157164658,0.16256577171670814,0.28568865213301403,0.16257566189180708,0.2862700401300244,0.16453044980794465,0.281414000310719,0.16255354747901551,0.2862412153767029
2025-03-17,-0.05962030316216668,0.14122343449241662,0.24763262999518043,0.14107028193824975,0.24801540685753437,0.1410753106284031,0.24864265700526744,0.1428202042147535,0.24417452626982336,0.14147749834062592,0.24938506253335774
2025-03-18,0.0563996884621246,0.12643547076796266,0.22188496109455916,0.12648323027986538,0.22256017926984847,0.12647578755146685,0.22300856604504735,0.12801332972326296,0.2192121355368256,0.1266484325688182,0.22331613239686068
2025-03-19,-0.08659252881596725,0.13927479219874558,0.24406806377368023,0.13930170935825187,0.24481367481193683,0.139284346103162,0.24524094731910015,0.14098044314612454,0.24108635062744113,0.1394667910280262,0.2455297736007892
2025-03-20,-0.00503779402995707,0.12343221880133759,0.21642701275020118,0.12330700364479794,0.21664505699031772,0.12340717080728494,0.21745224620546122,0.12490560618591537,0.21371758711783173,0.12378548642488782,0.21800326457650496
2025-03-21,-0.026613648518089943,0.11511739797587302,0.20188559319593083,0.11505478992288831,0.20217490176663397,0.11514011808408746,0.2028222038810601,0.11655393347113012,0.19937293870894654,0.11503417871684767,0.20253232072231725
2025-03-24,-0.09801091895501016,0.10645249801184115,0.18677341285433216,0.10639144460223747,0.187064063369713,0.10645258336942653,0.1875745685365831,0.1077714612498405,0.18436962355836609,0.10652351364426332,0.1876603333229675
2025-03-25,-0.01905919661544056,0.09443582116112222,0.1658888882343965,0.09439517545913528,0.16611951937705471,0.09445185816956739,0.16665606449900497,0.09559395906561059,0.16378423387154484,0.09467282328208024,0.16703054402005452
2025-03-26,0.0665408882396647,0.0887581011881183,0.1559673379159744,0.0888160646402357,0.15632458428699592,0.08888181333330872,0.15674892710470703,0.08997104788908189,0.15414760441228517,0.0893065192522886,0.15751254510967605
2025-03-27,0.01944955961585788,0.11198202588920844,0.19608307282301835,0.11180117467285018,0.19615581623598963,0.11174774052088132,0.19626576131491533,0.11306430291386922,0.19298464229123272,0.1124157016701119,0.19740365523046394
2025-03-28,0.1470168329810272,0.11232237685520921,0.19671039858594905,0.11227891129256178,0.1970744204940518,0.11219315483053112,0.19715295971049432,0.11352048176650756,0.193475590227592,0.11286523398106882,0.19817770595485854
2025-03-31,0.02868396061058456,0.1685230939192287,0.2938447009640548,0.16859814018805896,0.294924234529216,0.168284209484579,0.29449037016525015,0.1701700976379292,0.2884508224984185,0.1667482817927902,0.29200706635409635
2025-04-01,-0.02315653981262728,0.16280539440225567,0.28457578220599017,0.16302797179713482,0.2857231059159102,0.162907667055648,0.2861649147957585,0.1647420042956789,0.28151378042574765,0.1639309082383743,0.2878463914509819
2025-04-02,-0.012014931966817285,0.14778658916571843,0.2586613090288006,0.14776226060419062,0.25916322008799125,0.1477151340016096,0.25966600690222447,0.14940076421270998,0.2557027937843367,0.14775323455523284,0.2601770742015967
2025-04-03,0.33334588292567713,0.1352643811532703,0.237145657747005,0.13444447741497847,0.23610985521479588,0.13456120034791105,0.2376926878128274,0.1361534854339496,0.23337696121435753,0.13460708666625354,0.2380538916882491
2025-04-04,0.411663932473731,0.29137219851382756,0.5129675210095741,0.29142666358482877,0.5141143956675258,0.29156481584109595,0.5171614198542727,0.2941350209656412,0.5100989765715176,0.2791741639878852,0.4955660956473313
2025-04-07,0.03619422055171972,0.43334500257182207,0.759348921410651,0.4334448939890509,0.7613842410674415,0.43285066021390917,0.7617057354152,0.43785220029547434,0.7484938714067582,0.42784907860759863,0.7531825996004424
2025-04-08,0.10784784115334974,0.37338050191898825,0.6553215079557124,0.37425807989156845,0.6584896097710051,0.3733414962212874,0.6579961700158229,0.37758326060766867,0.6469426913191364,0.36445603131120535,0.6431218926329891
2025-04-09,-0.442448692403647,0.35414843156206893,0.6216267515539634,0.3552094555428002,0.625508035886822,0.35422086777081596,0.623583486159225,0.3570233668451723,0.616095536872365,0.34908695185945204,0.615579024221534
2025-04-10,0.19159824426179786,0.2793290487112655,0.49202460500198647,0.27944134160725986,0.4936646381916974,0.2787915441274915,0.4926811711534577,0.2813598519119849,0.48489026510945793,0.26176358819362416,0.46380675573172914
2025-04-11,-0.08077971790220508,0.3186183991200346,0.5586848048467765,0.3182374312228741,0.5596568426111571,0.3175298482254275,0.5604604939985208,0.32037907332455895,0.5514566335520336,0.32301461621581223,0.5695251500576944
2025-04-14,-0.1955071474095718,0.27159044219367273,0.4764475746764618,0.27108285686133493,0.47705537201065995,0.27043882345933007,0.47737028467038173,0.2730238822725074,0.47025867698663093,0.27052580134898985,0.47754940133645263
2025-04-15,-0.025243103998797475,0.2284254714346163,0.4008765003218197,0.22802758656626296,0.40128718141006414,0.22757557257528066,0.40234665458229574,0.2296122899243304,0.39683400897943405,0.22693032672690167,0.4009710869560073
2025-04-16,0.08034912716421336,0.2005212693629269,0.35225778828271276,0.2003879398019462,0.35304681284703215,0.1999146381551531,0.3537295183307178,0.20198923265697213,0.3480409962630857,0.2010381866530661,0.3554425638555563
2025-04-17,-0.09607640465217188,0.20967641549821167,0.3684983486967958,0.20955482896947447,0.3693459584063193,0.2091996172890536,0.3700600613148628,0.21134244112940975,0.36429922200440634,0.21039640989133396,0.3720557808986145
2025-04-21,0.13159021802669985,0.18273397822395548,0.3213013595061059,0.18248255926040421,0.3217545208497738,0.18227550899357786,0.32264106693911254,0.1839940915762349,0.3178318793189596,0.18236662954430682,0.3230367495251321
2025-04-22,-0.10103320756769112,0.2166694581946934,0.3810315445195986,0.2158582978917919,0.3803307152299171,0.21572926931743047,0.3824891856770026,0.2175985796776475,0.3766580062997014,0.21726882782379892,0.38517360753040086
2025-04-23,-0.07187097533040321,0.1893038725237866,0.33213799321103826,0.1884111596528113,0.33114965031319094,0.18840956314258378,0.3333134377277539,0.19001515504438615,0.32833634614771284,0.18839494788213582,0.3332622386173801
2025-04-24,-0.07213614433332999,0.16683414560969395,0.2930530533103456,0.16614794395932556,0.29240297051081127,0.16602834581008147,0.293921195217915,0.16743812097601457,0.28963479833409617,0.16638261790396006,0.29452406176716406
2025-04-25,-0.06355675917373181,0.14798542093672906,0.2601070854111075,0.14752077005551048,0.25988467186016445,0.14731004150927263,0.260864938365455,0.1485460142124604,0.2572220768901047,0.1477384695727287,0.26157282361118545
2025-04-28,0.012402639480470252,0.13257547520566462,0.2332243367906907,0.13221853465399824,0.23314312483305832,0.1319948548057438,0.23386867523832547,0.13311371472659525,0.23063039528193816,0.13240573752319185,0.23454833664466662
2025-04-29,-0.039745701830356465,0.12727255474711235,0.2240042291829751,0.12692149497082153,0.22394229061548845,0.126671625434858,0.22450624805540811,0.127763462251547,0.2212954520991262,0.12694087583361927,0.2247660175167786
2025-04-30,0.02169104891853981,0.11600579551261461,0.2042040000595159,0.11567031844262264,0.20411796249175623,0.11543937558019131,0.20460721266872187,0.11648273401869373,0.20152660770714306,0.11569147631127587,0.20483198841987252
2025-05-01,-0.004056800695614318,0.1168235669795845,0.2057277063608735,0.11646811764484644,0.20564325677261286,0.11619719992055896,0.2057358516442957,0.11732158549703754,0.20272080543921173,0.11623653680802377,0.20591357939213395
2025-05-02,-0.08126296407876588,0.10919873594060867,0.19232440390039288,0.10883158946648087,0.1921340850552314,0.10859627098316184,0.19234533904113857,0.10971897313641074,0.18903132297134387,0.10850866101431457,0.19214282762998955
2025-05-05,0.04145671367834613,0.09848905427722057,0.17343031900344724,0.0981527217192182,0.1732654536822295,0.09794481960939588,0.17343672310327732,0.0988652937166346,0.17083360035835657,0.09845039836661001,0.17429846929274628
2025-05-06,0.0462892552784979,0.10946557316667516,0.19299193689699526,0.10899117847848937,0.1925866849068427,0.10882368365769254,0.19303430129432114,0.10980773159525818,0.1901777309586004,0.10891365035777774,0.1930115683289248
2025-05-07,-0.050103627353968644,0.12125770513600037,0.21362308840634764,0.12077419215976906,0.2132693560467391,0.12056913635413706,0.21374495376806604,0.12166459176918652,0.21051647081241814,0.120596294236681,0.2135870546107841
2025-05-08,-0.04649979543693642,0.11107135239002887,0.19542008018670032,0.11051391252340506,0.19485304256081476,0.11039684646007095,0.19557860705288008,0.11133307654272956,0.1928050257255606,0.11040682803032947,0.1953860713922404
2025-05-09,-0.026139388203035244,0.10139492701096028,0.17857384882044958,0.10097556461768097,0.17826024885793568,0.10077878526679065,0.1784460723454056,0.10171122559948925,0.1757801562548704,0.10083457871313005,0.17845948737986914
2025-05-12,-0.17467959820622536,0.09416362387850735,0.16651800566239325,0.09362100556146626,0.1659021035011879,0.09347867780285034,0.16608020768942425,0.09432301165861688,0.16440702437638305,0.09340585735954504,0.16600117895802932
2025-05-13,-0.009287146784417596,0.08025452137153101,0.14225741268775427,0.07975495750121879,0.14168787476960704,0.0796169441103253,0.14175354279548638,0.08042242629628672,0.14009186031351334,0.07935527428746257,0.1412279084822897
2025-05-14,0.02171638001710881,0.07649482776883322,0.13565372138472545,0.07596556818455044,0.13496835742890093,0.07589079281494968,0.1353456922397232,0.0766409360124989,0.1335730929889097,0.07686494021502291,0.1368100133026759
2025-05-15,-0.043353839973872134,0.08250229661934833,0.14618918381638143,0.0819277204721267,0.1454276293084761,0.08186062260403824,0.14600277803547976,0.0826562526952925,0.1439297821644901,0.0824594150745371,0.14677243838319176
2025-05-16,-0.03365016663950201,0.07706634823908055,0.13654036516150836,0.07649539059296147,0.13575069656592084,0.07645945338625298,0.1364351470191047,0.07716031611667129,0.13448184947479716,0.07653971220871486,0.13631308577433182
2025-05-19,0.05088717945144356,0.07229895746551268,0.12825630462121138,0.07177606321501066,0.12752088356192076,0.07174418264848542,0.12817895292249515,0.07239558241349034,0.12631336210993807,0.07196278999741587,0.12835110156367235
2025-05-20,-0.002760145279786777,0.09113162552698437,0.16128986458838837,0.09056722677886073,0.16052271137365043,0.09058949841074186,0.16157278741061032,0.09136172608479348,0.15967247460541073,0.09143692219056745,0.1630071875221467
2025-05-21,0.14295342168190558,0.08702689218221563,0.15395364971222358,0.08648493468770396,0.15317909510429378,0.08653939352591339,0.1543535738581111,0.08729449998038996,0.15257886728611517,0.08727779018729252,0.15566413634094312
2025-05-22,-0.028677542366127,0.14953447108047496,0.26389959543372726,0.14865252140401272,0.26282757348106683,0.14871117649011473,0.26510994030825547,0.1500117285729306,0.26187766290462894,0.14636028141506974,0.26089763042076475
2025-05-23,0.09450296867479507,0.1363800987986507,0.24052103548040496,0.13528839839454906,0.2390020346974839,0.13567481443460316,0.24198417137406816,0.13685976909800568,0.23846943043061797,0.13708560738648096,0.2445674152015162
2025-05-26,-0.08030444373291165,0.16164033995530677,0.28517315347631056,0.1607179490961332,0.28402276396174464,0.16088235013794688,0.2866680695567691,0.16227177976840998,0.2828924884815296,0.1603923247895464,0.2861773130936483
2025-05-27,-0.08150220683799007,0.14526877340434888,0.2556251556795335,0.1441852955175536,0.25412794135737,0.14441728204563664,0.25680769147063315,0.14565410693930622,0.2534862134573418,0.14314732003786607,0.25478910866957166
2025-05-28,0.018291599613547135,0.12990825290216887,0.22891052836042097,0.12912949138936297,0.22792204114852815,0.12913682412365154,0.22952091628240112,0.1302057730547765,0.22696706899989758,0.12800655042505288,0.22806715558150256
2025-05-29,-0.00675502698513084,0.12705173487166074,0.2246756245916115,0.1257093961822735,0.22275871600742644,0.1259619603778073,0.22473784260318436,0.12712898928688374,0.22261691724597013,0.12780273629896,0.2284089992482578
2025-05-30,-0.032320694090677754,0.1182192072065951,0.20908294756677015,0.11741908666772037,0.2081896209435915,0.11739155944854089,0.20923217705690106,0.1185540796776272,0.20727252670448584,0.11851981186619197,0.2115154796881066
2025-06-02,-0.011372990172270024,0.10919929626750918,0.19323666068535464,0.10845355342152317,0.19233264589366994,0.1084474619945042,0.19335877819813746,0.10952683268749276,0.19153846140084865,0.10831233018657879,0.19341947058635817
2025-06-03,-0.0371748770206504,0.10251179684653289,0.18151534131744484,0.10177216651743384,0.18062509232965254,0.1017830915147113,0.18163054971483164,0.1027842355120621,0.17994579227952662,0.10221416718878101,0.18267587782428266
2025-06-04,-0.0045325856635792606,0.0950261257089997,0.16841426340867421,0.0945201780211965,0.16785007244841832,0.09445998683449713,0.16859247098446634,0.09543359382071417,0.16687373839639855,0.09374700231668961,0.16773865404905794
2025-06-05,0.04822214370542347,0.09031686779794112,0.16022509372051633,0.08984188141916101,0.15972104586020888,0.0897392670135538,0.16024939198232477,0.09068018414529655,0.15865537584687417,0.09024256574072105,0.1617329812164341
2025-06-06,-0.09709749037842066,0.10499847972469505,0.18615135177957448,0.10430637422964156,0.185276311646259,0.10432259166224231,0.18633065802877793,0.10531666916796845,0.18468771437180062,0.10322732273069687,0.18480841884983398
2025-06-09,0.02298951822469878,0.09498327625294081,0.1680489294178411,0.0941666481735897,0.16691573185795439,0.09442638571376488,0.16850399773103894,0.09526658238271389,0.16668872992205544,0.09199363780932213,0.16460583629459066
2025-06-10,-0.012313260233357014,0.09800244116523173,0.17402267613789177,0.09738241685592129,0.1732401615525859,0.09748269847274388,0.17433386042078577,0.09841464191642832,0.17249025916921756,0.09872815466708888,0.17689201847403757
2025-06-11,0.01812385182882285,0.09280721868127575,0.16477832804283443,0.09189166808400694,0.16341833612268789,0.09216580149089466,0.16502253474901493,0.09295680361898832,0.16326107128164613,0.09302751519718708,0.16678956279103363
2025-06-12,0.04309056652490976,0.09517523260702783,0.16921322272979122,0.09418403723989444,0.16770177712806666,0.09450322633922241,0.16945952793894084,0.0953034030111297,0.16752101589880286,0.09496889961932782,0.17047950332242506
2025-06-13,0.144431811006631,0.10667541963551809,0.1896761216944923,0.10545883364678435,0.18780247463119412,0.10580886455449708,0.18968893281061067,0.1067450283432088,0.1878298492140508,0.10550328848972974,0.18943495942499944
2025-06-16,-0.08570230493464115,0.162558063667696,0.287784852701696,0.16110121441102257,0.2856569567560019,0.16140692414654165,0.2882354490196452,0.16277749455712343,0.28536948924104866,0.158567661686418,0.28347990326374256
2025-06-17,0.12248155643793772,0.14585546349136902,0.2574814623705797,0.1450780596534933,0.2565951495028786,0.14543440219360748,0.25885728525076007,0.1468022905995511,0.2562672171415783,0.14523917360559108,0.2589749134886958
2025-06-18,-0.06998542739970315,0.18010940144191723,0.31864282172548164,0.1792116959675157,0.3176160282116959,0.17943895380833094,0.3199667944100337,0.18097166013184982,0.3161253590105015,0.17941313001490916,0.3208380755435112
2025-06-19,0.09603213633780391,0.16198403593308416,0.2853220527203258,0.1604680472902422,0.28310079046815817,0.16086319007831912,0.2858525968211066,0.16223042771021898,0.2819897337490877,0.16240931194425012,0.28938005831419966
2025-06-20,-0.07247854503940626,0.1810561116813961,0.32018387649010244,0.17966318246178303,0.3184355677514422,0.18012719165427044,0.32162829203677207,0.18162629612714576,0.3173344358409185,0.1807480211924915,0.32358491680111107
2025-06-23,-0.03906553605710941,0.16291663551520993,0.2865369019303407,0.1615495521930912,0.28478441220150985,0.16207082404445877,0.2881440516291026,0.16326988819535926,0.2844605967047123,0.16299238199847127,0.29056826824242427
2025-06-24,-0.12613857230431513,0.1465099217892409,0.25819977181792353,0.14529884030216197,0.25665086949981025,0.14570690514890985,0.25941136307455426,0.14689161130722303,0.25584590097213356,0.14681210433997852,0.26202269156690977
2025-06-25,-0.042062275173452394,0.12996862650619306,0.22833270366147446,0.12882240628541355,0.22679888929821562,0.1291957518154736,0.2291354369684778,0.13028849617844668,0.22592163324631348,0.12719226739299855,0.22622583542860494
2025-06-26,-0.010194990851583931,0.11751085736411536,0.20739408849065055,0.11651056219336887,0.20604546993129613,0.11682059534185346,0.2080149680500345,0.11789448024379079,0.2048332080614745,0.11740047956287186,0.20943598775479608
2025-06-27,-0.0164087546663921,0.10932745822692719,0.19329459949168676,0.10836751435232164,0.1920070821968481,0.10863879342784971,0.1938100922284692,0.10961861016686587,0.19079450434270653,0.10977202859818849,0.1960053497296355
2025-06-30,0.024812165462771676,0.10217207336684586,0.18069233583615682,0.10136356591502736,0.17964153908389244,0.10156350461040403,0.1810770571827927,0.10247081702948,0.17849043144307492,0.10207253475757185,0.18214825789689354
2025-07-01,0.005959493203981908,0.10570502469333362,0.18724075967885184,0.10483545160632657,0.186110884752287,0.10503457547556526,0.18757427367792182,0.10595099266715574,0.18483896712638428,0.10505227395125584,0.1878017890626939
2025-07-02,-0.011353572809652013,0.1028322883152508,0.18212196582942716,0.10195175123349699,0.18098462619088526,0.1021334775204515,0.1823354568309483,0.10296347140508884,0.18028752193320227,0.10253782825128593,0.1832825855696657
2025-07-03,-0.015748356968139282,0.09692914351242417,0.17171895269069473,0.09605530935590478,0.1706073542673652,0.09621910330390165,0.1717726887571399,0.09711159858976544,0.16991667584811215,0.09634022758595905,0.17225491280878213
2025-07-04,0.06499629180246602,0.09115571758076829,0.1616760400015526,0.090306217497446,0.16062535284542906,0.09057276624573872,0.16209047237359056,0.09138995190373347,0.16006015989420175,0.09034863139801468,0.16218922595669574
2025-07-07,0.01757913145035429,0.11165348637185758,0.19817438618942293,0.11035796332656744,0.19653627088833056,0.11077185341272722,0.1984530346396621,0.11178122515587606,0.19613545904530014,0.10886909599807941,0.1953433652002037
2025-07-08,-0.05666255425721957,0.11278916152274766,0.19984278669063424,0.11162866664838225,0.19831035094689542,0.11193707148964643,0.20019460171331738,0.11291451262367741,0.1978775553411984,0.11247856935488226,0.20151327319315498
2025-07-09,-0.053142274058455195,0.10428565792732916,0.1844211827914253,0.10324717304298854,0.183090732478487,0.10361731326457362,0.18524007824841363,0.10452587951038246,0.18329293374277467,0.10283251153025354,0.18406380998903615
2025-07-10,-0.010088357944340766,0.09563909989618996,0.16938599181719213,0.09461735695997545,0.16802281901229424,0.0949613633513649,0.16973348084507972,0.0958889443770658,0.1679374754282391,0.09427693437681368,0.16880050152246046
2025-07-11,0.03853801941242448,0.089927095051657,0.1597863495326738,0.08895496162310426,0.15848762649520767,0.0892295717836568,0.15996714913539503,0.0901391912541921,0.15814282629123014,0.08973937888725837,0.16115560079131871
2025-07-14,0.047628048989254664,0.09962780788284023,0.1775384073512397,0.09860612105182581,0.17624484599933285,0.09892624626009665,0.17810149999990668,0.09989089505420157,0.1758582339704874,0.09834257237558916,0.17718151118286005
2025-07-15,0.010410736017838509,0.11231862722834554,0.19998769041886466,0.11106078926255192,0.19836742716332142,0.11143642689082162,0.2002779646373617,0.11258448858511631,0.19765628410711045,0.11105572103612786,0.19999061610458624
2025-07-16,-0.012739025777429714,0.11025102552776504,0.19605924177172254,0.1088992373807661,0.1943304616122078,0.10931019668792091,0.1960996718026692,0.1096191957312611,0.197260043979302,0.11037272763083468,0.1984305326662349
2025-07-17,-0.03800932596698429,0.10387591665501514,0.18475563634685307,0.1026234895414084,0.18309968739519963,0.102918978469055,0.18496022509733429,0.10326118658252263,0.18533559316605241,0.10371460143425891,0.18675317560735055
2025-07-18,-0.006680862990832492,0.09625001577794799,0.1711705189656771,0.09513131449312077,0.1697084021286451,0.09540437505766439,0.17143835276313615,0.09574481642596055,0.17169767549608408,0.09495465338660132,0.17102876568294523
2025-07-21,0.014519311324453148,0.09073814204158938,0.16179027431723728,0.08965914171626949,0.16039548751400684,0.08991205941077819,0.1619335376496714,0.09030628373317773,0.1621405293151059,0.09037026290082995,0.1632065869883204
2025-07-22,-0.009049835519917815,0.09185994667959191,0.1639869392962771,0.09079495809760706,0.16263036321777824,0.0910321056043425,0.16412152033761274,0.09143233069918111,0.16440596175384364,0.09091954838620225,0.16437261313867402
2025-07-23,-0.07094282335603043,0.0871281894177457,0.1555505144699633,0.08608616615146436,0.15425145917388972,0.0863161141232367,0.1556187777805301,0.08606256339625838,0.15837429908352424,0.0863982058598395,0.15626690737768292
2025-07-24,0.0013003903002835552,0.08089549823134518,0.14408935699635406,0.07990332892342517,0.14288694020039888,0.08009038381117362,0.14395957795327352,0.07991941817038567,0.1468773520349921,0.07813155754272055,0.14097135175412676
2025-07-25,-0.030345336299688955,0.07771540049881687,0.13923766012557948,0.07668407054600748,0.13802702616423346,0.07706704300406554,0.13964959556186035,0.0766413110653608,0.14269732261025012,0.07753125166341199,0.14110082355463557
2025-07-28,0.006675592213784032,0.07409589626007711,0.13259068201727886,0.0730612756549172,0.1312189800492797,0.07329283462728983,0.1324161615311969,0.07310602750459214,0.13472680866831074,0.07278984818693901,0.13203522918441427
2025-07-29,0.061289736573245594,0.0739943158546472,0.13280375132371533,0.0728973980184378,0.13136542965400558,0.07319618433179698,0.13276764319732196,0.07288395732792353,0.13539792755173885,0.07346552107243605,0.13385163058473362
2025-07-30,-0.031789072176547514,0.09593577143227114,0.1717428384378741,0.09475491357856068,0.1702870074582132,0.09509139574718034,0.1721232263385965,0.09479043430230512,0.17486488027266175,0.093323972592099,0.16972556410118486
2025-07-31,0.0770567394949745,0.0911469075612636,0.16263117754229126,0.08982924631212526,0.16084817518502267,0.09014117912397751,0.16242631338186603,0.09063475674579607,0.1626031999624382,0.0905783300654339,0.16406329084841753
2025-08-01,0.1979484201380232,0.11594319896088262,0.20706126791481108,0.11449271936912829,0.20517810398059447,0.11482193121741027,0.20721000178920007,0.11512994095080586,0.20782829162017355,0.11332646279877441,0.20525729304177345
2025-08-04,-0.15121094228633333,0.19999882752552064,0.3557918002613456,0.1981909365084875,0.3537937164892893,0.19842857134206301,0.3560920206230749,0.19986135499224994,0.3555194932383259,0.1947132483665258,0.35123551215641746
2025-08-05,0.01866042271740283,0.17673274292493157,0.31206223032458175,0.17497600409911887,0.310041486536144,0.17549239024628766,0.3125124470839912,0.1769596155502979,0.31138485415201844,0.1784275361706951,0.3190655045029082
2025-08-06,-0.06241193239053073,0.16350174772099732,0.29050972742253295,0.16196367500589523,0.2888934900085465,0.1624414365638439,0.2913144409849423,0.16373713102113696,0.2900410821455679,0.1676351071285501,0.3017671917530051
2025-08-07,-0.011997744396645943,0.14784455610198927,0.26216575549310234,0.14588775154964936,0.25966118169371816,0.1464799818056858,0.26261050466658026,0.14753853836824593,0.261243592010685,0.14918530070095062,0.26834864982774936
2025-08-08,-0.08959329948309339,0.13365298007620993,0.23921653549699207,0.13162635824911179,0.23706583318878363,0.13260524575922902,0.24018392743145928,0.13261237452459837,0.24255444650845007,0.13413482888321573,0.24342395425848382
2025-08-11,0.07009237682036834,0.12202336437102351,0.2172645114601945,0.11988078489108761,0.21461929293229892,0.12060385216484472,0.21745252975012314,0.12075150755581288,0.2188635105146988,0.12071996493833469,0.21819983920882563
2025-08-12,-0.09820667830120751,0.13616231887167654,0.24406744317366486,0.13415426866961563,0.24184021344592846,0.1349767614622688,0.2449211718928553,0.1351882687101575,0.24667363763112884,0.13582238510909242,0.24693481795343938
2025-08-13,-0.01642747414194793,0.12461599337440456,0.22087688950577927,0.1228091448993181,0.218857185800017,0.12357590604572863,0.22148466800999042,0.12386159322874589,0.22302051027425815,0.12358703063794829,0.22207068005047972
2025-08-14,0.023193399817249664,0.11335417729428224,0.20219551269482341,0.11172815368636142,0.20033583281288794,0.11233381512606368,0.2025653971238383,0.11259106672875,0.2040459379845106,0.11431565839725448,0.206571514652073
2025-08-15,0.017380116629916797,0.11389850081830794,0.203946673761281,0.11233850135417342,0.2022189364836498,0.11292549448829949,0.2044468503866812,0.1131552265932267,0.20606296103044078,0.11401077575307438,0.20675686842286034
2025-08-18,-0.006648960665251167,0.11330409599394407,0.2024589830880076,0.1110022831614435,0.19974688392910397,0.11169456800307169,0.20187529456448128,0.11167450333076685,0.20460360018384932,0.11232611924660675,0.2032290663886231
2025-08-19,0.03796267373140053,0.10641944870705031,0.18988248031789692,0.10423414420438509,0.18737706230144144,0.10499023297367963,0.18961733754771562,0.10493154538662477,0.19243533368642804,0.10566562281575133,0.19103955519943633
2025-08-20,0.007677580899034112,0.1131165353792944,0.20262516301154224,0.1107316021133806,0.19992413254679,0.11159557718032868,0.20239191986617297,0.11152777226684353,0.20546189122080197,0.11146241632753368,0.20234627293402227
2025-08-21,0.056379128617556465,0.11020109731594394,0.1969885229834101,0.10796760226645868,0.1945565214092338,0.10887734319971017,0.19699633875793798,0.10873298419988091,0.20020349332803672,0.10923579841839778,0.1979360442535894
2025-08-22,-0.1547532709874027,0.12390372014535558,0.22201666723228825,0.12150649033655003,0.21900650060580065,0.12205024458389388,0.2211026437862058,0.12173907540674214,0.2250975441340541,0.12135637383484531,0.2201277912385825
2025-08-25,0.039301852347613464,0.11240755983967787,0.19842825713957046,0.11027710939485372,0.19577772482330627,0.11082882272322304,0.19784217554345665,0.11054430500374829,0.2013148957944928,0.10909663524003298,0.19495645308020532
2025-08-26,-0.011560822401075971,0.11499312656020191,0.20626453327346966,0.11280766393534483,0.20369252571270027,0.11344593643933107,0.20568731704757012,0.11335057770450564,0.20892889551770882,0.11395494295558635,0.2069426300356975
2025-08-27,0.015609410927076104,0.10816996823019448,0.19336786526688177,0.10644281776868443,0.19137412550269609,0.10684480162982588,0.192845209043643,0.10680967521697099,0.19584067246898393,0.10763484586507496,0.19457539219138634
2025-08-28,-0.02869049246292908,0.10694006316666066,0.19187360304636847,0.10527223963469337,0.1898926128998133,0.10565760509042851,0.1912872251846005,0.10565045797293066,0.19424885289902158,0.1060317718950442,0.19218456511675341
2025-08-29,0.06245735493374666,0.10064373542994863,0.17972225693348073,0.09888621587943859,0.177565322988124,0.09937285232114065,0.17908001021005485,0.09935510529821431,0.181858827001667,0.09947462103634835,0.17950312790149187
2025-09-01,0.0482940093589562,0.11664595177959415,0.20984820840942056,0.11453487151653417,0.20741010186928804,0.1151630272695679,0.20923050726714754,0.11515739958193041,0.21254079254638142,0.11479727497985164,0.20883251900456756
2025-09-02,0.06310293783090191,0.12764989407477226,0.22915782152715977,0.12531561690283077,0.22645711773328805,0.12618115044955172,0.22867741142698297,0.1260299978628178,0.2326478006230238,0.12633597467649155,0.22922385254475905
2025-09-03,-0.0489357775661218,0.14125822912395652,0.25381902585954264,0.13887264710192718,0.2510789031221203,0.1396950698602365,0.25333206327322944,0.1394815736690582,0.2579629406629849,0.13978964990589288,0.2538414959567116
2025-09-04,-0.06637506894487268,0.13055390079504658,0.23257334029449983,0.12831346320973164,0.2299600627409792,0.1290890252715023,0.23186546098478047,0.1290719192917235,0.23591458693011044,0.12945024810794492,0.23291746062235422
2025-09-05,-0.007874056430905996,0.11860884718302717,0.21106292456057824,0.11667107106984777,0.2087862621409061,0.11736198897773167,0.2105311689801114,0.11732243132661008,0.2142741827108883,0.11718724602490437,0.21058493040709664
2025-09-08,-0.004621995682835677,0.10867506187655813,0.19475649372980292,0.10686998354098,0.19261385468187575,0.10763560847081596,0.19470492074855858,0.10751451885293131,0.19787638187160134,0.10819149009844495,0.1958336895903726
2025-09-09,-0.004643457762954407,0.10172477222475101,0.1824598128645575,0.0999011083280061,0.18027372290372184,0.10070483813639898,0.18245723073536793,0.10053414295065675,0.1853154694809483,0.10111545914630071,0.18355821996032615
2025-09-10,0.020402155511512324,0.09546922077724246,0.17138003443813107,0.09374535660733202,0.16935801087992275,0.09462656700048112,0.1716099686447616,0.0944101254703883,0.17428193919938356,0.09483350352472417,0.17235587667633695
2025-09-11,-0.042587939419859985,0.09754867691407071,0.17559761637570628,0.0957725056824609,0.17351600673576573,0.09671384067036236,0.17588717487871317,0.09647517078448843,0.17862497854910078,0.09650375877546452,0.17586681720312847
2025-09-12,0.003393284558980308,0.09226645703013292,0.16488645971842705,0.09059302960671278,0.1629691236224168,0.09154807406483777,0.16523406574005065,0.09131593165793711,0.1677552256391159,0.09104983212546269,0.1646940433299023
2025-09-15,0.06110274757261477,0.08786349169989392,0.15804493320392424,0.08622278508986984,0.15615062418178471,0.08715767828260013,0.15832869444039815,0.08692372681937165,0.16084661664633942,0.08723173035218483,0.15878219512075023
2025-09-16,0.041815764429659834,0.10716342666086133,0.19325685102738407,0.10514904624050363,0.19094022995242224,0.10599005950503847,0.1929096149838469,0.10579575596563771,0.19663540541816368,0.10505006803870141,0.1916635648741572
2025-09-17,-0.03990554417354047,0.11729739673580326,0.21078057011140414,0.11529842255540101,0.20845900086986163,0.11613861346911696,0.21056525841793391,0.115878567911768,0.21458645123198036,0.11611236660055256,0.21097305604073147
2025-09-18,-0.0012730746467982078,0.10973628604505398,0.1956854922280102,0.10794666653523911,0.1935595926157089,0.10872647759497292,0.19541915616969885,0.10851555095089337,0.19919274849177274,0.10883883235996158,0.19615477026957476
2025-09-19,-0.0160517090105079,0.10178012246951772,0.18233698165301224,0.10002548624560091,0.1802042969290774,0.10077993472717794,0.1819762741922581,0.10058973746678712,0.1854926706328823,0.10138124314809184,0.18357767015074788
2025-09-22,0.0412102686466629,0.09552758340509408,0.17085601820647134,0.0938568795823426,0.16883467108592715,0.0946369975661592,0.1705835999170545,0.09446467184899149,0.17381680593324944,0.09474295488652251,0.17127458934818587
2025-09-23,0.03299016340264522,0.10448435818835389,0.18790708924499933,0.10261957420296099,0.18566832342379644,0.10352177482749829,0.18759905459733045,0.10335082818050824,0.19118472016309343,0.10313435813844637,0.18752949945123581
2025-09-24,-0.028033523762716974,0.11116631900144094,0.19942643839280347,0.10924444417656973,0.19709933992655848,0.11018898511605847,0.19921082222816544,0.10999332693175155,0.2029087680087342,0.11015464959651855,0.19972603705991016
2025-09-25,0.03402515343098364,0.10456362377519718,0.18641052348709036,0.1027320354370537,0.18418858026039192,0.10361162040784633,0.1861038231449188,0.10344374255728205,0.18961391031855532,0.10370007392180929,0.18681960844955153
2025-09-26,-0.09060204512035827,0.1091596526585284,0.19586586523588786,0.10723356128960758,0.19352156576414303,0.10812842647087165,0.1954532025865892,0.10796158135597878,0.19928364739950233,0.10804475365576388,0.1958700083013144
2025-09-29,0.052861717137511345,0.10297168941737027,0.18178720173236876,0.10129552932642394,0.1797410459616835,0.10202948271133973,0.181307640122544,0.10202287444692565,0.18458409369395468,0.10127440135604653,0.1804426711821474
2025-09-30,0.009876623495912099,0.11189209785629821,0.2010147280510459,0.10995261524865194,0.19862700916987994,0.11063872812212586,0.2000776386563984,0.11086832289060183,0.20342061571495923,0.11072783922964319,0.20069474438632062
2025-10-01,0.0006140620395594859,0.1105124045461684,0.19692746915295023,0.10855545504723771,0.19452835852451156,0.10933336327046388,0.196283376501049,0.10956724247498201,0.19914425093484894,0.10969029184243889,0.19701973582065732
2025-10-02,0.020656870590882493,0.10469927718070181,0.1859465574966502,0.10281757780737003,0.18364262848862867,0.10361988981762323,0.1856346787797354,0.10391337204300756,0.1877070120369123,0.10377512535549366,0.18597031059900346
2025-10-03,0.0012019232216164014,0.10563042511687955,0.18760277265729378,0.10377184133519168,0.1853231977518126,0.10455970495969075,0.1872153578329508,0.10495776492977572,0.18923646297068966,0.10456590115388277,0.18725866534794686
2025-10-06,-0.016959825043409163,0.10137712615398342,0.17902910098951622,0.09957115868432692,0.17675871092371026,0.10030610917226916,0.17856214746151217,0.10076871119017242,0.18023192283334802,0.10029466078228223,0.1785554241396143
2025-10-07,0.05178187385250337,0.09571652355555121,0.16836061882063155,0.09399767290059448,0.16616215103303586,0.09472067470281903,0.1679310252853718,0.09516734160001775,0.16941916870934992,0.09474734268882896,0.16801113236994136
2025-10-08,-0.05606715742283029,0.10759242280504903,0.19042942226572976,0.10565427670758391,0.18798747740276042,0.1065427673267339,0.1902158789504431,0.10711333351979203,0.19157381112572924,0.10664597880571387,0.19029663512504885
2025-10-09,0.007943824236460017,0.10296606123263513,0.17896689425581183,0.10131364559994539,0.17681555819087197,0.10205735238263255,0.17883879753362458,0.10256541322509447,0.18013203329729202,0.10213512316286087,0.17888022231736544
2025-10-10,0.27635830952366786,0.09754475112651528,0.17116233796997243,0.09588374666169433,0.16895040607687853,0.09663911253679157,0.1709620992101229,0.097127302039052,0.17223280722149859,0.09667455753707267,0.1710313677763724
2025-10-13,-0.12945056026478638,0.23151841578363744,0.4155132346886779,0.22748193587198265,0.4110305494975369,0.22917908476056592,0.4153627485638223,0.23099609715967495,0.4167166099768233,0.22443960492121953,0.4073130032975147
2025-10-14,0.08941695909748484,0.2164777230068157,0.3766209867381963,0.21304925807355699,0.37262509027577395,0.2143869118640408,0.3761085641923346,0.21594677763655443,0.37773011286580255,0.2144838851224244,0.3765735062016229
2025-10-15,-0.008202699792181013,0.21312289574144747,0.3776622234224308,0.2096121923271723,0.37394159805800276,0.2115126318754895,0.3782429878811398,0.21250297967830206,0.38091395180458554,0.21226930370270503,0.3797167659790259
2025-10-16,0.20396863394367057,0.19237742906130328,0.3377662576054217,0.18968454954699787,0.33507516520894387,0.1909703661384088,0.3382374725532358,0.19224062812301557,0.339487715980195,0.19181252408912816,0.33983364513433345
2025-10-17,-0.19720858888595122,0.24417144181840278,0.4334914544006304,0.2417653627906988,0.43122427866775404,0.24373286916984008,0.4363058665253732,0.24404326912074403,0.4407347234832858,0.24173531284648272,0.4334819913296708
2025-10-20,-0.13092239698050973,0.2252181517232996,0.3897144461722493,0.22266675937386865,0.38756106907938526,0.22524587331430668,0.3931881208183789,0.2250879349581216,0.39782280258639946,0.22322550834049137,0.39018010798897224
2025-10-21,-0.019945259519234967,0.19407506337822147,0.33720754356812377,0.19154264285588316,0.3346524327359953,0.1932859159476942,0.3391321951015645,0.19371677398940185,0.3416522664249579,0.19284045417209442,0.338575606320356
2025-10-22,0.040038251547818995,0.16859831076499388,0.29570808870366866,0.16623176605966358,0.2934809628932368,0.16802500878198606,0.29765535012252575,0.16789150803416544,0.30135044646713793,0.16828949960306352,0.29853566003120735
2025-10-23,-0.07245507921542235,0.1623019937942709,0.28589634635191014,0.16036743738223452,0.2840179110758375,0.16159011304515475,0.2872558026466425,0.16153017288995833,0.29107491658760815,0.1614522432294288,0.2875392802562875
2025-10-24,-0.055256110120689726,0.14729376010768774,0.2567032188252059,0.14549187994828366,0.2548973099472773,0.14649594405521224,0.25764569135443754,0.14642399337905965,0.26114670615352426,0.1452847537027844,0.25619511279194196
2025-10-27,-0.03607356311549291,0.13175046052337933,0.23012567170385057,0.13034716679320069,0.22862213078297494,0.13116126396626596,0.2309462409152737,0.13117105928180808,0.233948210367877,0.1300198621483909,0.2295018386091182
2025-10-28,0.039123275756731586,0.1196871421128744,0.2095170076322304,0.11816790106078776,0.20790947878870303,0.11901813317872911,0.21013729330010264,0.11898214658667089,0.21303576517499212,0.11814091722306941,0.20919830717893217
2025-10-29,0.029996250153795145,0.12279038413950842,0.21680747341149584,0.12123011497547241,0.2150527863948591,0.12204036302143002,0.21734978722683784,0.12186373510066527,0.22062609776595415,0.12106600748161377,0.21623256666973004
2025-10-30,-0.0005911912675884298,0.12582814932615435,0.2217964006363848,0.12436509835599495,0.2201619214310463,0.1251267049438759,0.2224855366276998,0.12487255169194764,0.22588456032688042,0.12448927845100353,0.2217850935090751
2025-10-31,0.030861255570344737,0.11819431881920456,0.20797933045213338,0.11673336986149016,0.20628210868941468,0.11752052334424593,0.20851047305142842,0.11727089164183985,0.2117742839193695,0.11751800147533414,0.2091345285490722
2025-11-03,-0.015602743571449383,0.12057963046264927,0.2127681818806167,0.11920164945074661,0.21117058010775935,0.11995858980547001,0.21350474882074585,0.11959174243711333,0.21691587605515233,0.11896771724578137,0.21222836143512136
2025-11-04,0.10127530425705623,0.11250788892277694,0.19768339370788443,0.11139750228580678,0.19643502288560846,0.11199940244700356,0.19847604382267026,0.11162538442154744,0.20161381960783692,0.11145789861341297,0.1979471493576867
2025-11-05,-0.05351181997857566,0.14387638895297028,0.2543373544171254,0.14198065213296587,0.2520422519471874,0.14287293900088832,0.25492237880476143,0.14369079149645242,0.2545936950237976,0.13978953853061968,0.2497689569082223
2025-11-06,0.07948730638183633,0.13379356622917185,0.23348636795535435,0.13187676759710099,0.23119442881061128,0.13285643813901304,0.23379214144715424,0.13363003161556508,0.23378405168108501,0.13221072199142397,0.23294109233451502
2025-11-07,-0.02177379954956073,0.1489036895997242,0.26265433564389845,0.1468124381744262,0.2602808379019247,0.1479228503983555,0.2633152527706551,0.14883336753770546,0.2631505989321389,0.14651373074978832,0.2611447317692663
2025-11-10,-0.08074176397603415,0.1376477722574273,0.24071432307744955,0.13580284369008994,0.23868116491733735,0.13681618977648255,0.24128779847475804,0.1375431388435639,0.24180341114172893,0.13728769713575795,0.24237194241156512
2025-11-11,-0.01834913866819654,0.12579062948165531,0.21833978948727406,0.1241363040434571,0.21648915524650433,0.12497142369495677,0.21881656251666534,0.12563514284546187,0.21917079460396185,0.12332899236995541,0.21604073488979092
2025-11-12,0.013222382921850856,0.11399221383112156,0.19940410641703413,0.11240665197389413,0.19757866044797623,0.11317862394036497,0.19968242124877564,0.11382966215858784,0.19998547436725228,0.1130060521439559,0.1995022253161052
2025-11-13,0.13296012725623044,0.11057614188385802,0.1942153435596804,0.10900289094036046,0.19236574964202002,0.10974591466076015,0.19439157445610114,0.11040242083675388,0.19464826945348856,0.10953717562276273,0.19416282686222505
2025-11-14,-0.008536331022286448,0.15463325821373342,0.27331980542784395,0.15338676119726932,0.2719998856539392,0.15421429920525878,0.2747051965268516,0.15510580623717307,0.2750093572672365,0.15066513442161114,0.26863308371472716
2025-11-17,0.1209717603520747,0.14532269728082617,0.2534622540465924,0.14422061062584163,0.2523216153594095,0.14493194264820253,0.2548745220854425,0.14574622465767906,0.2548859940620734,0.14651097416001232,0.2575916652603139
2025-11-18,0.09823060047330913,0.17475690066997912,0.3070389874244426,0.1731824490748646,0.30528296074528316,0.17394553841292537,0.30825538870582525,0.17514878118729146,0.30640629025819643,0.17077941326722856,0.3029602507431956
2025-11-19,-0.04261244480684748,0.19452607195753843,0.3403745613209881,0.1928651883918318,0.3385553166959325,0.19389225673508467,0.34245947404401955,0.19513256637323242,0.33988257665713034,0.19346438494643714,0.3414083513682272
2025-11-20,0.11033544054393851,0.1762889184338764,0.30557632413171304,0.1748858110056512,0.30409406550215695,0.17573070507247596,0.3072214025089756,0.17691801733972162,0.3047630807218418,0.17668930092523646,0.30884904336768604
2025-11-21,-0.120104046574475,0.19303046161866824,0.33920246097653456,0.19140088570250177,0.3377646341042103,0.1926818478323813,0.3416975682598966,0.1937619327072107,0.3408438958571201,0.19095076605773567,0.33894573523229904
2025-11-24,-0.1326172322171355,0.17541700139167346,0.30258982818014873,0.17390803781817335,0.3011811519831679,0.17504880454016555,0.30464618126518983,0.17605490388050188,0.3035922250787664,0.17324982524151672,0.30167105981053055
2025-11-25,-0.10039129294451432,0.15343090971301548,0.26425524561050806,0.15199253498439913,0.2627962404310365,0.15302357347067447,0.26592274353701056,0.15396575039977972,0.26455677202634403,0.15053946432159943,0.2617881470541103
2025-11-26,-0.07668090796329653,0.13511349468793227,0.233469451013984,0.13386734628760513,0.23218275455906476,0.1348106853007468,0.2349707521975888,0.1356883045451097,0.23358768730879656,0.1331637492822861,0.23219417368818265
2025-11-27,0.0011627908286901518,0.12056381077431315,0.2089065579308571,0.11944219380816841,0.2077259834912559,0.12018289832065877,0.2100353175912958,0.12103459522673095,0.20832454038591344,0.11910874078944877,0.20824365580731882
2025-11-28,-0.05126271288018566,0.10980640318818474,0.1919090685835415,0.10875512602244815,0.19079267572521982,0.1093746085966475,0.19278461173598285,0.11013022022275626,0.19097878891348447,0.10988049592714219,0.19373437361467302
2025-12-01,0.053004367892284555,0.10227032696510541,0.17818166398346583,0.10135199585539474,0.17729608224711937,0.10202101334005956,0.1790947739946322,0.10282282656947114,0.17821068249604852,0.10125000839858635,0.1782046245235558
2025-12-02,-0.03843216103319384,0.11322408124844899,0.19933013042459127,0.11224037617232424,0.19835689575826237,0.11292359141939805,0.20025913084051733,0.11383851658548369,0.1991383010434913,0.1124833677288046,0.19998428852492545
2025-12-03,-0.031223840451532963,0.10627892654464402,0.1856653056484534,0.10523068773788254,0.18455333810089924,0.10579656165018936,0.18632929650000096,0.10574870674605434,0.1881001958702102,0.10579601759849121,0.18667669795437247
2025-12-04,-0.01883294833309201,0.09841164808529011,0.1720979100463176,0.09741667564950567,0.1710373731180206,0.09799437682673665,0.1728246755917956,0.097900756540874,0.17441369553027097,0.09792284528331445,0.17301863340640328
2025-12-05,-0.0237266660857038,0.09201811030860808,0.16117006260995934,0.0911205318900642,0.16020413178602094,0.09167424357932351,0.16204042924986659,0.09215000026927615,0.16086326804592155,0.09175680004687098,0.16239882577528802
2025-12-08,0.07799398740667216,0.08640240119018085,0.1517587260052666,0.0855986212910114,0.1509044107635738,0.08627575157425012,0.15298344034456973,0.08596762456781193,0.15450327605957692,0.08613975188880044,0.15310599090801805
2025-12-09,0.016076559406347352,0.1127920082399208,0.19954322173568673,0.11179659231309469,0.19851792045885336,0.11273269012926272,0.20162976738092142,0.11291231152033393,0.20092225181513476,0.11108604677139874,0.1992074125787685
2025-12-10,-0.07097779517009697,0.11344035241850983,0.19934896751166634,0.112455599611223,0.1983410069718175,0.1134060310826057,0.20152464621968658,0.11354075481227811,0.20087212914823815,0.11465531271099216,0.2042790144711386
2025-12-11,-0.06010953572623844,0.10603184466589466,0.1845382620685125,0.10513637601074943,0.18362042669808318,0.10599952759695225,0.18647907262991917,0.10613081943158542,0.18588764111844422,0.10535469288398337,0.18598215203238563
2025-12-12,0.058205377740548556,0.09682322848009337,0.16859231246030804,0.09590393909477754,0.16758818411897877,0.09654235353191326,0.16975183279820727,0.0968885787828172,0.16874256676318355,0.09598531702467747,0.16917795464271307
2025-12-15,0.04715513791727768,0.11012805093327849,0.1941247638437182,0.10946785575683043,0.19359221215057176,0.11001172631729302,0.19552416393976324,0.11056526213447909,0.19423102717243723,0.11013604521205174,0.19611763474849014
2025-12-16,-0.0012128564252092933,0.1215076598550445,0.21348267597808224,0.12073380876545248,0.2128761664822087,0.12104979311002487,0.2138322709082839,0.12083315882563644,0.2169845363125544,0.12241646960744969,0.21680811876112707
2025-12-17,0.06688709602670793,0.11453404823595155,0.20036527772456927,0.11360852475814033,0.19952772584236478,0.11407656675713738,0.20078967064326986,0.11396588446768727,0.2038302996988855,0.11652715068354585,0.20539382410942175
2025-12-18,-0.04349772395015656,0.1300942608631854,0.2289978265429725,0.12902001152868414,0.22813036231732486,0.1297269662737127,0.22996471466103457,0.1296385774081443,0.23315771429820903,0.12932880464641142,0.22965790203430742
2025-12-19,-0.12350476778122992,0.12124443490494333,0.21161903105313065,0.12041729574703362,0.21095353770510786,0.12115195802744104,0.2126845044680471,0.12094106357297088,0.21582637365766963,0.12169635500297829,0.21411614687434888
2025-12-22,-0.0572767780467507,0.10902354915602926,0.18813073182282758,0.10838224633813759,0.1876487393827397,0.10883078758636111,0.18886664179203957,0.10870237141221241,0.1914939874873792,0.10602631134310402,0.18432201807034118
2025-12-23,-0.005698021114637778,0.09731708664677705,0.1692000065088074,0.096776317928461,0.1688309175962856,0.0970403794312282,0.16965516844880632,0.09697004936331322,0.17200550926155134,0.09639652300942746,0.16869941325698604
2025-12-24,-0.03859233919298595,0.09013044584850119,0.15767017728385746,0.08957491941815221,0.1572739558675058,0.0897700949827443,0.15794749728017238,0.08972584379096173,0.16002194436046785,0.0913542258931049,0.160942252382196
2025-12-26,0.009604802319733685,0.08445460999423265,0.1471904806342521,0.08396836816930837,0.14685833038911011,0.08418117736086525,0.1473499540303943,0.08413919223940351,0.14933253628172294,0.08393781512034355,0.14737151356101705
2025-12-29,0.04317217186520878,0.08366811674620811,0.14674144477793225,0.08310934041138757,0.14620895653668875,0.08332132346608495,0.14668261596683843,0.08331041711672887,0.1486223690568029,0.08457555577203185,0.14952380334688983
2025-12-30,0.009113277232865534,0.09679290775256494,0.17084725419414462,0.09614645806079665,0.17023296146477265,0.09651984840590021,0.17140289756668853,0.0960127985215065,0.17493258563020717,0.09579668660520241,0.1705514306140985
2025-12-31,0.04235605799661479,0.09701010771665441,0.17046485769170389,0.09627390256268505,0.16972819249734936,0.09668183901643512,0.17093946806630925,0.09614246701100526,0.17461643623442463,0.09820365786732382,0.17403342935959196
2026-01-02,-0.02987323294059891,0.10735911221924078,0.1890715289420949,0.10671939855502272,0.18850376634839122,0.10709218901899986,0.18971652021118282,0.10659506432003234,0.1932311085981456,0.10676559554309342,0.18966199657350866
2026-01-05,0.02652314605531691,0.10101817358150551,0.17656263886009727,0.1003477339945115,0.17593129640521432,0.10079024586179171,0.17704226002791748,0.10034756417904621,0.18038696338359902,0.10134101836170681,0.17854985377574908
2026-01-06,-0.010118130165584667,0.10347191353553452,0.18215719191429813,0.10302172192294848,0.1818392598146447,0.10310831688029456,0.18176527134055775,0.10288930526406101,0.18564423992076415,0.10365614474713389,0.1835065981367681
2026-01-07,0.04182488129166908,0.0976301008625472,0.1714122351144721,0.09727466061793134,0.17115136261616953,0.09731373264177899,0.17101924901689272,0.09716272534424393,0.17493762841880092,0.09858801162366822,0.17399342930619155
2026-01-08,0.004541039266256421,0.10701916665575688,0.1889072088816055,0.10665410049314865,0.18866862611454274,0.10670242036634757,0.18859357226059803,0.1064715119522324,0.192937175811994,0.10577890479205249,0.1876825140604096
2026-01-09,-0.06415024701116338,0.10385924099055911,0.18248474289110406,0.10363032199372314,0.18240983350026319,0.10368411693640392,0.18258436332338523,0.10327098552424038,0.18597529776102764,0.10476199976818198,0.18496368840745295
2026-01-12,0.0425596144187959,0.09621908650071993,0.16780491819874505,0.09591174561178002,0.1675896214307539,0.09594565272198301,0.16754928932334198,0.0957099022491028,0.17133155213536014,0.09370986209361906,0.16428834438353326
2026-01-13,0.05531956958674176,0.10393158308375547,0.1839032063716141,0.103380309614429,0.1834265194030305,0.10386403281818067,0.18464075418371984,0.10352977037691162,0.1876708060101041,0.10350203378011182,0.18493939741788304
2026-01-14,0.04706031793294678,0.1198109407220202,0.21151039107731542,0.11943239520870108,0.21127718458008524,0.11965340935844654,0.2120925323350576,0.11912328148044617,0.21536841803615467,0.11928260300230205,0.21210331078495037
2026-01-15,-0.055859871884795624,0.12934393634715102,0.22844882168139855,0.12901990899254082,0.2283015882375913,0.1293806098714912,0.2295019887383007,0.12881593834854663,0.23301952897425926,0.1306004047287802,0.2326506688977929
2026-01-16,0.0012618298204221657,0.11875664064981756,0.20772488366990607,0.11842477647276287,0.2075129446709549,0.1187657522527683,0.2086348210441812,0.11832646247598957,0.211536204700106,0.11920965155321021,0.21042937236331852
2026-01-19,0.17218205294151503,0.10920417578144276,0.19231412117067567,0.1088886373260713,0.1921107900547206,0.10917176017742465,0.19300830652657983,0.10877187931896415,0.19587865901826304,0.11187311371150825,0.19886436840967547
2026-01-20,0.06423990967862599,0.1788531727192656,0.317075921980559,0.17850010742564323,0.31703197953065154,0.17894947883414647,0.3186346083537148,0.17826710175946908,0.32344919945928574,0.16547839593022526,0.2959903755191118
2026-01-21,-0.1729085568978153,0.18545749168180514,0.3273869339511598,0.18524637020512405,0.3275696427984871,0.18581777563395327,0.3300413431055187,0.1846670559690703,0.33525334202707235,0.1908911695432924,0.3398400073244183
2026-01-22,-0.07748188681186267,0.16385204235352213,0.28447364303437384,0.16331912691310277,0.284036220854228,0.16404142998777732,0.2863290042686325,0.16323862602583258,0.2903263410670747,0.16051691650402863,0.28067582406882835
2026-01-23,0.028366225887126843,0.14037385916199416,0.24530113778966714,0.13998827636237027,0.24503275592098364,0.14053912416732453,0.2470243371918083,0.14000558127769577,0.2496955125963135,0.14103461023881894,0.24827467781446497
2026-01-26,0.0037220886643735515,0.13507253710171643,0.23805607739129908,0.13473002312386753,0.23788366425757945,0.1351878723529281,0.23945090233509114,0.13486258852175018,0.24195613637116467,0.13851177220914226,0.2459433331049674
2026-01-27,0.012307847674596993,0.1265538776749187,0.2226869998881095,0.12622391344524458,0.22250478517639644,0.12664891618118312,0.2239129619033837,0.12640290110168284,0.22619739662553023,0.12996183347632997,0.2303928253244555
2026-01-28,0.0,0.12148104288339781,0.21403313032691595,0.1211663898167041,0.2138637296186776,0.12158519679315903,0.21525366418710687,0.12129372551050874,0.2175975219759578,0.12303735864094703,0.21834227399628425
2026-01-29,0.03190159182454857,0.11447461887335329,0.2012997714412098,0.1140639570738556,0.2009900945515443,0.1144352576601602,0.2022981172785531,0.11432304577587686,0.2037871397295876,0.11565891343940192,0.2050332354658283
2026-01-30,0.032636929313022735,0.1191783181867226,0.21010041582371095,0.11872551272277317,0.20973555323323723,0.1190724961860876,0.21095339247300796,0.11908096602023105,0.212232661889732,0.11794207956072922,0.20982473737497995
2026-02-02,-0.06515032904897684,0.12427494628845816,0.2190716097535359,0.12377866554957154,0.21863163195130458,0.12411873799454493,0.21967572339742106,0.12405030034852085,0.2217849823914836,0.12323326076468985,0.2192729673101795
2026-02-03,0.0967556684643078,0.11357386274162432,0.1981720928945301,0.11305201269326204,0.19767540203486608,0.11335094182641084,0.1986057185370792,0.11333122379133895,0.20071755271913377,0.11073091951637112,0.1952419647442418
2026-02-04,0.03493805136128044,0.14014060001671702,0.24802752612208057,0.1392540983134126,0.24711297829753207,0.1397193852635084,0.24893995549290726,0.13957850703087693,0.2510862697964733,0.13649754569330141,0.24387101273703735
2026-02-05,0.15522306598901092,0.1452736628844917,0.25538504347303465,0.14421724881242828,0.2542637189966692,0.14477228599514366,0.2565356408081572,0.14469894113984716,0.2580732181473919,0.14702790913335076,0.26148298153375044
2026-02-06,-0.20358413768243197,0.19402367514367147,0.3420631088832639,0.19253402314772358,0.3404422631858281,0.19318268767284796,0.34380141019948646,0.19362011717779093,0.3426382885366096,0.18811712712868656,0.3355869033603833
2026-02-09,-0.02278002833182,0.16669732585807234,0.2858668610787591,0.16578107463933692,0.28501377143707374,0.1662370534568166,0.2873979970915814,0.16647386347183354,0.28660623299818616,0.16171799491109154,0.28011025495055913
2026-02-10,0.024467792445539628,0.14415407366053523,0.25130253099526023,0.14333406952539016,0.2504375508235208,0.14372311137283492,0.2527282329536255,0.1439600559105129,0.2514870279923402,0.1459574110052978,0.2571053989547228
2026-02-11,-0.007900718298438086,0.14075134711926837,0.2465972549545043,0.13974286514437262,0.24545200860916275,0.1400791190079054,0.24738107779800259,0.1404392607860393,0.24593728769900727,0.14155511216938219,0.25054552656382356
2026-02-12,0.16517827980751712,0.13133711951534055,0.22944705157025666,0.1303330608387979,0.22829591865963011,0.13062312560538145,0.22988113966595988,0.13098763514479764,0.2285240909241809,0.13194229162751503,0.23272484120634204
2026-02-13,-0.010622987391287354,0.18578822253845956,0.3279321893014446,0.1843601685889496,0.32625487338319403,0.18467576595667143,0.3280239873238189,0.1852198874721499,0.32669412211071047,0.17662002472926475,0.31493020747423367
2026-02-16,0.02871010588243136,0.17398698979195082,0.30292128273575253,0.17272407158151937,0.3014382566003246,0.17305723872411868,0.30297793822460173,0.1734673925303824,0.3027236175999402,0.17691879938989177,0.31127656657601177
2026-02-17,-0.043873027840243356,0.16758897737771675,0.2929602591717017,0.16630666886720136,0.29148276733896666,0.1665393441469644,0.2927256253279428,0.16689803601971107,0.29235883056533984,0.16734220495911892,0.2955958827500512
2026-02-18,-0.033578699700506275,0.15143223891993254,0.263196050513564,0.1502167673596588,0.2618214677153118,0.1504097808475899,0.2627983891076123,0.15080248049636616,0.26278432083462394,0.14920882122291698,0.26195945219170524
2026-02-19,0.030617197042436952,0.13615566230682175,0.2371670046657809,0.13513495340364562,0.23599374819168056,0.1355107866468472,0.2378241810046036,0.1357704664398697,0.23725159605127774,0.13358958870949933,0.2354933113462052
2026-02-20,-0.05800201344199791,0.13518091476895058,0.23725501457261597,0.13421447566946065,0.23617163071721642,0.1346426089589431,0.2381250746305317,0.13492194864321125,0.23749839264664682,0.1327996157474849,0.2357697501531257
2026-02-23,0.09583387711925281,0.12312663329600675,0.21388571414739263,0.12221432982421009,0.21284853211946025,0.12256421749202173,0.2144291962738364,0.1228360539829085,0.21373085976586328,0.11887115065046083,0.20885745670674674
2026-02-24,-0.07202322842553426,0.1461728548498772,0.2580522224569867,0.14484618973822175,0.25652519052087597,0.14508900780223855,0.2574490362272535,0.14548115867271474,0.25738744628469773,0.14139939740487362,0.25193601556898476
2026-02-25,-0.08649999881433328,0.13403696371324983,0.23270925594827127,0.1331421551573032,0.23180364380722598,0.13353858224907372,0.23344446191609916,0.13351445050102778,0.23439184710347685,0.13177033061716525,0.23108194999211673
2026-02-26,0.038297896996455576,0.11663073446428723,0.20194332645164426,0.11575904745672792,0.20098353006993516,0.11608436442838127,0.2023986511718517,0.11619578150010369,0.20261207349329058,0.1130828290919486,0.19770450037133835
2026-02-27,0.06393447400352952,0.11858826856876872,0.20883364508227875,0.11750372522928093,0.20759602819757295,0.11775282875256168,0.20870491978987737,0.11810451457721274,0.2083035477355287,0.11765779894636613,0.208939967507643
2026-03-02,0.07655067758557474,0.13484751795020256,0.2377898572961465,0.13364669270691606,0.23644660499271258,0.13393248331841898,0.23768713139730124,0.13433617416813212,0.23725096397003273,0.13301268197189633,0.2365401446909578
2026-03-03,0.0947163807454384,0.15349958820331502,0.2704758112505744,0.15224342775541416,0.269192819736882,0.15251645303343106,0.2704529457809893,0.15273825988125478,0.2713300885601636,0.15228561087046874,0.27053049545565255
2026-03-04,-0.1083348114557528,0.17533007336705578,0.30886251474219084,0.17397471350444516,0.3076603845907026,0.17462445596701226,0.31079099986290415,0.17497519794277988,0.3097923148329192,0.1748770894056793,0.31150154381136225
2026-03-05,0.1159426249883634,0.15475082710710727,0.26819320653036793,0.15375702249408157,0.2674065546696796,0.1543384651756307,0.26985673014588635,0.1546803746693163,0.26860839090618327,0.15382548497678084,0.2693204102697679
2026-03-06,0.2164686923465346,0.17673646903635828,0.3123065005866628,0.17541148455960984,0.3111293143967797,0.17592666905627322,0.31288189804636884,0.17629799305925783,0.31391467141224416,0.17563801124485476,0.31321566077232643
2026-03-09,-0.14537277066280438,0.24541274589383014,0.43598084488136,0.24423120491651168,0.4354176402162777,0.24527279653262496,0.4388615286133903,0.24531279488318716,0.441084179808409,0.2425405374306166,0.43427694456106813
2026-03-10,-0.022606554628913936,0.2155514018494969,0.37305039285826885,0.21473491403759298,0.37266712352433606,0.21548853962474854,0.37535544838665913,0.21570458908479087,0.37630477028735093,0.21857941167075126,0.3811674456356646
2026-03-11,-0.02848036270703213,0.18537328734507916,0.32553416368753224,0.18410781717296199,0.3245353258501431,0.1849823082257493,0.32652305927231806,0.18482660407521462,0.3287523309218044,0.1898796360879221,0.3356877681133675
2026-03-12,0.11892879989181271,0.16408906998520215,0.2876003945049224,0.16328541778147598,0.28713117845956143,0.16364193844214722,0.28831858047108566,0.16350850950559065,0.29009763458086263,0.1660053539201198,0.29306751708795115
2026-03-13,-0.0036710760758676933,0.18888643500592678,0.3344160505899913,0.18787715640069053,0.33384233431200294,0.18824602504034416,0.33543748743518054,0.1883622305909276,0.33794954392401133,0.18586628171587716,0.33142198030037706
2026-03-16,-0.14542339609240124,0.17349504848236783,0.30573457558625106,0.17215241848840235,0.30473782787878717,0.1728006540275492,0.3061940371656568,0.172824455505853,0.30924816174770003,0.17498344921391268,0.31079035778581027
2026-03-17,-0.04970508704993989,0.14911716281746687,0.25813615355464653,0.14829556841478692,0.25761143472421777,0.14858462678342732,0.25859578988728305,0.1486472212965065,0.26051126842371397,0.14381286478761535,0.2508607122386578
2026-03-18,0.11474858487629264,0.12751310541342512,0.22235481654299444,0.12691759345827475,0.22191011851210746,0.1273479193915634,0.22326016626126033,0.12775576663511523,0.22282932228130828,0.12537599816314796,0.2201384795607565
2026-03-19,-0.0419186498317982,0.158912759703781,0.28045801496985273,0.15853932941910687,0.2804675203246077,0.15873200190007192,0.28179564864512213,0.15939230681090943,0.2799974818715028,0.1540345738577544,0.2739238564795525
2026-03-20,0.10710462971649376,0.14675030328880231,0.25637276720036545,0.1459354449566694,0.25586876955131144,0.14626088423999759,0.257297824124747,0.14661646676067397,0.25656484368482,0.14748628398059518,0.25983468260010456
2026-03-23,-0.023806149752094625,0.17022852540728103,0.30067996111258566,0.16967934319058198,0.3005124509571009,0.16985906702798953,0.30168349433181463,0.17044595852103808,0.3006090884692239,0.16719389857908407,0.29736691799216436
2026-03-24,0.030134106844074204,0.15460253988900785,0.2737118452869825,0.15304851891429377,0.2725656957222439,0.15341326942493475,0.27339264860574547,0.1534785078970526,0.2768398636408106,0.1548452739614086,0.2763490617996291
2026-03-25,-0.06199383334142231,0.15079131216064398,0.26730587765385355,0.14963130990191642,0.2665163538502998,0.14977474291841308,0.2672159130904223,0.15011820225979466,0.2684542241079108,0.14979542923955277,0.26736471274404316
2026-03-26,0.08001233884410068,0.1354179984244264,0.23724926486127412,0.13464448006484883,0.2367778003835616,0.13476518974797577,0.2373186077086965,0.1352290380186978,0.23767746041838764,0.1322378469031997,0.23307822688877824
2026-03-27,0.12359700552180329,0.1498002161503329,0.2655354682498211,0.14928750793803544,0.26538824084676543,0.1495288577687351,0.2663018879574995,0.15015911348082314,0.2655208976767852,0.1466266006171251,0.26115924322598555
2026-03-30,-0.01427205542216663,0.1852535832211846,0.3269528731641396,0.18514401010922807,0.3272039413136939,0.1854804870174319,0.32898546146443935,0.18600955776378203,0.3261808224427608,0.18258336306658549,0.32366641329358253
2026-03-31,-0.19250059723595228,0.1693946555806315,0.2954261241076505,0.16924222987816445,0.29564654202631113,0.16948803538530047,0.29713597563600175,0.1699789186022853,0.29450494864764876,0.17502899232549385,0.3068038420800701
2026-04-01,-0.02852171643860348,0.13961240018581209,0.2387202978560376,0.13944905598015864,0.23889675917918438,0.1395276950072537,0.23975952267341827,0.14008300074672456,0.23695984974342682,0.13123608923248453,0.22547551779384828
2026-04-02,-0.02768199893202658,0.11942026088566328,0.20799307797182645,0.1193968829896941,0.20830190455301612,0.1194377581165136,0.2086589019162755,0.11978694512051011,0.20783971218320926,0.12070451261598623,0.21157429981687348
2026-04-06,0.012489754364652843,0.10864887895526218,0.18916472894997866,0.10862672287887501,0.18941566310139085,0.10867753253412245,0.1898264286990682,0.1089242978233349,0.18899991455486848,0.10921422640408815,0.19138349169623958
2026-04-07,0.06448680279564961,0.10628144986980517,0.18574399117429055,0.10622582576883176,0.18590601655991332,0.10635626720552953,0.18654077564476348,0.10654507695134864,0.1856449901887497,0.10759804682668848,0.1891665768968104
2026-04-08,-0.20317360964153225,0.125400608848003,0.21986682735339563,0.1253309018426834,0.2201383648329472,0.12543762769983335,0.22075621635397824,0.12571137348538902,0.2197030834356511,0.1224168782167507,0.2160194038642205
2026-04-09,-0.07652387435003974,0.10154490218776001,0.17340970654575025,0.1015429139355986,0.17371521808034315,0.10155703358093693,0.17401915013788868,0.10180328819115894,0.17336370845573013,0.09005910143176306,0.15452183525332833
2026-04-10,-0.013429953918781034,0.08469758029558269,0.14669606127770263,0.08459423718699846,0.14683185588209574,0.0845737580272372,0.1470725909006947,0.0847466068445967,0.14637751690323678,0.08080370592795136,0.14091058482337634
2026-04-13,-0.00573665197743312,0.07876539972104774,0.1372384955774276,0.07867063238840773,0.13732349335267421,0.0786984238707504,0.13774553290761632,0.07881642507736514,0.13702974403335533,0.07936671707155446,0.13907831455696415
2026-04-14,-0.04056052243091096,0.07597502843641658,0.13249876056636367,0.07590317311487997,0.1325847051257519,0.0759239464244743,0.13298806658658152,0.07603506279754617,0.13230174471827316,0.07686210671253699,0.13478400874667518
2026-04-15,-0.010402502784264476,0.06991627506153698,0.121512724779402,0.0698429191526008,0.12159164919026201,0.06986960287707919,0.12207656851631848,0.06992337648394713,0.12136983942321856,0.0683194301554777,0.11942082298757872
2026-04-16,-0.012739025777429826,0.06709958009128872,0.11687480583188264,0.06689160003854822,0.11677557523782363,0.06690777625923167,0.11730339744825302,0.06692361018664389,0.11659877619690992,0.06727925786396374,0.11782825002991995
2026-04-17,-0.025975486403260677,0.06474788036709757,0.11276285583656945,0.06457031231378701,0.11269897968683701,0.06457095511769417,0.11320257640676795,0.0646226041139501,0.11229438022746306,0.06469101045498443,0.1132728883545902
2026-04-20,0.0765159891530695,0.0611901940253105,0.10647051392690461,0.060985271059258606,0.10635470444271662,0.06098290373118854,0.10679105020339685,0.061062173572489185,0.10580434732720594,0.06016554509050175,0.10527092955199067
2026-04-21,0.03284110618924223,0.0962051527402664,0.16818869651129986,0.09598814748731996,0.1682251468774991,0.09594446727947215,0.16872868757885956,0.09632794188945365,0.16548361514663523,0.09278885660205786,0.1632562053700646
2026-04-22,-0.03019490194596886,0.10608156978891635,0.18462859372658905,0.10575091335280133,0.18452340963537112,0.10572913480908903,0.1851688958483631,0.10575460882363967,0.1836858214792404,0.11050693371693886,0.19353878189034546
2026-04-23,0.020403532816690596,0.09797773092000955,0.1699641019864125,0.09767107641110323,0.16986665835976314,0.09764093149308445,0.17034588049613514,0.09782338423374524,0.16919022345847268,0.10182909256678224,0.17780848849030803
2026-04-24,-0.03156495615442476,0.10052382243435512,0.17509966228103666,0.10024716533748547,0.17508744360056955,0.10024355557759232,0.17568045828600506,0.10047093715452388,0.17427699979768946,0.10419160938965465,0.182772393853541
2026-04-27,-0.037575888105806414,0.09297178581753368,0.16173036805843757,0.09269820916790444,0.16157001555368336,0.0927428936124394,0.16190549966117915,0.09303146452014324,0.1612189512513364,0.09501862972657574,0.16644735789861825
2026-04-28,-0.010599820305142938,0.08508725062327943,0.14816650405256135,0.08482360004451803,0.1480051859119278,0.08479984904298987,0.14815346100614127,0.08511436204519932,0.14778584839387066,0.08604853002077847,0.1508675661569481
2026-04-29,0.05350621143788998,0.08101803416419512,0.14151533502175448,0.08062776017140093,0.14115391735965274,0.0806962802919747,0.14158189884732683,0.08105777784605073,0.14061119929890833,0.08188217924988649,0.14375408018676972
2026-04-30,-0.10766691249323021,0.09801654380736961,0.1718054582746662,0.09765214755537897,0.1715447839867937,0.09772325651159512,0.17238659002924142,0.09810384250029493,0.17084003431968603,0.09750567438763694,0.17217086554756217
2026-05-01,0.005903204864131906,0.08525393403313092,0.14662645355749915,0.08499133220874298,0.14647933301556113,0.08504814594946654,0.14716715982197046,0.08533658986261498,0.14587601060629823,0.08200776631503151,0.1419665964948491
2026-05-04,0.07372952671893374,0.08245305785537736,0.1439561533592175,0.08239200731777659,0.14404973757328768,0.08242955494198029,0.1444177301413954,0.08273453473275584,0.14259277191183453,0.08608622404633585,0.15107740645715967
2026-05-05,-0.051034342565528405,0.11018650232863847,0.19211299572165352,0.11000558558549231,0.19224252583168508,0.10990909733560106,0.19272782507971797,0.11020657577367857,0.18871768985563547,0.10783777404517528,0.18931259136400494
2026-05-06,0.0005752085289457673,0.10031338103614179,0.1735297773375636,0.10014779921662484,0.1735940350125371,0.10008211458591512,0.17400608274813759,0.10038592194284267,0.17033817919637298,0.10018796745678019,0.1744290061034575
2026-05-07,-0.017987140005767965,0.09497911252085928,0.16515744849246775,0.09476552018848977,0.16512097749326476,0.09468875966578291,0.1654247718527543,0.09496555267380707,0.16280382041772323,0.09803004188714158,0.17135520239033966
2026-05-08,0.006419631034334255,0.08933463564543262,0.15524186419081062,0.08907706818883057,0.1551138029416949,0.08900175736097288,0.15540590451600647,0.08929846703573699,0.15364509570126772,0.09011946843552728,0.15750413976144367
2026-05-11,0.0669352975327829,0.08835912566906806,0.15398862119775003,0.08805052329341949,0.15378041942310305,0.08796967627642535,0.15400276334457264,0.08828976359895638,0.1526606872923374,0.08960950772810014,0.15695874941992793
2026-05-12,-0.021447068965099323,0.11056802257408703,0.19324183441955267,0.11025478983615965,0.19312053298363221,0.11016275528409063,0.1935579668581723,0.11050453170123362,0.191705360096168,0.10848385229798613,0.19081111883975502
2026-05-13,-0.006692718791104927,0.10388447485269092,0.18058965293836327,0.1037055295299645,0.18061419852255972,0.10362719587900354,0.1808696161912112,0.10392985661112097,0.17962601814211113,0.10487396728279272,0.1833262133463521
2026-05-14,-0.0347316435160548,0.098666500458718,0.1715952452994732,0.09835704871500386,0.17141754457656946,0.09827355790298911,0.17167360671285978,0.09858163144611494,0.17013099082488276,0.09958859629497137,0.17406460591267087
2026-05-15,0.06558808602645,0.09094290738263937,0.15778258022280453,0.09060973696693718,0.15753783267024438,0.09053177049900675,0.1577298237032606,0.09081644336107471,0.15650664916692386,0.08946294376099308,0.1559754974034542
2026-05-18,-0.03365834963906858,0.11079190072910558,0.19371374733732283,0.11061645320023436,0.19374992756479925,0.11038115173512228,0.19372062863015274,0.11078922600565841,0.19242210353367564,0.10905520216019511,0.1911154542313478
2026-05-19,0.01337812594617605,0.10310624890937907,0.1788761509038995,0.10289275461483427,0.17879556944061725,0.10268104783941111,0.17872994320670163,0.10311653632957682,0.17768424881960054,0.10338382082513929,0.18000165527169618
2026-05-20,-0.03493312950800564,0.10233524532074174,0.17821457811612665,0.10214387585621618,0.17817826043101795,0.10193470369773695,0.1781207156427964,0.10234367966058638,0.17706872579027852,0.10352289444791518,0.18053103946567034
2026-05-21,-0.039771323426896515,0.09460625570791334,0.16407360567783325,0.09438433628643782,0.16397299273933846,0.09418321335879552,0.16389047145959013,0.09458012683457935,0.16295914620088106,0.09373813522801848,0.16305435153220482
2026-05-22,-0.0035863756312276888,0.08622558056541664,0.14953841654593464,0.0859520715649016,0.14935438270113313,0.08575353709791238,0.1492588776518352,0.08607870936130632,0.14890266623069212,0.0847075752094785,0.14750241962901178
2026-05-25,-0.006608615220356252,0.0824815764702984,0.14370162308114637,0.08214006118467337,0.14342400674031983,0.08200489017443376,0.14353873826386387,0.08241431743612351,0.14306627491934398,0.08331660214572535,0.14562815668644552
2026-05-26,0.0250013022054174,0.07952008857509878,0.13866162370216442,0.07911190101809162,0.13830212346709775,0.0792131461617989,0.1391187109414678,0.07954383585383722,0.1381092107609777,0.0797639859270895,0.1397674311465978
2026-05-27,-0.04324998379381675,0.08664889812629895,0.15136334814511204,0.08614488864456396,0.150863600461421,0.08599758312559783,0.1507367904516058,0.08643281298282623,0.1505405776511493,0.08572557470627071,0.1501487418501855
2026-05-28,-0.0343461796246965,0.08012266310744647,0.13892510059958338,0.07984584525090453,0.13879067083035898,0.07979244888625246,0.13904862087663825,0.07998074677424874,0.1386323667388742,0.07777528238218608,0.13523198111054582
2026-05-29,-0.027046078676811962,0.07356677309978586,0.12781566649125173,0.07328865502199103,0.12760185195699283,0.07319513971888057,0.12762551323193574,0.07347432423228156,0.12739554506252607,0.07168643079656704,0.12483725251084934
2026-06-01,0.04654968526357957,0.06872461793496192,0.11953953234444453,0.06834512376280183,0.11917769827285181,0.06822625613987514,0.11916069615145364,0.0685413036632243,0.1189365276382245,0.06729838932039152,0.11735055250211111
2026-06-02,-0.017599448601077882,0.08469421339716408,0.14842706586241644,0.08425528030221445,0.14805581014957359,0.08428379435798894,0.14869854245847627,0.08464524045535177,0.14781415468349157,0.08405555506833765,0.14799775953060054
2026-06-03,0.018222307543668572,0.0819258263300957,0.14238132751430801,0.08151690871205516,0.14205715377989364,0.08132093642397742,0.14194187629868849,0.08167913495990695,0.14175869140397215,0.08283099340989335,0.1443862835283039
2026-06-04,-0.04196419909903208,0.08557569303556675,0.14934071838220386,0.08508519521636528,0.14890226674241533,0.08501676851398193,0.1493106801167176,0.08541581986151925,0.14865664993776145,0.08657669646278063,0.15182975173828075
2026-06-05,0.3341504338600553,0.0787595310263188,0.13679632820097637,0.07828451665234452,0.13636131628147463,0.0783847516019934,0.13709342784940792,0.078722677834463,0.13618508803881463,0.07749057743093499,0.13520853021797785
2026-06-08,-0.12829837965590646,0.32712226254067467,0.5972185484633625,0.32550852753738413,0.5963408987829103,0.3252569362842454,0.5974971077305435,0.32627646612115735,0.5927387328438749,0.28365228457700686,0.5216307085340243
2026-06-09,0.048991492939993116,0.2733273290929874,0.4925567462364689,0.272486844957826,0.49209916884318683,0.2727874370550649,0.4947339747090123,0.27321152935941667,0.4905020721243362,0.3057130375939825,0.5537645014568481
2026-06-10,0.11178172764775833,0.24483837469239345,0.44582651982204946,0.24446591799893955,0.4456478077231737,0.2446423917523712,0.4472564788510977,0.24538132132479437,0.4439326334286459,0.2678244641337576,0.48926575248652965
2026-06-11,-0.13365998517919078,0.2532423301126386,0.46175370465782434,0.25260431429581726,0.46137547932045103,0.2527122970817913,0.4629739682931565,0.25354161386462726,0.45939070464664555,0.2639991030172732,0.4832682499189228
2026-06-12,-0.09489874182279567,0.216777254368256,0.39045042028113025,0.21613363481437445,0.38998960489445744,0.21631916202358548,0.39161581646528276,0.21693693533802505,0.3878843915853883,0.22128047819814667,0.4005939586397329
2026-06-15,-0.08742281497115903,0.18314731901144626,0.3305834172397273,0.18246569865376458,0.3300760814792358,0.18265999293599988,0.3314651893177101,0.18335304739577166,0.328547648377107,0.18553057644513937,0.33666238494241635
2026-06-16,0.012879662863661238,0.15672780236534997,0.28308559592082605,0.15605976186593953,0.2826142646286833,0.15635561484673138,0.28417275413697335,0.15702687664247705,0.2813943862451301,0.15703217285496407,0.28535742244058776
2026-06-17,0.11663131302644822,0.14592913925789813,0.26535759550313326,0.144976932939573,0.2645658876203566,0.1451295850438367,0.2656481988263368,0.1457827010481165,0.26327775575894313,0.14914339773185192,0.2732137536743507
2026-06-18,-0.1172408832982952,0.17645920188048972,0.3226978108992701,0.17563328393583716,0.3220251999404097,0.17572951928347272,0.32366217112894596,0.1762752810515726,0.32081607978593474,0.17233633866850503,0.3173391297416508
2026-06-19,0.022906366208907618,0.15430919114305672,0.27760433528874234,0.15348222619488705,0.27692268216575827,0.15363210120154855,0.2783244410062684,0.15410332033765362,0.2760891112485098,0.15003847039452375,0.27158568530686816
2026-06-22,0.02936206233684953,0.1454680217608725,0.26492005435968113,0.14481765549586417,0.26445379850736395,0.1448925019667177,0.2653654940805161,0.14543838446971621,0.2634142113501256,0.14725356889370098,0.26970349114956443
2026-06-23,0.12035175014355975,0.1447667290445795,0.26383534782270135,0.14425370017832342,0.2635035612128191,0.14436088949600365,0.2643822929525027,0.1448707895693974,0.2624008349798185,0.14472817005781563,0.2650972486234626
2026-06-24,-0.045128328905972376,0.17719888071200376,0.323873310208626,0.17673369677512712,0.32363962198391666,0.17657505264605328,0.3243374100211258,0.17695508481791117,0.3225479894201356,0.17180461343589584,0.3152053094227151
2026-06-25,0.013859496899921157,0.16093472683227128,0.29096124179998356,0.16066906499744507,0.2909167057152109,0.1604913913617986,0.29141642137110646,0.16083773917580724,0.28986186373566825,0.16064047935711706,0.2917821833024707
2026-06-26,-0.025738686268431663,0.1510655024618476,0.2743545203628247,0.15077791388015535,0.27421874346913716,0.15052286692088762,0.2743769619293006,0.15082335666831073,0.2735458806395952,0.15134873231451965,0.27600813186417894
2026-06-29,-0.04215821186568075,0.13794487667139008,0.24951097810114892,0.13761600345240793,0.24934311929290762,0.1373889023861018,0.249508435387513,0.13763362376436084,0.24849085833826728,0.13579251045092253,0.24636227320156842
2026-06-30,-0.07041030616792485,0.12397266457124236,0.2238204261745002,0.12364777840811599,0.22358219623084744,0.12342525032560425,0.22367046146378144,0.12362677449807728,0.22274592481792133,0.11991425939883779,0.21704066583136597
