date,realized,fail_fit,fail_gpd,nu,k,xi,conv,e_90_VaR_0.95,e_90_VaR_0.99
2012-12-18,-0.04827010358594987,0,0,2.0643348408487086,9.0,-0.2515203816344513,1,0.15345549973477304,0.20826644261992847
2012-12-19,0.10882272338629703,0,0,12.55696333773694,9.0,-1.5546731813824715,1,0.19682013616889057,0.21940746727145397
2012-12-20,0.017699577099401075,0,0,3.9709559383137862,9.0,0.28401389708180247,0,0.08479997753908808,0.12547820530267706
2012-12-21,0.009574840820258269,0,0,17.77078056008851,9.0,-1.3989462316383432,0,0.04066080453559819,0.046310261503138994
2012-12-24,0.0,0,0,16.183273138948255,9.0,-1.5270385281039909,1,0.17668398344164088,0.20406030090662516
2012-12-26,0.08794517106252565,0,0,15.115345570145454,9.0,-0.4876987853062834,0,0.0896021764117842,0.11940950973602873
2012-12-27,-0.0005134788302807728,0,0,21.423906115475514,9.0,-2.197133062857388,1,0.19440132567057944,0.2120026617484345
2012-12-28,0.1543707744688423,0,0,2.6333274615650115,9.0,-1.8846563502909461,0,0.11314407760619488,0.12577050673241177
2012-12-31,-0.23176334167275878,0,0,12.204644635856809,9.0,-1.8649501503877093,1,0.14210371516457695,0.15922697154788026
2013-01-02,-0.20499622899382236,1,0,3.590692225512206,,,0,,
2013-01-03,-0.008207980417829509,0,0,13.158111548467936,9.0,-0.47529229513866506,1,0.044075532855951324,0.05473413082204382
2013-01-04,-0.05143789709187312,0,0,4.217530656771859,9.0,-0.3646237252835962,1,0.10654399932328464,0.1470217666757407
2013-01-07,-0.002896453871456495,0,0,12.241915100866064,9.0,-0.01476151696929302,1,0.035530349081690005,0.045672113748106494
2013-01-08,-0.01240439108384414,0,0,5.3580275429415485,9.0,-1.3843559717560845,1,0.11860508363213602,0.14410210871077866
2013-01-09,0.01385366669983444,0,0,5.166229003970183,9.0,-3.317879332183687,1,0.12987584701802238,0.1365931973712505
2013-01-10,-0.023444297201536256,0,0,12.156762499658537,9.0,-0.6102476953059935,1,0.35459510967909175,0.45414180887741773
2013-01-11,-0.009683502111164892,0,0,4.377396665206418,9.0,-0.5291862407526424,1,0.09198603775745591,0.12593960259831077
2013-01-14,0.011904902506318458,0,0,4.710910617991502,9.0,-0.4666748416408495,1,0.08367206896103334,0.11693711274236501
2013-01-15,0.0022164767108919688,0,0,7.030254930076223,9.0,-0.3375045179881062,1,0.06120950408145212,0.09422455235934152
2013-01-16,-0.009640415782174266,0,0,7.745907453124274,9.0,-0.23873287117545466,1,0.05201856645497654,0.0812747838529267
2013-01-17,0.011115342303242102,0,0,6.848419495613182,9.0,-2.1635456980735057,0,0.114679040333405,0.12895174161289857
2013-01-18,-0.08533796048747068,0,0,2.050000014168478,9.0,-1.5415596106474954,1,29217.77049522941,34234.28318137131
2013-01-22,-0.0024106078366873777,0,0,5.091214336958323,9.0,-1.6330495741492297,0,0.030527643408200734,0.03573665426269805
2013-01-23,0.002410607836687344,0,0,2.05,9.0,0.141757986590386,0,0.12224147642821886,0.21752488612273743
2013-01-24,0.018290768366989018,0,0,2.0500000647865173,9.0,0.3082773805997143,0,125448342093869.55,338987763855657.8
2013-01-25,0.01563753522479975,0,0,3.330432333785407,9.0,-1.5150855545780166,1,0.39650496571349825,0.4421532145119057
2013-01-28,0.05140965689568166,0,0,2.0500001935358685,9.0,-2.0625801744607095,0,-2839.1858848320485,51769.61614371676
2013-01-29,-0.01934584143975752,0,0,5.074870324032991,9.0,-1.6090836814090586,1,0.08328413317393032,0.09488299555868823
2013-01-30,0.07314152912547936,0,0,4.6202176239794985,9.0,-1.853088818177786,0,0.23232150429483397,0.25442539403256
2013-01-31,-0.002797204621061254,0,0,5.407666024383846,9.0,-0.7179136484567448,1,0.11451285754893593,0.14448053555059018
2013-02-01,-0.10163264554381189,0,0,5.52640038885792,9.0,-1.9943318590700485,1,0.11335856869239791,0.12561232852104123
2013-02-04,0.1285772807872639,0,0,6.846081252078371,9.0,-0.6579189250941895,1,0.05517327728058415,0.07170809659050521
2013-02-05,-0.06694996985715115,0,0,5.925687060024632,9.0,0.8611786475295862,1,0.15826932451562312,0.25966747296984666
2013-02-06,-0.022853925004151995,0,0,7.527067500659876,9.0,0.5316792960783172,1,0.10941732427543566,0.17202690948965077
2013-02-07,0.006688988150796489,0,0,9.983743318821844,9.0,0.19699700638344675,1,0.09687029185165512,0.1347438210573597
2013-02-08,-0.03620304866396059,0,0,6.165196193418249,9.0,0.20339113159525088,1,0.19881602664525042,0.2927430203147094
2013-02-11,-0.006163347707668688,0,0,5.803945838009184,9.0,-1.3431556145204697,0,0.12939540791413134,0.16376869562870155
2013-02-12,-0.023456900354043093,0,0,7.927368555144168,9.0,-0.15144019159800165,1,0.25304519772139056,0.34431730186405973
2013-02-13,0.026543322557232497,0,0,8.863940832199797,9.0,0.10626221710235507,1,0.30153711900619234,0.45289253345333186
2013-02-14,-0.024962294559913834,0,0,7.091079632102726,9.0,0.09682051202193731,1,0.3714761751080791,0.5433449050698591
2013-02-15,-0.015923903356723022,0,0,2.979891077039523,9.0,-0.3684125603290903,0,0.1052655234149182,0.1551518996028051
2013-02-19,-0.01211157316294502,0,0,5.040763994324804,9.0,0.2129345275094628,1,0.1864776191337509,0.2738987673501319
2013-02-20,0.17607408299000737,0,0,5.67166992983341,9.0,0.11402506916343907,0,0.13129006127836415,0.2028189574389051
2013-02-21,0.036124329247170295,0,0,2.05000001929948,9.0,-1.7110734894633184,1,1.302475825005261e+38,1.6495263540616236e+38
2013-02-22,-0.07148329873095081,0,0,2.05,9.0,-0.04229285870914011,0,0.1903942833277438,0.32762066989620836
2013-02-25,0.29278547112160536,0,0,4.035756342071416,9.0,0.1210020291336307,1,0.1798006862973247,0.32117975662137094
2013-02-26,-0.11837562826631749,0,0,3.1547871394682816,9.0,0.2068392356072948,0,0.29198709299107617,0.46094716912221784
2013-02-27,-0.13565066608333803,0,0,2.088131497407249,9.0,0.1637299353200249,1,0.19766852234427643,0.42504001942782993
2013-02-28,0.05159874671390851,0,0,2.05,9.0,0.574754785235034,0,0.23006576757236416,0.43439253957533713
2013-03-01,-0.00971824946892134,0,0,3.0140949813833267,9.0,-2.1662444200012163,1,0.261971475780594,0.3045019225889216
2013-03-04,-0.09199536737061047,0,0,3.2582403046199047,9.0,-1.5622729245615448,1,0.21277634779061086,0.2687283282176841
2013-03-05,-0.03856425486475457,0,0,5.43582204626674,9.0,-0.5460512611317,0,0.11062826803284556,0.17261114178773468
2013-03-06,0.0037023366985355194,0,0,3.3599343738444554,9.0,-0.5242652225594936,1,0.05084536161478705,0.08078910210438565
2013-03-07,-0.0353553183344116,0,0,11.770542777988911,9.0,-0.4113414165662117,0,0.07489075261081753,0.11621983843882928
2013-03-08,-0.03665127579202922,0,0,2.050000000000067,9.0,-0.2803213415545474,0,0.1158177062348305,0.2115482499236234
2013-03-11,-0.08535198481202433,0,0,38.744661801874194,9.0,-0.3499308433678592,1,0.01446967968783489,0.017905773130919306
2013-03-12,0.05960639547858855,0,0,5.668085009010952,9.0,0.3719122339858862,1,0.021856557483016223,0.0359141539313203
2013-03-13,-0.0365185807325246,0,0,15.668276104466461,9.0,-1.6852852342108293,1,0.4978899757683287,0.5847011997180656
2013-03-14,-0.04583595227200046,0,0,3.482694957392121,9.0,-0.18610284775011615,1,0.07458580900469307,0.12327652065773974
2013-03-15,0.0,0,0,4.502519182456882,9.0,0.1950188517354397,1,0.050089366999715404,0.08190297979561244
2013-03-18,0.16746244239020472,0,0,2.7930093721945295,9.0,-1.7155750661002154,1,0.13102082711482926,0.164138603004153
2013-03-19,0.07426835279077684,0,0,4.047847537906476,9.0,-1.688622968278148,0,1.210861480536774,1.4305888566979976
2013-03-20,-0.1272965265662288,0,0,2.148314976587689,9.0,-1.5871501465564242,0,98.0347628504977,98.0347628504977
2013-03-21,0.09910579434434205,0,0,2.05,9.0,-0.15700321500761025,0,0.14920146118962957,0.2871897444900732
2013-03-22,-0.03048131483061207,1,0,2.233872837866121,,,1,,
2013-03-25,0.01244981294742557,0,0,2.703584833333373,9.0,-1.7649181710162152,0,0.15961703445911288,0.19704630476290538
2013-03-26,-0.07321261674975543,0,0,2.529584298676857,9.0,-1.474300691265344,0,0.17875636002979578,0.23619763942944036
2013-03-27,0.02932308857932572,0,0,2.05,9.0,-1.3470301418097268,0,0.2154504127925555,0.29158762649310116
2013-03-28,-0.03481976515922804,0,0,2.0645863482113125,9.0,-1.3005758528145321,0,2.7171420141110396e+159,3.525450561285287e+159
2013-04-01,0.06699612866600453,0,0,2.05,9.0,-0.054892521048730256,0,0.10436320260094475,0.19989131967309895
2013-04-02,-0.060716673181161335,0,0,2.2614633682451655,9.0,-0.4947566139835729,1,0.25483356508369737,0.421944592845315
2013-04-03,0.10606449315962067,0,0,2.218447372866342,9.0,-0.30417287396413534,1,0.20029364021839183,0.3451453873183185
2013-04-04,-0.022776785342756924,0,0,2.193806662362712,9.0,-2.1974126797374747,0,-0.01144668452233474,-0.01144668452233474
2013-04-05,0.0021574981400210927,0,0,2.3679795917495365,9.0,-0.037423589432396286,1,0.22538790441712048,0.4219714531396794
2013-04-08,-0.05386768817705044,0,0,2.4816827697513006,9.0,0.11212925454219343,1,0.21290289301871992,0.4160800110506351
2013-04-09,-0.02689366846740813,0,0,2.5199739059728343,9.0,-1.4254459179502028,1,0.789025325781214,0.914953012840775
2013-04-10,-0.038099846232270404,0,0,2.05,9.0,1.3488425516329503,0,7.12059511090547,45.29198480993775
2013-04-11,-0.009756174945364572,0,0,2.42448150032238,9.0,0.505287136308362,1,0.1260865895849529,0.2791018128489653
2013-04-12,-0.014815085785140587,0,0,2.148665210637183,9.0,-0.3847683808376874,0,0.09452294816266461,0.15654728590407715
2013-04-15,0.35907670085954785,0,0,2.0580261660698316,9.0,-0.5814196551791997,0,1.2593374155522563e+150,1.976417876352415e+150
2013-04-16,-0.21277479482436074,0,0,2.792842637891306,9.0,-0.3105324512639426,0,-0.026947055674244217,-0.026919635671724933
2013-04-17,0.16777016059781025,0,0,2.0500000021652136,9.0,-1.8261634075975894,0,2577.034427763398,3101.6842077886377
2013-04-18,0.06165733027493376,0,0,2.091144027970188,9.0,-0.07911876052899247,0,0.4688388763956982,1.0001854189164086
2013-04-19,-0.15957538977543348,0,0,2.433761435386212,9.0,0.09295387923169784,0,2.4961162675892452e+157,4.728201962912149e+157
2013-04-22,-0.039514677532260505,0,0,2.050000062117875,9.0,1.1709381960856093,0,712.2927061760296,2689.190101567105
2013-04-23,-0.06532641541511551,0,0,2.092914782542924,9.0,-0.2769807407086098,0,0.39796011645756585,0.6168902156366847
2013-04-24,0.009597711179213755,0,0,2.097969224200075,9.0,-1.8762407616402235,0,0.08383421630342598,0.08383431733996732
2013-04-25,0.0007344840579916562,0,0,2.080502292078728,9.0,-1.5878620618090247,0,0.20314904620223767,0.20314904620223767
2013-04-26,-0.0007344840579916098,0,0,6.841690989602736,9.0,-0.5333617983119866,1,-0.0032824347415782353,-0.0032762490597744113
2013-04-29,0.007320676910848397,0,0,3.38514696842536,9.0,-0.4241136204697591,0,0.2341679619087133,0.41889303912953324
2013-04-30,-0.013955422959405078,0,0,3.171889105549181,9.0,-0.20215326701795988,0,0.5220740585332542,0.8277598546752637
2013-05-01,0.06928868571777293,0,0,3.824055097888511,9.0,-0.6226664344142814,1,-0.004229247704687519,-0.004229247704687501
2013-05-02,-0.06412452816953867,0,0,2.171550663437506,9.0,-0.013235649003825331,0,0.1884503562981796,0.4279762885281684
2013-05-03,-0.05599041682182356,0,0,480.4432885958601,9.0,0.8079091166729307,0,3.3178524172569675e+64,5.37972571785927e+64
2013-05-06,-0.014896394625198624,0,0,2.050000000000235,9.0,0.06196694170920492,0,0.1653308590175626,0.3109703931796378
2013-05-07,0.013338761911514941,0,0,2.05,9.0,-2.02573497719532,1,2290.507985542764,2987.757844066937
2013-05-08,-0.013338761911514924,0,0,2.439123341324115,9.0,0.1087515305347608,1,0.119978957707447,0.2903518853480735
2013-05-09,0.036452271598674826,0,0,2.0543145949793407,9.0,0.27858502521353556,0,1.4260761325457947,3.734356673298756
2013-05-10,-0.0419968402584491,0,0,3.0782102100219184,9.0,-1.5279642427409932,1,-0.009110385097665845,-0.009110385097665845
2013-05-13,-0.003182182478462831,0,0,2.1391660141978344,9.0,0.2410600109424989,1,0.12303613812768965,0.30688021588918596
2013-05-14,0.01737800446665484,0,0,2.05,9.0,0.3807693261762757,1,0.10442367537052358,0.2931478486908434
2013-05-15,0.0031274458641949517,0,0,2.05,9.0,0.7186319364453027,1,0.0951116883049432,0.32507341385917343
2013-05-16,0.020093411727487725,0,0,2.05,9.0,1.0680035732907105,1,0.09024172330017115,0.37065730723931933
2013-05-17,-0.048598904725414026,0,0,2.05,9.0,0.790440297752093,1,0.09652931260657288,0.34469527642707054
2013-05-20,0.04476601386970664,0,0,2.05,9.0,0.593208549288434,1,0.11508679326895602,0.32582116850473286
2013-05-21,0.026526754333428604,0,0,2.05,9.0,0.7112124566852067,1,0.09756230172372979,0.34642289039629687
2013-05-22,0.03310342722567221,0,0,2.05,9.0,0.7822653501104458,1,0.11234425031843934,0.3960583666585867
2013-05-23,0.01792805278677396,0,0,2.05,9.0,0.5313239284301781,1,0.13318019100389594,0.40425010433119984
2013-05-24,-0.005702082448907839,0,0,2.05,9.0,0.4229228524735751,1,0.1427387855994128,0.40124743370709176
2013-05-28,0.03442559828018061,0,0,2.335377989007744,9.0,0.5226147819674196,1,0.1253975768955138,0.3640706991951594
2013-05-29,0.023883769192270372,0,0,2.5477751364517176,9.0,0.5735567077938611,1,0.11760845098039872,0.369261623173332
2013-05-30,-0.02043667856764928,0,0,2.05,9.0,0.4645531056093949,1,0.1300396146752297,0.3720839820391024
2013-05-31,0.11494963023052521,0,0,2.05,9.0,0.682011227386562,1,0.11587336964906225,0.34636430690514186
2013-06-03,-0.0012277472383224036,0,0,2.4487111970250433,9.0,0.23947688955995103,1,0.1511629840413965,0.42082570749109377
2013-06-04,-0.0006144393434478832,0,0,2.548199613716492,9.0,0.23871551193192908,1,0.170453388522106,0.4169809694704796
2013-06-05,0.07287795969852197,0,0,2.628171571480068,9.0,0.2224661950833594,1,0.1450178026674452,0.3527437751173923
2013-06-06,-0.05099258772463217,0,0,2.4853675951895577,9.0,0.2524099275172279,1,0.1526978851619702,0.39857730105219097
2013-06-07,-0.09386804519553349,0,0,2.719310557203174,9.0,0.21196768983789177,1,0.15850482594179208,0.3647989732101681
2013-06-10,0.01962129658732731,0,0,2.600954573690065,9.0,0.1702039340118388,1,0.15816728842804184,0.3452741162365872
2013-06-11,0.10036099220971927,0,0,2.7238161132606886,9.0,0.20474078120928357,1,0.11366158400252417,0.2871063577909076
2013-06-12,0.08530126492700342,0,0,2.538016137459269,9.0,0.0739600252562795,1,0.1659202865199288,0.4096880777815444
2013-06-13,-0.1247328966313531,0,0,2.05,9.0,0.40775923210911547,1,0.19540562550696788,0.5454347808321864
2013-06-14,0.04410726850994941,0,0,2.05,9.0,0.4723497457635412,1,0.18846031210540495,0.45644081150914945
2013-06-17,-0.020619287202735592,0,0,2.05,9.0,0.38337377036285625,1,0.14301997382047027,0.38703963557474863
2013-06-18,-0.011373962784009808,0,0,2.05,9.0,0.3676678205560204,1,0.1463339051521668,0.3631062431378016
2013-06-19,0.001804511767859139,0,0,2.05,9.0,0.3888385614148526,1,0.129027894898424,0.3267425102334321
2013-06-20,0.20812752685774566,0,0,2.05,9.0,0.16377239098131566,1,0.1252090640540687,0.3000919778370225
2013-06-21,-0.08077504018521173,0,0,2.05,9.0,-0.09953572452176955,1,0.28466433682346326,0.6503297689441532
2013-06-24,0.062055281718964045,0,0,2.05,9.0,-0.08637618810942232,1,0.2717149997988127,0.5322687600377821
2013-06-25,-0.08506940957341216,0,0,2.05,9.0,-0.19067975576013754,1,0.21919264765370902,0.46197217057758344
2013-06-26,-0.07065718398770046,0,0,2.606097974553702,9.0,0.029375733219372868,1,0.19782241343844378,0.3906750269785665
2013-06-27,-0.020546657649738728,0,0,3.084997659521263,9.0,0.19818539781475197,1,0.1641051253107707,0.338603962075686
2013-06-28,0.0,0,0,2.927006432930933,9.0,0.20616337107870622,1,0.12630379291153138,0.29172829777492465
2013-07-01,-0.029493561190665825,0,0,2.7750034661456144,9.0,0.15784254001680853,1,0.11993445618812093,0.2805372103950847
2013-07-02,0.0042669982449902635,0,0,2.8390600893560465,9.0,0.17965338996785013,1,0.11660074641251103,0.2638812825813257
2013-07-03,-0.014706147389695562,0,0,2.518098839714153,9.0,0.5266474618993424,1,0.09443390392352277,0.24993131392580575
2013-07-05,-0.08432139554242073,0,0,2.8810321616497623,9.0,0.5864566168520154,1,0.09336227839419103,0.25470490250245215
2013-07-08,-0.00741493117586199,0,0,2.570917465714116,9.0,0.6004193793175395,1,0.09370497139060414,0.2203363418462451
2013-07-09,-0.02952497331442555,0,0,2.7275716488730866,9.0,0.503847894326329,1,0.07653962984091828,0.20334862625250794
2013-07-10,-0.009804000096620743,0,0,2.961609552053379,9.0,0.5344400188089166,1,0.080435147150273,0.2089312274274165
2013-07-11,-0.014174581760093681,0,0,2.7157971924809536,9.0,0.42691446977312253,1,0.07372904920813558,0.19561181468417743
2013-07-12,-0.01220841015939207,0,0,2.855933031373426,9.0,0.5665902794060945,1,0.04234826106725571,0.13772810459200774
2013-07-15,-0.0036192583843130685,0,0,2.9163893517851784,9.0,2.119865336718315,1,-0.01230514744996565,-0.010539247222026888
2013-07-16,0.0446724400515926,0,0,3.2985137383222836,9.0,1.0020353632860783,1,0.014007007605932003,0.08991901150275357
2013-07-17,-0.0453978662712906,0,0,3.17202548080215,9.0,0.48300309173466865,1,0.08329590659646308,0.25866948982614024
2013-07-18,-0.0007259528449490165,0,0,2.430424757128617,9.0,0.16455008886107375,1,0.121457123529913,0.3065678104834464
2013-07-19,-0.09356877753578882,0,0,2.4294675049900403,9.0,0.2562541944716767,1,0.13074146756142324,0.37875948973213897
2013-07-22,-0.020137611626831194,0,0,2.506110118168728,9.0,0.2337416683980686,1,0.04077906395798725,0.0999063684977024
2013-07-23,0.0296614931380867,0,0,2.2205592358237776,9.0,0.1914772618833862,1,-0.0035102518193677523,0.009307284701356397
2013-07-24,0.04025311235833108,0,0,3.2382555582893118,9.0,0.6544771702222865,1,0.056667451432658195,0.16703601617626349
2013-07-25,-0.016061530746008627,0,0,2.60837313848456,9.0,0.16917542274308286,0,0.1279938390126644,0.28431827603031024
2013-07-26,-0.01946344041637643,0,0,3.4058828492459665,9.0,0.6718903699625068,1,0.10339681956472292,0.24985451578326984
2013-07-29,0.051332601791104965,0,0,2.9426300811335615,9.0,0.9715474449611876,1,0.09426225770768051,0.2565902096772897
2013-07-30,0.0,0,0,2.5481004118352555,9.0,0.7765914845310795,1,0.11840891321139413,0.3305023177936225
2013-07-31,0.004470946344766853,0,0,2.9383242309019506,9.0,0.7282018732296082,1,0.1305935173225128,0.34554921674573463
2013-08-01,-0.03865581697509364,0,0,3.1688847371378484,9.0,0.7977900319911402,1,0.1259822076845518,0.33960055383887977
2013-08-02,-0.07708469638545119,0,0,2.781816029475672,9.0,0.8840476622502065,1,0.09872364633392125,0.28299216320242393
2013-08-05,-0.011754963231443732,0,0,2.134676141945836,9.0,0.5130037631674806,0,0.07185987347451053,0.1924695333602476
2013-08-06,0.07169192845611648,0,0,2.910502249059186,9.0,0.826679609592345,0,0.0676526655425463,0.19230459930358315
2013-08-07,0.02023415336396779,0,0,2.98307632778846,9.0,0.4868596985382084,0,0.11963415815261845,0.31331166162379076
2013-08-08,-0.019448298706628793,0,0,2.7707145548252265,9.0,0.3798424515672627,1,0.15075057251399657,0.38241209166090945
2013-08-09,0.052039284724271974,0,0,16.189599552494727,9.0,-1.9344028866156253,1,1.4292929881046634,1.6137406964542311
2013-08-12,-0.045774581384944286,0,0,2.337265517557497,9.0,0.7990547173360711,1,0.1527034442353025,0.5009283802102485
2013-08-13,-0.03981417571228078,0,0,2.601713440012751,9.0,0.8170336575025132,1,0.10539729575439953,0.3475718054250789
2013-08-14,0.05760961630214466,0,0,2.188033348775086,9.0,0.7676011591254611,1,0.07696093195555022,0.257512027842426
2013-08-15,0.12186467397603208,0,0,16.017739020769895,9.0,-0.37348303996658494,1,0.6866245789933676,0.9971497066593413
2013-08-16,-0.0247435303836054,0,0,13.290368878790558,9.0,-0.6364787703534243,1,1.271768796415103,1.6867619535113456
2013-08-19,0.04955204372994519,0,0,18.293436296964444,9.0,-0.22620730909895478,1,0.9065451902209181,1.285768953778954
2013-08-20,-0.012662615044231525,0,0,25.41820919719227,9.0,-0.2406117642420517,1,1.1385042297589403,1.6817717696726635
2013-08-21,0.06679954458542198,0,0,12.000499125581738,9.0,-0.4964448828334891,1,0.6941863085136006,1.0304998630315065
2013-08-22,-0.07691085418974253,0,0,2.05,9.0,0.7218852787934372,0,17.900045435366902,39.61831402000372
2013-08-23,-0.05429308236666225,0,0,2.0704615502029315,9.0,-0.6447325700755514,0,2.1801820360303566e+155,2.6355573992703263e+155
2013-08-26,0.06975557530884209,0,0,2.075188028675076,9.0,-0.7271179715254183,0,9.554490018932386e+45,1.3357582010959753e+46
2013-08-27,0.11220826372061105,0,0,2.0525524504092925,9.0,-0.11499241105124368,0,-6.100530822016784,-6.100530822016784
2013-08-28,-0.016837439263610022,0,0,2.912725586255969,9.0,0.33764580810638944,0,0.18621442978628175,0.27724010331890675
2013-08-29,0.01921981084901664,0,0,6.141994081559947,9.0,0.04523606147703865,1,0.11922174204017942,0.19066871937238272
2013-08-30,0.011827458987246405,0,0,5.921576273008424,9.0,0.15171251013988873,1,0.11587310479092006,0.18928064663640976
2013-09-03,-0.02379648278256704,0,0,5.310009334404116,9.0,0.11080813242187795,1,0.11823222944371238,0.1923772648801231
2013-09-04,-0.04494446780621378,0,0,2.9722929971761554,9.0,1.006644912234763,0,3.097548251755022e+25,1.374325868857759e+26
2013-09-05,-0.006951054844042699,0,0,2.05,9.0,0.5511886038730085,0,1379.3244027817286,4111.326693101948
2013-09-06,0.005060099348342552,0,0,10.617071826013062,9.0,0.2970634243396592,0,0.23483964548893163,0.41214595318954544
2013-09-09,-0.013977355889904269,0,0,11.688983457634716,9.0,0.04919774844749296,0,0.26892628590219114,0.4292523455485568
2013-09-10,-0.07297666685119378,0,0,4.206195921573509,9.0,0.3760365613357295,1,0.5341574876355635,1.0129499902671508
2013-09-11,-0.05009865924266763,0,0,3.8198686372521378,9.0,0.03208085793978137,1,1.2418246988322574,2.0866139083899267
2013-09-12,0.03344317360225214,0,0,2.89567136771222,9.0,-0.1461308462705545,0,0.08744271346796635,0.13679617534446126
2013-09-13,-0.009138903676202294,0,0,4.350139068368712,9.0,0.2906367925651222,1,0.41503346911013095,0.7398940381042504
2013-09-16,0.015417264027327033,0,0,2.281628649404329,9.0,-0.23156218959771413,0,0.09396764176014155,0.14612580648555548
2013-09-17,0.01037712528929073,0,0,6.67984487761101,9.0,0.47602787524605805,0,0.22092325708459296,0.40380849053648504
2013-09-18,-0.0668812494191391,0,0,2.05,9.0,0.18097295505698846,0,0.11791880663703712,0.1865379407170994
2013-09-19,-0.03215230226588118,0,0,2.140015305388355,9.0,-0.10033617916917908,0,0.10494741452265693,0.16089090225611577
2013-09-20,-0.0030441423812282435,0,0,2.1866820039900383,9.0,-1.7138587989952176,0,0.33390857948904035,0.4448504014395809
2013-09-23,0.08682081005241665,0,0,2.321920753306387,9.0,0.054082229446045835,0,0.10266429793584006,0.14971042915516197
2013-09-24,-0.01620324283846322,0,0,13.364912753146426,9.0,2.305957551060277,0,148.8384599285906,2247.533159414197
2013-09-25,-0.004983990380980737,0,0,24.387167386741712,9.0,0.4769353987983883,0,0.2211960170996551,0.43570971228382993
2013-09-26,0.0035625260336033114,0,0,9.951777009976908,9.0,1.1540371595283125,1,0.22129997210804178,0.4918998662556413
2013-09-27,0.09492215677675712,0,0,6.533123999507994,9.0,0.053188610393741786,0,0.13318550948806013,0.20146271556425144
2013-09-30,0.07114665220322174,0,0,11.7196068290038,9.0,0.07519159696937712,0,0.17577572784806983,0.2434743258172356
2013-10-01,-0.06598535042299626,0,0,10.6164464043726,9.0,-0.05798340860519008,1,0.1718626953731907,0.2521347037907518
2013-10-02,0.06598535042299632,0,0,13.662238776838615,9.0,-0.0540077405283156,1,0.1186778673351404,0.17501740933535667
2013-10-03,0.062465590969107525,0,0,17.007223348848026,9.0,-0.10344489222392947,1,0.14329273536323295,0.20780974348940923
2013-10-04,-0.05406722127027594,0,0,21.523380418069863,9.0,-0.1383741990358185,1,0.16003817087105454,0.2325392939755898
2013-10-07,0.14798733211958964,0,0,24.576221886542978,9.0,-0.11935887630508701,1,0.11688264779528218,0.17184586800421578
2013-10-08,0.04680099343949499,0,0,22.87774819070607,9.0,-0.21220208239081761,1,0.1578041686002258,0.22639712175213014
2013-10-09,-0.037059824383942265,0,0,32.458200459289635,9.0,-0.19956159401487925,1,0.17476569186370605,0.25168513937399084
2013-10-10,-0.17338204175514593,0,0,33.4125563806093,9.0,-0.22870070356619557,1,0.14108545539115108,0.21028207823670525
2013-10-11,-0.04721373748026513,0,0,12.837380207361308,9.0,-0.10473840000108588,1,0.07337695083556986,0.11405815203749027
2013-10-14,0.022020392748360776,0,0,41.09610015683699,9.0,0.6293872792370574,1,0.029989907105779468,0.045126163724493934
2013-10-15,0.14942801566977656,0,0,49.60353782887774,9.0,-0.1603960363566032,1,0.06080519150245487,0.08545992521684712
2013-10-16,-0.23785466080585158,0,0,172.88045630411187,9.0,-1.6455254532393173,1,0.7685083689574098,0.9026526182368485
2013-10-17,-0.08732042912918518,0,0,6.757849668879194,9.0,-0.19912569671870584,0,-0.01249854433748402,0.003291223621569994
2013-10-18,-0.03318554898565421,0,0,13.34060254162892,9.0,0.38714837160807813,1,3.572027439112176,6.345723655427216
2013-10-21,0.009160369398664416,0,0,24.143663525801657,9.0,-1.8685814793848283,1,0.014331053620896672,0.016721107382961592
2013-10-22,0.012835208293446072,0,0,9.70873088976729,9.0,0.5634907513478855,1,0.05513537203613331,0.0886310141743043
2013-10-23,0.006728997352918381,0,0,18.88552440693133,9.0,-1.2321245206455176,1,0.09815961610339233,0.11693605698589808
2013-10-24,-0.016529301951210582,0,0,18.252844261513484,9.0,-0.6864832979735715,1,0.10040132355531667,0.12945343208102608
2013-10-25,-0.00836824967051658,0,0,11.524561570470464,9.0,-0.13718621141649656,1,0.0736498775833131,0.10876358900740589
2013-10-28,0.016667052485211643,0,0,2.05,9.0,1.1542109979822954,0,244947.47665027916,2796623.6376941125
2013-10-29,0.007485064886566927,0,0,42.00789878367274,9.0,0.15871637375233918,1,0.5835589618125739,0.8115455416483159
2013-10-30,0.01773882433738163,0,0,6.87637644911299,9.0,0.06764755529677965,1,0.0949304883760138,0.13553443912448715
2013-10-31,0.007299302481611535,0,0,2.0500000000001393,9.0,-1.7967549853090965,0,6.835916019663311e+149,8.409602273191808e+149
2013-11-01,-0.03477968006429253,1,0,2.0927988779834843,,,1,,
2013-11-04,-0.026708951264521677,0,0,96.11517761651896,9.0,-1.9605897423213854,0,0.5253247211370259,0.5896470896613532
2013-11-05,0.025955655560350073,0,0,2.4459278370800273,9.0,-0.10149852494602828,0,0.07914071787668961,0.11954435620595753
2013-11-06,-0.04626885401106847,0,0,11.92596189376804,9.0,-0.6476475321794725,1,0.5566113352301569,0.7389360164744606
2013-11-07,0.09337101160230378,0,0,11.703208794276145,9.0,-2.1395313808210608,1,0.7245607245719173,0.8099829014803177
2013-11-08,-0.07538069456772506,0,0,10.165527996716449,9.0,-1.8387259105277816,1,0.4458858434930717,0.5103843958496512
2013-11-11,-0.029101542459649618,0,0,4.6549060361671035,9.0,-2.308810070908063,1,1.21280439312634,1.329734623051272
2013-11-12,0.02288068258454703,0,0,8.498377079893977,9.0,-1.9608188453844422,1,0.8584254934245382,0.9648525239605784
2013-11-13,-0.02367908582057155,0,0,11.819331848034215,9.0,-1.2891465333013392,0,1.0075817516691865,1.2227429134891672
2013-11-14,-0.01205317926755601,0,0,11.5721552564717,9.0,-0.1643481414785073,1,0.39137032972856,0.5746473012102377
2013-11-15,-0.014658242911216337,0,0,10.214614963451698,9.0,-1.3143263281811641,0,0.8598133382843297,1.0350859733085254
2013-11-18,0.07199628671392566,0,0,11.447364467786661,9.0,-0.20015611119433752,1,0.5436725085763837,0.7665460443233576
2013-11-19,0.02189592949597539,0,0,11.805098145086689,9.0,-1.71171428069614,1,0.5389893517526392,0.6059872864991801
2013-11-20,0.000746547253784563,0,0,2.05,9.0,0.8253194962983601,0,4.536292368520075e+63,5.9675114838451514e+63
2013-11-21,-0.056807290240835515,0,0,9.991906886023274,9.0,-1.9543809715909255,0,0.7148459455820556,0.8036142427254275
2013-11-22,-0.032105486207964856,0,0,12.897312399128138,9.0,-0.10995924516432713,0,0.17336290809416027,0.27158680341475283
2013-11-25,0.042321685082685835,0,0,3.503857775043162,9.0,-1.2915145569204523,1,1.2436111003567816,1.5500133698488439
2013-11-26,0.0015625003178916345,0,0,4.793693535795301,9.0,-1.2665551283877774,0,0.30189131458693835,0.37086882716235925
2013-11-27,0.013183595367301073,0,0,9.772165164724006,9.0,-0.7523704195771206,0,0.361641274770169,0.4622844948712995
2013-11-29,0.05398612155813527,0,0,2.1849146449589076,9.0,-0.3144636060932807,0,3.8831179118791864e+117,7.572973825570672e+117
2013-12-02,0.03795657926768184,0,0,9.76127886457424,9.0,-1.6492178905349528,1,0.6368467779733794,0.7266110815040936
2013-12-03,0.022238581515740444,0,0,8.90373523798772,9.0,-1.3225751985569945,1,0.4322078195324359,0.5233149741416905
2013-12-04,0.010256500167189061,1,0,2.725474069446824,,,0,,
2013-12-05,0.025521868795119553,0,0,7.954424315525593,9.0,-1.5295426633108224,1,0.10325512983648427,0.12161935634190829
2013-12-06,-0.08942567077459959,0,0,2.0500000000003613,9.0,0.8708704369440206,0,4.2134307823266965,10.993863981431103
2013-12-09,-0.0219950215855459,0,0,2.628847642565854,9.0,-1.3224402702377107,0,331551187.8976304,451433038.1991163
2013-12-10,0.030659335715687023,0,0,23.90969896987753,9.0,-0.2713033464631781,0,0.07852189619645007,0.1098285184672365
2013-12-11,0.10305736219983193,0,0,2.0500000000000216,9.0,1.6483544235360617,0,189175309.76646215,1716850573.9324524
2013-12-12,0.007751976804317924,0,0,6.723246047423936,9.0,-0.5496880205484764,0,0.194503218473328,0.2550230488883212
2013-12-13,0.01405773949023173,0,0,4.600778216481302,9.0,-1.4326050703153248,0,0.13003280232065884,0.15599943767242908
2013-12-16,0.0169868821917285,0,0,2.1530791723454636,9.0,-1.4101694035470937,0,0.10735451701758512,0.12888392139551202
2013-12-17,0.011166369126123081,0,0,2.05,9.0,-0.5004492949124526,0,0.12650506514508217,0.214093164204806
2013-12-18,-0.16095974358442577,0,0,12.369647117684723,9.0,-1.3349407952719212,0,0.17560565171342038,0.21985190547045022
2013-12-19,0.025046031926087516,0,0,2.342080743288803,9.0,-0.6123914407479705,0,0.7432375075782605,1.0725102940488325
2013-12-20,-0.025770932284036326,0,0,10.595721563409898,9.0,-1.7402361258898074,1,0.5944915905803805,0.6798113656512373
2013-12-23,-0.05592213530670359,0,0,11.063351586109716,9.0,-1.5840083168774137,0,0.9215113547397078,1.0789866585002719
2013-12-24,-0.043894193557225146,1,0,5.792587292735838,,,0,,
2013-12-26,-0.012092045765028746,0,0,9.621277496291931,9.0,-1.716515801807918,1,1.7409929711193388,1.985494877552886
2013-12-27,0.01048819618305418,0,0,9.282971603581549,9.0,-1.85373700596896,1,0.6879359371816888,0.8019715336253667
2013-12-30,0.08460076915294233,0,0,2.050000000000002,9.0,-1.240948008473688,1,1.302912204060648e+162,1.5235522730949735e+162
2013-12-31,0.0117303397854896,0,0,5.400266133670849,9.0,-0.6908769070962825,0,0.29781741492293984,0.3520516086757889
2014-01-02,0.03649778980402176,0,0,2.17933655138869,9.0,-1.8110538269056662,0,6.852220265363526e+34,8.503879529628606e+34
2014-01-03,-0.033586579596563464,0,0,3.4201898236129185,9.0,-0.4122765537648868,0,0.5789386226543765,0.7518594114425551
2014-01-06,-0.015379285179487667,0,0,4.657086902122655,9.0,-1.7511205996801167,0,2.2465248056396696,2.5830556513564518
2014-01-07,-0.047610048971254156,0,0,3.6604380312053464,9.0,-2.2100275953560398,1,2.1257358190925397,2.3346587165639665
2014-01-08,-0.003877476746420541,0,0,2.1883879151341397,9.0,-0.5314152213303736,0,9.94428753959156e+157,1.710234078440764e+158
2014-01-09,0.00155279534306082,0,0,3.680354349464961,9.0,-1.420815492931772,1,0.37247928205828434,0.4304944831572856
2014-01-10,-0.059946031319743846,1,0,12.269980202810727,,,0,,
2014-01-13,0.08975335841693555,0,0,4.192824038183359,9.0,-0.2717977256675785,1,0.33934909285983955,0.46661887687033476
2014-01-14,-0.07828722132929145,0,0,8.747504442876703,9.0,-1.2889764391771399,0,0.41133270375105757,0.5071988099188066
2014-01-15,0.0,0,0,8.569756641409258,9.0,-0.691898499226052,0,0.37614287974313126,0.49803906813302956
2014-01-16,0.020153846188980428,0,0,3.468227662447184,9.0,-1.475941516224579,0,0.10832487238148936,0.13143539990881853
2014-01-17,-0.0072086815969435005,0,0,10.510363340556808,9.0,-1.8180746426898782,1,0.11292259778175197,0.13073204826820312
2014-01-21,0.033981934297001845,0,0,2.595259461251062,9.0,-1.5760321855618724,0,0.10922182637772508,0.13050462566441284
2014-01-22,-0.0023337233462201,0,0,2.05,9.0,0.9707620395883106,0,0.19478062494087203,0.7102775377486721
2014-01-23,0.06992701447874825,0,0,4.400792572981885,9.0,-1.8613523445904132,0,0.12765877753885746,0.14595755659249518
2014-01-24,0.2756271319464272,0,0,9.634152347470456,9.0,-1.2961601182042721,1,0.35857479919823987,0.44712982080892827
2014-01-27,-0.040500473262633715,0,0,2.3113973846011753,9.0,-0.5511584868953769,0,0.41448696270443475,0.5390637487792694
2014-01-28,-0.0976090313914357,0,0,2.619644405568728,9.0,-0.34841077136518744,1,0.09803900478640268,0.1388376222631013
2014-01-29,0.09358256635994715,0,0,5.489323799500862,9.0,-1.492526033127012,1,0.5942738900312986,0.7161266442749695
2014-01-30,-0.003464206697669238,0,0,36.10186521769687,9.0,-1.5152949601700745,0,0.5119914005261095,0.5990846921281946
2014-01-31,0.06276569554978752,0,0,2.225416415803203,9.0,-2.5214052907778366,0,0.35742079507583446,0.4008410556309919
2014-02-03,0.1523643409576149,0,0,8.390019476408716,9.0,0.6345913942428685,0,0.17435296854245602,0.27034065805354635
2014-02-04,-0.11504657795041962,0,0,2.5564693855427194,9.0,-1.5357926036635998,0,0.37619180157528553,0.4615955548987447
2014-02-05,0.04301738508369086,0,0,2.139450786256167,9.0,0.7147639507652082,0,0.15348025203105295,0.433085693147468
2014-02-06,-0.14657709279603415,0,0,2.0500000051943177,9.0,0.526569999790645,0,43.14778752701868,147.86757577166944
2014-02-07,-0.11945303059886743,0,0,9.320862639333532,9.0,-1.5519061092859125,1,123.00452156111643,141.8088316503318
2014-02-10,-0.0019639940846599437,0,0,11.927653929668342,9.0,-1.51837997627829,0,2.6229638881822313,3.1190586260839996
2014-02-11,-0.050396958960214476,0,0,2.8485478038460084,9.0,-0.35584679636502037,0,0.12084607908889945,0.18932938994333137
2014-02-12,-0.014578529630234862,1,0,2.1085361025230736,,,1,,
2014-02-13,-0.01125187679743492,0,0,8.356778616336516,9.0,-1.4787657719286902,1,2.0482928796382356,2.4636427543786845
2014-02-14,-0.04114618662164893,0,0,2.050001432294414,9.0,1.769611640717759,1,0.12106537378385696,1.3602885227434443
2014-02-18,0.021866760479962354,0,0,2.05,9.0,0.19629938624271226,0,0.061417737058270694,0.1510835632436593
2014-02-19,0.11111178959846076,0,0,9.390545440274316,9.0,-1.499281024957465,1,1.4994790862149197,1.7916665900689255
2014-02-20,-0.046888747202492594,0,0,5.5621912429372,9.0,-0.7337129379536764,1,0.31699126967772595,0.36116381529615416
2014-02-21,-0.007465253536338866,0,0,4.7728960058636165,9.0,-1.4331287466367355,0,0.7099210970420943,0.8545356120996879
2014-02-24,-0.031133611084608444,0,0,15.344918713325097,9.0,-1.523493447746914,0,3.767281598577096,4.310456263884579
2014-02-25,-0.04014876136590284,1,0,2.0601015116467942,,,0,,
2014-02-26,0.04854629146977183,0,0,4.403509383331595,9.0,-0.25919741140227937,0,0.084834155510997,0.13498266266118084
2014-02-27,-0.021839543607965122,0,0,4.984930459735864,9.0,-0.3162070023369547,1,2.4594952636035052,3.8094533839893625
2014-02-28,-0.002853068982406399,0,0,3.864435949793378,9.0,-0.26718630686211353,0,0.11011675775196599,0.17250590308605948
2014-03-03,0.13353139262452257,0,0,3.011397614640002,9.0,-0.5968963470112282,1,6.266339577224897,8.781907431795643
2014-03-04,-0.12641392485565867,0,0,3.6212552247859953,9.0,-0.2714300336766138,1,-0.006051200560178596,-0.006051200560178596
2014-03-05,-0.015005640617870162,0,0,5.74098131007552,9.0,0.11278402456184984,0,1.400943676730723,2.1716851700871143
2014-03-06,0.02277678534275693,0,0,4.02547554025363,9.0,0.4248969264008765,0,0.08138457054961615,0.12097371810930117
2014-03-07,-0.007062176244286769,0,0,4.831931398212501,9.0,-0.5272358355477984,0,13.978655900582316,18.871239730899728
2014-03-10,0.006358198742492503,0,0,4.811458063563722,9.0,-0.6596899234310967,1,1.2670841282990284,1.7331661374916276
2014-03-11,0.04138521616285449,0,0,6.34703404714584,9.0,-0.5665271409411661,1,0.5786272343469578,0.8043409677094693
2014-03-12,-0.022549640126676936,0,0,8.54256306760443,9.0,-2.2188787320753454,0,0.8266116203244807,0.9197856065396031
2014-03-13,0.11416750804387432,0,0,10.150835246682213,9.0,-2.031767049447037,1,0.9868920134834738,1.1045823536960133
2014-03-14,0.09407637335539638,0,0,5.676444521063199,9.0,0.5611037444100033,0,0.2169483596142411,0.5782150902916772
2014-03-17,-0.13048968692549823,0,0,6.739220356357599,9.0,-1.8894283914399441,0,0.744263378289879,0.8125368993693194
2014-03-18,-0.074304725720515,0,0,2.080948250803164,9.0,0.16908568090955206,0,1.474948019482355e+53,2.107572591191795e+53
2014-03-19,0.04049136135473699,0,0,2.0500000432456282,9.0,0.37345706111151317,0,4633.908969124821,8636.786086813529
2014-03-20,-0.040491361354736875,0,0,8.75732901112985,9.0,-1.5541266613948548,0,-0.005175730654813757,-0.005175730654813757
2014-03-21,0.032523191705560145,0,0,3.438153630232688,9.0,-0.16667372427926921,0,0.10490295911738341,0.16853647178680833
2014-03-24,0.005982071677547469,0,0,4.291735967959504,9.0,-0.1938033224124226,1,0.11794247527822975,0.1735350598468227
2014-03-25,-0.07354739117331352,0,0,3.7182001885660982,9.0,0.07567043341928642,0,0.08883765623015293,0.17291274099867088
2014-03-26,0.06288772994465501,0,0,3.0716366041270926,9.0,-0.01480413112793308,1,0.6260031177364829,0.9468364880610465
2014-03-27,-0.02098215722946657,0,0,2.965939975308944,9.0,0.05175526759851588,1,8.97632050806861,13.679282357694872
2014-03-28,-0.014468044310201718,0,0,2.4375553129272998,9.0,1.3950914481861487,0,3.709681162854772,42.54002309444364
2014-03-31,-0.0374734549327722,0,0,4.611540149783629,9.0,-0.10582459694000114,1,5.709782931346558,8.237889771691151
2014-04-01,-0.05783672487155268,1,0,2.074765841724602,,,0,,
2014-04-02,-0.0007636502852973333,1,0,2.843725521903364,,,0,,
2014-04-03,0.021164811192043116,0,0,4.495085980434312,9.0,-0.49679712115130115,1,2.2209230771833814,3.0568325489966583
2014-04-04,0.043182706220374685,0,0,2.0545884253476077,9.0,-1.6350555238256193,0,0.1432326818069962,0.17200823092916623
2014-04-07,0.10914988851168059,0,0,3.827321119222462,9.0,-0.2503429482760517,0,0.13065732195506186,0.20260059760072732
2014-04-08,-0.04465613914998934,0,0,4.474267673423936,9.0,-0.4913348346319427,1,0.1475708106488641,0.22273999290545934
2014-04-09,-0.07457302835639375,0,0,4.807806868527354,9.0,-0.39837096258836535,1,0.13793173627399954,0.20258608343414342
2014-04-10,0.1395731622091007,0,0,3.8900183657589174,9.0,-0.5656959614861148,1,3.4290840701715433,4.5121066718130995
2014-04-11,0.06928651412597223,0,0,3.919771690654813,9.0,-1.6106494466577612,1,14.16177113102527,17.244989069125996
2014-04-14,-0.055536297485714044,1,0,2.1221954742405367,,,1,,
2014-04-15,-0.03152846266154228,0,0,7.008340547563193,9.0,-1.5173384237732916,0,0.5263584236980923,0.6180691555911411
2014-04-16,-0.09607921342335929,0,0,9.420395136367734,9.0,-1.6936169353462436,1,0.3778739105312803,0.4491785695550291
2014-04-17,-0.0595673529954818,0,0,3.1726894555355662,9.0,-0.5507992513828563,0,0.1579144007155343,0.21167001923582035
2014-04-21,-0.008267615676268363,0,0,5.968374421441772,9.0,-2.298502121031492,1,0.09669537704746146,0.10780878446671655
2014-04-22,-0.004538585703008073,0,0,2.05,9.0,0.1746590411791471,0,-2863.7604141315423,175326.72042445865
2014-04-23,0.006046881614892907,0,0,4.587072887231668,9.0,-1.6188560493113262,0,1.1574595561867442,1.3642649752416245
2014-04-24,0.003760816768126919,0,0,7.791543225853745,9.0,-1.912306426689038,1,0.2599774873689447,0.30244884505870134
2014-04-25,0.05406722127027579,1,0,2.0578370233223566,,,0,,
2014-04-28,-0.006421713113648395,1,0,2.296832301920626,,,0,,
2014-04-29,-0.01878667969464737,0,0,10.812225182066749,9.0,-1.4486278588879047,0,-0.008791772014872806,-0.00879177201476887
2014-04-30,-0.02212479628063587,1,0,5.868985786989717,,,0,,
2014-05-01,-0.012003144861355973,0,0,10.561044012802446,9.0,-1.8550920592757774,1,-0.0022812629530482363,-0.0022770262593659026
2014-05-02,-0.025995347573680102,0,0,4.237230870456689,9.0,-0.17250685999963,0,0.2809258323620621,0.4312424785139097
2014-05-05,0.02900966786660278,0,0,3.4265206457961304,9.0,-0.7202819807380809,1,0.5134483146458195,0.6954567595027349
2014-05-06,0.03765671943800514,0,0,3.1175584459775685,9.0,-1.125690714437514,1,0.6135270303530146,0.7568239694237129
2014-05-07,-0.02941388520629334,1,0,2.2826397181715152,,,1,,
2014-05-08,0.0022363035782805166,0,0,5.142881684081044,9.0,-1.3254361492981683,1,0.28184687441137657,0.34102799074706097
2014-05-09,-0.03871451218069039,0,0,7.231153623603681,9.0,-0.7258632629186068,1,0.13982563602058704,0.1929136858250019
2014-05-12,-0.05488454865537475,0,0,6.908265281644119,9.0,-1.8364059041881362,1,0.18204576069948608,0.21525404772354967
2014-05-13,-0.0082102267431222,0,0,9.057050622319927,9.0,-1.395275639676625,0,0.25079370213211005,0.3113901267858481
2014-05-14,0.0032921840434768767,0,0,8.71826413230609,9.0,-1.5240167413816645,1,0.09764957464562275,0.11975346515273799
2014-05-15,0.07896760875575394,0,0,8.301773984179604,9.0,-1.4131266072096897,1,0.5373414721839816,0.6505774462454589
2014-05-16,-0.05702442844415627,0,0,4.73890301527969,9.0,-1.3456907585962172,0,0.17240680994016533,0.2145000608524865
2014-05-19,-0.0016090108057006626,0,0,2.2578823617069452,9.0,-0.1939541823924687,0,0.1109902785357176,0.1918850275235311
2014-05-20,0.0425596144187959,0,0,7.9319631435203055,9.0,-1.235366365912008,1,0.22406753753684952,0.2782804871690253
2014-05-21,-0.08448930755691998,0,0,6.98348968274617,9.0,-1.5080101291565917,0,0.1439598183132189,0.17911007243143406
2014-05-22,0.010025146619378646,0,0,7.502529107116858,9.0,-1.6895501968186704,1,0.2695136372821229,0.3207811166697077
2014-05-23,-0.05730511669358227,0,0,4.590388010589282,9.0,-1.2299229758673498,1,0.11023001445318467,0.1378142207519689
2014-05-27,0.01311780944078605,0,0,3.837714169100902,9.0,-1.5906769031888959,0,0.17130457826045425,0.20344555686993016
2014-05-28,0.014661754666289764,0,0,2.080349077009618,9.0,-0.2223922396435209,0,0.0804993258452917,0.14410885087015543
2014-05-29,-0.009462436194495747,0,0,13.010363882521697,9.0,-1.401487080203179,0,1.840242949655766,2.2310190990636944
2014-05-30,-0.014802185805135388,0,0,9.95619880293014,9.0,-1.8022477019344136,1,0.33955987624938233,0.39868522357178976
2014-06-02,0.015666116744399456,0,0,4.057046282345387,9.0,-0.5871669733545297,1,0.09636872119921257,0.14766491737937815
2014-06-03,0.02473473647672743,0,0,4.136077165183628,9.0,-2.510982137602504,0,0.10854396873590993,0.12112914814456172
2014-06-04,0.017536983885092335,0,0,12.556479077202049,9.0,-2.0313263845400416,1,0.92493074919816,1.041228083327695
2014-06-05,-0.03367321510658795,0,0,12.287732958166046,9.0,-1.7976256745967563,1,0.32718646635784004,0.38380941873149527
2014-06-06,-0.0848344207574738,0,0,2.0500000001289806,9.0,-0.028980113557452385,0,0.12982089445875572,0.226818989176691
2014-06-09,0.03839594126352075,0,0,2.1760448062544566,9.0,2.446609255814307,1,1.403659918476036e+155,3.1725413358261296e+156
2014-06-10,-0.01445372949059779,0,0,12.427710794922378,9.0,-0.6102169507582353,1,1.6083899948090354,2.226641500782831
2014-06-11,0.05401932969678883,0,0,2.063196313883657,9.0,7.30029075608573,0,1.937933122280793e+151,2.461554294180638e+156
2014-06-12,0.07951206292773381,0,0,7.180102181540556,9.0,-1.8229328203280672,1,0.12847988816996733,0.15307516854583347
2014-06-13,-0.030721898758301704,0,0,10.261150462238309,9.0,-1.9630658306730764,1,0.18243680921095565,0.21268633038930898
2014-06-16,0.03786195289177829,0,0,9.428313644314017,9.0,-1.8658217504839063,1,0.14844571524788575,0.17380502290827934
2014-06-17,-0.04776302387448981,0,0,10.794618995090303,9.0,-1.9820786686857454,1,0.1865119660785338,0.2183253991048726
2014-06-18,-0.12809723867314768,0,0,12.421715056310624,9.0,-1.3974920003126687,1,0.018703585485250477,0.022009935852257856
2014-06-19,0.0009420631879009365,0,0,2.7706299251073294,9.0,-0.4395068599639317,0,0.24370819557171647,0.37049182304352685
2014-06-20,0.021426064172675896,0,0,8.452910422267685,9.0,-1.5553209116120805,0,0.10321178613659616,0.12534839747712037
2014-06-23,0.01191035609491603,0,0,11.786531675955327,9.0,-1.59972320747472,1,0.21412930491915427,0.25442838966889275
2014-06-24,0.09960628687457426,0,0,2.052411929106669,9.0,-0.4986550285121635,0,5.537570437190245,5.537570437190245
2014-06-25,-0.04553906560429852,0,0,14.55356928315271,9.0,0.01755375843598832,1,0.19275506729733047,0.29222608593737115
2014-06-26,0.003445309178912825,0,0,2.05,9.0,2.0340588970253997,0,0.07169496492867221,0.2590971813770115
2014-06-27,-0.03233134381902886,0,0,16.103677026930896,9.0,-1.7932595222662109,1,2.3128388005366145,2.686491377979629
2014-06-30,0.027158918494040996,0,0,14.116360729609106,9.0,-1.6765783492597062,0,0.20659685286088325,0.2411518873036685
2014-07-01,-0.036976043299457445,0,0,8.65608417332657,9.0,-1.2312300441545254,0,0.2225225586270422,0.2796955283770245
2014-07-02,-0.03004322448779232,0,0,11.937724424684138,9.0,-2.1990458512839206,1,0.34584303632356056,0.38879131585727206
2014-07-03,-0.04731251336491882,0,0,2.2242940730987795,9.0,-0.4692160922220036,0,0.07655908266847512,0.11141972925852552
2014-07-07,0.09337031498649823,0,0,2.0725177460139186,9.0,-3.121323352261409,0,284487.42744348233,284487.4274482126
2014-07-08,0.05578451764738843,0,0,11.335636217891752,9.0,0.34516672493765266,0,0.24197553908307656,0.41423686154380585
2014-07-09,-0.02793241267559372,0,0,19.32988823417269,9.0,-1.2842896761368152,0,1.3828560965113152,1.702188822953693
2014-07-10,0.07759666804454625,0,0,16.059829854204736,9.0,-1.647604458436803,1,0.4339967278063083,0.515034272515982
2014-07-11,-0.04135165554958693,0,0,24.25619553559421,9.0,-0.5545148483677639,0,0.2949445753571603,0.42274992828115215
2014-07-14,-0.02175818052871669,1,0,2.2353691579590915,,,1,,
2014-07-15,0.011774736544533537,0,0,24.798014518569396,9.0,-1.5761423942977295,0,0.09973350712238388,0.11651037314549013
2014-07-16,-0.0836724757241152,0,0,12.581781663603415,9.0,-2.225594063311437,1,4.898444447284546,5.496518433040177
2014-07-17,0.2790081993070027,0,0,12.084891133775592,9.0,-1.6589689757502408,1,1.598798850792236,1.868930262284986
2014-07-18,-0.18700928080633378,0,0,59.28122803777869,9.0,-1.8635013498841897,1,0.15070444715475717,0.17232326999012756
2014-07-21,0.06033192460960349,0,0,229.90478279379303,9.0,-1.9316081004927521,1,0.2328330282495377,0.2591164485417777
2014-07-22,-0.045516838824462905,0,0,133.0717597242548,9.0,-1.460382571129316,1,0.0935868411093025,0.10957579992296934
2014-07-23,-0.060624621816434854,0,0,23.39608496147823,9.0,-1.591954993231771,1,0.1235063788054306,0.14300424502079662
2014-07-24,0.02739897418811456,0,0,66.8290549451347,9.0,-1.634022909368991,1,0.1355370106486957,0.15747973524514514
2014-07-25,0.0693306522704367,0,0,31.441464829203696,9.0,-2.1285251221587673,1,0.08906565365279145,0.09958861762127506
2014-07-28,-0.010297120686243577,0,0,115.71554493692106,9.0,-2.5343199478852343,1,0.16628466057110963,0.17913318705749198
2014-07-29,0.055741983008235164,0,0,71.5987684197699,9.0,-1.4039838696033082,1,0.07500248490942424,0.08864436701407451
2014-07-30,0.0037579901423296655,0,0,210.50731541906376,9.0,-2.5798514469131693,1,0.15685977009264118,0.16903639275393278
2014-07-31,0.24025069963584186,0,0,240.79563103646453,9.0,-1.6094150888833643,1,0.08129814554243754,0.09338850366184077
2014-08-01,0.004708660848137756,0,0,7.996025758704928,9.0,-1.6416930779636838,1,0.613169685410231,0.7357655491569998
2014-08-04,-0.11895812392321012,0,0,2.144151194499354,9.0,3.618160593770222,0,2.1079432320573993e+155,1.489563681305774e+157
2014-08-05,0.10951852580649016,0,0,4.602355507820647,9.0,-1.5924064116827399,0,0.3688635678960787,0.4580732702997946
2014-08-06,-0.030086505174833404,0,0,8.887108885371305,9.0,-1.6737010929523501,1,0.42254845214760983,0.49248492346659994
2014-08-07,0.01756024535565298,0,0,8.137096558780321,9.0,-1.3407198167228898,1,0.49098991724909036,0.598770410051437
2014-08-08,-0.05490123576374962,0,0,2.792376543243404,9.0,-1.3717066326083072,0,0.6584226108832435,0.799690748289222
2014-08-11,-0.10275698887318598,1,0,8.59772617522544,,,1,,
2014-08-12,-0.007052215405324947,0,0,7.840230345038771,9.0,-0.32444923045079144,1,0.884953014178611,1.2394432297946254
2014-08-13,-0.09107288532880962,0,0,9.49831946082192,9.0,-1.2927483836552258,1,0.0008112994867189636,0.0008112994867189636
2014-08-14,-0.037919234862293726,0,0,3.624589413771118,9.0,-2.1472268100595255,0,0.06299905836553651,0.07175575177950895
2014-08-15,0.05711368211844089,0,0,17.410870044048426,9.0,-1.6670521966731102,1,-0.004098677858376688,-0.004098677858376688
2014-08-18,-0.06519780051839985,0,0,2.0500057647493724,9.0,1.3317597192526267,0,94.4788154060985,798.9065222839645
2014-08-19,-0.008968669982760375,1,0,14.190018826034077,,,1,,
2014-08-20,-0.03585210989917279,0,0,10.795590218197761,9.0,-1.547521244199229,0,-0.01058039054931672,-0.01058039054931672
2014-08-21,-0.0016992357529598016,0,0,2.05,9.0,0.4630958334822311,0,4.992615045578936e+82,9.387969469944299e+82
2014-08-22,-0.02496901132920148,0,0,60.158112184861636,9.0,-0.7746373445276828,0,-0.004327543699899025,-0.0043082769523175276
2014-08-25,0.019853910662430953,0,0,3.9596456490069976,9.0,-0.2081333858497738,0,0.11985929973887006,0.1957628088179751
2014-08-26,-0.006000875273137245,0,0,3.655932032565053,9.0,0.35216122787542703,0,0.03147043128477596,0.06077621415780223
2014-08-27,0.012815211692867506,0,0,2.4609212163069447,9.0,0.6229248591991952,0,0.0773654613090562,0.17284716922488447
2014-08-28,0.022661481713223405,0,0,2.725837101295326,9.0,0.048918175014729656,0,0.007519789331837505,0.015378994963624593
2014-08-29,-0.005826067249360691,1,0,2.2715375069997887,,,1,,
2014-09-02,0.022287344303432613,0,0,2.05,9.0,0.0712462897998783,0,4783675.905787534,12961643.528738564
2014-09-03,0.008939515038808608,0,0,13.286261929797726,9.0,2.3306285621089806,0,1.3886484791681763e+156,9.839865423166545e+156
2014-09-04,0.022400936689166713,0,0,6.871237429945231,9.0,-0.7501466491750782,1,0.2909335125742364,0.3950995492687367
2014-09-05,-0.044487724092010066,0,0,5.6841785998824,9.0,-0.43326611828770767,1,0.6036785366789298,0.8592211021608072
2014-09-08,0.04606875208932893,0,0,11.378717853592315,9.0,-0.21820819506072348,1,0.4132840740463964,0.6327858717383165
2014-09-09,0.06424226872835366,0,0,6.134443007853539,9.0,0.10930117331641429,1,0.45003392237354506,0.6809687725092322
2014-09-10,-0.04701396476817609,0,0,8.518511634194423,9.0,0.27841123499045917,1,0.32030645277141206,0.5235985464950006
2014-09-11,-0.0062305497506360856,0,0,5.422583333284791,9.0,0.0416358919517572,1,0.5915614243079741,0.9139303161008239
2014-09-12,0.03907046148144874,0,0,37.42079937070646,9.0,-2.176216679354658,0,1.3749495811895895,1.565774779127324
2014-09-15,0.059076599658075754,0,0,16.88842672778885,9.0,-0.3882322349219467,0,-0.01741223715673711,-0.017412237156737075
2014-09-16,-0.10363081949578079,0,0,14.57700141259249,9.0,-1.459117200509072,1,-0.020462555981956437,-0.020462555981956437
2014-09-17,-0.006304197395785893,0,0,10.75092086705657,9.0,-0.19281823056846384,1,0.09525562044094765,0.1244270484182712
2014-09-18,-0.05025368518694179,0,0,7.688541821335575,9.0,0.2788535827393884,0,0.5317869247316245,0.8547126838515348
2014-09-19,0.006628027578413331,0,0,3.767825237999332,9.0,-0.09750867036646316,0,0.08681328118678604,0.20617558748955495
2014-09-22,0.12263408173535656,0,0,15.237075715553374,9.0,-0.27263471721265553,1,0.21765118071313216,0.3063555469818449
2014-09-23,0.08670697225074145,0,0,10.418333478126726,9.0,-0.7034614953197597,0,0.8210004190585289,1.0720419009263191
2014-09-24,-0.11786676320698289,0,0,3.9016919859934087,9.0,0.6418524874858431,0,0.3972500066643457,0.6639612580992139
2014-09-25,0.16432588677304896,0,0,6.22644862478578,9.0,0.37958316800703196,1,0.6261562132009613,1.089909952062697
2014-09-26,-0.05183186986845641,0,0,2.05,9.0,-0.14526367734855097,0,1371596.9217892154,3040150.956005144
2014-09-29,0.0733380750894201,0,0,2.6019725809421943,9.0,-0.18382169839403806,0,14.552323892349495,26.579665542936382
2014-09-30,0.02044047629479368,0,0,3.8050070204183832,9.0,-0.04735150857232008,0,88.53119407306704,144.17271441054325
2014-10-01,0.024228925974379954,0,0,2.207567703413735,9.0,-0.11164248216005329,1,0.38389477847557546,0.6540137092466313
2014-10-02,-0.03346828951435304,0,0,3.114356745398149,9.0,-0.03254489607949563,1,-0.005962449179989714,-0.0059624491799875135
2014-10-03,-0.10494805947544772,0,0,3.0639995124834933,9.0,-0.5984038946995629,1,0.00804476691323779,0.00804476691323779
2014-10-06,0.06066504954177438,1,0,3.3103772288338034,,,1,,
2014-10-07,0.10665334066013141,0,0,3.6789254597281515,9.0,-1.5903459079450584,1,-0.015623550845941686,-0.015623550845941686
2014-10-08,-0.1295526075347592,0,0,5.036435738574542,9.0,-1.7388273609091929,1,-0.02135567743017194,-0.02135567743017194
2014-10-09,0.21637016729343048,0,0,2.110858068097116,9.0,0.2753048952976148,0,0.18395239468789712,0.3159528246705224
2014-10-10,0.12415925279565927,0,0,10.076290962690413,9.0,-1.6736087707539156,1,-0.049385030274920326,-0.049385030274920326
2014-10-13,0.14848494229158105,1,0,16.38492034798047,,,0,,
2014-10-14,-0.0780492954077262,0,0,5.621548177187884,9.0,-0.2643644758890503,1,0.27801742682197195,0.44495360821916874
2014-10-15,0.14134414578003993,0,0,3.4367114638138987,9.0,-1.1901419548452463,1,0.9923907239520122,1.3285844629579473
2014-10-16,-0.040821994520255166,0,0,2.050000140416096,9.0,1.8328135743542031,0,2003.7644543957713,14165.692276439693
2014-10-17,-0.1362561899507078,0,0,30.101747125041364,9.0,-1.3023567766697783,1,0.3162852069153059,0.377293464592709
2014-10-20,-0.16904042920205534,0,0,10.423380139158587,9.0,-0.504688152548821,1,0.4364314140213061,0.6384701311763301
2014-10-21,-0.1439711116137942,0,0,7.433931653364995,9.0,0.3077690183842756,0,0.33042527087523843,0.575785931127387
2014-10-22,0.10554706542051655,0,0,5.746921115877091,9.0,0.9734354600398354,1,0.3152825059856544,0.6383832826705029
2014-10-23,-0.07794641733840388,0,0,2.05,9.0,0.4663171696630145,0,0.3271875575722216,1.0499740728444207
2014-10-24,-0.025736714644049936,0,0,5.335919384755041,9.0,0.8421711636891502,1,0.1690991496970641,0.33376390617741286
2014-10-27,-0.004354594750514625,0,0,5.420222141220245,9.0,0.6361168583883341,1,0.14180654801079298,0.2680776496233084
2014-10-28,-0.10855208153909193,0,0,7.020985302558753,9.0,0.059732564029958905,1,0.057893185487585465,0.09064630112465942
2014-10-29,0.05146701105610162,0,0,5.937667576206917,9.0,1.0717767621249168,1,0.23810981222857386,0.4496177764555812
2014-10-30,-0.04247352255872816,0,0,5.137348024997767,9.0,0.6970278585961265,1,0.11320000683683863,0.2401743772591456
2014-10-31,-0.034329115282280435,0,0,8.922660052364183,9.0,0.3937544320561736,1,0.018662016479162914,0.018662016479162914
2014-11-03,0.04868833636016939,0,0,5.156590079562163,9.0,0.5746672411834541,0,14.729785120510336,24.135617566390877
2014-11-04,0.010803616221378811,0,0,7.131176818842236,9.0,0.16651708090309936,1,0.05785475403860575,0.1063600473053699
2014-11-05,-0.049562792993328574,0,0,7.8382314763658085,9.0,0.1839512656117377,1,0.077588378724198,0.13148959991497458
2014-11-06,-0.035923402966730876,0,0,8.166308848154486,9.0,-0.0494916608083229,1,0.08619026834146569,0.13107268932541738
2014-11-07,-0.041065867219915245,0,0,8.40503124945953,9.0,-0.2412198730029444,1,0.0736636820349951,0.11184443493754592
2014-11-10,-0.034900789182895305,0,0,8.59644303723272,9.0,-0.3353262140265855,1,0.07011587867731534,0.10371281055003209
2014-11-11,0.019539504021408072,0,0,7.480020140689012,9.0,-0.16417189743177313,1,0.06268528032087908,0.09974361141261034
2014-11-12,0.0077101384259672615,0,0,6.730342468200192,9.0,-0.03856180855486252,1,0.04678259206859667,0.08551008625225448
2014-11-13,0.057457055024787214,0,0,7.788912468073372,9.0,-0.15591256046767332,1,0.053653955355403175,0.0914203659622585
2014-11-14,-0.035428059398190104,0,0,7.291202321951767,9.0,0.0978131735410766,1,0.0745390327434717,0.13650035397567206
2014-11-17,0.049827156270369474,0,0,8.638944252193985,9.0,0.08178998573258478,1,0.09065854826049646,0.1421236820515005
2014-11-18,-0.00933579491563264,0,0,12.605350466987279,9.0,0.06399421534556787,1,0.08272008026092935,0.13533618606065018
2014-11-19,0.007189103572469256,0,0,17.133539524366213,9.0,-0.6184279954169227,1,0.1037632628735747,0.14001503822297645
2014-11-20,-0.027597975203676402,0,0,35.14346091613447,9.0,-1.6457612690002956,1,0.10870031291697858,0.1279584586663371
2014-11-21,-0.05137081076292357,0,0,29.233549144564964,9.0,2.1155634548841293,0,8.76428177704579,149.5333948981368
2014-11-24,-0.021944454254559417,0,0,34.38697633256482,9.0,-0.29752243956431457,1,0.07307715031946169,0.10336467759488872
2014-11-25,-0.02975692012233105,0,0,40.66025633427986,9.0,-0.46624811360763607,1,0.05983781259438268,0.08531306485293536
2014-11-26,-0.014802901881295811,0,0,63.27266368229666,9.0,-1.4855420267755566,1,0.06448380272388264,0.07864223101796623
2014-11-28,0.0992940990811771,0,0,69.1797538321895,9.0,-1.35681737702838,1,0.05292721540143644,0.06622369991958417
2014-12-01,0.06954285775115863,0,0,20.61602930687284,9.0,-1.3832322042400151,1,0.11901802831503672,0.15080332825570425
2014-12-02,-0.10621618060054716,0,0,18.640561254203956,9.0,-1.738524403266649,1,0.17980710184887053,0.21602910372887038
2014-12-03,-0.030018051649283613,0,0,31.574151347218805,9.0,-1.470857421723545,1,0.1689821511767753,0.2028446177298196
2014-12-04,-0.007243492435495025,0,0,22.253008057617542,9.0,-1.1789138428688668,1,0.1310238690447908,0.16752125449887065
2014-12-05,-0.046289255278497914,0,0,286.6731912706513,9.0,-2.137140843033981,1,0.14941478460359195,0.17130142208646873
2014-12-08,0.18415293013105719,0,0,94.82777040894968,9.0,-1.6411603270760886,0,0.13223597731108128,0.15669114169675447
2014-12-09,0.046743904586908414,0,0,158.45987097996849,9.0,-1.1361419256962844,1,0.22783113052046364,0.30263881755889604
2014-12-10,0.21870119360135082,0,0,238.504297104151,9.0,-0.35603172909933956,1,0.18082183665618273,0.2529930097956072
2014-12-11,0.08033325452625988,0,0,137.2586411289798,9.0,-0.7779577990474911,1,0.30278971370125096,0.41640182750183213
2014-12-12,0.04860042884963309,0,0,124.05639622088363,9.0,-1.751496414682844,1,0.3554142285449518,0.42171198631233886
2014-12-15,-0.03180991093664191,0,0,164.7819105611135,9.0,-0.7791820914130849,1,0.23526338426377805,0.31758693848225206
2014-12-16,0.14345990421152027,0,0,250.59651825475856,9.0,-0.7604527881023366,1,0.18767216986490912,0.25123520525765003
2014-12-17,-0.19264191791574664,0,0,192.7474976152106,9.0,-0.6179209671873859,1,0.21436000618945109,0.294588692979942
2014-12-18,-0.14535885161176892,0,0,116.90897898943496,9.0,-1.1859910723532607,1,0.3199287135630117,0.3928509258705914
2014-12-19,-0.01921981084901678,0,0,185.28510524203045,9.0,-0.648867125604901,1,0.3048738079143129,0.3982755874041621
2014-12-22,-0.07817463351808686,0,0,499.94539064621284,9.0,-0.7232965496610608,1,0.22975036595626094,0.3016312815696774
2014-12-23,-0.029952322283351217,0,0,195.21500560489315,9.0,-0.7640108801151908,1,0.21704240361760052,0.2833037678106188
2014-12-24,-0.029484480679135915,0,0,167.15519498472298,9.0,-0.4893978569073261,1,0.17009172976448966,0.22863638762860744
2014-12-26,0.00900594933559516,0,0,417.74176191800217,9.0,-0.3701762338108948,1,0.14284720161295555,0.1922742629002155
2014-12-29,0.03789357294521879,0,0,163.68253409838277,9.0,-0.27914287088808515,1,0.10309335369305302,0.14065071465554416
2014-12-30,0.055533958044489386,0,0,307.9975800910463,9.0,-0.3018631261192807,1,0.09686268887699839,0.13307658304618417
2014-12-31,0.1873340986174988,0,0,230.5160129812494,9.0,-0.35717295498162677,1,0.10878941028136652,0.14944571965010425
2015-01-02,-0.07627377735599214,0,0,179.84814178213762,9.0,-1.759383731847074,1,0.3155572821649044,0.3735395445107287
2015-01-05,0.1130877504787085,0,0,156.59739357833175,9.0,-1.6572661786756688,1,0.2709466109472799,0.3206608831652131
2015-01-06,0.05849620668160842,0,0,217.6531827797024,9.0,-1.6003896409465308,1,0.2577625536076995,0.313613305644618
2015-01-07,-0.08959736239763777,0,0,129.33764748499541,9.0,-1.362881358529891,1,0.2398334431097042,0.3032444334254139
2015-01-08,-0.12682169003265253,0,0,64.3933753080931,9.0,-1.5539226701622666,1,0.17915454776131307,0.21502300611880373
2015-01-09,0.031252543504104315,0,0,61.334351783029796,9.0,-1.53621924395798,1,0.16545481137264642,0.19321201667245588
2015-01-12,0.11047561632459668,0,0,16.578510340314473,9.0,-2.171546825344562,1,0.4385709802584677,0.47509267856265525
2015-01-13,0.047817874350492735,0,0,13.357028225075677,9.0,-0.5824197023976118,1,0.26293483219157876,0.32440687084807285
2015-01-14,0.04377482905369964,0,0,150.20982130927177,9.0,-1.7760443602604084,1,0.2995268744289086,0.3294371219318502
2015-01-15,0.041492160969999595,0,0,13.843388140616952,9.0,-1.8064484025515721,1,0.3602303345847032,0.39452481037319914
2015-01-16,-0.06647578424251673,0,0,15.152442475205762,9.0,-2.292744166159492,0,0.00034383640326507843,0.00034383640326507854
2015-01-20,-0.05192155350226582,0,0,14.406519023215669,9.0,-1.751773979980153,1,0.24268849332076872,0.26769713023722685
2015-01-21,-0.053704178971860986,0,0,12.711612827574234,9.0,-0.5661649085433833,0,0.17930484156206092,0.23005777965787597
2015-01-22,-0.13923157906386718,0,0,58.50627712437042,9.0,-1.3758202697187463,0,0.00658298245456494,0.00658298245456494
2015-01-23,0.015729301908543908,1,0,163.08686264937464,,,0,,
2015-01-26,-0.07088112198362395,0,0,16.151031501041057,9.0,-1.532847725889189,0,0.18094962542640705,0.21591729890826986
2015-01-27,0.1039419842445121,0,0,13.13420300176766,9.0,-2.7901595784733244,1,7.017636547629089e-05,7.017636547629089e-05
2015-01-28,0.17142226633591914,0,0,2.0500000321791716,9.0,-1.503444272692411,1,4329.8677486094675,5287.529652487228
2015-01-29,-0.08576682175742506,0,0,286.8879505933748,9.0,-2.139945037767621,1,0.3074681241659291,0.3467393263128381
2015-01-30,0.11136590133574976,0,0,276.209350655598,9.0,-1.9181327867267868,1,0.25967218357167715,0.2985700702527968
2015-02-02,-0.07627458152447988,0,0,199.47514569401497,9.0,-1.6002791994680343,1,0.25666407172392725,0.3041953098632426
2015-02-03,-0.1143791596618341,0,0,155.3765776331648,9.0,-1.3777502338745935,1,0.2249314323329072,0.2727882185007008
2015-02-04,0.05609995812409892,0,0,125.98202008206724,9.0,-1.2661542486284776,1,0.21197189814996642,0.2661724728400035
2015-02-05,-0.0841884050532427,0,0,164.7195209108706,9.0,-1.4011994928615752,1,0.21312382801085444,0.2620203443769753
2015-02-06,0.025777642896828285,0,0,130.70239029784437,9.0,-1.3265859488868186,1,0.19443352004606246,0.242739328417191
2015-02-09,0.07034148935824504,0,0,264.80956195306493,9.0,-1.307432892616672,1,0.18098570040002998,0.22579377723511082
2015-02-10,-0.07381773851360596,0,0,181.63335245985124,9.0,-1.2826918478609581,1,0.19527711813530746,0.24670144871398636
2015-02-11,-0.015794420176081264,0,0,26.09111493590768,9.0,-1.7510420447743549,1,0.006487295631355419,0.006487295631355419
2015-02-12,-0.10039383442464694,0,0,20.065790247648575,9.0,-2.2558278990777785,0,0.32229193109316184,0.3551896855931208
2015-02-13,-0.04329680575332419,0,0,13.18951464591359,9.0,-1.5214584139332454,1,0.41170146371192373,0.4843262069473681
2015-02-17,0.07284294984713525,0,0,499.8818288703683,9.0,-1.501213210300286,1,0.926653502471838,1.0862125304856056
2015-02-18,-0.022400936689166772,0,0,28.688239853935812,9.0,-1.5540193015436465,0,0.45625225761381183,0.5255872130358528
2015-02-19,-0.010409983402783523,0,0,26.976467997678093,9.0,-1.5428105901160984,1,33.25337467663919,38.87693226012918
2015-02-20,-0.06693948267510927,0,0,381.40169983457326,9.0,-1.6532259483339664,1,2.6301151192265855,2.9440277542649915
2015-02-23,0.018018505502678212,0,0,119.60860405507489,9.0,-1.174887161102855,1,0.13838285025570735,0.17920658067568782
2015-02-24,-0.06161240346818252,0,0,75.75150432595095,9.0,-0.536583089865011,1,0.11963627880224643,0.16770702678987118
2015-02-25,0.010897310889166048,0,0,20.884893611922433,9.0,-0.6942420478193605,1,0.12146715554599365,0.17594163317845016
2015-02-26,0.005045055745827997,0,0,25.279193353110987,9.0,-0.6706370778371585,1,0.11420130731291524,0.1648324367350286
2015-02-27,-0.04184096544787386,0,0,21.00656957053185,9.0,-0.5975930187810247,1,0.10553018838321478,0.15251896580037702
2015-03-02,-0.022745483988970857,0,0,2.0816581870189794,9.0,10.79840590977306,0,44808.92147733385,1571949230988.3035
2015-03-03,0.06098543726325025,0,0,14.889940068180202,9.0,-0.45728148019048964,0,0.11266396613256296,0.15765408323164626
2015-03-04,0.026345418340003795,0,0,49.66232667800465,9.0,-1.3835983398552871,0,0.5645138554873188,0.6496671248757002
2015-03-05,-0.013442013504096042,0,0,2.05,9.0,-2.7899062933873084,1,784281399702.4855,847864175402.6848
2015-03-06,0.07938502925456571,0,0,2.205138134278168,9.0,-0.42586753592592375,0,0.1056109490894897,0.15809394691582182
2015-03-09,-0.009253205480483159,0,0,6.798573424214692,9.0,-0.46810219561446575,0,0.14550225006911247,0.21035116951597196
2015-03-10,0.1027675153019963,0,0,14.132284699062785,9.0,-1.6002987316348545,1,0.06594275262682558,0.07680183214665272
2015-03-11,0.010727158884133238,0,0,2.050000030306168,9.0,-1.1505641657246741,1,1.7613049337218345e+32,2.1881571065492626e+32
2015-03-12,-0.08987152842269353,0,0,13.489077999832029,9.0,-2.1090646577027092,1,0.8205158549159602,0.9263097680463132
2015-03-13,0.03692335410459789,0,0,33.72598362823772,9.0,-1.8337871444372478,1,1.0547944119706258,1.2023256963137725
2015-03-16,-0.02467698771244058,0,0,12.53764551369988,9.0,-1.3468777861293277,1,0.5533687554676308,0.6601572958622135
2015-03-17,0.003197956035316293,0,0,12.825191090825482,9.0,-1.2829350431612112,1,0.7845136839753879,0.9587714652875614
2015-03-18,-0.11419751729378658,0,0,13.869662717822667,9.0,-1.5231851463664041,1,0.9182564310469762,1.090263532706136
2015-03-19,0.007132697857427287,0,0,39.4312478539085,9.0,-1.8908895714335925,1,0.27014985558064875,0.3015057679475472
2015-03-20,-0.07755823434587461,0,0,14.756095951318885,9.0,-1.440181577107722,1,0.2851883707401726,0.3296039242907011
2015-03-23,0.029514060513164006,0,0,12.732978109477001,9.0,-2.124191691903582,1,0.26164833801090154,0.28465247237895835
2015-03-24,0.015538603427779166,0,0,107.67450471032465,9.0,-1.8253980610039426,1,0.25785699812595597,0.2878251084149443
2015-03-25,0.12542224387526374,0,0,15.18219631009227,9.0,-2.1872985685928112,1,0.18797411243260168,0.20437028799188048
2015-03-26,0.02304839543629109,0,0,127.00572556604189,9.0,-2.0136236665168754,1,0.13915673809977241,0.1511533362333037
2015-03-27,-0.047303927394517054,0,0,44.65368803568947,9.0,-2.357999233928018,1,0.27644977411851024,0.2977782559105941
2015-03-30,-0.03786794574230762,0,0,42.584634615959466,9.0,-1.5828867394854298,1,0.25678108401479727,0.28866647621705804
2015-03-31,0.05236095304487433,0,0,55.00670154258281,9.0,-1.613796782236613,1,0.29847719205588347,0.3309054737054115
2015-04-01,-0.011842243656322698,0,0,13.85887341751609,9.0,-1.7809458067725836,1,0.6776331103629638,0.7464206725371245
2015-04-02,-0.02955218412975787,0,0,16.076218118798483,9.0,-1.5214218169551825,0,0.40068756604964095,0.45001838565131286
2015-04-06,0.0047602946063001195,0,0,2.069920906611825,9.0,-1.6819611361902491,0,-0.07699243696289415,-0.07699243696289415
2015-04-07,0.0027100287588651584,0,0,443.68689181611654,9.0,-1.4847469954550392,1,0.12484891649186658,0.14491058040553617
2015-04-08,-0.05564717871439148,0,0,2.088530465882897,9.0,0.9854286279632667,0,31.235922966600832,92.11613739128785
2015-04-09,-0.06577915688385563,0,0,16.49754155890515,9.0,-1.2123182722043726,1,0.007628841776986094,0.007628841776986094
2015-04-10,-0.03974032864951411,0,0,2.05,9.0,0.21605757969348371,0,21.11170422713555,38.4629841308122
2015-04-13,0.10265415406008337,0,0,23.721146914047374,9.0,-1.50301182217343,0,0.14676475124986246,0.17833804071773177
2015-04-14,-0.019558754596519557,0,0,3.1111118135837628,9.0,-1.482623111119476,0,0.18388312503870022,0.22355343317820975
2015-04-15,-0.06263835247404304,0,0,4.795918540035855,9.0,0.10171238306750849,0,0.13001300384720918,0.1847634438197501
2015-04-16,-0.018868484304382805,0,0,17.93245539331335,9.0,3.397328582565403,0,0.7634906475562926,150.13689245049247
2015-04-17,0.09747234280882015,0,0,3.0259078886493134,9.0,-1.5028429633377949,0,0.1309826100500169,0.15461090792062693
2015-04-20,-0.04340512153854427,0,0,204.14414035686966,9.0,-0.5361674145772666,1,0.11611524016502353,0.15010715935294985
2015-04-21,-0.0037664827954768934,0,0,31.549361447319395,9.0,-0.4081115804070652,1,0.28595973620924886,0.3382851561323577
2015-04-22,-0.04160846723086843,0,0,34.82899023202267,9.0,-1.900427713967932,0,0.1380274477781689,0.15157880533049078
2015-04-23,-0.018261722260081163,0,0,17.69009142942759,9.0,-0.6591669637987021,0,0.02316244390720489,0.029472064027867065
2015-04-24,-0.015341439363338212,0,0,238.62825839511933,9.0,-1.3972807400060376,1,4.005640322847675,4.665013748095017
2015-04-27,0.06535185993799955,0,0,96.72730165044594,9.0,-1.5961464044937297,1,15.190174822863243,17.27289524120112
2015-04-28,-0.055635184299427105,0,0,2.05,9.0,1.4452371633609813,0,0.2212647545793886,1.6590404843112703
2015-04-29,0.07600556048656538,0,0,21.477592646536063,9.0,-1.3666272900763996,1,91.84805176641555,106.58424377293534
2015-04-30,0.08308283391442033,0,0,2.2278105860371618,9.0,0.293350768242645,0,0.10543334620079,0.1715939725171335
2015-05-01,-0.13598900015295606,0,0,15.573897055707612,9.0,-1.505793436032223,0,0.17186136002404637,0.19859378085123633
2015-05-04,0.011741817876683195,0,0,2.0577332416740157,9.0,1.3210784507192996,1,1.7748202656569494e+158,2.341122811509612e+159
2015-05-05,0.10761478222713078,0,0,18.178892988425304,9.0,-0.5694916317554053,0,0.0027716222253939427,0.00277214811120101
2015-05-06,0.05704193838701853,0,0,209.71362444301874,9.0,-0.07937390901444444,1,0.1238292015720424,0.16730430111255903
2015-05-07,-0.0013210041551135253,0,0,18.497067143882937,9.0,0.4957507229803437,1,0.014467111056785902,0.014467111056785902
2015-05-08,-0.16255780899079128,0,0,20.46367358517066,9.0,0.10587303830697216,0,0.004144033200921702,0.004150575342702197
2015-05-11,0.07416351382387414,0,0,134.85721293969917,9.0,-0.2281216303155132,0,0.12230395220686148,0.15789084618655008
2015-05-12,0.0007217611284096771,0,0,35.75780433539151,9.0,0.15444230261768666,0,0.10081707998136084,0.13770301277070687
2015-05-13,-0.0072411612565595855,0,0,2.0605444217511604,9.0,-0.3996626445519237,1,1.5362659631265583,1.5362659631265583
2015-05-14,-0.07701918236118034,0,0,14.19019942079502,9.0,-0.2573618123383913,1,2.460900953390537,3.1696998310732054
2015-05-15,-0.028664382887567206,0,0,2.0500000000000123,9.0,-1.543797888853259,0,-203.343094348206,62.68311984751306
2015-05-18,0.027879145312865117,0,0,26.410406311860655,9.0,-0.4026866865082426,1,-0.0012363981972621466,-0.0012363981972621466
2015-05-19,0.009382398771913518,0,0,20.343167288115367,9.0,-1.5470184371642437,1,0.3079982891507561,0.35515464646233125
2015-05-20,0.002331909334978743,0,0,16.030413604909395,9.0,-0.44327984789761865,1,1.0713679537973844,1.3551524788906986
2015-05-21,-0.06164416311120684,0,0,28.529829766132274,9.0,-1.2786768164054805,1,3.7987241104513374,4.4673943683414485
2015-05-22,0.0016501653909579254,0,0,27.278764802725412,9.0,-0.3419180926411848,0,0.10870306946497862,0.14944286116386002
2015-05-26,0.14765216342656,0,0,13.76800654488519,9.0,-1.793663198169735,1,-0.014268979781879904,-0.014268979781447068
2015-05-27,-0.057828038038402745,1,0,16.527351547610284,,,1,,
2015-05-28,0.003009784062904197,0,0,14.191823642726414,9.0,-2.0806848226369596,1,0.0006377567256591745,0.0006377567256591745
2015-05-29,0.039047317782503234,0,0,13.90203275700968,9.0,0.1691542746112785,1,0.01091574435350578,0.020956009948667084
2015-06-01,0.009349223079347,0,0,15.572962148247958,9.0,0.05632777285097966,1,-0.015269311649447816,-0.015269311649447816
2015-06-02,0.019142732714959147,0,0,58.97595965887465,9.0,-1.71232794421279,0,-0.005605256662617285,-0.005605256662617285
2015-06-03,-0.04158305184118572,0,0,18.936668429904884,9.0,-1.5301408108948062,1,-0.00836382924514486,-0.008363829243124343
2015-06-04,0.07405568047070221,0,0,28.691083086391775,9.0,-0.24887929824324537,1,0.01121700823727797,0.01121700823727797
2015-06-05,-0.034581592504336865,0,0,19.71399591647316,9.0,-0.5488823826145551,1,0.9628197418186397,1.2656030980472643
2015-06-08,0.07325307783196161,0,0,17.656173984984026,9.0,0.1400033007627126,1,6.57820861084968e-05,6.57822114425532e-05
2015-06-09,-0.05512147929757839,0,0,12.310364278864604,9.0,0.23899361227048233,1,-0.03110655814187295,-0.03110655814187295
2015-06-10,-0.0903467062198522,0,0,12.890714888194172,9.0,0.18962693220604926,1,0.00047503564822404476,0.00047503564822404476
2015-06-11,-0.028387023082311474,0,0,23.63489380095369,9.0,-1.5441467436012073,0,0.006501549365691575,0.006501549365691575
2015-06-12,0.06987445424428368,0,0,19.508906198025564,9.0,-0.1329788279138609,1,-0.0037191711252805505,-0.0037191711252805505
2015-06-15,0.11049968226527535,0,0,2.0500000058664227,9.0,1.4367408484926347,0,79.16634903009913,476.5064071938752
2015-06-16,-0.03841531957108044,0,0,2.05,9.0,-0.5141719625453531,0,0.053205781051674256,0.06583194738913077
2015-06-17,-0.021153978853178688,0,0,108.02856177785553,9.0,-1.4379253303847457,1,0.11277456555391355,0.12630782328541093
2015-06-18,-0.09468968269730546,0,0,2.5861740920680156,9.0,-0.40808343170290784,0,0.1235967226546964,0.16019217743083788
2015-06-19,0.056737130605003336,1,0,12.963563971502724,,,0,,
2015-06-22,-0.09144944719020918,0,0,2.0500000456269154,9.0,-1.847588522933683,0,2501.902286247465,2808.8073656882607
2015-06-23,-0.05071509257901645,0,0,2.851837414749251,9.0,0.6005376595427216,0,10.031748271826793,27.053240198971526
2015-06-24,0.09072042719271568,0,0,13.068803504120913,9.0,-1.1991491360507154,1,5.233431812363888,6.167277100595637
2015-06-25,0.0550193755911992,0,0,27.433945009390552,9.0,-0.44042360976764633,0,0.23271528356361984,0.30237159318387485
2015-06-26,0.0007135212575283285,0,0,13.079300541471838,9.0,0.418755221285999,1,-0.01271332807905933,-0.01271332807905933
2015-06-29,0.2960280322875758,0,0,12.264995964831165,9.0,-1.5110033188257974,1,0.38547775375541166,0.4388167115718316
2015-06-30,-0.033444325203448144,1,0,4.259868332791159,,,1,,
2015-07-01,-0.12487062768627982,0,0,8.943940791903254,9.0,0.3073630466260876,0,0.1350304688047638,0.21000594571394132
2015-07-02,0.04258551008515759,0,0,5.73543145561407,9.0,-0.1535982843970512,1,3.1564830611688204,4.69779376384856
2015-07-06,0.013017935318321098,0,0,5.634477156643622,9.0,0.3601339414248395,0,0.1049156447327322,0.16341151952264427
2015-07-07,-0.05560344540347863,0,0,2.2234301350058256,9.0,0.7893816372739055,0,0.14627702016212443,0.3514099518506486
2015-07-08,0.20038815371472868,0,0,9.828228079300994,9.0,0.2987480399980074,1,0.11520776178022808,0.1742386850759458
2015-07-09,0.0156450327087032,0,0,10.607273768798231,9.0,-1.6832951406303875,0,0.6917649253243938,0.8280041347398719
2015-07-10,-0.17106813922500927,0,0,2.1076133477310357,9.0,0.298446949084218,0,0.002652334244648894,0.010619587669775601
2015-07-13,-0.19127416806606845,0,0,9.13615130157276,9.0,-0.4932078494050541,1,0.5947691695100495,0.8113969520426417
2015-07-14,-0.03887544902279434,0,0,5.264728409665548,9.0,0.25526811029257473,1,0.11378018917242302,0.18908945435731758
2015-07-15,-0.010526412986987392,0,0,7.034215968566025,9.0,-1.647738450834363,0,0.4131520402545672,0.49092195131751
2015-07-16,-0.08845542056186355,0,0,5.21134639182058,9.0,0.16277573468072515,1,0.13406062504415991,0.22815466162840042
2015-07-17,-0.013300279187481253,0,0,10.419170053998778,9.0,-2.358528381593192,1,0.003821444944950776,0.003821444944950776
2015-07-20,0.024794658613216274,0,0,2.05,9.0,-0.17548417355046442,0,9.261436484620633e+46,1.315141948665678e+47
2015-07-21,-0.002451983247286645,0,0,4.537919231315412,9.0,0.17547100326451778,1,0.11912087214004656,0.2105191677136763
2015-07-22,-0.008216973102280934,1,0,3.9709154528161386,,,1,,
2015-07-23,0.04200940807754315,0,0,2.05,9.0,0.17139408168214007,0,0.1371992908363966,0.23797592750298635
2015-07-24,0.08344489807549194,0,0,6.421501468409434,9.0,-1.5722267946960877,0,0.13267499392862353,0.16193108169122097
2015-07-27,0.12695962746128805,0,0,8.526056962627926,9.0,-0.13473794167398603,0,1428154748.1155806,2558496515.566336
2015-07-28,-0.14903557916048796,0,0,8.398804566109957,9.0,-0.09159563593350234,0,0.17063440293052864,0.23412827718721765
2015-07-29,-0.07250669078674801,0,0,4.668376889613943,9.0,0.1671012134545139,0,0.12313496566764845,0.2074357376474516
2015-07-30,-0.030046921352296637,0,0,5.036288134652199,9.0,0.11616026827378609,1,0.12677621477738477,0.21758180758354226
2015-07-31,-0.0008247423147904947,0,0,5.124978386134082,9.0,0.08501768777435145,1,0.13100006192704028,0.22547673517998879
2015-08-03,0.03566018039888433,0,0,6.184790825341308,9.0,-1.9942903847102342,0,0.7754488379675754,0.8965517915343183
2015-08-04,0.034432196421484006,0,0,10.37789765794072,9.0,-2.045983844577445,1,1.1762936923941654,1.3384086315415147
2015-08-05,-0.038421032982716964,0,0,4.636996508101399,9.0,0.27340580237830003,0,0.11697659517201194,0.2137852445818493
2015-08-06,0.09596398826174374,0,0,9.74570728906114,9.0,-1.2227729025579093,1,0.6344386951420318,0.7932554361091312
2015-08-07,-0.027984153037482265,0,0,28.017057153281446,9.0,-1.6507685629979223,0,0.3282580792741965,0.3753134115752415
2015-08-10,-0.0906162100040002,0,0,12.202031221704189,9.0,-1.3346987522958955,0,0.6480052092981023,0.7749325436118195
2015-08-11,0.11423354387514215,0,0,12.66883803500166,9.0,-1.3196665431540562,1,2.1835882597708482,2.6861018270627612
2015-08-12,-0.007320676910848394,0,0,24.9995870372072,9.0,0.3019143728189002,0,0.12317570054693697,0.21838803149770855
2015-08-13,-0.00885614644371015,0,0,2.05,9.0,-0.1628952791183726,0,0.14980921068321293,0.24255937013272225
2015-08-14,-0.05016249159211941,0,0,11.143741058864096,9.0,-1.4997263262119194,1,0.5411780120812133,0.643237819025244
2015-08-17,0.014700458152878161,0,0,12.406442101493402,9.0,-3.0060019875651065,0,0.0041475819317336625,0.0041475819317336625
2015-08-18,0.057457055024787214,0,0,3.7547389358403875,9.0,0.44607702867655885,0,0.11607989108349756,0.21481320797260645
2015-08-19,0.10063581124821022,0,0,2.648721220112187,9.0,0.29671580302537887,0,0.11162646893135265,0.20375676069308532
2015-08-20,0.22720088297138763,0,0,5.874657438393912,9.0,0.185876283628988,1,0.10863837219753282,0.19164493831114052
2015-08-21,0.3814949791518887,0,0,13.117630253362298,9.0,-0.3602257788056322,0,1.1079669940370847,1.6411008461254517
2015-08-24,0.37393504562196284,0,0,26.273200667137942,9.0,-0.17743891254124095,1,0.5180053841054574,0.7245741568296019
2015-08-25,-0.12313607105084966,0,0,255.64736186009304,9.0,-0.17398461424128397,1,0.6287882950239115,0.8580029211059409
2015-08-26,-0.1722667789736392,0,0,53.97712363421946,9.0,-0.1609164323865383,1,0.4353356469686165,0.6155095817843268
2015-08-27,-0.14987224644552316,0,0,61.15314956196255,9.0,-0.21920881345260002,1,0.27991987132055,0.40103990982503696
2015-08-28,-0.0019175461292718174,0,0,29.56113777430871,9.0,-0.29937963192421796,1,0.1767922977518441,0.2590809368249046
2015-08-31,0.08742715746353245,0,0,21.72161076602718,9.0,-0.35205003869958973,1,0.18183061007177254,0.2577769952651508
2015-09-01,0.09936296725129928,0,0,25.141903470786396,9.0,-0.3791625920762341,1,0.23778710325587743,0.3318442903390349
2015-09-02,-0.18525579376557064,0,0,50.93750185887263,9.0,-0.31412187153294735,1,0.2774441683022526,0.38520305036590263
2015-09-03,-0.018569198937203196,0,0,33.03210848779063,9.0,-0.37725171512676514,1,0.1115865844191888,0.1695956313392217
2015-09-04,0.08205312048515759,0,0,37.24663858560094,9.0,-0.39938626419801326,1,0.157867232398433,0.21956127648845855
2015-09-08,-0.1101682172259296,0,0,236.60930857897895,9.0,-0.08263507274396625,1,0.22621952425206587,0.29731335293444683
2015-09-09,0.0520359904081205,0,0,26.6236419501549,9.0,-0.40692840745042513,1,0.11082601240234681,0.16281369518112634
2015-09-10,-0.07355092624166747,0,0,58.99524996206123,9.0,-0.3434883950240107,1,0.1861922296905396,0.2569657616599132
2015-09-11,-0.04920058896485064,0,0,92.46780866283373,9.0,-0.3929701111626651,1,0.12561325793745362,0.16736642948614705
2015-09-14,0.04426433871122801,0,0,5.570762250590956,9.0,0.40949179904875327,0,2.279916781230049,4.161186665905487
2015-09-15,-0.07312510877186203,0,0,16.40966905240102,9.0,-0.5548874124125158,1,0.41184466548781484,0.5974264907629261
2015-09-16,-0.05423976893699661,0,0,44.621598001490135,9.0,-0.3598526774664202,1,0.0866317453243229,0.12527834218266234
2015-09-17,-0.009884759232541973,0,0,14.180958545558514,9.0,0.004516865119538643,0,0.41924762558637524,0.7555610735480549
2015-09-18,0.052522434616991714,0,0,16.257722149904737,9.0,-0.5412237658482597,1,0.05576170220046012,0.07468373311931463
2015-09-21,-0.1009815277686671,0,0,52.33753060575575,9.0,-1.372038559051398,1,0.14022831959004958,0.16655755117495438
2015-09-22,0.10813719336407931,0,0,65.67357321939777,9.0,-0.5307580190164156,1,0.041785301483130456,0.06393013274978052
2015-09-23,-0.01391092659153737,0,0,65.04339521723463,9.0,-1.4479963204204476,1,0.2473573672809614,0.30126444222571996
2015-09-24,0.05878885579997383,0,0,45.71911967621812,9.0,-1.5371198224956886,1,0.1929211981106377,0.2347114889583123
2015-09-25,0.006370800906284285,0,0,168.5064725978438,9.0,-0.6385169310426885,1,0.19168693026024367,0.2507494652353873
2015-09-28,0.1568083281661089,0,0,141.41911871180633,9.0,-0.6588263960464074,1,0.19009387868707048,0.25275114872144044
2015-09-29,-0.029381474497792413,0,0,204.01913381978642,9.0,0.2083502970525131,1,0.259399567641442,0.37166904851663224
2015-09-30,-0.09084754688685137,0,0,198.04293850804214,9.0,-0.41583017621008644,1,0.20395034669785175,0.28154403367764474
2015-10-01,-0.0829380516019939,0,0,13.98802715792519,9.0,-1.584052557771626,0,0.794076925924839,0.9642257043320077
2015-10-02,-0.07407386050629658,0,0,128.5523804846696,9.0,-0.5441457528860674,1,0.11841394174663204,0.16028949447821858
2015-10-05,-0.06919755882775425,0,0,126.06037694755987,9.0,-0.18176830049038767,1,0.07240912210630483,0.10510838717120817
2015-10-06,-0.007190580545354254,0,0,140.66064259887284,9.0,-0.2691067479183227,1,0.041832053428074556,0.05877099708640508
2015-10-07,-0.05292240145434255,0,0,93.82948341125292,9.0,-0.20677359561682374,1,0.06169848613222321,0.08448151942383798
2015-10-08,-0.05473169319058305,0,0,12.383810637152086,9.0,-0.1944676512529594,1,0.04148731934978045,0.07184394268749072
2015-10-09,-0.01971078306393311,0,0,102.33916574998028,9.0,-1.3626957928295869,1,0.033743523257985755,0.03893441199497537
2015-10-12,-0.0547505147714081,0,0,2.071534427808382,9.0,-0.4318079653122708,1,1.4202761286857082e+162,3.3116867479400355e+162
2015-10-13,0.08871061274258961,0,0,282.05078496068984,9.0,-1.4080245262952265,1,0.03445341614243551,0.04262474144503787
2015-10-14,0.020168750883620846,0,0,170.20037992386986,9.0,-2.1135007385658877,1,0.1631158001452162,0.18084695524684755
2015-10-15,-0.11632818763920105,0,0,299.7605383636581,9.0,-1.5693679656075423,1,0.18110741147122644,0.2100953343368832
2015-10-16,-0.06433085838114014,0,0,187.21970658223856,9.0,-1.412022404386572,1,0.0934729548479348,0.11179776842284514
2015-10-19,-0.004662013105811301,0,0,151.09832320577718,9.0,-1.9077669811092965,1,0.08221457708512332,0.09324451406023838
2015-10-20,0.0501243871825686,0,0,168.02664039463974,9.0,-1.6549343725569512,1,0.11846319393741563,0.13652808925776216
2015-10-21,0.05856835415106736,0,0,25.123519122114516,9.0,-0.2013211951542948,0,0.1730821209484644,0.23430949825817357
2015-10-22,-0.14471430486426826,0,0,499.86353461683757,9.0,-1.9351988500467667,1,0.21688472193594163,0.24445064618660897
2015-10-23,0.0006918021721774718,0,0,248.24960025639018,9.0,-1.7990944670988473,1,0.10025010563769335,0.117188665662919
2015-10-26,0.05581280321035211,0,0,135.45074171808426,9.0,-1.6783739154151007,1,0.14635164159734326,0.1694919423246392
2015-10-27,0.009114646434098561,0,0,166.19590336918537,9.0,-1.4921065824783448,1,0.1984005717570109,0.2323996855329723
2015-10-28,-0.073958424534989,0,0,239.92658048021022,9.0,-1.2682751749866885,1,0.20975272017194066,0.25177321113719536
2015-10-29,0.019350983922527664,0,0,173.94219702211697,9.0,-1.3049329487012185,1,0.15450642376150917,0.18653086158211785
2015-10-30,0.030999786875796034,0,0,183.50907614408052,9.0,-1.7775635364070488,1,0.20604084395675204,0.23714118298394976
2015-11-02,-0.06299138854915748,0,0,113.48647430828628,9.0,-2.2435602520277955,1,0.22951064306346608,0.25585064241736954
2015-11-03,0.027188848016126695,0,0,15.862415836638665,9.0,-0.5177824845445427,1,-0.003846669020822245,-0.003846669020822245
2015-11-04,0.06458150508307418,0,0,17.772646481253556,9.0,-1.475068405602086,0,0.0012219003336540035,0.0012219003336551523
2015-11-05,-0.030106985993562638,0,0,29.26452788053996,9.0,-1.6155507554444486,0,0.3358826121578573,0.3845745603877326
2015-11-06,-0.0490227493548043,0,0,4.866277843271489,9.0,-0.018440521377578834,0,0.10841308302668766,0.1675919128843403
2015-11-09,0.14221652625275155,0,0,15.67441020300551,9.0,-0.5548218095955515,0,0.6592969715092175,0.809037593922832
2015-11-10,-0.07737274815186114,0,0,2.050000199184919,9.0,0.5235733891804457,0,1700.281197229836,4901.377706934772
2015-11-11,0.04913268857764459,0,0,2.050001974752428,9.0,-1.430204145370372,0,1.8164418360992083e+17,2.314649485948713e+17
2015-11-12,0.13438719070841879,0,0,13.620897511891918,9.0,-1.3296577696283114,1,0.6923892886283344,0.8202784674683844
2015-11-13,0.08900539559649406,0,0,21.548247174025743,9.0,-1.283622872360645,1,0.595710368433018,0.7095372065456761
2015-11-16,-0.10050292165038112,0,0,2.05,9.0,-1.5074285362888116,0,0.25130219189906355,0.2981371812024875
2015-11-17,0.03676089597506972,0,0,235.55585221256953,9.0,-1.593678622394488,1,0.16963580091778216,0.1943539344452953
2015-11-18,-0.11163161234984618,0,0,499.9878608969867,9.0,-1.5494779456562808,1,0.17481087973289686,0.19924179343888487
2015-11-19,0.008274278885469857,0,0,499.8897019902001,9.0,-1.4092440013593373,1,0.12844629279403003,0.1478099338395692
2015-11-20,-0.09372227109886576,0,0,230.97277948232937,9.0,-1.4335653190670365,1,0.12760181967942874,0.14609301540613648
2015-11-23,0.00964947982656512,0,0,499.7654828207633,9.0,-1.577784937856281,1,0.10455701290041589,0.1185075981316464
2015-11-24,0.019651979510417302,0,0,350.07190426975137,9.0,-2.287003851909027,1,0.12747120378967572,0.1373500702064442
2015-11-25,-0.04756680731427571,0,0,232.5083113082956,9.0,-1.6658473997795844,1,0.13468556516307817,0.15079852716233222
2015-11-27,-0.0046189458562945285,0,0,283.6351164980108,9.0,-1.4481003362796039,1,0.11270721853568157,0.1281266462742804
2015-11-30,0.06466252138573061,0,0,201.95313413670596,9.0,-1.673311706202219,1,0.11480297420528256,0.12833623800912083
2015-12-01,-0.09487629998222712,0,0,408.3082137864228,9.0,-1.7104768586979384,1,0.1667133398487003,0.18581260048690662
2015-12-02,0.08114325019480506,0,0,223.25293232990245,9.0,-2.2265966175784806,1,0.1340242841499383,0.144183560110136
2015-12-03,0.12951642954562642,0,0,211.93832475007437,9.0,-1.4149683103764485,1,0.17447969843071903,0.19883896296720255
2015-12-04,-0.20116164361561453,0,0,335.2083761121104,9.0,-1.7455886928890183,1,0.2563557985404739,0.2854069114190082
2015-12-07,0.06723575810657244,0,0,229.5795929772618,9.0,-1.3330431375473881,1,0.19098867232889705,0.21549230240748682
2015-12-08,0.10536051565782635,0,0,225.9437198955847,9.0,-1.4757698003999473,1,0.17473743164963068,0.19639740638688688
2015-12-09,0.10814073816414865,0,0,423.11148363068565,9.0,-1.631082716949082,1,0.22688717742208464,0.253055449205895
2015-12-10,-0.013864150183106671,0,0,450.6984103506534,9.0,-2.065592252563275,1,0.2558242805516921,0.27820090785321017
2015-12-11,0.23199772220268075,0,0,426.21258186334137,9.0,-1.9365331462426651,1,0.1946015943299219,0.21299659863157036
2015-12-14,-0.07048757436337705,0,0,381.8228967879176,9.0,-1.8048847407785074,1,0.35924528346259293,0.39917242140692044
2015-12-15,-0.08154699149630519,0,0,499.7787976156264,9.0,-2.494537352155076,1,0.26309713660785816,0.28105597985090597
2015-12-16,-0.15957507091979373,0,0,499.91064814142953,9.0,-1.8659700465833309,1,0.1822775396635407,0.20320259591390077
2015-12-17,0.05871251230957936,0,0,471.2892308098211,9.0,-1.601020919822695,1,0.1191406454335719,0.13625644647851776
2015-12-18,0.088857612513391,0,0,373.16275371087966,9.0,-1.7515727560775065,1,0.16404793653717908,0.1839896993780075
2015-12-21,-0.10161017641078243,0,0,317.49456307453784,9.0,-2.133094707666997,1,0.21635091699260126,0.2361471861766279
2015-12-22,-0.11912082849804327,0,0,496.38493135669114,9.0,-1.7789037972220627,1,0.15782937529798258,0.17592013640948376
2015-12-23,-0.06405670951659068,0,0,209.01461708138697,9.0,-1.9440623389957978,1,0.11571440433569247,0.1277038532847314
2015-12-24,0.010859257143350232,0,0,357.18294404191056,9.0,-3.230453202747449,1,0.10280932340399739,0.10721033044283908
2015-12-28,0.0716999199212317,0,0,355.2885732470006,9.0,-1.7580400423838571,0,1.0689025310185647,1.17983089930289
2015-12-29,-0.050328899159668705,0,0,2.0500000046565408,9.0,1.8361813185847273,0,20439.06919281266,126091.08403657742
2015-12-30,0.07255203594437883,0,0,53.72087143846689,9.0,-0.5942189851099224,0,2.508471826479658,3.4305975230657
2015-12-31,0.051842594044317625,0,0,21.229657035325467,9.0,-0.01541719841222647,1,-0.029087794410955353,-0.029087794410955353
2016-01-04,0.1281628065318067,0,0,26.226757724157586,9.0,-1.707808204854138,1,-0.007237617791223675,-0.007237617791223675
2016-01-05,-0.06795821024617513,0,0,279.1549680720522,9.0,-1.4361227690660194,1,0.2120684730308093,0.24242364752346807
2016-01-06,0.06263003101454989,0,0,5.271579485154689,9.0,-0.44341561303279736,0,0.14417751652144792,0.18929741141806888
2016-01-07,0.19367022380716292,0,0,63.36430721453401,9.0,-1.5209879364792336,1,0.47065577120306606,0.5394829413268485
2016-01-08,0.0777314229576634,0,0,136.7830689276107,9.0,-1.992012172187644,0,-0.021985939946627186,-0.021985939946627186
2016-01-11,-0.10573081745802144,0,0,36.562957824938124,9.0,-0.3862603635344449,1,-0.0213718592149995,-0.0213718592149995
2016-01-12,-0.07829526414926506,0,0,16.29905746551558,9.0,-0.3074404156399406,0,0.13172427749020185,0.17061529483764043
2016-01-13,0.11545624433953575,0,0,73.61450985774606,9.0,-2.138184364395155,0,0.4273980644660786,0.4611039310413696
2016-01-14,-0.05166900667984919,0,0,31.860523835082862,9.0,-0.3097543587758559,0,0.14080634170546047,0.192768570346511
2016-01-15,0.12060900867512864,0,0,24.729688117213573,9.0,-1.4106582643459689,0,0.39094914676030684,0.42996386905449546
2016-01-19,-0.03655956433267679,0,0,12.065049184719346,9.0,-1.910773936626263,1,-0.01639569328985503,-0.01639569328985503
2016-01-20,0.0574356200298187,0,0,12.068510947408916,9.0,-1.545912123073485,1,0.018450442292583767,0.020355866879560855
2016-01-21,-0.03316442481276189,0,0,19.448759098255096,9.0,-0.1894200326402296,0,0.5991623447799357,0.6950081211586436
2016-01-22,-0.17791016977537816,0,0,12.737704567945782,9.0,-0.31090513679694726,1,0.33465269185194274,0.3784647748050901
2016-01-25,0.07790558645752697,0,0,13.43587200796151,9.0,-0.4464033214793984,1,0.3403086231338217,0.39326736702019305
2016-01-26,-0.07076907088820715,0,0,74.60272082144868,9.0,-1.3255079650941177,0,0.30980976346587563,0.3574655038209616
2016-01-27,0.026750115075914887,0,0,17.205718738116367,9.0,0.11826222983953012,1,0.3492751667613625,0.4152251916118312
2016-01-28,-0.030312006642275457,0,0,17.421350330273704,9.0,-1.3754333310032532,0,0.34101556550368095,0.3729236633332865
2016-01-29,-0.10427081323685485,0,0,12.464113269785539,9.0,2.9995594097572593,1,0.5504608046353028,31.29181992649575
2016-02-01,-0.010950831186751515,0,0,17.126038869479853,9.0,-1.231869743458115,1,0.32618720929855505,0.3707636038731861
2016-02-02,0.09540117575506782,0,0,25.722269771814616,9.0,-1.4840016660281727,1,0.47473855301632595,0.5265801949835436
2016-02-03,-0.015127494526976495,0,0,22.14517186917071,9.0,-1.9373830151203435,0,0.07820732320736946,0.083684325624843
2016-02-04,0.008737696428205427,0,0,17.009019522908414,9.0,-1.6159702702249317,1,-0.006487980129131753,-0.006487979095616044
2016-02-05,0.06813780516721804,0,0,75.46263384221027,9.0,-1.3047273918538231,1,-0.009185789105596174,-0.009185789105595775
2016-02-08,0.10621558197755965,0,0,231.770989795387,9.0,-0.5628758120200215,1,0.1560217569103799,0.19562278779006867
2016-02-09,0.02055649088257929,0,0,18.47408996499195,9.0,-1.135115191031038,1,-0.013328727114597861,-0.013328727114597861
2016-02-10,-0.009464390162271562,1,0,2.1404421528243427,,,0,,
2016-02-11,0.06800341294445328,0,0,70.53259691022406,9.0,-1.579099790025499,1,0.7147856485570294,0.7942416074336475
2016-02-12,-0.10244287766175215,0,0,52.426137315687434,9.0,-0.27273041811257237,0,0.1698033758674363,0.22981494498721375
2016-02-16,-0.05212248183141117,0,0,193.05548430950887,9.0,-1.3346075445707766,1,0.1822009178896585,0.20614725924796576
2016-02-17,-0.07759168374863855,0,0,383.0865485310127,9.0,-1.7131669987678788,1,0.16618731051447774,0.18315866706372574
2016-02-18,-0.030491554466160302,0,0,292.48453615440235,9.0,-1.3973302283971105,1,0.13392030314817235,0.15163194082804773
2016-02-19,-0.05265622294743849,0,0,301.97732131095006,9.0,-1.4024444610306226,1,0.11345788189649154,0.1296864919480276
2016-02-22,-0.05764562456822215,0,0,259.0174766958739,9.0,-1.9906353403786645,1,0.09325694173098271,0.10193939357404352
2016-02-23,0.07932799650553107,0,0,314.34633935389695,9.0,-1.3862063741154078,1,0.07823430311354568,0.08867763983020716
2016-02-24,-0.012470185576868917,0,0,499.69821598989455,9.0,-1.5137921729053412,1,0.12294624363877218,0.13765588095351275
2016-02-25,-0.08088765913910057,0,0,499.99999999999994,9.0,-2.055980214576093,1,0.11960903150338024,0.1289276418524954
2016-02-26,0.035975102458277765,0,0,400.9716296295186,9.0,-1.7174755679050686,1,0.11220735094124056,0.12519824823121417
2016-02-29,0.03667408023178406,0,0,309.88687798479424,9.0,-1.90666435996481,1,0.11473341548720876,0.1272262937756671
2016-03-01,-0.14929630136246022,0,0,312.38400465195053,9.0,-1.3137567087591986,1,0.11770528294004187,0.13423414009595075
2016-03-02,-0.03507114245228387,0,0,364.13534774405144,9.0,-0.6786038943149169,1,0.10198648170719439,0.11689639058871537
2016-03-03,-0.02308477770479013,0,0,208.24060892382604,9.0,-1.2147726892790929,1,0.09619619682416651,0.11294814488461512
2016-03-04,0.009535233151000005,0,0,350.58965766416895,9.0,-1.2578383808752407,1,0.0923307220760409,0.10717662838721642
2016-03-07,0.028648553819158873,0,0,346.7743572827176,9.0,-1.5660471157526463,1,0.08995851015117086,0.10046425805246767
2016-03-08,0.07332545116076306,0,0,65.10955090465588,9.0,0.018551995277887118,1,0.32620436893416815,0.4212188885040504
2016-03-09,-0.017833490725312522,0,0,259.0287186233597,9.0,-1.4847331525995284,1,0.13323050274032128,0.1507987177932597
2016-03-10,-0.01593878204942877,0,0,24.75803043630476,9.0,0.4271379711732595,1,0.2429930129288515,0.3113934536208703
2016-03-11,-0.08978530387235507,0,0,28.209474499086447,9.0,0.2984617293729451,1,0.2898893442875141,0.37143412661966957
2016-03-14,0.025135973271542454,0,0,326.90791570795386,9.0,-1.236992716408669,1,0.10080768524950191,0.11480625709070497
2016-03-15,-0.0047393453638966705,0,0,15.319721157282062,9.0,0.29910784151471814,1,0.11415359943450237,0.14700380278624778
2016-03-16,-0.1163736966996743,0,0,22.89618441088256,9.0,-0.7232461348349588,0,0.40792764430488787,0.506665665133986
2016-03-17,-0.03738117864982616,0,0,317.557079323302,9.0,-1.8090577931844565,1,0.09041434619935729,0.09820216858011653
2016-03-18,-0.02951725185823608,0,0,355.26382220573015,9.0,-1.4686307995213737,1,0.07234296016413434,0.08131031270085393
2016-03-21,-0.01654118980123364,0,0,499.9938336573287,9.0,-1.382141237744833,1,0.05685797009268237,0.06376291341089728
2016-03-22,0.027183361897378674,0,0,365.58752733317505,9.0,-1.4083872013607128,1,0.04676468967938213,0.0524417355530234
2016-03-23,0.05291512600208213,0,0,214.01693952771578,9.0,-1.521958614557505,1,0.06653774791159134,0.07292570144533134
2016-03-24,-0.013477292943480646,0,0,253.38328309005863,9.0,-1.7033296460952652,1,0.10276300527277879,0.1120694402431164
2016-03-28,0.03335866349730963,0,0,255.60531032760233,9.0,-1.8828824848909964,1,0.11461553063070369,0.12373556798236222
2016-03-29,-0.0978067319189764,0,0,482.9156356344133,9.0,-1.422270266549483,1,0.11574002096005892,0.12820223040635137
2016-03-30,-0.018992535827274348,0,0,291.4592489866445,9.0,-1.6444764549934288,1,0.08453587620286691,0.09217866521640722
2016-03-31,0.028355225755125005,0,0,209.43110950182134,9.0,-1.2095467279961296,1,0.06970286896895933,0.07773540140647767
2016-04-01,-0.0628672780602688,0,0,438.42899888390434,9.0,-1.1885797797436186,1,0.08773479216776905,0.09774102066584976
2016-04-04,0.07498000185799013,0,0,38.105033391208615,9.0,-0.5687644717925371,1,0.01046379953435317,0.01046379953435317
2016-04-05,0.08807313607008753,0,0,206.32914949175577,9.0,-2.1739629906220426,1,0.10884379384326735,0.11646208609255046
2016-04-06,-0.09020004222459461,0,0,213.5290398803316,9.0,-1.9177466402224088,1,0.14990035392106904,0.16186894681385966
2016-04-07,0.13707372718236052,0,0,310.31755930342683,9.0,-2.0215055631621213,1,0.10768775198156239,0.11523059102888668
2016-04-08,-0.05077232537342326,0,0,233.54606501945239,9.0,-1.821512518812134,1,0.16510121870175723,0.18187290586485894
2016-04-11,0.05694137640013863,0,0,499.9999667129661,9.0,-1.5394200544764842,1,0.15018132078482904,0.16575058030046821
2016-04-12,-0.09070823887095608,0,0,499.9581273922551,9.0,-1.2967556234393216,1,0.16005194232027822,0.18371337317002073
2016-04-13,-0.07043691505918508,0,0,200.11871575789144,9.0,-1.8916385471752313,1,0.13887816371970083,0.15113914580111973
2016-04-14,-0.008708327891784308,0,0,183.3920805663024,9.0,-1.7995128370488374,1,0.11880906592783952,0.12969746155883174
2016-04-15,-0.007315321576372994,0,0,45.9483891081618,9.0,-0.6445097224931983,0,0.08936630603866186,0.1076108151202975
2016-04-18,-0.020022915875107704,0,0,122.88144851949647,9.0,-1.9198142142108403,1,0.009161297085594182,0.009161297085594182
2016-04-19,-0.00827383433739636,0,0,189.91586362464227,9.0,-1.982627491122038,1,0.12071054056019716,0.13220345658264743
2016-04-20,0.0030165935394255057,0,0,188.59924918683475,9.0,-1.3793049952412573,0,0.11938487084454398,0.13918385601873712
2016-04-21,0.04922036421908691,0,0,499.987766540457,9.0,-1.3825509574814978,1,0.12810365963255774,0.1474227062449541
2016-04-22,-0.05374867384383437,0,0,499.78013544536157,9.0,0.05412510639410943,1,0.09784149925511189,0.12775948315281518
2016-04-25,0.06302451630635608,0,0,297.31407793923745,9.0,-0.330288914699168,1,0.09965922693614743,0.12453478336364039
2016-04-26,-0.008559253395669836,0,0,499.9862614516587,9.0,-1.9311923251008525,1,0.14965425778456307,0.1654136267378062
2016-04-27,-0.013703784593663077,0,0,2.050000030306559,9.0,2.77496831880325,0,629747.8478702289,20138433.91039618
2016-04-28,0.10011803969297628,0,0,73.21077222694736,9.0,-0.10925553769550103,1,0.008439582132710566,0.008439582132710566
2016-04-29,0.031050359920722418,0,0,26.303479553892036,9.0,-1.297076899592362,1,0.38151549576509075,0.45828264302215954
2016-05-02,-0.06717468916789283,1,0,2.089936858755925,,,0,,
2016-05-03,0.06078489106912177,0,0,54.85911234026823,9.0,-1.4995394133900604,0,0.1531326281349792,0.17335802504886186
2016-05-04,0.028437935320533625,0,0,12.012238661128476,9.0,0.6272323152555639,1,0.11553751818430019,0.16380129053300518
2016-05-05,-0.008761007226329439,0,0,12.480654445567472,9.0,-1.997796421395066,0,-0.005477059266031188,-0.005477059266031188
2016-05-06,-0.07774072904896524,0,0,2.0500000919791765,9.0,1.4721401174596451,0,93366.45443144318,725441.7318653113
2016-05-09,-0.010242493093616691,0,0,2.05,9.0,-1.8404567773634057,1,6303243.263656416,6909058.917889786
2016-05-10,-0.06669137449867216,0,0,26.699301867629625,9.0,-1.2623090530145245,1,0.008670128023378385,0.008670128023378385
2016-05-11,0.07489374447734456,0,0,16.604578294342723,9.0,-0.0669982495647781,1,0.014500738561597068,0.016211256540125195
2016-05-12,-0.019244580174355222,0,0,46.12520622245543,9.0,-0.39311283355494203,1,-0.0090429817205519,-0.0090429817205519
2016-05-13,0.042790908510262876,0,0,2.077410394451265,9.0,-1.660051853229925,1,-2.267023493510798,-2.267023493510798
2016-05-16,-0.024227295335324237,0,0,19.531782289648287,9.0,0.1501863232747888,0,0.00154437859213437,0.00154437859213441
2016-05-17,0.05885996265953758,0,0,13.02849391154213,9.0,-0.4022950801383927,1,0.9879797880390285,1.2724336398844254
2016-05-18,0.024112843384946545,0,0,18.071921692523077,9.0,-0.7638277329463906,1,0.5651070195841513,0.7389107050253174
2016-05-19,0.023545077751520115,0,0,2.05,9.0,-1.2367788217061488,1,2174343839.481555,2416931136.546276
2016-05-20,-0.07170847913014303,0,0,4.1658579919517145,9.0,-0.2946850817383404,0,0.08046092387985088,0.11419573345021623
2016-05-23,0.03997953448727707,0,0,166.56735308047635,9.0,-1.7045949183879672,1,0.13121617727503823,0.1499202979015953
2016-05-24,-0.09265883048270483,0,0,2.3774162611981957,9.0,-1.3690520269808686,0,132695806954.08463,189999412984.36722
2016-05-25,-0.03672729172015693,0,0,387.16418889301315,9.0,-1.983600093104699,1,0.12471464201695744,0.13944123379045378
2016-05-26,-0.0343978296014999,0,0,109.79836283775022,9.0,-1.2510120685029966,1,0.09989097435744865,0.12061686786468627
2016-05-27,-0.02335322701920331,0,0,170.44621488313155,9.0,-0.7515232899139348,1,0.09209497185273698,0.11855644238121514
2016-05-31,0.0783997076560083,0,0,223.36216243491376,9.0,-2.4861328515276515,1,0.10874097973767828,0.11800111054952761
2016-06-01,0.0007044734352638377,0,0,250.6122261333491,9.0,-0.5304871883341393,1,0.08271170039516033,0.11008046478701498
2016-06-02,-0.040968718898773744,0,0,167.49837330148563,9.0,-0.31244841585604466,1,0.09738392416133729,0.12785537081474346
2016-06-03,-0.01180825528616864,0,0,170.13772331755294,9.0,-0.2652341700860279,1,0.09529895203327587,0.12361109333761243
2016-06-06,0.013274531208696106,0,0,239.73468143968253,9.0,-0.2571269336711103,1,0.09386816470418964,0.12188768530230411
2016-06-07,0.028882874148786146,0,0,323.3092272709482,9.0,-0.2753502118892231,1,0.09343165932542088,0.1198482906486126
2016-06-08,0.0021329549501415855,0,0,196.29481572279997,9.0,-0.19708991636173634,1,0.0933361595237127,0.11923162087117606
2016-06-09,0.039002157803269176,0,0,442.50907453993125,9.0,-0.21509813136288256,1,0.09403058902755346,0.1186600853579981
2016-06-10,0.15121898614143145,0,0,393.2803919703539,9.0,-0.7273090219949156,1,0.0977214500152816,0.12503815563912546
2016-06-13,0.20811635023923158,0,0,142.02777228057252,9.0,-0.17034541172742496,1,0.12054638711609733,0.16003342212014668
2016-06-14,-0.022667958769466045,0,0,166.33304780594443,9.0,-1.4134621173413464,1,0.2379100342026976,0.2764920025300681
2016-06-15,-0.017716998853946276,0,0,213.86248498242733,9.0,-1.3976674686179977,1,0.18207632731686593,0.21088474626921236
2016-06-16,-0.038982409871511726,0,0,499.9583804234941,9.0,-1.3666162321588622,1,0.1293455067758252,0.1538289139341131
2016-06-17,0.002062919762014342,0,0,376.2776310345217,9.0,-1.7017620797990425,1,0.11101345128012706,0.12786208576196084
2016-06-20,-0.05506949795388458,0,0,265.66540663561364,9.0,-1.3622254369824232,1,0.10165697287473564,0.12177532943022973
2016-06-21,0.005970166986503754,0,0,154.667192960176,9.0,-1.3815348850214935,1,0.09800239787616868,0.11649643926256385
2016-06-22,0.13589601893323577,0,0,267.50174266059014,9.0,-1.4126025500700472,1,0.09972536062267229,0.11888335070619553
2016-06-23,-0.20477294166940516,0,0,175.75677789896437,9.0,-1.7746216725296233,1,0.16580470676141387,0.1872497564542759
2016-06-24,0.40101075775878414,0,0,211.42668887670135,9.0,-1.7714239934617257,1,0.13563598517566638,0.1543804674608826
2016-06-27,-0.07703868390180268,0,0,7.010846351781235,9.0,0.011848614238981895,1,0.6411530670832316,1.1068158772719492
2016-06-28,-0.24059046491793049,0,0,2.0500000559905773,9.0,2.2494713484123605,0,2.981997707023339e+64,2.633918491343057e+65
2016-06-29,-0.11938431702335721,0,0,6.962540995327872,9.0,-0.007645513807282451,1,0.22065170241626933,0.34808987584929646
2016-06-30,-0.06261729095967733,1,0,2.0557485557443993,,,1,,
2016-07-01,-0.0565940478900969,0,0,8.937593557719259,9.0,0.44896958770652334,0,0.19042804672956135,0.3179299977982433
2016-07-05,0.05338994389931384,0,0,6.367675157772717,9.0,-0.1655910772001109,0,0.10430557347421975,0.16920581984099065
2016-07-06,-0.040608067896270965,0,0,7.4896685057390275,9.0,-0.2034583787762186,1,-0.00808081855840292,-0.00808081855840292
2016-07-07,-0.0134591533740048,0,0,2.20061251214773,9.0,-0.7559509342120028,0,0.1300050003433011,0.19127879913381743
2016-07-08,-0.11170398958000129,0,0,5.68710176811415,9.0,-0.05224822039509376,0,0.0960271961579467,0.15736678619671698
2016-07-11,0.025431437891803656,0,0,26.42775468539783,9.0,-1.7766111573319905,1,0.5839935772890441,0.6459588414410226
2016-07-12,0.0007382798415811346,0,0,42.183266084161744,9.0,-1.198862317661302,1,0.6942564370600217,0.830756213692174
2016-07-13,-0.038364990827203176,0,0,6.288149346369872,9.0,-0.16120659971823803,1,0.09175928428244427,0.15230461976604043
2016-07-14,-0.017015105005982814,0,0,16.594604139340564,9.0,-2.397257446751948,1,-0.0008580388240049308,-0.0008580388240049308
2016-07-15,-0.011769457159476372,0,0,5.394032086546725,9.0,-0.14960807447186317,1,0.08064863339432524,0.13317566873260112
2016-07-18,-0.018319907022014317,0,0,5.714334139128544,9.0,-0.14516092444623718,1,0.0728314171343071,0.11785609765863443
2016-07-19,-0.0385135677411515,0,0,7.262234416637217,9.0,-0.5727784102334026,1,-0.012449863366150369,-0.012449863361499794
2016-07-20,-0.01684959829769654,0,0,11.20001628153127,9.0,-0.5366240159678854,0,0.18809614641323538,0.2556906540533139
2016-07-21,0.079192728871832,0,0,5.6422021467226395,9.0,-0.28633770725207164,1,0.06332970439510635,0.09658092775436317
2016-07-22,-0.058174721036955805,0,0,7.014568732553179,9.0,-1.2983973310621093,1,0.23483767312779144,0.30229766802506486
2016-07-25,0.06832709250097371,0,0,6.291037847831629,9.0,-0.6571276225359839,1,0.15518290338366098,0.218635364989145
2016-07-26,0.013889112160667311,0,0,7.456800983422626,9.0,-1.3667560364948574,1,0.18650566347581043,0.23852827838731844
2016-07-27,-0.017001955141157366,0,0,7.426345471708955,9.0,-1.502369034463067,1,0.17437976593237256,0.216207325654207
2016-07-28,-0.008610620715568944,0,0,7.274666926363567,9.0,-1.3577131648311758,1,0.1402593565624132,0.1761267638278283
2016-07-29,-0.0691613492903995,0,0,6.888750255200339,9.0,-1.3557593733177418,1,0.11607091217499173,0.14591257135247418
2016-08-01,0.046902878689456834,0,0,6.047337042573397,9.0,-1.442948166917697,1,0.1411783653243849,0.1747210274942648
2016-08-02,0.0720963038028185,0,0,7.43082089657749,9.0,-1.6958102806273283,1,0.14142329505244583,0.17168433832402952
2016-08-03,-0.038891672304378413,0,0,8.537097268231832,9.0,-1.1522603667714133,1,0.19940827575888423,0.26346320991349004
2016-08-04,-0.03481364230414056,0,0,6.722337688723932,9.0,-1.483973329514175,1,0.17434329770538773,0.21638689716953266
2016-08-05,-0.08657229904624185,0,0,6.69031681848975,9.0,-1.7883914174270052,1,0.1612398384269851,0.19197896981248566
2016-08-08,0.009611257910113585,0,0,7.034297795582677,9.0,-1.70409697427502,1,0.18731571625312074,0.22536271324682502
2016-08-09,0.013817145553141903,0,0,6.550263511478232,9.0,-0.6497466102788217,1,0.10465823200449964,0.15250419199201848
2016-08-10,0.032900479014317766,0,0,6.141785099913826,9.0,-0.5754096350601716,1,0.10448086837600862,0.15265737516446384
2016-08-11,-0.03118668253658312,0,0,5.691312001634864,9.0,-1.46804596147798,1,0.1461780266387668,0.18494865680720526
2016-08-12,-0.011192540432278356,0,0,5.430730744966738,9.0,-0.6901746286784389,1,0.11684624060638178,0.16773230145530132
2016-08-15,0.02226119324146847,0,0,2.1071345130717205,9.0,-0.4039351699416521,0,1.5946014929811985e+110,2.6485995474069675e+110
2016-08-16,0.06791975850944044,0,0,5.225984871470073,9.0,-2.129832633574803,1,0.14466141583795403,0.16820420993100096
2016-08-17,-0.03625044522553129,0,0,12.565489780006219,9.0,0.04063584595529443,0,0.10825996999932051,0.17347064756339056
2016-08-18,-0.06437446568646084,0,0,7.93705083321727,9.0,-1.2669923641124514,1,12.55628964328223,14.3451783482107
2016-08-19,-0.007905179507113261,0,0,3.0225364366068184,9.0,0.1240793392648375,1,0.04892182842712033,0.06853240696489844
2016-08-22,0.07882096042321413,0,0,4.53363621163901,9.0,-0.39571778695402554,1,0.10172405576366036,0.1568745571428232
2016-08-23,0.00892500853363007,0,0,5.557830960254265,9.0,-0.3946694059752318,1,0.15589036654207625,0.2424024695242983
2016-08-24,0.08289683879139795,0,0,2.0500003514927236,9.0,0.0019643872060178995,0,19534134793.523754,36983972272.18276
2016-08-25,0.01329413966059335,0,0,2.050000087484118,9.0,0.6763564852057635,0,10754988.690000946,29448565.994770445
2016-08-26,0.0014662759225274112,0,0,7.970552218345161,9.0,-0.20937474869470013,1,4.57530748765393,6.239067537141169
2016-08-29,-0.053416232558214274,0,0,7.491511256658473,9.0,0.11568628316676001,1,0.45901695768823814,0.6552877273284262
2016-08-30,0.013814494443188514,0,0,2.0501073050546523,9.0,1.1319717002183223,0,0.1299803291107452,0.4207119617344117
2016-08-31,0.022608348027592824,0,0,6.461479209542425,9.0,0.23576915744076027,1,1.9701544948423952,3.0086557638065257
2016-09-01,0.004460973940625266,0,0,5.660911978807093,9.0,-0.11554387275974409,1,0.0983802878783247,0.15756868434888444
2016-09-02,-0.1179685127968577,0,0,6.083735595922818,9.0,0.2183898459373841,1,0.07921795426731662,0.1347409606132942
2016-09-06,0.003333336419758217,0,0,2.495186324087697,9.0,5.334500151474095,0,-7.386363489936284e+149,1.3687025267837736e+154
2016-09-07,-0.006677821142605486,0,0,9.112831758683253,9.0,0.031240734180036388,1,4.794394038671637,6.276804713951252
2016-09-08,0.04663421651436378,0,0,5.580960430552478,9.0,-0.2494474254287623,1,1.244848599468462,1.8640692184053516
2016-09-09,0.33567255645064864,0,0,5.475925825177662,9.0,-0.1515619678453531,1,0.4337267128630254,0.64483074130333
2016-09-12,-0.1435405007152427,0,0,3.0705159216726736,9.0,0.07247194561383197,1,0.8168645537409145,1.5882821039587844
2016-09-13,0.1633431280114225,0,0,3.119734548003259,9.0,0.12489614080845224,1,0.3312217711035995,0.6625976571310155
2016-09-14,0.016115936461342403,0,0,3.013682027448379,9.0,0.08875596966516072,0,17.00105085491924,27.650951368114814
2016-09-15,-0.10695433687427393,0,0,2.1731906794829507,9.0,4.956293678868381,0,3.4769695097813965e+152,9.31669031311843e+155
2016-09-16,-0.058747550262212275,0,0,2.851986982834802,9.0,-0.026811631272879985,1,3.096438158343629,4.799087821225293
2016-09-19,0.010356079610091183,0,0,2.86840674781566,9.0,-0.08273067657227554,1,4.169695344419399,6.595731939982387
2016-09-20,0.024802543255641244,0,0,3.2733507284710357,9.0,0.3378692401814305,1,7.505959018130824,12.37046458137605
2016-09-21,-0.17981214518852884,0,0,3.030435065839301,9.0,-0.08450542449247214,1,0.1319420051730875,0.2562605401722619
2016-09-22,-0.10119210612064662,0,0,2.938503628933827,9.0,-0.09292927457797853,1,0.10807930038291591,0.21168944562639516
2016-09-23,0.022213994470881914,0,0,3.5457379257248993,9.0,0.31130492732797754,1,2.276431315734626,3.2237773120322943
2016-09-26,0.16536272584858527,0,0,5.242370131226225,9.0,0.03568423104477313,1,2.2071628172014535,3.1049546150577303
2016-09-27,-0.10153641921942283,0,0,6.507819517504044,9.0,-0.5328924106535411,1,6.474354889856311,7.951128850274253
2016-09-28,-0.05572253456605468,0,0,3.606333050702823,9.0,-0.3861299308286033,1,2.3185250572074074,3.0979443248675733
2016-09-29,0.12359518596539279,0,0,8.911160972333093,9.0,-1.7865774393887452,1,0.8041294227028457,0.8989176472073132
2016-09-30,-0.053473008881290064,0,0,2.057493173656092,9.0,-0.24763860742530072,0,0.30101409296531734,0.5032647298512806
2016-10-03,0.02084960112162394,0,0,2.6918601529886725,9.0,-0.5095910813376983,1,1.918098799328655,2.65673076896154
2016-10-04,0.004411771861663586,0,0,2.050135775748455,9.0,0.704569215707495,0,4860.282016723272,21012.369549834748
2016-10-05,-0.04809341502593312,0,0,2.05,9.0,0.8161761861227563,1,30098.966427087533,148351.34072562898
2016-10-06,-0.011614532420693114,0,0,2.05,9.0,-0.23012029813192886,1,0.14458241849005624,0.2639652740563314
2016-10-07,0.048641807222345866,0,0,2.2096227150275918,9.0,-0.24633489662715713,1,0.11341441646844669,0.2017950457732806
2016-10-10,-0.0074460507840785626,0,0,2.05,9.0,-0.2280228334942109,1,0.15914157819355837,0.2932346048104812
2016-10-11,0.1380056730194437,0,0,2.0626769327485355,9.0,-0.163480049419359,1,0.13243515024459268,0.24486032420207834
2016-10-12,0.035181114630169465,0,0,2.37670718842829,9.0,-0.08402234272794262,1,0.28629362131772274,0.5018940184225502
2016-10-13,0.0478618953240483,0,0,2.7340435974444413,9.0,-0.3007465879110134,0,0.15639452628467154,0.2684180193051521
2016-10-14,-0.03474900059526144,0,0,2.05,9.0,-2.0940789003311995,0,13880.225955874987,15716.267088552053
2016-10-17,0.0055675986691025815,0,0,2.8781163525379303,9.0,0.06256429777531317,1,0.15014488779442764,0.27923705824725586
2016-10-18,-0.05908355200921036,0,0,2.6603746614144286,9.0,0.06704150991236295,1,0.12319424318838694,0.23809690629834868
2016-10-19,-0.0586223737269437,0,0,2.05,9.0,-0.10070370139113569,1,0.14576720032600096,0.28034860897803193
2016-10-20,-0.04688358589885038,0,0,2.05,9.0,-0.02442181901277201,1,0.13574409206421637,0.26409841282392993
2016-10-21,-0.030271783625102678,0,0,2.370587924881157,9.0,0.11582183495293993,1,0.12645562211407974,0.25215464073703514
2016-10-24,-0.02428040370705455,0,0,2.498474111708345,9.0,0.13728120316944575,1,0.11529237127282593,0.23356149980527377
2016-10-25,0.03323568743615856,0,0,5.915306721060723,9.0,-1.5656445384404336,1,-0.000205014694343858,-0.000205014694343858
2016-10-26,0.05633258176724798,0,0,12.806752146415974,9.0,-1.4993664202494454,0,4.872481515252538,5.913237634967046
2016-10-27,0.07571182173569638,0,0,6.689984711086273,9.0,-1.505984716081135,1,0.22008517045639256,0.276791033817509
2016-10-28,0.052627039970017796,0,0,3.8265507429248795,9.0,0.6991799563546325,1,0.11981448933702085,0.2909051115146754
2016-10-31,0.05234277437398911,0,0,2.065407367009127,9.0,0.810013274070478,0,0.12951243805778204,0.32537571624019945
2016-11-01,0.0842721852945215,0,0,16.09846304257144,9.0,-1.6299498293640045,1,-0.014344894901423893,-0.014344894901423893
2016-11-02,0.04013210142631741,0,0,4.730768813526605,9.0,0.39351462011921656,1,0.1499849488047727,0.2894769265912085
2016-11-03,0.13353139262452257,0,0,4.692406988616688,9.0,0.33856687179792233,1,0.13110967510083496,0.2512611626988372
2016-11-04,0.019287433509746533,0,0,2.0501552924655106,9.0,0.08969152621845969,0,-87.9222104890327,326.9005082703563
2016-11-07,-0.1849015146326427,0,0,10.823302548607021,9.0,-1.449142892704451,0,-0.002107134769885945,-0.002107134769885945
2016-11-08,0.0016021365242778537,0,0,11.525829385310766,9.0,-1.4179342580472896,0,1.024072708324857,1.2276458575406388
2016-11-09,-0.2648219245173754,0,0,14.912885681466246,9.0,-1.2167147468406703,0,-0.005242108418239875,-0.005217307776801642
2016-11-10,0.024726534468289974,1,0,2.10685694212064,,,0,,
2016-11-11,-0.03943783305860147,0,0,2.3361393991957575,9.0,0.22387489888709905,0,0.1322381296222392,0.2518686984268675
2016-11-14,0.021641333254981295,0,0,2.05,9.0,0.07139087215219772,0,0.08302865668678522,0.16030992326538032
2016-11-15,-0.0797549958437186,1,0,2.33354585801205,,,1,,
2016-11-16,0.025841231183887547,0,0,4.549060556297231,9.0,-1.6762012560944162,1,1.1091903119354776,1.2742199520281985
2016-11-17,-0.027338237451480653,0,0,3.3439611458270737,9.0,0.25957573939185924,0,0.09816983242343022,0.20389848778674938
2016-11-18,-0.038172573505029714,0,0,6.478072492425205,9.0,0.48534395679152387,0,0.07856038642027109,0.15847721513526442
2016-11-21,-0.03403573483589609,0,0,4.8411435382331165,9.0,0.08022680711997834,0,0.08924562102439802,0.18091172056740182
2016-11-22,-0.0008054772888168686,0,0,13.672287318114531,9.0,-1.3981393543170535,1,15.543129995847716,18.452909832584798
2016-11-23,0.0016103063061039097,0,0,4.236711418214481,9.0,0.2632235860846085,1,0.052009618249325956,0.10313615429612238
2016-11-25,-0.0072668870453780005,0,0,4.177960872042799,9.0,0.18288285843881782,1,0.03240661250170631,0.06538208416195511
2016-11-28,0.06357574014653176,0,0,4.362190207480375,9.0,0.14034872931129005,1,0.03153560693079468,0.06238241574400189
2016-11-29,-0.01919444725614718,0,0,4.392969490318373,9.0,-1.437625316484037,1,2.059733752223284,2.5705550783544995
2016-11-30,0.032789822822990755,0,0,3.7887307898470324,9.0,0.4269245269457308,1,0.0800248217743199,0.15590792402285153
2016-12-01,0.0540277369356804,0,0,4.151857470935825,9.0,0.4610191794537684,1,0.09123605596404882,0.1796949004782051
2016-12-02,0.003547360938798235,0,0,4.377745064348976,9.0,0.20207014279159485,1,0.11360250544072689,0.215764180966305
2016-12-05,-0.15108644643374367,0,0,4.436678975243761,9.0,0.11747055771812356,1,0.11452069880783323,0.2195773303987839
2016-12-06,-0.02925407108207271,0,0,4.595546918785893,9.0,-1.5651464589244548,1,3.6209993871919903,4.387979557192745
2016-12-07,0.035822239194169755,0,0,4.799093277496643,9.0,-1.3781764672096541,1,1.3540818070076615,1.7126007583782743
2016-12-08,0.03379243497526199,0,0,3.9028304103559006,9.0,-0.060757356344741484,1,0.0850068017234444,0.15907726100229191
2016-12-09,-0.07301314812854344,0,0,4.302801592479714,9.0,-0.7543425945878867,1,0.8243896326347828,1.195041650253395
2016-12-12,0.07301314812854336,0,0,3.8046441225768377,9.0,-1.319097914696218,1,1.339754651630055,1.7022068840482711
2016-12-13,0.006309169193264756,0,0,2.05,9.0,0.28428923058852434,1,0.11872483163072323,0.2278140155247943
2016-12-14,0.03628340881724716,0,0,2.2020140717015457,9.0,0.4619489674295266,0,0.10944150877256925,0.2167571825854947
2016-12-15,-0.030795351138471892,0,0,2.9895749102210027,9.0,-1.567619637591789,1,0.4079933607809035,0.5014354623288223
2016-12-16,-0.04722766385154046,0,0,3.5471798897181066,9.0,-1.2462972004813249,1,0.2141498214728417,0.2753281918745426
2016-12-19,-0.04099277412958473,0,0,3.0864590780697956,9.0,-1.8162158706591667,1,0.42152448598159564,0.5004810829979484
2016-12-20,-0.02245344760937746,0,0,4.390402138458785,9.0,-0.5435779741103244,1,0.23866147640487007,0.353361133576965
2016-12-21,-0.015845401948563737,0,0,3.626269147361117,9.0,0.021241548477637682,0,0.07767421291209768,0.14713006366839138
2016-12-22,0.014097149755034476,0,0,3.832530668004566,9.0,-1.4261740477332991,0,0.3227392905105603,0.40644704185716923
2016-12-23,0.0008745081449325757,0,0,5.556688102920303,9.0,-1.2854577530843345,1,0.39525866763858664,0.487059887717946
2016-12-27,0.04695698308777108,0,0,2.6863068812043194,9.0,0.04988717652606977,0,0.06942357317049261,0.13160223252520484
2016-12-28,0.07702281910612391,0,0,2.9491781196890496,9.0,-0.7826356059249087,0,0.11865872305999259,0.17733110547031689
2016-12-29,0.031917602968304946,1,0,2.297551804475865,,,1,,
2016-12-30,0.048897007483813155,0,0,4.326736790383027,9.0,-1.5931716847017934,1,0.45410655610669637,0.5591386111028879
2017-01-03,-0.08856658725643621,0,0,2.0775745586407703,9.0,0.3561112823004445,0,0.18942885513601385,0.48561639950893176
2017-01-04,-0.08101594376008868,0,0,9.121023620624888,9.0,-1.2942617736174946,1,0.45991798067537104,0.5856028187460358
2017-01-05,-0.015306421282675545,0,0,6.0208543551409335,9.0,-1.3505989007412764,0,0.15609607752150165,0.2004856618948874
2017-01-06,-0.030450373523427665,0,0,5.154728602289928,9.0,-0.1083547896229976,0,0.09111653472982806,0.1690676519922002
2017-01-09,0.020979790469194466,0,0,2.05,9.0,-1.276592924303833,1,9.241058677376058e+161,1.209601299746663e+162
2017-01-10,-0.006073771383567135,0,0,2.9749356405240643,9.0,0.2235509317994605,0,0.0942609014285331,0.2035721628648415
2017-01-11,-0.020220469149120016,0,0,3.1089999123271603,9.0,-0.037051686976271786,0,0.08658216390854868,0.1601055199872038
2017-01-12,0.024562638368409127,0,0,2.05,9.0,1.0091901308985096,0,0.16379358061989666,0.540683797058454
2017-01-13,-0.02723049232960157,0,0,10.379048070609844,9.0,-1.7943596637474157,1,0.36254443314529006,0.4295261070437896
2017-01-17,0.05542543987122477,0,0,2.138488634081566,9.0,0.0746717863242064,1,1.8738322815791215e+158,3.2411147204296803e+158
2017-01-18,0.05011315431970506,0,0,3.6576611878348673,9.0,-0.5343270269781388,0,0.10944563577363672,0.16314444770083233
2017-01-19,0.023754086008107057,0,0,16.390574333550244,9.0,-1.293911683520467,1,-0.002603805586259575,-0.0026038055862595733
2017-01-20,-0.10206218786943531,0,0,13.681490850044153,9.0,-1.537740466220156,1,1.413820660846624,1.7226663757074185
2017-01-23,0.019734660192231898,0,0,9.266161758625461,9.0,-1.639278143982284,1,1.1992628156720284,1.4548871824221772
2017-01-24,-0.06131517455163974,0,0,21.512289434475463,9.0,-1.6423332545403198,1,21.009711320894713,25.230376424178154
2017-01-25,-0.02376711506942858,0,0,11.751096678752571,9.0,-1.2832491948031062,1,0.9989223141302745,1.3044094742525272
2017-01-26,-0.016791439297260277,0,0,11.622750080665128,9.0,-1.3227111162305203,1,1.3606622435200955,1.7569347806171385
2017-01-27,-0.0047147659237033535,0,0,11.227783738129233,9.0,-1.4231783216890794,0,1.591968814324199,2.0016693104282104
2017-01-30,0.1158908875043456,0,0,111.54754411500109,9.0,-2.4369104086985525,1,1.0927386807335442,1.2202774523307152
2017-01-31,0.009216655104924048,0,0,18.134120982160617,9.0,-1.4669212024425167,1,0.19782732705247713,0.24624920559111152
2017-02-01,-0.01512633883015193,0,0,14.234287892654931,9.0,-1.417510146978617,0,-0.0006166703083902116,-0.0006166702965592274
2017-02-02,0.010109605900553674,0,0,15.730485546208905,9.0,-1.3754193833063286,0,0.003192125023933294,0.003192125023933294
2017-02-03,-0.08389196182268584,0,0,27.686817253603245,9.0,-1.494307771943996,0,0.008920031691381978,0.008969930572741057
2017-02-06,0.035814033475305734,0,0,4.99006416329064,9.0,-1.646447651948638,0,0.09398040596739753,0.11464285848765857
2017-02-07,-0.00706092960087401,0,0,8.895903622918121,9.0,-1.4038742062770466,1,0.1087862645803079,0.13391938257076438
2017-02-08,0.014072351838678037,0,0,8.3750674501128,9.0,0.09734754927303724,1,0.04866939083191913,0.08622334310194228
2017-02-09,-0.051063488572452,1,0,2.122722615752771,,,1,,
2017-02-10,-0.0027611614413281683,0,0,7.432296050543018,9.0,0.19735617993220178,1,0.16573216403086424,0.2980706202318873
2017-02-13,0.02007366673407691,0,0,2.069914181634778,9.0,-0.011003879138893474,1,-5.997211945351721,-5.997211945351721
2017-02-14,-0.030263657639826934,0,0,2.052478519390321,9.0,-1.2450809891939545,0,178713.41146194993,206870.16241700677
2017-02-15,0.10842843048916327,0,0,8.769555988332144,9.0,0.23264744014451771,1,0.03743548568499992,0.07014432707419492
2017-02-16,-0.017699577099400975,0,0,8.465155178103622,9.0,-1.2422027057997922,1,0.07020854325853615,0.08510820076694799
2017-02-17,-0.023226850609816545,0,0,7.701957324511957,9.0,-0.2278106249880906,0,0.1898877704875821,0.301195132093837
2017-02-21,0.006938449344920854,0,0,7.043800403767235,9.0,-1.253134097099954,1,0.103170818107311,0.13150395976614138
2017-02-22,0.014586273194365252,0,0,5.115404669835418,9.0,0.08906638362406497,0,0.5080685221474411,0.8962255028870273
2017-02-23,-0.0025586367903243624,0,0,11.212373530602251,9.0,0.18303629597285773,1,0.5509059837609638,0.9658742979029603
2017-02-24,-0.020708246468346694,0,0,20.804463941050532,9.0,0.4265823730937799,1,0.7472770779437545,1.379192930180655
2017-02-27,0.05264373348542188,0,0,6.688229021426588,9.0,0.4989278093966643,0,3.22888513244791,6.559199851800655
2017-02-28,0.06639783372775457,0,0,2.943512444576751,9.0,-0.4081503137696363,0,0.08552293639113637,0.12474174235879978
2017-03-01,-0.02985296314968116,0,0,13.2153460832544,9.0,-1.9044391349778302,0,0.6646519484241972,0.7643726762691526
2017-03-02,-0.05997690499550357,0,0,2.0500016790518054,9.0,3.4909986741368106,0,32176359315948.395,8147860947154527.0
2017-03-03,-0.07469434868940142,0,0,16.395907489400173,9.0,-0.21802501964422905,0,0.09532830074032436,0.14739835095188514
2017-03-06,0.025226562945675563,0,0,9.816132806517851,9.0,0.04185138290796758,1,0.19428887926319308,0.372460180292591
2017-03-07,0.018510885534703606,0,0,2.05,9.0,0.3981321414298187,0,0.11907251726494021,0.3025611151360546
2017-03-08,0.03518166356933067,0,0,8.930912122317645,9.0,0.09269113975666295,1,0.0015595683123982684,0.0015595683123982686
2017-03-09,0.03642786880879243,0,0,2.05,9.0,-1.4226956972120608,1,346297.45656252967,520621.15710561024
2017-03-10,-0.05343508145602558,0,0,9.509734230221566,9.0,0.3280412327614136,0,0.16544524671579044,0.31498568442196617
2017-03-13,-0.026946436994934715,1,0,2.3027847868088545,,,0,,
2017-03-14,0.08038151845096032,0,0,6.5909364041543395,9.0,-0.04075858466171517,0,3.143059961361758,5.308554913410181
2017-03-15,-0.05601129584779873,0,0,9.297924810099572,9.0,0.04524159145813403,0,0.5377545981993499,0.9160497593648494
2017-03-16,-0.03678172944650449,0,0,2.2021123952629615,9.0,-1.4164337157455502,0,0.07809636650569013,0.0933235613890793
2017-03-17,0.006225008985844233,0,0,8.302920510436616,9.0,0.09028054893287939,1,0.3302947785030774,0.5297195402164336
2017-03-20,0.005305052229693319,0,0,2.05,9.0,-1.5381251296943892,0,0.09710337428672805,0.11525581825739764
2017-03-21,0.09498946139233903,0,0,11.482651165649123,9.0,-0.49284916767325687,1,0.08033901807106714,0.11722677068614981
2017-03-22,0.026900356216697768,0,0,14.9152685183872,9.0,-0.18499153553680184,0,0.10553351227399478,0.1780476185802367
2017-03-23,0.023911667607299916,0,0,12.474013033744349,9.0,-0.3246425044197927,1,0.12030030479355518,0.1869207736677787
2017-03-24,-0.012270092591814247,0,0,14.120310315084208,9.0,-0.5439282296960561,1,0.14773939802697542,0.2316490521024679
2017-03-27,-0.03613904661587324,0,0,2.0678572984666737,9.0,-2.35374809639577,0,0.003939826152664039,0.003939826152664039
2017-03-28,-0.08077631002728779,0,0,12.954896546725156,9.0,-1.8788750418426599,1,0.16189263039887275,0.1930812282341576
2017-03-29,-0.009586130053103416,0,0,25.389122211685336,9.0,-0.448265073274313,0,0.046976793858812156,0.07095507625378258
2017-03-30,0.01045305685208922,0,0,2.9459547061266163,9.0,-1.566079751184298,0,100.39991515242922,124.672096444159
2017-03-31,0.06945492532444308,0,0,2.0517233459405735,9.0,-1.841280785029502,0,0.11831362234592177,0.13419179016248906
2017-04-03,0.0008080808520535348,0,0,13.965884945762973,9.0,-1.6546192097680588,1,0.15115635278957296,0.1846253394932415
2017-04-04,-0.0488305527071706,0,0,12.012102358412466,9.0,-0.48479748764796327,1,0.10005402849272822,0.1502637306326716
2017-04-05,0.08920010240181651,0,0,2.05,9.0,-1.2689572621920178,1,2293769.7620379734,2773950.011065775
2017-04-06,-0.039562121310044926,0,0,2.0948383237303045,9.0,-0.448223918768051,0,0.044136101895140244,0.05688681875013298
2017-04-07,0.03800932596698418,0,0,2.127075316418992,9.0,-1.261318103900248,1,7.047150876967149e+27,1.0455395532689006e+28
2017-04-10,0.08772337417171955,0,0,2.0513257704018097,9.0,-1.150263231923565,0,30860423.02157579,54536268.05630475
2017-04-11,0.07008361685864918,0,0,2.05,9.0,-1.1881982979529655,0,1356541.2694890418,1569876.3533423082
2017-04-12,0.04540338833654285,0,0,377.6108196935672,9.0,-1.9526688889912354,1,0.09457724089865337,0.1059877919689635
2017-04-13,0.01197619104671584,0,0,162.61714745303752,9.0,-1.5850247763273866,1,0.10918023935208275,0.12558064344150754
2017-04-17,-0.08496289556315736,0,0,2.063036912179486,9.0,0.05250495823927868,0,0.16458111264296493,0.24691757230891778
2017-04-18,-0.01650656460170241,0,0,13.118961400295275,9.0,-0.6493833679405354,1,0.07590865584349746,0.11535610325240371
2017-04-19,0.03475647969429598,0,0,2.2144598168320395,9.0,-1.6714261372141743,0,0.12064007441266607,0.13956217012527306
2017-04-20,-0.05365798746185237,0,0,35.263722599438175,9.0,-0.39315341846364965,0,0.19792224600506522,0.3165582686256652
2017-04-21,0.03335959094278641,0,0,12.877671788999564,9.0,-0.16195660152776142,1,0.0810943823429831,0.12771870755515302
2017-04-24,-0.29983121902053284,0,0,22.835369852398696,9.0,-1.6646729561144755,0,0.0721765734198013,0.08465366745548251
2017-04-25,-0.007407441277861805,1,0,6.206958531619776,,,0,,
2017-04-26,0.0083295252528302,0,0,4.872719817041635,9.0,0.42484256277776283,1,-0.0031713773249843684,-0.0031420849603185376
2017-04-27,-0.046212843155131564,0,0,6.487011467743101,9.0,0.8750108028316681,1,-0.004358526558978198,-0.004358526558978198
2017-04-28,0.04344403658699848,0,0,2.0502813444108003,9.0,-1.99314600282776,0,8.432199525597218e+26,8.954520803114812e+26
2017-05-01,-0.06787124038595548,0,0,4.093047960199528,9.0,0.0498206984429287,1,0.24729865234525594,0.41985120701372486
2017-05-02,0.046385126580935125,0,0,9.945273094143335,9.0,-1.354593150079307,1,0.0794977873130714,0.09783473217054815
2017-05-03,0.008462673918733728,0,0,5.662722568789934,9.0,-1.2802052945044085,1,0.06949000249713162,0.07961256960214551
2017-05-04,-0.020814374895271878,0,0,3.233580787798926,9.0,-1.5405556225772583,0,0.12834204745469044,0.15123395502966575
2017-05-05,0.010461341245369331,0,0,6.812541042648038,9.0,-0.0218071054377026,1,0.00036128661829288656,0.00036128661829288656
2017-05-08,-0.07870333382745497,0,0,8.592084474434662,9.0,0.23296645167680055,0,0.12881598085573245,0.2129062228126666
2017-05-09,0.019260605541815655,0,0,3.191254921566962,9.0,-1.7387756270066146,0,0.06426910818367745,0.07245619144303884
2017-05-10,0.02479056058006741,0,0,2.0500000000050074,9.0,-1.255723510415553,0,0.12311436730332236,0.1568194081891774
2017-05-11,0.037486368941447246,1,0,2.0599260457731754,,,1,,
2017-05-12,-0.019048194970694363,0,0,2.05507749873278,9.0,-1.25687073318494,0,4.3642294649919947e+151,4.645187746752653e+151
2017-05-15,0.0019212301778938723,0,0,5.113957290227061,9.0,0.6738529696278979,1,0.30270851551986094,0.6461122338737612
2017-05-16,0.021832855830213316,0,0,5.656012986542177,9.0,-0.17196545311438677,1,6.143450222913879,9.627168877168168
2017-05-17,0.38106979091425097,0,0,2.16920104442354,9.0,-1.5787638803179276,0,0.01755712962612305,0.01755712962612305
2017-05-18,-0.06150698661117967,0,0,3.398921406302623,9.0,0.4492295210359087,1,0.21145278685320185,0.4712098782657861
2017-05-19,-0.1968882565778305,0,0,3.4889657141495913,9.0,0.3735955885170672,1,0.04416296827199926,0.07737462189628996
2017-05-22,-0.09672313769222769,1,0,4.353956964155825,,,0,,
2017-05-23,-0.019400146545791145,1,0,3.4388304248617882,,,0,,
2017-05-24,-0.06752805998593724,0,0,3.546067706463559,9.0,-0.4040471068502336,1,0.06804206906930589,0.11528406264588931
2017-05-25,-0.0029985029962565574,0,0,5.127727358454705,9.0,-1.308077143049741,1,0.5051758284685078,0.6519831169948561
2017-05-26,-0.01818231908319036,0,0,2.356753542327778,9.0,0.1341843006237119,0,0.083418685872623,0.18944050621574515
2017-05-30,0.05647860416047089,0,0,4.366036045323376,9.0,-1.3467017109853505,1,-0.004624402968400239,-0.004624402968400239
2017-05-31,0.0028860048891348514,0,0,3.7073332508596333,9.0,-1.275178668012714,1,-0.0010813003633687764,-0.0010813003631856984
2017-06-01,-0.05124273699225668,0,0,2.079866968351753,9.0,0.86554343463921,0,0.08737839907081284,0.21456043427395624
2017-06-02,-0.014256860624864977,0,0,2.9912489826529334,9.0,0.033816238320291146,1,0.00014008458544356365,0.00014457773511955888
2017-06-05,0.03229342172071509,0,0,2.329863754164524,9.0,-0.32018013886973323,0,0.05113829930074366,0.0910684867935433
2017-06-06,0.037041271680349076,0,0,2.0549065421488706,9.0,0.5109531780825376,0,0.10290678099706094,0.23297069675536555
2017-06-07,-0.005758173299683882,0,0,2.1091536917996514,9.0,0.048426854273090736,0,3.895179055312662e+155,7.048066987795606e+155
2017-06-08,-0.022385362960800223,1,0,2.2141999043947567,,,0,,
2017-06-09,0.05178529931752457,0,0,7.457172442834279,9.0,-0.3529459315905323,0,1.374635808312401,2.2089183373377894
2017-06-12,0.0686189698187332,0,0,3.166737643282926,9.0,0.9104752305338477,0,0.10188771357889792,0.20141613976143713
2017-06-13,-0.09513567496137267,0,0,8.709643985228999,9.0,-0.3489203775412842,1,-0.004665373976519678,-0.004665373976519678
2017-06-14,0.020893447588277606,0,0,3.1936023509769096,9.0,0.3932078700699,1,0.10872266170775653,0.25473125845041444
2017-06-15,0.024142305321599593,0,0,4.100104913498156,9.0,-0.507795794530004,1,1.3256097823543913,2.127168018787386
2017-06-16,-0.04888191149735544,0,0,4.4930963204437555,9.0,0.5375489263651473,0,0.08666520869991891,0.20533479406377622
2017-06-19,-0.0009638554963067387,0,0,3.6108782409407727,9.0,-0.16942308923838723,0,0.2385194734771444,0.3928212467133354
2017-06-20,0.046169292264353394,0,0,2.971545685573902,9.0,0.6999749853429081,1,0.16325307103844178,0.4161862499984479
2017-06-21,-0.010180559932117493,0,0,3.1537224207536956,9.0,0.7262659529665729,1,0.17926591087368382,0.4671127809560946
2017-06-22,-0.025437075680775693,0,0,3.6372024797674896,9.0,0.7330657175232902,1,0.06873562885531327,0.1621565602118674
2017-06-23,-0.04488558323617747,0,0,3.5475316343389434,9.0,0.5927331654327969,1,0.08274710158042481,0.1637917733893992
2017-06-26,-0.012048338516174368,0,0,3.1483461369714387,9.0,0.38578103399636465,0,0.06285049628835755,0.13064142219580008
2017-06-27,0.11080023895364458,0,0,3.164887800849181,9.0,0.32955328971187037,1,0.06910512833862115,0.1419966164045672
2017-06-28,-0.09775439412034473,0,0,3.234979459880446,9.0,0.2997867122409053,0,0.1457606495913565,0.280228449445978
2017-06-29,0.13153538397780762,0,0,3.8531158127663456,9.0,0.00906860382492417,1,32.40803050340533,56.15989004577895
2017-06-30,-0.02298951822469872,0,0,2.050000056825842,9.0,1.5454880884725373,0,316413.8384268454,2340504.4925853144
2017-07-03,0.0035714323675971795,0,0,2.051097054034293,9.0,5.3792809620663515,0,17.28883653963253,87471.30627228765
2017-07-05,-0.0134591533740048,0,0,4.361984491037634,9.0,-0.32302356288317025,0,0.17659925967888626,0.258301498965554
2017-07-06,0.12468478848422908,0,0,7.4790281714852815,9.0,-1.6943755849039106,1,3.06072931472881,3.697559688473772
2017-07-07,-0.11390301288094072,0,0,2.05,9.0,2.0680741833899363,0,6.017704626511753,102.43241412186828
2017-07-10,-0.007174918672295205,0,0,2.0788939919408835,9.0,-0.1039347810759847,0,-61.044919664488404,-61.044919664488404
2017-07-11,-0.020000666706669428,0,0,3.0673061518881655,9.0,-0.4835552757928173,0,0.40115285406323586,0.6060651391933068
2017-07-12,-0.05570104170927897,0,0,2.512091006181593,9.0,0.38251178095083205,1,0.14445839898967852,0.3175150086583436
2017-07-13,-0.03960913809504583,0,0,2.635018947849573,9.0,0.2375956121464708,0,0.08975871449287638,0.19514965388594593
2017-07-14,-0.04019088058324534,0,0,3.5772215268639016,9.0,-0.5574384118588598,1,0.48438148407162224,0.7066234964268012
2017-07-17,0.0320772458090756,0,0,2.2392488722003274,9.0,0.21682994155590463,0,0.058844143293518725,0.11892943918107042
2017-07-18,0.0071030232682461735,0,0,3.5266607347864993,9.0,0.3240838049296131,1,0.09673731738984427,0.19164827382168392
2017-07-19,-0.01016268909220192,0,0,4.7111515798822055,9.0,-0.45311065645881643,1,0.7299781000462296,1.06192389966854
2017-07-20,-0.021683864559649747,0,0,2.05,9.0,1.603948951336445,0,5.488747254251761e+41,7.236310552896503e+42
2017-07-21,-0.023232301493268537,0,0,3.6733626253841174,9.0,0.01137589844430181,0,0.13391825733880183,0.22652571578010938
2017-07-24,0.007450806155865421,0,0,2.8692837276484737,9.0,0.32339453309511035,1,0.08622658182855054,0.17375263282802333
2017-07-25,0.0,0,0,2.201712084330245,9.0,-0.34619777752114356,1,60.3539038937472,91.56792159343401
2017-07-26,0.01786700182842432,0,0,2.9647171970022317,9.0,0.3523090289839683,1,0.0985188109167526,0.19913514487923187
2017-07-27,0.05176193455858958,0,0,3.235166120493567,9.0,0.3966974183881058,1,0.10441570394211191,0.21329030136378108
2017-07-28,0.01764751681357814,0,0,2.8783946449159914,9.0,0.36686480412707945,1,0.1289157015067201,0.2659556316841374
2017-07-31,-0.0029197101033347503,0,0,2.8925682024637043,9.0,0.38098955295782233,1,0.12424805280841035,0.2573990320148251
2017-08-01,-0.016708005377105914,0,0,2.9274176527298668,9.0,0.3792697151638824,1,0.11265233367059148,0.2356908470805796
2017-08-02,0.018655425661501305,0,0,3.0880168323195973,9.0,0.3933514942402916,1,0.09750630971062708,0.20802583758146767
2017-08-03,0.015444322427473556,0,0,3.0588434854072077,9.0,0.4316080260135118,1,0.10207613224037876,0.2218969611609679
2017-08-04,-0.0400639804806485,0,0,2.615040218563039,9.0,0.7099787757980707,1,0.09152888980430456,0.21987141823892606
2017-08-07,-0.010020123916762958,0,0,2.4343339691373505,9.0,0.4510362410374101,1,0.06197975697032192,0.14281880939862726
2017-08-08,0.0986918034627883,0,0,2.754652960850254,9.0,0.604767683213298,1,0.047946132842514304,0.11869613327831098
2017-08-09,0.013593322131669094,0,0,3.7052352289197064,9.0,0.8452445441038141,0,-0.11844971709217872,0.3396617473164453
2017-08-10,0.3672399987868297,0,0,3.5134870084118774,9.0,-0.23754882204646655,0,0.17462169420894372,0.29584261536137696
2017-08-11,-0.03360062524992095,0,0,2.686899901897845,9.0,0.27708443654224163,1,0.51129044839285,1.1663289178450185
2017-08-14,-0.22944966001219455,0,0,3.66591825698557,9.0,-0.5216960518246025,1,0.44206857804195243,0.7093553362463161
2017-08-15,-0.023800877295577998,0,0,2.52159039995937,9.0,0.30818107603770384,1,0.1727748575808253,0.41249866234455895
2017-08-16,-0.025232625480724472,0,0,2.602038244578941,9.0,0.2566193506995379,1,0.12701685593609072,0.2852702487543262
2017-08-17,0.2810588242252927,0,0,2.497181778814935,9.0,0.19229061237785877,1,0.10264537442771766,0.2304624405081284
2017-08-18,-0.08660222363909338,0,0,2.26314281773942,9.0,-0.26738606433440926,1,0.4556813213008087,0.8740968265939003
2017-08-21,-0.07799944825692669,0,0,2.2006065022188106,9.0,-0.4217552543266363,1,0.3045764237278537,0.5625844280711081
2017-08-22,-0.1502412228018116,0,0,2.5076769168169037,9.0,-0.10615452374721802,1,0.21660118103528828,0.45990408500444646
2017-08-23,0.07630819306332426,0,0,2.35809497621463,9.0,-0.10861945039327586,0,8.213231212405553e+156,2.4246512181879573e+157
2017-08-24,-0.0016339872916550239,0,0,3.4345886855057866,9.0,-0.16596580388860194,1,2.254430991117528,4.08044739580583
2017-08-25,-0.08086070362916825,0,0,3.1726809830109013,9.0,0.32758173535301593,0,0.18954192818884144,0.47408919018280854
2017-08-28,0.003539826705124208,0,0,3.1992338235830546,9.0,0.31148250927923365,0,0.15477690328753582,0.36862765950207693
2017-08-29,0.03301776902867357,0,0,2.0500020035837285,9.0,-1.3166971513517534,0,3094204785.867247,4432317651.771049
2017-08-30,-0.04189094170916002,0,0,3.0756715542567834,9.0,-0.05953606756670392,1,0.20194610987759837,0.3938323068567316
2017-08-31,-0.057787740481235285,0,0,2.657320181792768,9.0,-0.13401236263874786,1,0.16665700292860755,0.32548483651269833
2017-09-01,-0.04440884135272303,0,0,4.053529337536751,9.0,-1.6838040249288537,1,0.07607940928561024,0.0917318416938061
2017-09-05,0.18839063143848903,0,0,2.5979840835874306,9.0,-1.3435698960340678,1,0.06582752986551875,0.08529755190257811
2017-09-06,-0.05030398316850789,0,0,2.760938129037979,9.0,-0.26077671903590327,1,2.3361587178560157,3.9782282974278904
2017-09-07,-0.006902529562770463,0,0,2.388338473122627,9.0,-1.4075170805225274,1,0.2993606694181504,0.38613497101006056
2017-09-08,0.048171543673365756,0,0,2.52920908576264,9.0,-1.651422861865927,1,259.3105326965558,317.06302978870673
2017-09-11,-0.1218134239985612,0,0,2.514629955654861,9.0,-0.47028745391799087,0,0.2289030509507213,0.4283802091932058
2017-09-12,-0.014078130212453846,0,0,2.7160306033100685,9.0,-1.6500737072710905,1,191.4973789446472,239.77704242340403
2017-09-13,-0.0075901692666755964,0,0,2.7675159616644316,9.0,-1.4653840214243172,0,271.780059502608,343.86638787932895
2017-09-14,-0.005730674708985095,0,0,2.222426504193603,9.0,-1.546478974146973,0,160.4431913414329,199.58855316625065
2017-09-15,-0.026202372394024072,0,0,2.5364069345021876,9.0,0.3596432081006993,1,168.57429848208906,360.89628699154173
2017-09-18,-0.001968504572672198,0,0,2.7626999488320205,9.0,-0.04572800897783172,1,1.2127611758991983,2.1845256807035356
2017-09-19,0.0029513056345803197,0,0,3.173489689214258,9.0,0.11148938866520333,1,20.67309816983895,40.544169323289395
2017-09-20,-0.040085527075650794,0,0,3.225096262320668,9.0,-0.005072326208073632,1,0.3410287319722223,0.6889571197953024
2017-09-21,-0.011311174581522906,0,0,3.921671827644438,9.0,-0.3647417062787164,0,5.623605238844617,8.962541085172187
2017-09-22,-0.008307420569856117,0,0,4.522401759678824,9.0,-2.185471721398516,0,2.501891566297425,2.920483880055448
2017-09-25,0.06264674328122748,0,0,2.4893029850596147,9.0,-0.056702470027389824,1,0.08072367951628191,0.15867251571357963
2017-09-26,-0.003925422116105647,0,0,2.7849583782162273,9.0,-0.1214837459424589,1,0.1198634803484936,0.22944607966698205
2017-09-27,-0.029942356615078453,0,0,7.800838644672214,9.0,-0.07829067906618054,1,-0.0028583522463430325,-0.0028583522463430304
2017-09-28,-0.032958698952751185,0,0,4.0318967003331165,9.0,-0.32784414385835164,1,3.3250295222125725,5.398838447464881
2017-09-29,-0.004197277935340036,0,0,3.507794831012118,9.0,-0.16117427683274405,1,1.0366235713518102,1.7994662510749349
2017-10-02,-0.006329135051647624,1,0,2.322239583068119,,,0,,
2017-10-03,0.00632913505164753,0,0,2.8124357047927293,9.0,0.739910497100612,0,1.43272591878013,3.6879414398390082
2017-10-04,0.012539349252735392,0,0,2.365346038621292,9.0,-0.45101939556616955,0,0.018061980029715985,0.032110607554097864
2017-10-05,-0.046767289442438666,0,0,2.2727165962652625,9.0,-0.2111988675946585,0,0.09298166778514964,0.1710980522293547
2017-10-06,0.04884197898329905,0,0,4.3036425420453615,9.0,-0.44854159022213574,1,28.913506921423597,46.715470575592114
2017-10-09,0.06809436778065256,0,0,2.679522453816401,9.0,-0.7584954854031305,1,2.467198518984113,3.7020985418845926
2017-10-10,-0.024499020488324568,0,0,2.05,9.0,-0.3803776515965584,0,0.18664313029451957,0.3416390520367728
2017-10-11,-0.023081807459225074,1,0,2.120858493925144,,,0,,
2017-10-12,0.006072893157899083,0,0,2.958447066797641,9.0,-0.3572236507638654,0,2.541339049840159,4.08005403071829
2017-10-13,-0.030740125359695558,0,0,3.38290828070094,9.0,0.29472542154790093,0,0.953301933692886,1.8976724632495259
2017-10-16,0.030740125359695534,0,0,3.3597773517881975,9.0,-0.5704877534791815,0,29.21141853432622,43.34750421373702
2017-10-17,0.039569949686972014,0,0,2.2790608423290384,9.0,0.06607109738777311,0,0.11580800293247613,0.20968220771046678
2017-10-18,-0.02355359129839762,0,0,3.9617251886572222,9.0,-0.11669070835353734,1,0.41748394335443206,0.7455919859726261
2017-10-19,-0.00198807222538608,0,0,2.1995292265256503,9.0,-0.2686533411568015,0,0.1359142586236141,0.24351071531159885
2017-10-20,-0.007992050531337804,0,0,3.278105100790338,9.0,-1.2928485285250395,0,0.3763604916584249,0.5648432500938153
2017-10-23,0.10465816274679843,0,0,3.458742722407727,9.0,-0.3139153932001604,1,42.12623046157982,61.352341789014346
2017-10-24,0.008097210232619303,0,0,2.120616735251926,9.0,5.6863005047558115,0,0.005999672457253698,359.8775201748
2017-10-25,0.006252811797186854,0,0,3.5014951996390473,9.0,-0.012425242605005021,1,5.511178514256065,8.446817753580802
2017-10-26,0.0062139569679430726,0,0,2.0516632961141363,9.0,-0.22081748864805023,0,0.14869894772966907,0.2706379819315478
2017-10-27,-0.14242034004176862,0,0,2.295979124366657,9.0,0.03378390700581956,0,0.13307327591027124,0.2451272070393938
2017-10-30,0.06899287148695142,0,0,2.05,9.0,0.01875741680666832,0,0.19588012970004975,0.40632600210845465
2017-10-31,-0.030950246041101075,0,0,3.1840175481441046,9.0,-0.012617619893080287,1,3.6081924081922314,5.582785910741941
2017-11-01,0.001962709167848689,0,0,2.801976761404215,9.0,-0.2369592013474547,1,0.8393264918566117,1.4013039986777063
2017-11-02,-0.026827242233144075,0,0,2.383360505662449,9.0,0.21463035710979106,0,0.10926645238707763,0.2648140430569154
2017-11-03,-0.0829000925910225,0,0,2.889089963317496,9.0,-0.37125663677331566,1,1.8698174391636924,2.673273856744451
2017-11-06,0.028049303809899586,1,0,3.190937987576976,,,0,,
2017-11-07,0.050814456358662635,0,0,3.8549923155487646,9.0,-0.4364213159406146,1,3.219831414196311,4.960213285993168
2017-11-08,-0.011184661587894931,0,0,3.02130135461113,9.0,-0.2246964427556572,1,0.526856309326602,0.9388866873458571
2017-11-09,0.07103577311675174,0,0,3.3154020595240934,9.0,-0.2676105367693077,1,1.4208079301696324,2.4165784060699145
2017-11-10,0.07254212099809283,0,0,4.4258478474146274,9.0,-0.3513110743008667,1,-0.010408600982329543,-0.010408600982329543
2017-11-13,0.018429657207633815,0,0,4.402866325502316,9.0,-0.43620814364491245,1,4.614771402353185,7.632130799865377
2017-11-14,0.00779562198245587,0,0,4.008432837391371,9.0,-0.5687822413374485,1,1.485865937386067,2.280412855405475
2017-11-15,0.12475703096304455,0,0,3.405085191345198,9.0,-0.3612091283832156,0,2.3024365728512723,3.8898808610680917
2017-11-16,-0.11019574584422404,0,0,2.05000000000027,9.0,-0.11302550889577961,0,2.04491497944955e+68,5.840052401241939e+68
2017-11-17,-0.028462464663761636,0,0,2.2718729018954122,9.0,-0.450402853534564,0,0.09069474187548711,0.14416560600302797
2017-11-20,-0.07068158565128507,0,0,2.273783579985872,9.0,-0.029216893232276213,1,2.0524752010015983,3.5569792077464495
2017-11-21,-0.09034599595752038,0,0,2.1757268556609115,9.0,-0.15507493612287238,0,2.143238166060412,3.653522188181051
2017-11-22,0.015298615561862721,0,0,2.204347479755332,9.0,-0.3170391663418517,0,1.1883077181972599,2.042733795653732
2017-11-24,-0.02148420229457361,0,0,2.418452640414991,9.0,-0.2291766638061329,0,0.4074912936841873,0.7312959055789515
2017-11-27,0.020471543980187284,0,0,3.1068345506058606,9.0,0.004697854560075827,1,0.2675440703077717,0.4884408530776675
2017-11-28,0.016080748528453877,0,0,2.056802545052109,9.0,0.42365589372643475,0,0.09545832357360011,0.22068539394670544
2017-11-29,0.06466313949401627,0,0,3.5864764994941254,9.0,-0.1830797822648921,1,0.2871690061799627,0.4979476839048228
2017-11-30,0.05278750460205233,0,0,2.050000013364655,9.0,-0.6142012086220936,1,838.454922264127,1230.9550140433582
2017-12-01,0.013210231736806482,0,0,2.1083402214905496,9.0,8.615852536614081,0,587327628.2687197,593474258132335.5
2017-12-04,0.021636499593361624,0,0,2.066069093232102,9.0,0.37563132058891135,0,0.1627988673337196,0.3940879598744608
2017-12-05,-0.030423902360165976,0,0,2.086787690813094,9.0,0.43150050109196614,0,0.10775748238731031,0.2733515374304154
2017-12-06,-0.027742271315146526,0,0,2.2735074133959556,9.0,0.44019603429007914,0,0.11939827104994598,0.2947998734636801
2017-12-07,-0.08125336157443255,0,0,7.056643218773909,9.0,-0.32935001581825374,0,0.6619349959471448,1.0648315205472825
2017-12-08,-0.058780850167566664,0,0,2.267039349402728,9.0,0.5765590063099391,0,0.0972587325003334,0.21800721045816085
2017-12-11,-0.025371339742017947,0,0,6.6509032754607285,9.0,-0.1724290551455424,1,0.8326173238536838,1.39300498777841
2017-12-12,0.0602466690560302,0,0,4.631471807789405,9.0,-0.15053353630153893,1,0.8053548827851358,1.3580525230027578
2017-12-13,0.025872089825595183,0,0,7.5754744542895,9.0,-0.15822437534043693,1,0.6870704412893848,1.1605349454630813
2017-12-14,0.029997411285829084,0,0,2.07880438334872,9.0,1.4682726429834225,0,0.08621471212416074,0.39595610242845686
2017-12-15,-0.10758733381993411,0,0,7.0660444763544685,9.0,-0.27033024154033825,0,0.06913679691319138,0.10906099553012412
2017-12-18,0.011609629077838942,0,0,2.0561284672205957,9.0,2.2571880049138224,0,0.13770437129217,7.491568962895403
2017-12-19,0.05113588430773334,0,0,8.564081339106245,9.0,0.2114988621388888,1,1.7559555771870794,3.134346292783486
2017-12-20,-0.031394983501496276,0,0,6.375997051813695,9.0,0.11639157310280371,1,0.983964063493646,1.7483319758370548
2017-12-21,-0.010341353794732706,0,0,6.861385390733237,9.0,-0.03433566105826863,1,0.14576102238401117,0.2567772799257403
2017-12-22,0.02869049246292923,0,0,8.506371214024119,9.0,0.21115917569929765,1,0.8799344809778324,1.5461370989342536
2017-12-26,0.03474294844387284,0,0,8.492572715908937,9.0,0.34490762669536723,1,-0.0100497698109858,-0.0100497698109858
2017-12-27,0.02123631929802832,0,0,2.203318514791412,9.0,-0.13315806585426637,0,0.08143559870995352,0.13913023870222993
2017-12-28,-0.028089013760068934,0,0,8.030285647267046,9.0,0.27119439353535046,1,0.5562922574524801,0.924998635847372
2017-12-29,0.08110002972657243,0,0,4.999001769618112,9.0,0.32548320869131897,1,-0.0024327008644655025,-0.0024327008644655025
2018-01-02,-0.1222085747942579,0,0,5.735424982175283,9.0,0.8105918100111262,1,0.2558340039784207,0.5436861627058032
2018-01-03,-0.06556258676726137,0,0,8.56984013568022,9.0,0.24722545019722592,0,0.31726979889993934,0.589275329353386
2018-01-04,0.007621158281072566,0,0,2.05,9.0,0.09546241098633548,0,0.0888999165179084,0.2186381170013367
2018-01-05,0.0,0,0,2.079137449373871,9.0,-1.2591174751341345,1,2207006.3521757596,3307401.0301622855
2018-01-08,0.03201981123477136,0,0,7.908163537658878,9.0,0.4555820014074159,1,0.4827160914609551,0.8553262765091625
2018-01-09,0.05715841383994862,0,0,2.050000000000149,9.0,-1.241322695015679,0,247.77715425875303,300.3724125308996
2018-01-10,-0.026132140276848057,0,0,14.88948429669819,9.0,0.25717463378954397,1,0.27555699843954146,0.4715165138138062
2018-01-11,0.006091389393401913,0,0,14.090766210326448,9.0,-0.6928422360014468,1,0.20028765215557529,0.28754950048925587
2018-01-12,0.027945930390559322,0,0,2.050008446688865,9.0,-0.22345144313716714,0,-333.54233122415746,-250.74312495534707
2018-01-16,0.13770573877201045,0,0,2.0505196084120154,9.0,-1.634099860387023,0,0.09670131765315133,0.1172456312451032
2018-01-17,0.021214202444862402,0,0,21.604279826919527,9.0,-1.450135856370684,1,0.46525348999555693,0.5515904678278314
2018-01-18,0.025695570376240602,0,0,34.274538240143634,9.0,-0.36815156773761065,0,0.26684031952440124,0.35095128793055735
2018-01-19,-0.08092962569176444,0,0,13.155157294382512,9.0,-0.02920426481523022,1,0.5344503190948167,0.7183077635902027
2018-01-22,-0.021525494786273903,0,0,34.18003415148695,9.0,-0.19536047209407223,1,0.4790062548751667,0.6727310274818992
2018-01-23,0.0063262750528773806,0,0,14.05579764115819,9.0,0.18175173791452104,1,0.9309911187061125,1.3568682115176207
2018-01-24,0.03278982282299097,0,0,13.652279998744977,9.0,0.3999903588994837,0,0.7690788333558382,1.127140334684961
2018-01-25,0.009544541003569872,0,0,12.562855197262635,9.0,-0.37945495752687664,0,0.8281165368716502,1.1122991441694088
2018-01-26,-0.04413779082571144,0,0,2.05,9.0,-1.6296041386837192,0,2.942921328182313e+158,3.7096893685487296e+158
2018-01-29,0.22242126887038574,0,0,13.528207808338554,9.0,0.6769271700238465,1,0.2969859665800579,0.48675715109580525
2018-01-30,0.06638832653318481,0,0,3.469171541412794,9.0,-0.23989492642364774,1,0.35440284413808676,0.601111583321159
2018-01-31,-0.08830300923857955,0,0,2.83015960696309,9.0,0.20464237657865958,0,0.08157211615418118,0.13076299476591105
2018-02-01,-0.0051832770618562354,0,0,10.451479787169855,9.0,-0.2054762525259307,0,1.0378324621415558,1.4601683801326049
2018-02-02,0.25081937876584515,0,0,17.293730249211464,9.0,0.26438937978122357,1,0.25591110987318816,0.4235301060723449
2018-02-05,0.7682450067910253,0,0,3.091000755677695,9.0,0.08988899082340512,0,0.12255695006405812,0.21648162464932597
2018-02-06,-0.2189988833046914,0,0,2.989982345119312,9.0,0.8078043503554071,0,1.2144054234611543e+152,4.601051681715034e+152
2018-02-07,-0.07801563304676497,0,0,4.140597688584756,9.0,0.14331769583641302,0,0.4086751006911309,0.8725461142147656
2018-02-08,0.18783583593099118,0,0,4.0937187127519055,9.0,-1.4049656149680279,0,0.3741868117160406,0.5036612882157834
2018-02-09,-0.14098803741654117,0,0,2.8439567151719833,9.0,-0.47117323630084773,0,0.37654935520410987,0.6346869965613026
2018-02-12,-0.1263797579307029,0,0,3.3869535745346,9.0,0.30866618567211856,0,0.2163964052010693,0.42511671806151385
2018-02-13,-0.025307795919752074,0,0,4.090463965372746,9.0,0.014212934175627408,0,0.3181720101075254,0.5716532293280201
2018-02-14,-0.2596446979217022,1,0,2.05,,,1,,
2018-02-15,-0.0067726229178180835,0,0,4.562430356119024,9.0,0.6747484534900212,1,6.636467490876579,10.985878783754258
2018-02-16,0.017103293305697584,0,0,2.056631990239869,9.0,-1.4410525214018228,0,0.15943516313182568,0.20969310552579007
2018-02-20,0.056929999037676315,0,0,2.183636740676768,9.0,0.3651017476652234,0,1.994600363626953,6.612865727999187
2018-02-21,-0.028559301908460927,0,0,3.722450837206071,9.0,0.34685984116470303,1,1.4155073843074921,2.6700520107837478
2018-02-22,-0.06713930283762856,0,0,2.05,9.0,0.9648528306495465,0,0.1688568831051451,0.5995154141612831
2018-02-23,-0.1268383344779385,0,0,2.7434466345052932,9.0,-0.09890067294725752,1,0.4416142616993003,0.7581806622863926
2018-02-26,-0.04274419653858626,0,0,3.8074232746410153,9.0,1.1444465567256332,0,8.843283799484196,70.3556277828964
2018-02-27,0.16261386170043138,0,0,6.728725521216832,9.0,-0.03615883145845895,1,1.0950497248020428,1.7830453854950346
2018-02-28,0.06558020539984692,0,0,5.125977148094325,9.0,-0.0965852727428914,0,2.7339677034777288,4.481240674706294
2018-03-01,0.12397707906403822,0,0,4.250922663422385,9.0,-0.4221438560811949,1,3.8521196824810535,6.17922583609959
2018-03-02,-0.1371618542407884,0,0,3.0353590316677996,9.0,-0.22018656942923806,0,0.2793443878853243,0.4866618404875878
2018-03-05,-0.04489271550045216,0,0,7.679373907825328,9.0,-0.021855014712713533,1,3.060839389736704,4.846018957256448
2018-03-06,-0.019952131263652837,0,0,7.82202486071962,9.0,-0.1351561174756561,1,2.7319754935204945,4.2196935054606515
2018-03-07,-0.03322564762832028,0,0,2.226383553286846,9.0,-0.5150064908580344,0,0.16836795458518913,0.28284900873434604
2018-03-08,-0.07116704796847889,0,0,24.827750654377997,9.0,0.3572723097970804,0,1.822526438996094,2.769230185108866
2018-03-09,-0.12202418106237968,0,0,5.392108207705583,9.0,0.45758485833801327,1,0.23120442986764497,0.44331898172371714
2018-03-12,0.0749858068845626,0,0,7.075211775037411,9.0,0.004501744269132607,0,0.13271493829421865,0.23380966176509033
2018-03-13,0.03548458192553425,0,0,2.872973056609029,9.0,0.041203045017709064,0,0.4981421539657454,0.7851997927681041
2018-03-14,0.052424153196575785,0,0,6.262422823122919,9.0,0.2624309077841698,1,2.0036291997043825,4.511555470420312
2018-03-15,-0.03785194633748519,0,0,2.3874699970592643,9.0,-1.5385749744000938,0,0.2151538291875686,0.275120325497996
2018-03-16,-0.048790164169431945,0,0,2.5364756282749528,9.0,0.20587210290166935,1,1.8890233472570825,3.4767691774597194
2018-03-19,0.1854811170843231,0,0,2.7686716451973146,9.0,0.22694363201793397,1,2.2520713901505887,3.9832899881029307
2018-03-20,-0.044069463034494646,0,0,3.0508218182849207,9.0,-0.045302898943803384,1,2.825574614825746,4.626446205424566
2018-03-21,-0.018858018634396723,0,0,2.8620056341199716,9.0,0.19076382674717168,1,5.277724469868404,9.619770791271446
2018-03-22,0.26760505141005686,0,0,3.4350110094192234,9.0,-0.4347587531414375,1,2.0645774574544373,3.166029060850185
2018-03-23,0.06349363095690341,0,0,4.095035746675768,9.0,-0.3432042393001707,0,2.880823802686075,4.243766647625393
2018-03-26,-0.16771226810070491,0,0,2.936790117611547,9.0,-0.05395846211862855,0,0.2858558886374509,0.542494046711223
2018-03-27,0.067565319495766,0,0,2.05,9.0,0.6844727404334101,1,-25391281.37142674,7476331.0335805295
2018-03-28,0.01631069882431536,0,0,7.720716842341658,9.0,-0.05813904371254387,0,2.171054005145155,3.296903373756672
2018-03-29,-0.13559486060696607,0,0,9.205890226548949,9.0,-0.20480097535538283,0,0.3620893318028354,0.5583563166150785
2018-04-02,0.16786266334149255,0,0,4.297254449077955,9.0,-0.15886887350281603,1,3.762146880671775,6.0448530232807665
2018-04-03,-0.11282077028719545,0,0,2.05,9.0,-0.6562100186765079,0,0.3670930507218227,0.577253790518668
2018-04-04,-0.050545257948231524,1,0,2.383984386061537,,,0,,
2018-04-05,-0.05745169477585721,0,0,2.3168292392331433,9.0,0.09491794468778615,1,0.1452897917411595,0.23793857345307112
2018-04-06,0.12631162289648679,0,0,2.214747934701131,9.0,-0.3438910862744452,0,2.742747174857314,4.501696992606874
2018-04-09,0.012945164592036986,0,0,2.4075296423455708,9.0,0.010091885414071512,1,0.0756822018359686,0.12192856357475737
2018-04-10,-0.06157247557325795,0,0,2.78947401913546,9.0,-0.015889643761020124,1,175.390620682243,310.52566693561863
2018-04-11,-0.011299555253933394,0,0,2.908538967530721,9.0,-0.22871684869952486,1,1.6793484898052717,2.655185111661341
2018-04-12,-0.09043079902023132,0,0,2.100455329277097,9.0,-0.18233112601711665,0,0.2015774035085901,0.37011213022253847
2018-04-13,-0.06018529161893569,0,0,6.455542092474309,9.0,-0.2472597947743751,1,243.17744432396412,353.11715506068737
2018-04-16,-0.05005460482298411,0,0,8.291438003430608,9.0,-0.29245646308764117,1,74.16329396035978,107.96824037427825
2018-04-17,-0.0824106459036929,1,0,2.2553725769873707,,,1,,
2018-04-18,0.02269141120207067,0,0,4.394385885810122,9.0,-0.41440845075632543,0,0.9126345726349401,1.2660447197001805
2018-04-19,0.022814677766171482,0,0,2.502710870370209,9.0,-0.24120816390451558,0,1.1635083965481692,1.71470470830007
2018-04-20,0.056043897146148186,0,0,2.334797147814712,9.0,-0.3155682363539196,1,0.9970883860440533,1.547088965789201
2018-04-23,-0.0325133997359542,0,0,2.067117814445465,9.0,0.5725225937715808,0,3.0137335324002553e+155,4.887970556400029e+155
2018-04-24,0.09786616274833501,0,0,2.1062916441548856,9.0,0.3656419526928024,0,1.0573762264793791e+155,4.668113004422554e+155
2018-04-25,-0.010039125028328542,0,0,2.528362297278724,9.0,0.11282013286516661,1,0.4950741234022463,0.7665045998525757
2018-04-26,-0.09396579241833147,0,0,2.0874711646981923,9.0,-0.17873810661742723,0,0.19634752110271164,0.33250276579674226
2018-04-27,-0.05246068540150737,0,0,2.135307822043858,9.0,-0.15702567621140434,0,0.10314969542386178,0.1539811605508498
2018-04-30,0.033187474589932674,0,0,2.3172051027112572,9.0,0.27398921597306425,0,1.8255392812851514,2.9197083158446238
2018-05-01,-0.028009469493179846,0,0,2.7262313962325346,9.0,-1.3548044778098707,0,0.07419386095473293,0.08032086541301169
2018-05-02,0.03051730779814392,0,0,2.254013702438472,9.0,-0.07792544396421865,0,4.235562973377063,6.527652921331761
2018-05-03,-0.004392853000735216,0,0,2.131880242271542,9.0,-0.0822975052112314,1,0.08335331955199911,0.12177596973939817
2018-05-04,-0.0737210126828975,0,0,2.390117866469538,9.0,-0.12275700177901142,1,93.32776230202344,156.0827126130462
2018-05-07,-0.0013550137574595356,0,0,2.05,9.0,-0.03559078537406096,0,1.7891401393444807e+111,3.7974882629210073e+111
2018-05-08,-0.0027155481724826388,0,0,2.659370754515351,9.0,-0.030096529784005094,0,12.034989994311374,18.192875806863544
2018-05-09,-0.09178140306981042,0,0,2.3486723498338558,9.0,-0.0745528466328656,1,0.013478687401918352,0.015316431833913745
2018-05-10,-0.014259153416671423,0,0,2.8615252030331275,9.0,-0.19156081138345357,1,4.178403116622325,6.099937755814532
2018-05-11,-0.044829762953335024,0,0,2.145451028962796,9.0,0.05584809283622691,1,0.005772491863239844,0.006471445547631245
2018-05-14,0.021892977610236744,0,0,4.098005195764732,9.0,-1.3401189497513966,0,0.2763808507680354,0.36759288952068175
2018-05-15,0.12352402224826683,0,0,2.05,9.0,-0.6188972566325778,0,0.2520571874288216,0.38223243090491293
2018-05-16,-0.08632808348849726,0,0,2.5288449209006747,9.0,1.6957143202769396,0,5.183772270526077,63.0715471727583
2018-05-17,0.0007448789916104024,0,0,3.523836693344488,9.0,-0.17260142576082066,1,1.2986078092729954,1.9754263378506023
2018-05-18,-0.0007448789916104893,0,0,2.066821261108145,9.0,-0.03278813588021883,0,0.20352667329823024,0.34803183108591335
2018-05-21,-0.02566178551448305,0,0,2.051329462682783,9.0,-0.159740534170182,0,0.20481550866805004,0.3441611656271975
2018-05-22,0.010646488394487704,0,0,4.224073497585971,9.0,-0.6488657235485803,1,1.057116527883776,1.5111058978569099
2018-05-23,-0.04962258315124579,0,0,2.138463134809457,9.0,-1.3915390716032459,1,0.12224302251385297,0.14659236456504282
2018-05-24,-0.003982482364317597,0,0,4.656242766966041,9.0,-1.7946082365769902,1,1.0499077569171447,1.221309711789033
2018-05-25,0.053605065515563335,0,0,5.3151687693320175,9.0,-1.4965557562908907,1,1.033852479567153,1.3120504452907402
2018-05-29,0.2526582887216878,0,0,2.1695817435333544,9.0,-1.3705272047280266,0,0.42951110351827737,0.6046063602242602
2018-05-30,-0.13034694344055683,0,0,2.240258942129757,9.0,-0.48468317588927623,0,0.31315012139710374,0.4540463223262332
2018-05-31,0.03227148667039819,0,0,2.05,9.0,-0.4376968269517828,0,0.31287306197939996,0.5088554420074525
2018-06-01,-0.1365913421584876,0,0,9.62499728344907,9.0,-1.3264087350323548,0,0.316211527440771,0.38946047695688285
2018-06-04,-0.05497567407256449,0,0,3.1726394232017143,9.0,-0.2396758663395996,0,3.0734332241714952,4.880362532780804
2018-06-05,-0.02705017753302606,0,0,4.383499986198735,9.0,-0.3264889279592217,0,0.48558096420604313,0.7608834558283252
2018-06-06,-0.0632490303076994,0,0,12.600885636541419,9.0,-0.6846316871586638,1,0.2419342968632466,0.3425473744148353
2018-06-07,0.04123428065266707,0,0,2.0501031802060554,9.0,3.4708509247040946,0,2759.0297526457357,639226.2419586726
2018-06-08,0.004113539325792162,0,0,2.1183718707377057,9.0,-0.4143870147567434,0,0.24041534510749604,0.38952761187838886
2018-06-11,0.013860800792235166,0,0,2.1082838832682413,9.0,1.162064169104213,0,0.17430814828531346,0.9493167081313225
2018-06-12,-0.0008100445967444326,0,0,6.768279509044195,9.0,-0.5746290544500458,1,0.914813255723926,1.3337295464768983
2018-06-13,0.04747727059551264,0,0,2.060309046393313,9.0,0.719488533813713,0,0.10873192343246195,0.3828941226452741
2018-06-14,-0.0654663084315861,0,0,13.285795871721316,9.0,2.2066048939179614,0,1.7238629583001018e+157,3.693101466374574e+158
2018-06-15,-0.011618387953864964,0,0,2.0513833289246213,9.0,-0.25859607809964125,0,0.185937991707476,0.29256016177185507
2018-06-18,0.027173347509058962,0,0,7.7947661316115875,9.0,-0.39452949561968553,0,-0.025670925438364384,-0.02567092543835738
2018-06-19,0.08110444464989636,0,0,9.030762718403126,9.0,-0.47509559379594124,0,0.14044282554183857,0.2513978506457019
2018-06-20,-0.042852769255507274,0,0,8.957720842560404,9.0,-1.5817176539197024,1,-0.013124720095682042,-0.013124720095682042
2018-06-21,0.13509389294241428,0,0,5.644560193397778,9.0,-0.063367650404657,0,0.1148182145815287,0.1876556858317322
2018-06-22,-0.06126519579260206,0,0,4.131203954126519,9.0,-1.780197682369312,1,0.30274674455177103,0.3606986738899717
2018-06-25,0.22994679098695117,0,0,2.0500000000000003,9.0,-0.2682112982239797,0,0.1311739397747585,0.21284338594930916
2018-06-26,-0.08486292331127764,0,0,18.770525836382173,9.0,-1.4508259281782334,0,-0.01387163147221683,-0.01387163147221683
2018-06-27,0.11778303565638346,0,0,11.939890879577469,9.0,-1.8014984141142092,1,1.4074129764490164,1.650048260282912
2018-06-28,-0.06100855927424957,0,0,2.05000001391092,9.0,-1.828323175668102,0,1.2821237306670835e+141,2.98201020919269e+141
2018-06-29,-0.04615269579407903,0,0,4.646344301552855,9.0,-0.10558734473513026,0,0.14530354196796583,0.2554849124640711
2018-07-02,-0.030927046748800438,0,0,9.85933538801828,9.0,-1.4571662482160652,1,-0.010030257978674819,-0.010030257978674819
2018-07-03,0.03402974858631147,0,0,2.923925622684525,9.0,0.8499092811657555,0,0.13124751936147225,0.6633272165777967
2018-07-05,-0.0752524644102657,0,0,2.7243478392492486,9.0,-1.2917765470273217,0,0.2038057351785188,0.2582380925605284
2018-07-06,-0.11303480731768534,0,0,11.61879096348717,9.0,-1.8821960557022077,0,0.007256580984257969,0.007256580984257969
2018-07-09,-0.05219910938755551,0,0,2.064754727549033,9.0,-1.3846331613282095,0,2.455665901154833,2.786938781427854
2018-07-10,-0.0039478930075848235,0,0,8.50900018539282,9.0,-1.3017575749934034,0,0.18890031262723558,0.24328092272379045
2018-07-11,0.07540685698972996,0,0,2.0500000000000007,9.0,-1.3694441042287566,0,0.3133171805723083,0.39720577857160505
2018-07-12,-0.0801649944361468,0,0,5.4642520926864515,9.0,-0.4650238073228915,0,0.14870785966281302,0.24404715990098022
2018-07-13,-0.03231298899054357,0,0,2.10468131295601,9.0,-2.1972280930755343,0,0.24423371366486307,0.2770791414007076
2018-07-16,0.05199091634579419,0,0,16.123076717431953,9.0,-1.3342898699587442,0,1.2411418130617635,1.4863079723603263
2018-07-17,-0.06189198732850568,0,0,9.631288049922613,9.0,-1.8823776309229858,0,0.30888185761904663,0.3500867571672486
2018-07-18,0.003311261303656005,0,0,4.6255093687588,9.0,-1.4591582349717034,0,0.1618976385303742,0.2031211133176482
2018-07-19,0.06169356900533996,0,0,13.972086092124673,9.0,-0.16196078638901218,0,0.3053159597851128,0.5748098569642767
2018-07-20,-0.0007773027985619028,0,0,2.05,9.0,2.4396207030665105,1,36204955273.9269,674047715506.6229
2018-07-23,-0.01883886169640624,0,0,22.32425573342755,9.0,-0.4485057162076366,1,-0.00029091405211470955,-0.0002909136873126316
2018-07-24,-0.01678025789655123,0,0,12.667581361629184,9.0,-1.3684104721354,0,0.6942463808357229,0.8212931876463068
2018-07-25,-0.009716675638572427,1,0,2.314453615643078,,,1,,
2018-07-26,-0.012280137946591087,0,0,2.05,9.0,1.0541292737805301,0,0.1097473809008493,0.40257201876017973
2018-07-27,0.07074860550540152,0,0,2.064509689686077,9.0,0.05848707625385324,0,0.12145079477148826,0.22514337594341122
2018-07-30,0.0902040238493962,0,0,14.872550855133017,9.0,-0.7633962920791405,0,-0.006770640403149575,-0.0067706385165041795
2018-07-31,-0.1056722363586048,0,0,14.14266818356295,9.0,-0.256879992243113,1,-0.027514568445891455,-0.027514568445891455
2018-08-01,0.02463557999622855,0,0,9.393607771734196,9.0,-0.22840646054468144,1,0.01136032978224143,0.01136032978224143
2018-08-02,-0.07580581513059352,0,0,5.427718822658524,9.0,-0.03275934606701335,0,0.12803855443367357,0.23612615922169192
2018-08-03,-0.04616850118988831,0,0,12.244914145732523,9.0,-0.49667181380605274,1,0.003520454026115023,0.003520454026115023
2018-08-06,-0.032303114251606944,0,0,2.0676564018386694,9.0,-1.650239134496562,0,2.1973708043520896,2.197371092237222
2018-08-07,-0.03063302586323775,0,0,5.591971090564151,9.0,-0.03932690388075856,1,0.1347871459858776,0.23125028727289995
2018-08-08,-0.0073462222019785904,1,0,2.082721356418165,,,1,,
2018-08-09,0.03797924806521647,0,0,12.963676335677738,9.0,-0.4768828480697555,0,0.2686950415816262,0.340286138373566
2018-08-10,0.1550375978454862,0,0,2.069942278034249,9.0,-0.0353211948979565,0,0.21920942634105944,0.45560627963714223
2018-08-13,0.11609298962288443,0,0,2.074801233989734,9.0,2.8431698356858797,0,13.472750644258735,4094.4446243055463
2018-08-14,-0.10475928311303534,1,0,15.464643017582427,,,1,,
2018-08-15,0.09524187612614528,0,0,9.647298423436975,9.0,-1.312219051683063,1,0.1462755932263497,0.19092448236602416
2018-08-16,-0.08477840248531746,0,0,11.164321098539537,9.0,-1.1981693620517468,1,0.24189568236910877,0.3115134035615199
2018-08-17,-0.062112717329136626,0,0,12.19210303511894,9.0,-1.7501288540483384,1,0.17142873115904805,0.20588676879395013
2018-08-20,-0.01193806458122512,0,0,12.31220901928186,9.0,-1.2836526853965586,1,0.1192017823382467,0.1531181763186775
2018-08-21,0.02919339467198686,0,0,10.485101707963597,9.0,-1.5344989329571206,1,0.13108248949626694,0.1618391404309679
2018-08-22,-0.04859578181873729,0,0,11.388871683393862,9.0,-1.2674282976773164,1,0.1611188245010643,0.2054036624038936
2018-08-23,0.012976662225779785,0,0,8.067897947872362,9.0,-1.299656737291019,1,0.13520088592866555,0.17343530286425154
2018-08-24,-0.03442963017709299,0,0,9.371995787443398,9.0,-1.2905348099884182,1,0.1471285096818982,0.18759307108647455
2018-08-27,0.014078907498598088,0,0,8.807329568380768,9.0,-2.6344558835970595,1,0.15373228127341318,0.16957338901951233
2018-08-28,0.0275767677702344,0,0,6.071769980561151,9.0,-0.6257810739554928,1,0.12908146596717512,0.19167965802626963
2018-08-29,-0.020202707317519466,0,0,10.933854130435849,9.0,-1.4161001867360794,1,0.16375446420036133,0.20318373534863357
2018-08-30,0.09938350519196061,0,0,6.929245420613192,9.0,-1.3275103764735385,1,0.14215036132155942,0.1821858487545127
2018-08-31,-0.05078772337322338,0,0,11.550654662800552,9.0,-1.5964656650868148,1,0.29781169384612854,0.3592896901187445
2018-09-04,0.02306020708769788,0,0,6.787002132063678,9.0,-1.2726819440945056,1,0.1704865226321425,0.21924201458102574
2018-09-05,0.05542608003818041,0,0,4.786888169364192,9.0,-0.3269327546079578,1,0.13066317892104215,0.20698847803085316
2018-09-06,0.051832329527724715,0,0,6.917784192546362,9.0,-1.3560389082664508,1,0.20415292081391126,0.2587387852475748
2018-09-07,0.015577693941869593,0,0,8.269898228887577,9.0,-1.7759028996057724,1,0.22100146170720092,0.26234275341148267
2018-09-10,-0.04959694113937218,0,0,7.835922597422187,9.0,-1.6908810933855172,1,0.18580196403936333,0.2226704438957566
2018-09-11,-0.06869025384203345,0,0,8.19697654911532,9.0,-1.6955725621572042,1,0.1373484664047092,0.16485381562490037
2018-09-12,-0.006069821367075834,0,0,8.059344552935327,9.0,-1.7206818105843262,1,0.11163776114839198,0.13409880050661221
2018-09-13,-0.060386826652068064,0,0,8.840984663058505,9.0,-1.4723592491991404,1,0.11691488707294743,0.14407643842028015
2018-09-14,-0.024551151294956296,0,0,9.659156094445134,9.0,-1.7412433628081136,1,0.10015665588364696,0.119914214977794
2018-09-17,0.12521187708496426,0,0,8.592495223459165,9.0,-1.3108607517230495,1,0.09782276674185385,0.12387174959789596
2018-09-18,-0.06727129660365316,0,0,7.016991858614334,9.0,-1.2692848438154185,1,0.2930327279258725,0.3745952185525072
2018-09-19,-0.08481037500058325,0,0,5.80937583898175,9.0,-0.4009350488419251,1,0.15074142166373247,0.2245512522660296
2018-09-20,0.004246290881451225,0,0,7.578396202172615,9.0,-1.6033533133927684,1,0.16085095515556297,0.19797167108204888
2018-09-21,-0.010221554071538139,0,0,5.350113278234901,9.0,-0.4519102123297877,1,0.11558481133393027,0.17738688551156798
2018-09-24,0.04355797433912994,0,0,5.476085902017204,9.0,-0.6484328992621166,1,0.121200387483007,0.17690054750081075
2018-09-25,0.01787212476612183,0,0,6.228580731548452,9.0,-1.193509185755297,1,0.17584757553012798,0.23272658427079493
2018-09-26,0.03714374044576326,0,0,2.1663942889748773,9.0,-0.049685999514873486,0,0.13077849545143327,0.21824269877415514
2018-09-27,-0.03794921773458017,0,0,2.050001440777738,9.0,3.1273983533523078,0,1.8708437934077986,230.77714066537268
2018-09-28,-0.023645618575347544,0,0,8.673846840085544,9.0,-2.0813325141532006,1,0.3738848724418067,0.4092764411440119
2018-10-01,-0.00995033085316798,0,0,11.449933795656191,9.0,-1.6087065529896787,0,0.5565243720477079,0.6403867289183832
2018-10-02,0.004158010148663677,0,0,13.3921440600261,9.0,-1.3097405496793384,0,0.12671179741120603,0.16079473927426277
2018-10-03,-0.03719786422686397,0,0,8.528659860833768,9.0,-1.4141244570669955,1,0.12209362496562524,0.15027264530349518
2018-10-04,0.20278262866529484,0,0,9.77071951890738,9.0,-0.12378334088481774,1,0.09885212390461758,0.1463973505323051
2018-10-05,0.04132819549284594,1,0,2.2427403552272915,,,1,,
2018-10-08,0.05704594687700034,1,0,13.619756119356193,,,1,,
2018-10-09,0.016435262485912427,0,0,6.07579257991465,9.0,-0.34246858173513645,1,0.16883797430512826,0.26359340433552686
2018-10-10,0.3642947422205121,0,0,5.9430434704979564,9.0,-0.19296762418077723,1,0.13951182567906356,0.2219961832277448
2018-10-11,0.08432193324606585,0,0,2.0500000000000096,9.0,0.5332911455291529,0,19.972748819748986,83.9143659965455
2018-10-12,-0.15889905858690592,0,0,3.9307543500425535,9.0,0.07324659220421587,0,949.7624860339965,2497.255212040686
2018-10-15,-0.00046937339514628774,0,0,6.893157576400936,9.0,-1.1643455481870748,1,0.31478787776669603,0.3959586943449603
2018-10-16,-0.18967245220734602,0,0,8.709838548977359,9.0,-1.257111868825497,1,0.44343020974038566,0.5270462832809883
2018-10-17,-0.01256441428755019,0,0,13.351871554792108,9.0,-1.3209072882595312,1,0.3208116398480126,0.3694700588207457
2018-10-18,0.14225757631330616,0,0,2.050000000000043,9.0,-0.6302346915316801,0,12872.926668694367,20162.04771127662
2018-10-19,-0.008510689667908506,0,0,3.3819321863615257,9.0,-1.2451351578074406,1,0.36209205916229925,0.4876483479614574
2018-10-22,-0.012648789939560956,0,0,23.259990587047046,9.0,-1.4660607722889858,1,0.45037720884391613,0.5031116796097943
2018-10-23,0.053048372481172966,0,0,9.577729055177508,9.0,-2.0438400541211132,1,0.6301120157404376,0.6928274651700238
2018-10-24,0.19741708724547352,0,0,15.997990359840843,9.0,-1.2534885575460897,1,0.00040489790694193527,0.0004049008372130325
2018-10-25,-0.04085502452802026,0,0,2.074558518102428,9.0,-1.6627472155731629,0,0.48403024312219245,0.5696601696182211
2018-10-26,-0.002480365058331954,1,0,2.1547320489676163,,,0,,
2018-10-29,0.022104870567317345,0,0,11.80421188035228,9.0,-1.456669790842691,0,-0.01265479881568694,-0.012653232389275872
2018-10-30,-0.056206259519025095,0,0,9.708272975262805,9.0,-0.5676393025121617,1,-0.0035846213357271063,-0.0035846213274665028
2018-10-31,-0.0951817083997416,0,0,5.298571241589888,9.0,-0.07040549773439851,0,0.0839839310259006,0.22287258816141428
2018-11-01,-0.0932397856900165,0,0,2.766079901323045,9.0,-1.3928513548892698,0,0.03462731925330116,0.04718033135345757
2018-11-02,0.008751664609871588,0,0,15.872763561989768,9.0,-1.467241617776117,1,-0.019869219371586037,-0.019869219371586037
2018-11-05,0.02280311624829812,0,0,25.905777509762434,9.0,-2.0607542341360556,1,-0.005982353254719012,-0.005982353254719012
2018-11-06,-0.0025081528072130235,0,0,10.970224054990847,9.0,2.248310143215906,0,0.9945709222626979,41.61956250479222
2018-11-07,-0.19638278690150401,0,0,9.116711935144837,9.0,-1.304800596443176,1,-0.0026293669843073454,-0.0026293669233754015
2018-11-08,0.021766276481954505,0,0,15.112862221887765,9.0,-0.5983354394090994,1,0.19160189223101973,0.24109387042511254
2018-11-09,0.03756310157564852,0,0,4.956008197074484,9.0,-1.867256132037913,0,0.15325760258059204,0.18342475781752768
2018-11-12,0.1638141732566067,0,0,12.523749736767789,9.0,-0.353771588126632,1,5.154535477919657e-05,5.154535477919657e-05
2018-11-13,-0.02125110860173622,0,0,2.127036247911317,9.0,-0.0928638742641336,0,0.1421198023036578,0.2215007468083157
2018-11-14,0.05962512148335139,0,0,7.170970750893927,9.0,-2.7581587477133604,1,0.003367343046754564,0.003367343046754564
2018-11-15,-0.06162512215001838,1,0,2.187505722262726,,,1,,
2018-11-16,-0.09661232853341695,0,0,5.341453330863433,9.0,-0.6511471174103555,1,0.19671452454991006,0.26214196949673796
2018-11-19,0.1026003703780396,0,0,3.7637287945713425,9.0,-1.7766943228473693,1,0.07254582136148768,0.08866784886967613
2018-11-20,0.11190620996046019,0,0,2.05,9.0,-0.21690815716364995,1,12733340414257.588,19684842241458.402
2018-11-21,-0.07767303831821802,0,0,2.8733286586408733,9.0,-1.2136758284138198,1,0.30281098655169847,0.3851924718380031
2018-11-23,0.034029748586311255,0,0,2.085065429416011,9.0,-1.28295098208938,0,2.3193393970706935e+155,3.1145691834838472e+155
2018-11-26,-0.12982081322798708,0,0,10.022492425250295,9.0,-0.7183262881623045,1,0.23346718474356962,0.2962367746947948
2018-11-27,0.00632913505164753,1,0,28.41668240919067,,,1,,
2018-11-28,-0.02826101171821082,0,0,63.521388167493186,9.0,-1.3600147477401734,1,0.22900999693229895,0.2583977661190925
2018-11-29,0.01609476802634045,0,0,179.0665799352354,9.0,-1.728007795231577,1,0.04311758905401526,0.04664516988640401
2018-11-30,-0.039071708821236804,0,0,10.360103979408857,9.0,-1.524688425062891,1,0.16090394372389039,0.17939166951595745
2018-12-03,-0.09453571497610323,0,0,15.270409773003,9.0,-0.04485567388479807,1,0.15441770397887958,0.21174650729439584
2018-12-04,0.2323468131733473,0,0,43.83528332766139,9.0,-1.8162417755274,0,0.08174126635027196,0.09273877623479054
2018-12-06,0.021465169478826665,0,0,3.688545887318843,9.0,-0.12682666398360903,1,0.1572915603798074,0.25290158784885797
2018-12-07,0.09191517450210994,0,0,2.050000000000017,9.0,-0.052847644841237246,1,1.49049164881155e+113,2.9058867951768166e+113
2018-12-10,-0.02572629344733556,0,0,2.0500000022762506,9.0,2.465214437296626,0,95.8754795035751,2426.532098528432
2018-12-11,-0.03964483134724025,0,0,18.657219303421964,9.0,-0.026028413200065097,1,0.16070941872298522,0.2621217536003759
2018-12-12,-0.013882684785189472,0,0,2.478140527491047,9.0,0.20057318639977945,0,0.18267396098630595,0.3325280919580272
2018-12-13,-0.03847541779551081,0,0,2.0541838070807836,9.0,-0.2655700570599939,0,0.0026589288593469717,0.07145526175697108
2018-12-14,0.04636592055792556,0,0,2.511093733482213,9.0,0.2781895477524756,1,0.1829667771382271,0.33582961372976555
2018-12-17,0.12540787110304327,0,0,2.095177615597742,9.0,-1.1659356026259036,0,1395976845952419.2,2045484654033690.0
2018-12-18,0.042321685082685835,0,0,2.2954448645604657,9.0,0.21524071096003444,0,0.13279626221709148,0.2964243126544998
2018-12-19,0.0,0,0,9.036479348131333,9.0,-0.0426751966933238,1,0.002747329045499275,0.002747329045499275
2018-12-20,0.10387387558119997,0,0,9.364519966382622,9.0,-0.4580521412837507,0,-0.007067315963488156,-0.007067315963488156
2018-12-21,0.05917267076174585,0,0,6.236655735388287,9.0,-0.029349020422119176,1,-0.0019767719880823815,-0.0019767719880823815
2018-12-24,0.1806041524218052,0,0,2.0995528139036392,9.0,-0.1034791103957437,0,0.22458202287232812,0.39313937661811316
2018-12-26,-0.1706899932261744,0,0,2.267024406461249,9.0,-0.09187048914964677,1,0.24390269432624945,0.3960226613875041
2018-12-27,-0.014908343040254556,0,0,2.465559894398422,9.0,0.08799028120952043,0,0.24788744392612017,0.439345202191722
2018-12-28,-0.055588924386484335,0,0,2.130724758091195,9.0,-0.08533836147701399,0,0.13631844930344156,0.22644273969689363
2018-12-31,-0.10873796850122627,0,0,3.203991502578939,9.0,-1.5741456723284823,1,1.388881215152346,1.645957815009316
2019-01-02,-0.09052228949156267,0,0,3.751809466028424,9.0,0.046122682216856,0,0.06749358783086983,0.1142024060555072
2019-01-03,0.0917017667267863,0,0,2.2819252074240874,9.0,-0.2751546289970611,0,0.11673178783480648,0.1908623119598252
2019-01-04,-0.1742598373996326,0,0,2.3457584974373886,9.0,0.34997945980051315,0,-0.9074010492659771,1.7586649722040812
2019-01-07,0.0009350164309066464,0,0,3.7177668183590895,9.0,-0.4730136132560936,1,14.648911185049737,20.034535971086587
2019-01-08,-0.0444305223546076,0,0,4.0935989187789446,9.0,-0.4145053981821911,0,1.572855116751848e+161,2.644906953638125e+161
2019-01-09,-0.024228626452790673,0,0,3.9747512093275685,9.0,-0.2954936003803176,0,0.13012816323174378,0.19576228017537697
2019-01-10,-0.024317307650706357,0,0,3.6105088876430522,9.0,-0.22003226667388412,1,0.18905180362695756,0.3017596666591606
2019-01-11,-0.06954247303967012,0,0,3.3522944773973764,9.0,-1.6314546738337432,1,4.037426432995949,4.749247717822098
2019-01-14,0.04724442708229684,0,0,2.07227339731679,9.0,5.105119731622987,0,4.729246950354193,15318.897721768897
2019-01-15,-0.024954838893172026,0,0,5.262346704640829,9.0,-0.14768331476254945,0,0.19465411663893403,0.32229531060124006
2019-01-16,0.0233804486440635,0,0,7.327382191105195,9.0,-1.7284748555424372,1,0.911099706792044,1.0948613829000147
2019-01-17,-0.052842481374379933,0,0,3.2182429563460277,9.0,-1.176530340381893,0,0.10615736621002558,0.1352764029862621
2019-01-18,-0.014501090690799844,0,0,2.726407153019887,9.0,-0.7011424610955345,0,0.35206732879457525,0.4317895077707242
2019-01-22,0.1557545294092328,0,0,3.5393609600918126,9.0,-0.08709896141775024,1,1.9436901019608077,2.712282323446501
2019-01-23,-0.06351340572232586,0,0,4.407694956917831,9.0,-0.33376863925927003,1,0.8338214912130081,1.2560558128045003
2019-01-24,-0.032806899471528234,0,0,3.7229793290206756,9.0,0.3294587535704433,0,0.16600985155938233,0.28753271102347233
2019-01-25,-0.0810137100890614,0,0,7.978672657253276,9.0,-1.310106975073318,0,0.2770543199675773,0.3394177390252595
2019-01-28,0.0799543879561021,0,0,4.64263013364531,9.0,-0.1907237882995633,1,0.1801790685145066,0.269726225042873
2019-01-29,0.01368442407170247,0,0,7.4635041950392935,9.0,-1.776304058572022,1,0.1541989850502824,0.1776697426304645
2019-01-30,-0.07995558827634748,0,0,4.401562778565736,9.0,-1.6332232272361882,1,0.2110394156285707,0.24743028509183773
2019-01-31,-0.06370836373734234,0,0,2.500056002826891,9.0,-1.4663356917420105,0,0.3744367799930101,0.4429973766012128
2019-02-01,-0.02629316859666884,0,0,4.620881850356439,9.0,-0.5102151890582463,0,0.20846674172300042,0.3197623331947367
2019-02-04,-0.02573094577161635,0,0,3.596161911221542,9.0,-0.06497483249957862,1,0.18667315597796644,0.2957848617785988
2019-02-05,-0.010223731224279503,0,0,7.957466771670299,9.0,-1.5375681231286227,1,0.24851698112482595,0.29651086236431273
2019-02-06,-0.012278021768409008,0,0,3.9848762622039633,9.0,-0.04998823485148212,1,0.21037976431164818,0.33095970905150873
2019-02-07,0.062382427305545586,1,0,2.248559408055126,,,0,,
2019-02-08,-0.04051660438198309,0,0,15.250546335594569,9.0,-1.5251015182783,0,0.1520122687622567,0.18168932263105497
2019-02-11,0.01577817522586049,0,0,4.19652826923673,9.0,-0.05040304717014374,1,0.16974430059894874,0.26975416881514147
2019-02-12,-0.03439829585185171,0,0,2.100221054574768,9.0,2.5908679453063703,1,-9488.365407952711,503235.5754900118
2019-02-13,0.014157250611092754,0,0,2.050000002503308,9.0,2.7833476827404757,0,0.2174739772487496,9.88941710482394
2019-02-14,0.03577413170110465,0,0,2.05,9.0,0.4219037250214924,0,1.24135609034559e+16,2.2011511497269572e+16
2019-02-15,-0.08421291991061974,0,0,2.062402477479451,9.0,-0.21337888401519786,0,0.22961032679261964,0.34983666610433317
2019-02-19,-0.002014099371701145,1,0,15.398384085730354,,,0,,
2019-02-20,-0.059533147798501836,0,0,8.098004196676026,9.0,-0.5211756900680689,1,0.2831298720563149,0.42628132972012733
2019-02-21,0.030901335124174777,0,0,2.3202426779173004,9.0,-0.1559293884970412,0,0.14520637200359218,0.21710190073283758
2019-02-22,-0.06795606475851125,0,0,4.795798012852678,9.0,-0.015327079455765594,1,0.1575900916427509,0.2426834491566642
2019-02-25,0.09456971327660123,0,0,2.052425697813713,9.0,-0.4894865895628393,1,3.566062494570337e+160,4.0479557055734995e+160
2019-02-26,0.021319928111732247,0,0,4.626617414014024,9.0,-0.18859574333758333,0,0.15590066959543192,0.23784075673051067
2019-02-27,-0.03147229957575032,0,0,11.275958144610545,9.0,-0.6431454287224128,1,0.46774631015307994,0.5874988407811478
2019-02-28,0.005427421735365015,0,0,12.745908749185444,9.0,-0.5061809357507997,1,0.3927227475719393,0.5025743591809957
2019-03-01,-0.08541344167327787,0,0,12.288954880222532,9.0,-1.431743274884676,0,0.2088132267154681,0.2523369684991074
2019-03-04,0.0752127411852551,0,0,5.511875491401976,9.0,-0.5088141227501242,1,0.1448656212843612,0.2068259202639467
2019-03-05,0.007490671729157659,0,0,6.392304230387326,9.0,-0.5985299665688506,1,0.15706079269139786,0.2284265368394579
2019-03-06,0.06564035622806655,0,0,10.911217254591055,9.0,-1.530731481565027,1,0.7214463256621532,0.8405999687939927
2019-03-07,0.05259486121309593,0,0,10.332478030267405,9.0,-2.1630773170614823,1,-0.018438823993253153,-0.018438823993253153
2019-03-08,-0.03309125462632822,0,0,85.86906797281809,9.0,-0.7065218801949877,1,-0.008321721841851981,-0.008321721841851981
2019-03-11,-0.11335360773594438,0,0,2.092405165681471,9.0,-0.0517249339508576,0,0.1392776881355349,0.22074254070899293
2019-03-12,-0.039862929099517073,0,0,2.0500000001725103,9.0,-1.7935347810227302,0,0.2158789552740521,0.25194986723053636
2019-03-13,-0.026491615446976226,0,0,2.050000001048211,9.0,-0.28425571780415554,0,1849.486370338258,2615.982025185958
2019-03-14,0.006688988150796489,0,0,11.307821652674976,9.0,-0.6525613639971783,0,0.4950179208686564,0.6770557701513864
2019-03-15,-0.04701396476817609,0,0,11.54642776450524,9.0,-0.5335063222851383,1,0.6598775148474965,0.8761375358051174
2019-03-18,0.016936509530898255,0,0,12.339018255624145,9.0,-1.972638138218897,1,0.6548647740794533,0.7371668670390641
2019-03-19,0.03451205230514368,0,0,2.05,9.0,1.6290425008390463,0,14854499030.656517,53762969185.84693
2019-03-20,0.02548372342310198,0,0,2.05,9.0,0.025351610837251404,0,0.13331724192665909,0.2173864238919844
2019-03-21,-0.02033476022691022,0,0,2.085736650015758,9.0,0.10424986387485619,0,0.18397569274009015,0.32841904341138034
2019-03-22,0.18987427877288446,0,0,10.327792239102981,9.0,0.007030411377812903,0,0.10803620327285854,0.1937504025724657
2019-03-25,-0.009143617498952032,0,0,12.13554801432378,9.0,-1.6145806788838895,1,0.5955062835213412,0.7035778484341751
2019-03-26,-0.10651788379600413,0,0,9.571790303691374,9.0,-0.31123546748128295,0,0.7576363761732168,1.0819399706346262
2019-03-27,0.031514508769008735,0,0,2.7849289514488875,9.0,-0.12137746848832004,0,0.42602177735311314,0.6999547226997173
2019-03-28,-0.04869115916959869,0,0,7.910810628919741,9.0,0.0914829270033983,0,-0.007481134284870212,-0.007481134284870186
2019-03-29,-0.051183879211556364,0,0,14.214475787731022,9.0,-0.2981416191410896,0,0.21202625628080674,0.3020286111532131
2019-04-01,-0.022870786617357405,0,0,6.747201312155398,9.0,-0.7728487302718694,0,0.45553576265325657,0.6382294743605902
2019-04-02,-0.0029895388483660483,0,0,15.86446473250457,9.0,-1.8833751281526503,1,0.828034566520195,0.9434836249025147
2019-04-03,0.028046118685703753,0,0,3.162603173668191,9.0,-0.22515490113689288,0,0.11931220618027849,0.20708111984201513
2019-04-04,-0.011713164663653203,0,0,5.178126184696535,9.0,-0.7336965637182663,0,0.14194285163634984,0.21051483637813131
2019-04-05,-0.05759167063802611,0,0,2.1302672056493344,9.0,-1.7030091049299254,0,0.1436685467887013,0.17925573490064203
2019-04-08,0.027694077581837222,0,0,33.17756296888806,9.0,-0.3305350208923031,1,0.19668413868238524,0.2980635420200729
2019-04-09,0.08015942783707708,0,0,7.204148913728073,9.0,0.00955311781374464,0,0.07671503404904835,0.14741118968085118
2019-04-10,-0.0710959216837301,0,0,5.011212315451265,9.0,0.35183984738224755,0,0.11138493157136736,0.21233619345867788
2019-04-11,-0.021277398447284965,0,0,17.446680229314506,9.0,-0.5916819498432884,1,0.7774453255745846,1.1293067121108322
2019-04-12,-0.08074700068853098,0,0,4.083995739624313,9.0,0.1497878400103665,0,0.1259833511523063,0.2243698816690937
2019-04-15,0.025484322013481556,0,0,3.5994804393919853,9.0,-1.295904772734055,0,0.28534111368662585,0.37443195612923347
2019-04-16,-0.011428695823622857,0,0,2.092575063900832,9.0,-0.5341779314029709,0,0.13187011926712056,0.1816881198816391
2019-04-17,0.033901551675681416,0,0,4.269648065726864,9.0,0.07956894082204892,0,0.10261111124324832,0.17117358795754165
2019-04-18,-0.041318149330730976,0,0,2.050027663652885,9.0,-0.5248335896633884,1,8.10654199926903,24.659809738295266
2019-04-22,0.026929411878631328,0,0,7.063868857034171,9.0,0.1501425431582983,0,0.09177672926878096,0.15035749823866104
2019-04-23,-0.011336153786336352,0,0,11.827967594038086,9.0,0.23857677754796325,1,1.158291595002485,1.7912834987457456
2019-04-24,0.06768909033746807,0,0,12.162446615890605,9.0,0.16391480518676071,1,0.0015994073556192755,0.0015994073556192755
2019-04-25,0.008336539375766625,0,0,12.954372841160948,9.0,0.11690043885628301,0,-0.012177567343664002,-0.012177567343664002
2019-04-26,-0.04003613986291601,0,0,8.617490394620447,9.0,-0.6775631934743205,0,0.12642327258934657,0.1811169559583072
2019-04-29,0.02941388520629319,1,0,2.1809874238096287,,,0,,
2019-04-30,0.0007624857403343954,0,0,13.768304776945008,9.0,0.19884068297106838,0,5.518630287981577,8.806750470736652
2019-05-01,0.1204893972541265,0,0,75.16011507772154,9.0,0.012298119344841948,1,3.019276154594824,4.58508064757587
2019-05-02,-0.026011048913266433,0,0,27.124545652663887,9.0,-0.009502738941066255,1,-0.02707538851809577,-0.02707538851809577
2019-05-03,-0.1137171102487678,0,0,11.527648945161785,9.0,-0.32591539225602284,1,-0.008654241535525707,-0.008654241447198225
2019-05-06,0.18206252298859477,1,0,12.960018414606916,,,0,,
2019-05-07,0.22417928418774183,1,0,9.502489270209757,,,1,,
2019-05-08,0.00413223728491037,1,0,12.245929599521011,,,0,,
2019-05-09,-0.01558473101669809,0,0,2.05,9.0,0.7438856120691263,0,200932497.83246258,433301120.64907974
2019-05-10,-0.17460273261421583,0,0,9.609103576270114,9.0,-2.0487768069392818,0,-0.017117581726390836,-0.01711752342972311
2019-05-13,0.24777533850387526,1,0,10.833139333312788,,,0,,
2019-05-14,-0.12916139295340437,0,0,2.05,9.0,0.32241058760603813,0,0.04829208714594287,0.43776456932504715
2019-05-15,-0.0939821583608053,0,0,3.238234069226153,9.0,-1.3739447784716607,0,0.1207913001735794,0.15087887727723437
2019-05-16,-0.07251836968706304,0,0,2.050000017799162,9.0,2.5984624557239027,1,3.2652871857614376,165.1045190443733
2019-05-17,0.04288657208069182,0,0,10.79186452236082,9.0,-0.3323127662530066,1,0.005955571304507237,0.005955571304507237
2019-05-20,0.021692824611259754,0,0,13.2267286863031,9.0,-1.3656770396418998,0,3.000488525773179e+157,3.335097152968873e+157
2019-05-21,-0.08706711679622699,0,0,13.42616900630192,9.0,-1.4323940871804273,0,0.16829389551230123,0.21365645609263403
2019-05-22,-0.013468217050866593,0,0,11.469989010324777,9.0,-0.2367156134331735,0,0.6225291205650764,0.8850960988387883
2019-05-23,0.1372532713922485,0,0,2.07710258507555,9.0,-1.335072935009555,0,1.0402576230602008e+122,1.1699017783362383e+122
2019-05-24,-0.06532685385478766,0,0,15.748130436982372,9.0,-0.3176351896038591,0,0.37229901757310613,0.5610047362915761
2019-05-28,0.09903138060617876,0,0,2.252376427189779,9.0,-1.2163714194394006,0,0.21712471744225817,0.2899446233234797
2019-05-29,0.022599831917240777,0,0,2.050000016289565,9.0,-1.551409327244508,1,8597.395113183306,10498.58258515743
2019-05-30,-0.0340942113429759,0,0,16.738554898834234,9.0,-0.5018891256846052,1,2.099388300608232,3.063771620657289
2019-05-31,0.07835163878226507,0,0,11.477413291545938,9.0,0.021949467609744925,1,-0.0024908616230444104,-0.0024908616230444104
2019-06-03,0.00798513691931305,0,0,15.593816486910248,9.0,-0.08347163089575638,0,0.41642107734845973,0.6533687716066032
2019-06-04,-0.1055961979591765,0,0,11.853227242543825,9.0,-1.6154468725208633,1,0.22938065334049637,0.2736748063153139
2019-06-05,-0.05324911824184309,0,0,5.251372852008032,9.0,0.1326697025107179,1,0.18568482510610462,0.33680303418621066
2019-06-06,-0.009993837082334717,1,0,2.2443577186634305,,,1,,
2019-06-07,0.022960983890759512,0,0,4.699948907095909,9.0,0.07350931621502645,1,0.1096943478744345,0.20291951079934073
2019-06-10,-0.022333434450647765,0,0,11.835386173697566,9.0,-0.38540205816064177,1,-0.012133655981729384,-0.012133655980978453
2019-06-11,0.00313185348379388,0,0,12.21587010369636,9.0,-1.4856932835852623,1,0.893171702582361,1.0924990963724297
2019-06-12,-0.005015684496167357,0,0,4.3195138334610865,9.0,0.053730779090380765,1,0.09878632385905699,0.17820349464820315
2019-06-13,-0.005672880010187653,0,0,9.880203750931452,9.0,0.18361144248487765,1,0.5158864867197758,0.9631401462500506
2019-06-14,-0.03473017860113339,1,0,2.1160889255944415,,,1,,
2019-06-17,0.004570690294831766,0,0,2.069939476045802,9.0,-0.17017818623279188,1,0.07272425998474157,0.07272425998474157
2019-06-18,-0.013114942077828018,0,0,10.993928071014938,9.0,-0.260737049788072,1,0.33623963899239784,0.5167718915539471
2019-06-19,-0.05564529011529768,0,0,2.3050777677231076,9.0,-0.5628041292607726,0,0.07268531732757656,0.11028041139843722
2019-06-20,0.02888784094574829,0,0,3.4658356672690824,9.0,0.3380659798120683,0,0.12937053810662585,0.24503404898673803
2019-06-21,0.04312442663375462,0,0,29.590804583412954,9.0,-0.3980436759520554,1,0.41559539423832415,0.6826582625907741
2019-06-24,-0.009132483563272587,0,0,9.3949607293971,9.0,-1.2744218590078749,1,0.14116516829787895,0.1865339303369225
2019-06-25,0.0647023347180834,0,0,8.142838695256643,9.0,-1.2486975894628218,1,0.1351110583651808,0.17638027445294113
2019-06-26,-0.0043090248268094706,0,0,2.05,9.0,0.849833424906186,0,0.07711385027369183,0.255527919707591
2019-06-27,-0.024353373408077007,0,0,7.9687111701737905,9.0,-1.295605712214231,1,0.21025744657252785,0.275691658635586
2019-06-28,-0.04790559975969786,0,0,6.012723166360975,9.0,-1.2699388581148008,1,0.1893723953858903,0.24545912352123048
2019-07-01,-0.07003547619729111,0,0,6.961131420700717,9.0,-1.7669974392205596,1,0.1720854665575539,0.20602943896537923
2019-07-02,-0.08378369359875283,0,0,5.668653599696673,9.0,-1.5913177209279343,1,0.1121815201407271,0.13499264980519102
2019-07-03,-0.028237170181609997,0,0,5.8423968005847575,9.0,-0.35532619801035004,0,0.5619581576363941,0.8660183599075638
2019-07-05,0.054946121446131695,0,0,2.050200973166717,9.0,2.233948129713701,0,10.55520913285041,437.4053345091677
2019-07-08,0.04993695328593881,0,0,6.209134391903026,9.0,-0.6579673920360682,1,0.10658599931522525,0.15671442736436766
2019-07-09,0.00926922857636247,0,0,6.915485310223541,9.0,-0.6096572734093496,1,0.13194301806506661,0.1964600022671781
2019-07-10,-0.07821093477383509,0,0,5.841834785652344,9.0,-0.656041432284536,1,0.13037441826862875,0.19006638888545502
2019-07-11,-0.007704198352987564,0,0,5.548698258795462,9.0,-0.6708537729017823,1,0.1215448620805174,0.1759559183340193
2019-07-12,-0.04266049714271494,0,0,5.617045944623933,9.0,-0.7584385313385906,1,0.11228963161049504,0.16099349395699009
2019-07-15,0.023136253368028808,0,0,5.260034062377259,9.0,-0.6931788307980229,1,0.10306223224291262,0.1504116216902392
2019-07-16,0.014095769800393376,0,0,5.155439307246455,9.0,-0.616623270104965,1,0.10770895172640207,0.16186571303751168
2019-07-17,0.08279045445939719,0,0,5.3897559371328185,9.0,-0.7389498066542104,1,0.11367235035740779,0.16571451512073307
2019-07-18,-0.03200273108617384,0,0,4.987642766061094,9.0,-0.6515382947601691,1,0.1499910905757399,0.21828740614114633
2019-07-19,0.0657849723757446,0,0,4.746800612854199,9.0,-0.74409656909847,1,0.1416903368898227,0.20063751560325926
2019-07-22,-0.06578497237574447,0,0,5.605006958380781,9.0,-1.454904517648464,1,0.18070862204439958,0.22831009333706484
2019-07-23,-0.07041929220586848,0,0,6.445820154367953,9.0,-1.2506750065324597,1,0.1628400516176469,0.2070858665467624
2019-07-24,-0.04376711486738801,0,0,7.250347291310656,9.0,-1.450354783924863,1,0.15027094261814716,0.18426710616195854
2019-07-25,0.05402361503457719,0,0,8.403988797485187,9.0,-1.6287288037026002,1,0.13770994933217834,0.1644452496479098
2019-07-26,-0.0465947736059963,0,0,10.472326631500168,9.0,-2.7696267647564548,1,0.16614170501459927,0.18049544042178525
2019-07-29,0.05363430208952412,0,0,12.396384424873471,9.0,-1.4600377120820491,1,0.13972242957202655,0.16783749341645127
2019-07-30,0.08297622670483266,0,0,78.15156500915306,9.0,-1.9464449268751167,1,0.13430504903833548,0.15073932973759782
2019-07-31,0.1452983317461045,0,0,143.07880978982638,9.0,-1.8134988452140228,1,0.17850846857734026,0.2041285776446417
2019-08-01,0.10306259209285434,0,0,320.0055764721397,9.0,-1.5105101870612543,1,0.2562233442929109,0.2984134371939832
2019-08-02,-0.014656406663221957,0,0,192.8230421426595,9.0,-2.043474684910996,1,0.288883451281895,0.321437364395576
2019-08-05,0.3338729337199865,0,0,287.0064351598493,9.0,-1.3762515897415462,1,0.22492480776294982,0.2654967897735208
2019-08-06,-0.19814350426198063,0,0,155.73236716029106,9.0,-1.4318564635966853,1,0.5472368070367031,0.6463481980588496
2019-08-07,-0.034294838446651106,0,0,97.96224894568287,9.0,-1.3380005535286092,1,0.44065454810456517,0.5275256798800786
2019-08-08,-0.14199635060898044,0,0,140.9033397996506,9.0,-1.4294211409039128,1,0.34458549694039364,0.4133146736576391
2019-08-09,0.06079853788497872,0,0,144.157369095961,9.0,-1.486664649990197,1,0.2911534681181872,0.3461539330441488
2019-08-12,0.16009529369521552,0,0,231.51520381384486,9.0,-1.4954252156950627,1,0.25183994588906733,0.3009276551747205
2019-08-13,-0.18545590898243783,0,0,139.8115510903844,9.0,-1.2880535283233718,1,0.3233853456600957,0.3974288856037517
2019-08-14,0.2322345230154619,0,0,117.52934857889348,9.0,-1.320019239389135,1,0.2891059957074853,0.3510071749204747
2019-08-15,-0.04252026835044681,0,0,159.60539132661626,9.0,-1.3054772457054296,1,0.3751914134354828,0.45485735899561214
2019-08-16,-0.13690954596211183,0,0,294.43247773490265,9.0,-1.2423217604179406,1,0.31578494207619795,0.3734028702843012
2019-08-19,-0.09001830504333753,0,0,320.0996343134375,9.0,-0.7723674188148406,1,0.25739894791776535,0.3176194878349512
2019-08-20,0.03607139176165744,0,0,143.38119851206233,9.0,-0.7050962128233097,1,0.2128448742320571,0.26690624292086196
2019-08-21,-0.10219094089654719,0,0,222.18285052767868,9.0,-0.5893930029600428,1,0.1741568345776166,0.22512627491002113
2019-08-22,0.05420045689767944,0,0,289.1504641484592,9.0,-0.5965603658494317,1,0.17220216583042242,0.21771194941734695
2019-08-23,0.1750006596331249,0,0,128.93564047157346,9.0,-0.5248652529680448,1,0.14842422897089982,0.1922356709169954
2019-08-26,-0.028070227779353526,0,0,110.35466337619141,9.0,-0.0967472942751243,1,0.26190342055534876,0.33658637523199286
2019-08-27,0.04997254680792123,0,0,304.79429998170593,9.0,-0.05063634574833574,1,0.2296155060987336,0.2927985203789037
2019-08-28,-0.048420956116502364,0,0,387.0845919018969,9.0,-0.0378265230845972,1,0.2134282350300763,0.2743342332406913
2019-08-29,-0.0790096497304228,0,0,236.23566851326368,9.0,0.05373164154459174,1,0.18882413289018396,0.24237898647934253
2019-08-30,0.05970302343641376,0,0,139.82012405269666,9.0,0.025990274360690017,1,0.16917620337755224,0.2162318808593641
2019-09-03,0.03520032153723869,0,0,124.51666450626183,9.0,-0.08943014180859277,1,0.1659401779107178,0.21687449120881014
2019-09-04,-0.12614701099150588,0,0,136.71858552902827,9.0,-0.362347143317942,1,0.16628962485904594,0.22333529693992354
2019-09-05,-0.06311618249656815,0,0,153.88942547445143,9.0,-0.40981573149103234,1,0.15914227500464292,0.21206713638613778
2019-09-06,-0.08127272012873638,0,0,342.1646026466422,9.0,-0.32491569409681875,1,0.1365117488148304,0.1859849843943621
2019-09-09,0.017839918128331016,0,0,121.35398239409942,9.0,-0.26858904506891673,1,0.13543342080009577,0.18549459565442158
2019-09-10,-0.004594691378310417,0,0,177.54397343863766,9.0,-0.2810344661696833,1,0.11319375646091169,0.15599369533048904
2019-09-11,-0.039589202089622626,0,0,188.96067691177927,9.0,-0.2593821264366319,1,0.0991983830328263,0.1346471032790246
2019-09-12,-0.02705680138751319,0,0,192.26886501545437,9.0,-0.6001351455396445,1,0.09985775783150944,0.13445428188825548
2019-09-13,-0.03433813758089157,0,0,11.99914784107464,9.0,-0.17810072856148215,1,0.09802616306354556,0.14521212218036703
2019-09-16,0.06549330536068707,0,0,13.548206589779085,9.0,-0.26320160050854885,1,0.0905940601312959,0.1366009621158657
2019-09-17,-0.01580245869021021,0,0,43.0479369350471,9.0,-0.2005266823091138,1,0.10387826742740369,0.1547695647301689
2019-09-18,-0.034522625197305604,0,0,96.0988342763007,9.0,-1.9541371924379742,1,0.13748510089870927,0.15764030084157432
2019-09-19,0.007142887512380204,0,0,71.5190629052691,9.0,-0.1555962177586308,1,0.08838334884813881,0.13195136353740075
2019-09-20,0.08653676853269039,0,0,46.61260407757418,9.0,-0.07409023210718935,1,0.08436993207407306,0.12750063482548452
2019-09-23,-0.027127035535798243,0,0,203.88272609106258,9.0,-0.24889729707917185,1,0.13411293569790167,0.19115784314493037
2019-09-24,0.13411807495287872,0,0,241.44103707457242,9.0,-0.24947385091628088,1,0.12095903690187094,0.16914543904884755
2019-09-25,-0.06606461170786312,0,0,255.1255633075723,9.0,-0.4814798277565933,1,0.1930775447683294,0.26382553834825667
2019-09-26,0.00686858772775858,0,0,205.49905370884048,9.0,-0.44365425829872335,1,0.1716410769822805,0.23504998489070555
2019-09-27,0.06911731925016337,0,0,241.85567181478936,9.0,-0.35514243182588584,1,0.1525549052872181,0.20814015643963368
2019-09-30,-0.05859416426605282,0,0,244.58136988336412,9.0,-0.3070146342908713,1,0.16730660240173992,0.23078668794838805
2019-10-01,0.13353139262452257,0,0,351.30573965255934,9.0,-0.2549980400693418,1,0.15097329331885262,0.20175842889773501
2019-10-02,0.10233871322890992,0,0,250.08796483788268,9.0,-0.050435086299101636,1,0.1917656193974435,0.25813745288996404
2019-10-03,-0.07261253296370898,0,0,154.59146422244316,9.0,-0.0816182018161477,1,0.23358351321599244,0.30617115395766653
2019-10-04,-0.11517138622208563,0,0,4.892737095569929,9.0,-0.028789189661133523,0,0.16830834840358108,0.24435374213958785
2019-10-07,0.04700005404718329,0,0,24.087166970900984,9.0,-0.6743042007355988,1,1.0648985755924523,1.4379238994137733
2019-10-08,0.1270716032746296,1,0,2.096725707928483,,,0,,
2019-10-09,-0.08432536946553726,0,0,15.195904873663824,9.0,-1.6332797991511567,1,3.5041770473186897,4.190342452358017
2019-10-10,-0.059116907058439326,0,0,310.8489668966084,9.0,-0.1908683722715464,1,0.18598282907841454,0.24342445195427248
2019-10-11,-0.12020486175640367,0,0,281.3361041121734,9.0,-0.11388446004984051,1,0.1586528369041042,0.21381779833482809
2019-10-14,-0.06702342023548868,0,0,165.12397264199203,9.0,-0.11038936809164678,1,0.1319140300392425,0.17723073855505592
2019-10-15,-0.07331635272298458,0,0,286.10101402621115,9.0,-0.04170600190955254,1,0.10575638648329694,0.14030063242854876
2019-10-16,0.010286644710275525,0,0,237.36216732617538,9.0,0.01780494693372351,1,0.09064854542809707,0.1211775485063309
2019-10-17,0.008008779610806047,0,0,157.05139282257576,9.0,0.2956204805261172,1,0.07999225706783455,0.10761775873121661
2019-10-18,0.03281321490944922,0,0,19.744681153001373,9.0,-1.7778880048069476,1,1.9503481218743197,2.2420648822588696
2019-10-21,-0.017699577099400975,0,0,18.02927545571177,9.0,-2.0488878200488703,1,1.0414114468953612,1.169055205586406
2019-10-22,0.03232888711536007,0,0,58.75750384203137,9.0,-2.007894385389429,1,0.19743476882732133,0.220177328934348
2019-10-23,-0.03161485638170311,0,0,13.808465639805059,9.0,-1.4055920083525875,1,0.6472855919674854,0.7698787123939497
2019-10-24,-0.02164586677469255,0,0,13.478642884189911,9.0,-1.471583073689371,1,0.0676173604841894,0.07863784511498284
2019-10-25,-0.0804682784006938,0,0,160.97495704035023,9.0,-1.991708117623676,1,0.07193443588392366,0.08011998753587223
2019-10-28,0.035718082602079246,0,0,358.0292162655999,9.0,-1.292989474483448,1,0.061853845412103314,0.07339444046985769
2019-10-29,0.006841531816716784,0,0,18.924606029046245,9.0,-1.3501125408069297,1,0.15784335856780532,0.19073567102946015
2019-10-30,-0.06818151241607213,0,0,41.96415309389263,9.0,-0.6099928448843158,1,0.0879827996430687,0.11792614879136483
2019-10-31,0.06969551724728738,0,0,19.084539040429057,9.0,-2.39812278570899,1,0.5115133844522478,0.5696549776084578
2019-11-01,-0.07213157204516843,0,0,499.9839612318247,9.0,-1.4102287567723115,1,0.12638535818403315,0.1465534494666938
2019-11-04,0.042186916249173145,0,0,263.20309442269246,9.0,-1.922899537703428,1,0.1013314178661339,0.1111242713568511
2019-11-05,0.020826051579560797,0,0,16.501120444320478,9.0,-0.563433085300118,1,0.4697267085716152,0.6606142681391454
2019-11-06,-0.037329373094038755,0,0,13.160936821952927,9.0,-0.4332685789920555,1,0.15839534657771853,0.22106449031202285
2019-11-07,0.008678555456248249,0,0,24.682574577196732,9.0,-0.08414420296534708,1,0.11395090018524348,0.15296179529129886
2019-11-08,-0.053238377459875044,0,0,58.46876570506636,9.0,-0.25206417829808003,1,0.08653779874076113,0.11855656484020859
2019-11-11,0.050091246616856135,0,0,19.513288034986374,9.0,-0.16472645066085584,1,0.16006596884147448,0.21672906842012107
2019-11-12,-0.0007883327172164291,0,0,32.15419364561771,9.0,-0.19630996916009785,1,0.0837131900950997,0.12236263213736079
2019-11-13,0.024923408452456934,0,0,15.816255252523586,9.0,-0.4189663692191889,1,0.09428963757258782,0.1324722695111998
2019-11-14,0.003838776307165667,0,0,13.760873165001028,9.0,-0.17999734084678312,1,0.09236219462072541,0.1311677165953555
2019-11-15,-0.0797234738320384,0,0,23.126465910837506,9.0,-0.009353826328906472,1,0.1202402422430739,0.16479161904307282
2019-11-18,0.03345885342264318,0,0,12.561120719702139,9.0,-0.029869471744388927,1,0.24127913169568005,0.32298083743997225
2019-11-19,0.03159820545016623,0,0,44.630553201348235,9.0,0.003484928200420877,0,0.08360000888254415,0.11907736870467062
2019-11-20,-0.006240269860084623,0,0,2.0500000000000056,9.0,-1.353873605495907,1,2.2898132954421784e+149,3.0396969620141603e+149
2019-11-21,0.027018239365316134,0,0,10.919487477317682,9.0,-0.23936487724128053,0,7.990818918367215,10.602326923563345
2019-11-22,-0.062053669837463084,0,0,18.910491141484574,9.0,-0.1169363213682063,1,0.1842717085843583,0.2493214505128537
2019-11-25,-0.038831809855665186,0,0,17.02085083851209,9.0,0.25431787870473577,0,0.11654751633311841,0.23825555275632632
2019-11-26,-0.028194947541623175,0,0,4.350024164115381,9.0,-0.6518608516174242,0,0.07519077678286928,0.0911177908248313
2019-11-27,0.018033979510214532,0,0,2.126721633102888,9.0,-0.6439366143018312,0,0.0854893592914755,0.10586943795772238
2019-11-29,0.071429616522899,0,0,13.687129658045421,9.0,-0.2424702255941978,0,0.028485289648642765,0.04047782221579573
2019-12-02,0.16674927166358008,0,0,17.344896902745173,9.0,-0.2819538565733847,0,-0.013354112759428825,-0.013354019380085675
2019-12-03,0.06805346324501578,0,0,2.0564359926414206,9.0,-1.9492275213645398,0,0.23567136121178142,0.2581421951828503
2019-12-04,-0.07545841125159339,0,0,2.070515188901614,9.0,-0.21943509404137515,0,0.24380744634052787,0.3605081454824711
2019-12-05,-0.019100171373419378,0,0,14.13658313309869,9.0,-0.4311048430720183,1,0.024305752290701907,0.024480359887805104
2019-12-06,-0.06398770867528374,0,0,23.100240337430147,9.0,-0.5321312873179505,0,0.25632211241524566,0.3392433578006143
2019-12-09,0.15226091548533557,1,0,2.1751843462302327,,,0,,
2019-12-10,-0.011414201284440123,0,0,96.18308405738486,9.0,-0.7176219545257303,1,0.08856592610413772,0.1246003434830807
2019-12-11,-0.04500270280775544,0,0,190.1427056036167,9.0,-0.39712376786187903,1,0.19172737863239278,0.2506468988973048
2019-12-12,-0.07262090678212861,0,0,4.195648623285462,9.0,-1.1984624162295572,0,0.21601836111867176,0.2584454864923486
2019-12-13,-0.09868746896997799,0,0,13.098343078138297,9.0,-0.2286357472647318,1,102.75423979932908,144.75524911649893
2019-12-16,-0.039569150731047595,0,0,12.86712309553959,9.0,-0.2783627672321302,1,7.708407091120287,10.765926315541652
2019-12-17,0.012280137946591151,0,0,47.38622030545471,9.0,-0.47198822495174697,0,0.3337837093155817,0.45020099013433645
2019-12-18,0.02332232769435099,0,0,24.058154902908473,9.0,-0.307714363057128,0,-0.0011225492999469365,-0.0010907975474559082
2019-12-19,-0.00637960696403904,0,0,18.693911694406477,9.0,-0.5402108944481259,0,0.0020317581293066924,0.002038752586730193
2019-12-20,0.0007996801705642441,0,0,19.747208427177693,9.0,-0.5477682844638496,0,0.19256412073909854,0.2689942255974249
2019-12-23,0.007961825498008442,0,0,38.32648194044602,9.0,-1.435586310286869,1,-0.01323622160706132,-0.01323622160706132
2019-12-24,0.004746844356219477,0,0,16.963884606821644,9.0,-0.22869991457694738,1,1.6019536952190703,2.2729039475599375
2019-12-26,-0.0015797791595183908,0,0,3.259756459429175,9.0,-1.4439627806312019,0,0.08326127054535747,0.09873302023519823
2019-12-27,0.059833795361616836,0,0,16.748125511313233,9.0,-1.254018238195182,0,0.1560219302712767,0.19414147182992256
2019-12-30,0.09848660933279475,0,0,12.080443055189956,9.0,-1.5992216907160948,0,0.14395839637404034,0.16599749826781485
2019-12-31,-0.07275935428242843,0,0,13.091427954284441,9.0,-1.6256525601807696,1,0.5852420904951778,0.6901749990013935
2020-01-02,-0.0998925058935674,0,0,254.5633021973859,9.0,-0.7472332851337311,1,0.13928277488819382,0.17418995207625873
2020-01-03,0.11715912191449881,0,0,499.9400966480898,9.0,-1.8969811157219347,1,0.12665970621333383,0.14293652528641304
2020-01-06,-0.012199648973096491,0,0,299.60950886049744,9.0,-0.3764132031743733,1,0.1611918738892218,0.20291106472551865
2020-01-07,-0.0043415408281371245,0,0,299.0961630456078,9.0,-1.401838278204401,1,0.1578188691516073,0.1847079871007514
2020-01-08,-0.02496458575736234,0,0,2.27314214785159,9.0,-1.4282878718627798,0,0.09971794355026742,0.1196581020656766
2020-01-09,-0.0700555708430735,0,0,181.99040080489323,9.0,-1.4975739732315354,1,0.15194213560450873,0.17667043091951398
2020-01-10,0.001593625835278026,0,0,178.33558715710686,9.0,-1.366890586140022,1,0.12888399019053662,0.15137042639973475
2020-01-13,-0.019293202934678896,0,0,346.5585246354489,9.0,-1.3926052133201345,1,0.1378713731850039,0.16334189673597943
2020-01-14,0.0056657375356773,0,0,60.86546858906573,9.0,-0.30899318471803855,1,0.5914100037099886,0.8341506304316387
2020-01-15,0.0024183808642816527,0,0,11.610054142977738,9.0,-1.5204008554140795,1,0.027436010705676493,0.03290980208493852
2020-01-16,-0.008084118399958911,0,0,14.313335366401361,9.0,0.31791744950955003,0,1.1463924463805446,2.37446365424796
2020-01-17,-0.018018505502678365,0,0,174.58437690879956,9.0,0.2061359255068912,0,0.11118046131763167,0.15312332640435325
2020-01-21,0.060138358738533314,0,0,233.29616923943462,9.0,0.11262202788312928,1,0.057234739487178346,0.06791656177132163
2020-01-22,0.00465839351732231,0,0,13.461507734748116,9.0,-0.11117961286947804,1,-0.005002269773779638,-0.005002269773779638
2020-01-23,0.005407506417392935,0,0,2.0970539862602013,9.0,-1.8879636060869114,0,-1.7014427853544351e+90,-1.6640318098648558e+90
2020-01-24,0.11486833149259595,0,0,137.652357865799,9.0,0.3249785430824945,1,0.09160123910850011,0.11353279215127123
2020-01-27,0.22479054592203176,0,0,2.0502677884971408,9.0,1.6856352560371484,0,1.2256877475082359e+26,6.663881697274628e+26
2020-01-28,-0.11313122811617742,0,0,245.1575694246572,9.0,-1.4926870305764164,1,0.4061253890679998,0.4476799723141307
2020-01-29,0.0067340321813441194,0,0,268.95812612476885,9.0,-1.2755050813628914,1,0.309781063391041,0.34379531703490807
2020-01-30,-0.05647673832696107,0,0,183.3021802087173,9.0,-1.6980944164493743,1,0.2453672188032488,0.2695012950293285
2020-01-31,0.1957876147194397,0,0,190.53047177931444,9.0,-3.0405399752930196,1,0.19573960114849512,0.2019747489149128
2020-02-03,-0.04727856835274938,0,0,207.52492751080035,9.0,-1.6274770627885444,1,0.3382430953407679,0.37015153686222546
2020-02-04,-0.1129948512194427,0,0,191.2145624169266,9.0,-1.1557121913652164,1,0.2726176302944728,0.3065933324824278
2020-02-05,-0.05770831762064673,0,0,171.0232144574458,9.0,-1.32196020608853,1,0.21400513450074513,0.23711136836062457
2020-02-06,-0.012620559409046939,0,0,153.1864186697215,9.0,-1.9095583715492037,1,0.173998629329387,0.18757398367531342
2020-02-07,0.033522692038643644,0,0,499.2642713066133,9.0,-1.5727435191496952,1,0.13849489487134162,0.15171294124249757
2020-02-10,-0.028189346063281114,0,0,190.1116273658048,9.0,-1.7559808467011835,1,0.14056532877074074,0.15064046801730036
2020-02-11,0.009265453445790191,0,0,2.055688770388536,9.0,-0.34425186442698463,0,0.1871621344213208,0.3546447795263473
2020-02-12,-0.0996674851732806,0,0,161.6283936455887,9.0,-2.261127804310897,1,0.10915643123179915,0.11474043642437166
2020-02-13,0.0294033372950434,0,0,13.063846641937632,9.0,-1.5349376078079606,1,0.47853107828807473,0.5863709567097334
2020-02-14,-0.03377971189484227,0,0,13.028413252249978,9.0,-1.5495753295293468,1,0.0006885556451830025,0.0006885556451830025
2020-02-18,0.08071724395543628,0,0,10.439917833190107,9.0,-1.75116277217407,0,0.11965128411163435,0.14500752282803664
2020-02-19,-0.03081380385694006,0,0,35.334523568226125,9.0,-0.25169521221845126,0,0.119210007243796,0.17354447312762405
2020-02-20,0.07886516645734483,0,0,12.641046093381101,9.0,-0.25654502652832634,1,-0.011445110239223759,-0.011445110239223759
2020-02-21,0.09320466961017813,0,0,18.411585855891932,9.0,-0.46909574887145966,1,0.454185182245902,0.6001097234875273
2020-02-24,0.3821669170832592,0,0,18.370251176602213,9.0,-1.300515590033391,0,0.6787307566831767,0.799235076237035
2020-02-25,0.1067578609296101,0,0,3.1294064062843905,9.0,-0.5114620122597523,0,2.654614845785787,4.0016802315704005
2020-02-26,-0.010467520227835274,0,0,3.6807242644636573,9.0,-0.6268130199080718,1,3.8490964075277954,5.405517286354281
2020-02-27,0.35129037151685183,0,0,5.9031305853698415,9.0,-0.0932499411301298,0,2.4358541738560175,3.680117357512554
2020-02-28,0.023969862119651842,0,0,9.794488074276089,9.0,0.34464938332958517,0,-0.06123656254663087,-0.06123656254661044
2020-03-02,-0.18247115661471383,0,0,2.05,9.0,0.45724485599365616,0,-104.98284943890155,-104.98284943890155
2020-03-03,0.09688665263768408,0,0,2.2923077904149847,9.0,-0.2187632971005002,0,0.30857200688324843,0.4212743874011414
2020-03-04,-0.14061782184350524,1,0,2.421977026168784,,,0,,
2020-03-05,0.2139106873089782,0,0,7.138917260758802,9.0,-0.0710306974235694,1,0.3109769769492248,0.44950476918827853
2020-03-06,0.05690598420336896,0,0,18.434593110398875,9.0,-0.10003324091383983,0,0.4885268444796333,0.744620927575395
2020-03-09,0.2612264617718398,0,0,4.4900930949635525,9.0,-0.1305655271749203,1,1.8918608889979047,2.917344996573294
2020-03-10,-0.14095619174772628,0,0,61.784560413018355,9.0,-0.06900645816185982,1,-0.06355009762158484,-0.06355009762158474
2020-03-11,0.13062018241706422,1,0,3.512788207875141,,,1,,
2020-03-12,0.3366047483818256,0,0,2.1472788000937824,9.0,-0.059516833605819615,0,0.26522434788333926,0.4423124097645699
2020-03-13,-0.26622755412665017,0,0,2.620324245284943,9.0,-0.5897122578915304,1,25.13239845564935,36.60351603639033
2020-03-16,0.3575910035639485,0,0,3.0562594923337354,9.0,-1.1976089893276227,0,2.887535286980756,3.7696657627958694
2020-03-17,-0.08555024770539854,0,0,2.5737321523981698,9.0,0.7610610094797529,0,5.0622167763545924e+153,3.041336269094776e+154
2020-03-18,0.0070885043463945795,0,0,2.758352534401403,9.0,-0.7554528415342194,1,0.010993770025433655,0.010993770025433655
2020-03-19,-0.05997081335901607,0,0,3.360303211166041,9.0,-0.03175066409263686,1,-0.0011268890640261675,-0.0011268890640261675
2020-03-20,-0.086405499964128,0,0,3.4089210723294805,9.0,-1.417827014105086,0,0.22633940304902597,0.258384558384828
2020-03-23,-0.06976109935297539,0,0,2.849819926155424,9.0,0.00596165916693301,0,0.3661728651087369,0.55478943667928
2020-03-24,0.0012980693044495892,1,0,3.0379302371450585,,,1,,
2020-03-25,0.036303939021450266,0,0,3.49978531224993,9.0,-1.3562701428909871,0,0.002362911040178047,0.002362911040178047
2020-03-26,-0.04722766385154046,0,0,2.05,9.0,-1.9626267176881655,0,7.723002030021299,9.362048064035513
2020-03-27,0.07178677909735734,0,0,2.49486434223208,9.0,-1.7241048020609948,1,0.01733596422164986,0.01733597272603267
2020-03-30,-0.13820685066203303,0,0,3.763327611779328,9.0,-0.41213260709185495,1,-0.009759182480849447,-0.009757268769187498
2020-03-31,-0.06402475451642924,0,0,2.1697765569626077,9.0,-1.2747877526622529,0,0.2117964103920467,0.2446900725541297
2020-04-01,0.06367430769314765,0,0,41.676139997823654,9.0,-1.222284883774917,0,0.6335029830693197,0.7912767948678645
2020-04-02,-0.11404397787110943,0,0,2.0501541957790073,9.0,0.5604991349334763,0,0.6051410495487672,1.7815800394061194
2020-04-03,-0.08417616499064363,0,0,224.81351734923072,9.0,-0.10445408958541674,1,0.10031458656955518,0.12289607460407331
2020-04-06,-0.03390155167568123,0,0,161.13120933874583,9.0,-0.03931856107859926,1,0.0910557583399535,0.11319702850911952
2020-04-07,0.031762513426932,0,0,193.784941292075,9.0,0.018997705357713043,1,0.07637999353393894,0.09686907184932604
2020-04-08,-0.07443746144830075,0,0,332.1341279921909,9.0,-0.03083784012788136,1,0.08766894764601238,0.1145645898691169
2020-04-09,-0.03952525779218881,0,0,151.0744256304625,9.0,-0.049362256138074656,1,0.089143258711837,0.11223984586499522
2020-04-13,-0.01207160965254878,0,0,69.00293526359624,9.0,-0.11706779541815096,1,0.08650576098910534,0.11376469237656302
2020-04-14,-0.08645949450451353,0,0,17.83309376979729,9.0,-0.1736542134418001,0,0.09180317255453485,0.12546380748374364
2020-04-15,0.07841165201916492,0,0,16.91559017916494,9.0,-0.2166192879351071,1,0.09709731208113448,0.12857555463290746
2020-04-16,-0.01803631351450345,0,0,117.98231920436938,9.0,-0.11703678841993471,1,0.14065262991459307,0.1934385980950726
2020-04-17,-0.050099922051495466,0,0,133.00865421609618,9.0,-0.01815172774581909,1,0.12713920671064452,0.16913128471727995
2020-04-20,0.1387927567002517,0,0,2.6707755536062767,9.0,-0.49860727173123964,0,0.32855067330370163,0.6440846507400524
2020-04-21,0.03541383067914189,0,0,3.1939995510989685,9.0,-0.017096503087833184,0,0.22776415939085015,0.3238607834074957
2020-04-22,-0.07853903071737288,0,0,7.132360946671376,9.0,-1.4878300433327016,0,-0.008646496140203028,-0.008646496140203028
2020-04-23,-0.014395642075089799,0,0,68.32258382420216,9.0,-0.16629975356522125,1,0.20751426199954578,0.2744313794651834
2020-04-24,-0.14122507119196964,0,0,16.77252268969604,9.0,-0.2186669062137643,1,0.15976678162523755,0.21701525686535356
2020-04-27,-0.07631554953849375,0,0,19.659117559327463,9.0,-0.19987980583339537,1,0.17497674862367787,0.22881680959215092
2020-04-28,0.008375759405010074,0,0,25.770749418307766,9.0,-0.24378096856148623,1,0.1449508790218844,0.1943495293600214
2020-04-29,-0.0722536396969564,0,0,32.231838440253824,9.0,-0.251428254269293,1,0.10533616764327308,0.14406643238888237
2020-04-30,0.08938341472181185,0,0,47.008274955702404,9.0,-0.26199030733411066,1,0.1108237069341007,0.1468259948315217
2020-05-01,0.08527732192017964,0,0,104.76470510693282,9.0,-0.2793585376859474,1,0.15395065617755357,0.21811002333774457
2020-05-04,-0.0333546502294461,0,0,186.2291126103365,9.0,-0.2206586989904697,1,0.22241037945242156,0.30910290903072685
2020-05-05,-0.06786161597051829,0,0,107.311873734055,9.0,-0.15999747859909846,1,0.19365156953212168,0.2619262342426199
2020-05-06,0.015060080886463946,0,0,70.35999757051454,9.0,-0.15414509059932685,1,0.1682188225662843,0.22508416844321474
2020-05-07,-0.0818027550624724,0,0,84.16009329041742,9.0,-0.14948940984475179,1,0.13448948551458728,0.18464380855961612
2020-05-08,-0.1165909983236707,0,0,54.433671520255054,9.0,-0.2191143391876954,1,0.13861697923894215,0.18617684887167105
2020-05-11,-0.014761744201629741,0,0,39.046228810210245,9.0,-0.10055995063439804,1,0.1325160622787475,0.17506779398321387
2020-05-12,0.18099072361707189,0,0,26.43770478781541,9.0,-0.07857153107638515,1,0.10277395392733815,0.14050343612686583
2020-05-13,0.06559728248581327,0,0,6.882007726787424,9.0,-0.2372027719492132,1,0.30381293505399,0.4280125334949212
2020-05-14,-0.07869724133736279,0,0,6.937636295854124,9.0,-0.004475234599050288,1,0.2851052177272284,0.4021486358758058
2020-05-15,-0.022326508779261522,0,0,6.534407536724813,9.0,-0.18534350588715137,1,0.24804450775253872,0.33960493708823464
2020-05-18,-0.08470496499894466,0,0,6.252237880211169,9.0,-0.17558679152421616,1,0.20941898060614628,0.28734440337424966
2020-05-19,0.041122290723764963,0,0,6.079792924616579,9.0,-0.17730333428722467,1,0.1935466501323913,0.264071387761591
2020-05-20,-0.08686250321942444,0,0,6.577512266986148,9.0,-0.14045564247052994,1,0.18648354776662754,0.25670275804143927
2020-05-21,0.053559392228469144,0,0,7.122624906219288,9.0,-0.13307222622353915,1,0.18091835317543015,0.2425921531657258
2020-05-22,-0.04750416446598974,0,0,8.042264623908265,9.0,-0.11869734085364866,1,0.1836238004792717,0.25103920019154585
2020-05-26,-0.005340942017824424,0,0,8.07842985995749,9.0,-0.17888973840895325,1,0.187755587826791,0.25076745595660316
2020-05-27,-0.014021441290871163,0,0,8.162517363899402,9.0,-0.28235660144319347,1,0.1867330377121898,0.24951429064108294
2020-05-28,0.03451685835307424,0,0,8.274906148300444,9.0,-0.17643357478594435,1,0.18183570791435447,0.2463983425164717
2020-05-29,-0.03850743139773717,0,0,8.245109228701265,9.0,-0.1555170505785861,1,0.18677425974133338,0.25655353815701964
2020-06-01,0.025835667328914673,0,0,8.1368393647697,9.0,-0.1099378724346925,1,0.1690871540837941,0.23460836953573821
2020-06-02,-0.05049193016191688,0,0,8.413387479437223,9.0,-0.06956556893498406,1,0.13972710968999696,0.20437444635793625
2020-06-03,-0.04495995291599066,0,0,7.124404220147748,9.0,-0.20581464968017593,1,0.1379810024601061,0.20068438302273314
2020-06-04,0.005828654543031993,0,0,5.684249729742379,9.0,-0.5078887341738003,1,0.13471738155931645,0.2016332266168819
2020-06-05,-0.051272902662511874,0,0,6.02752469070889,9.0,-0.37150133178466127,1,0.10731477482873557,0.16812376008151916
2020-06-08,0.051272902662511874,0,0,6.740317743626822,9.0,-0.15190530452379347,1,0.10376005699905491,0.15721020571289704
2020-06-09,0.06596621130518301,0,0,8.629878711837991,9.0,-0.10899383699032338,1,0.10763994018941268,0.1726551261864174
2020-06-10,0.0,0,0,8.634241892905042,9.0,-0.504348112384382,1,0.16712125979957285,0.2568569332002055
2020-06-11,0.3917087282937617,0,0,8.409541293067711,9.0,-0.4351412965589961,1,0.1581535457950466,0.2400468826641796
2020-06-12,-0.12242113467476978,0,0,2.1644224490785513,9.0,-0.495288396908658,0,238.37905387005742,312.39517457626175
2020-06-15,-0.04795925427534472,0,0,3.7330961485599077,9.0,-0.37184247507673157,1,0.4515925778610571,0.7302621255995823
2020-06-16,-0.021449331206369406,0,0,3.6116080318389683,9.0,-0.418797182122511,1,0.32523101538549454,0.5250097077827521
2020-06-17,-0.005957717949747924,0,0,3.348764793497978,9.0,-0.15702589475107603,0,0.23468874331585213,0.3926283560122669
2020-06-18,-0.015961790473741067,0,0,2.3138390819471497,9.0,0.8869015673335489,0,0.3267495136873204,1.4776884268738957
2020-06-19,0.06408304401742156,0,0,2.1657838166136965,9.0,-0.25477596000033004,0,0.42990695652491184,0.8964431904270113
2020-06-22,-0.10024832048549104,0,0,2.275270857899071,9.0,-0.547084628002371,0,0.21907364258873852,0.35974510396635845
2020-06-23,-0.012670426078837952,0,0,5.7021712201755825,9.0,0.0531365345171931,1,1.0954184398903468,1.868471221612074
2020-06-24,0.07579151253543588,0,0,9.78625807958277,9.0,0.38540780761382193,1,0.8433945222994919,1.5579783672501464
2020-06-25,-0.04905615698919431,0,0,2.6383362639465546,9.0,0.03824630623406157,0,0.19840059359439452,0.3869760685970301
2020-06-26,0.07501648900715434,0,0,2.05,9.0,0.18929470025651884,1,1290209101766.8987,2529762488294.1436
2020-06-29,-0.08876670564741256,0,0,4.914797531317403,9.0,-0.11482108223512229,0,0.6081886512738266,1.0252397146738519
2020-06-30,-0.043408197199690225,0,0,2.05,9.0,0.22800679214775033,1,40640.136685827354,82033.02134904357
2020-07-01,-0.061323189780574834,0,0,7.163819815904918,9.0,-0.015301669925068411,1,1.1889614396957837,2.1681977417683242
2020-07-02,-0.033395643378836125,0,0,5.426630254288239,9.0,0.006202117173142775,0,0.38783505911086336,0.7121712338457493
2020-07-06,0.009349223079347,0,0,4.950538283970627,9.0,0.02653687781379702,1,5.204992612021661,9.568106111287703
2020-07-07,0.0519552084165656,0,0,5.173511178125316,9.0,0.1007898328890133,1,12.982357312482485,24.229591161902853
2020-07-08,-0.0469569830877711,0,0,5.998484160039201,9.0,-0.26366499184424236,0,66.93712709420589,115.49908730387179
2020-07-09,0.04116381643436809,0,0,6.066855258223021,9.0,-0.12414610342740262,1,14.67796071584535,26.337848881156365
2020-07-10,-0.06970106087173124,0,0,2.05,9.0,0.09479124860758578,0,0.1275343548105687,0.25776918088393347
2020-07-13,0.16513551059046966,0,0,6.1906409111692815,9.0,-0.03690815646271154,1,3.778156512288305,6.9624096744122355
2020-07-14,-0.08658784557844502,0,0,6.548956301965705,9.0,-0.33930277318313273,1,8.992570711861855,14.704910498176583
2020-07-15,-0.061471864093667866,0,0,5.885037374571091,9.0,-0.15141228417221242,1,3.497960814364406,6.060474745598543
2020-07-16,0.008608374536600101,0,0,5.424456111090141,9.0,-0.2937388264957287,0,7.738194852573269,13.257522744343468
2020-07-17,-0.0864920313534435,0,0,5.8291584147998465,9.0,-0.34255676121120593,0,10.0778470152035,17.054210066106847
2020-07-20,-0.04867334856273411,0,0,6.502242736816681,9.0,-0.2095989430846631,1,5.093867445918045,8.457431679599742
2020-07-21,0.015416126806251694,0,0,9.547661692417133,9.0,0.13467304861535653,1,0.619465429402873,1.0525829197673302
2020-07-22,-0.021156199967311738,0,0,7.196036675862994,9.0,-0.28359034149449547,1,0.37305997481461844,0.5828467446542648
2020-07-23,0.06986967996048579,0,0,2.081300054954169,9.0,0.4188304151164204,1,3.190087145354363e+161,4.572883177234015e+161
2020-07-24,-0.00924505814405105,1,0,4.925088674407278,,,1,,
2020-07-27,-0.04350231195005931,0,0,2.335378015523709,9.0,0.6811241053188458,0,0.1125823632997141,0.24558213887109756
2020-07-28,0.027901371507579677,0,0,3.712248037341568,9.0,0.026558361557226573,0,-0.031195041517313723,-0.031195041517267253
2020-07-29,-0.0541108979753121,0,0,3.1339887962899264,9.0,1.0908931437570235,0,0.11598574331291683,0.3015240408490766
2020-07-30,0.027017607319785947,0,0,4.257335527491434,9.0,0.28516689493220904,0,0.1302995002288345,0.2703167966247262
2020-07-31,-0.012190317557369091,0,0,7.765977717334678,9.0,0.054816926743821506,1,-0.038153416785220724,-0.038153416785220724
2020-08-03,-0.007386164067728783,0,0,4.997103989682926,9.0,0.16476326770042843,1,-0.03480398950745079,-0.03480398950745079
2020-08-04,-0.0216494716968533,0,0,6.957379627711884,9.0,-0.01744163251452137,0,-0.035864768584108773,-0.035864768584108773
2020-08-05,-0.03294415571935415,0,0,2.581753521031639,9.0,0.32288792432220487,0,0.12369753714107193,0.29798404592888894
2020-08-06,-0.01489948684604718,0,0,2.1268958733566716,9.0,-0.529835728450933,1,20.75573473120856,20.75573473120856
2020-08-07,-0.01961721402270685,0,0,8.311513946955316,9.0,0.11182477848028925,1,0.28513636489874805,0.49524555427820927
2020-08-10,-0.0036084838433779205,0,0,4.983382785239086,9.0,0.21586650630549326,0,-0.02303198926883046,-0.023031989268582177
2020-08-11,0.08236889568541927,0,0,6.033040725211499,9.0,0.4667131084210566,1,0.22655438788582669,0.4314910947704926
2020-08-12,-0.07561363468929426,0,0,5.367502990793867,9.0,0.1669315599128437,1,60.74671042083755,155.8954885565531
2020-08-13,-0.006755260996125091,0,0,2.0632567300680984,9.0,0.3812265017029326,0,0.13298567415746962,0.28089836156909365
2020-08-14,-0.003621552170103266,1,0,3.233428904819054,,,0,,
2020-08-17,-0.032260862218221435,0,0,3.154822312723535,9.0,0.7589334833840102,1,0.07086373844730234,0.17733247947502886
2020-08-18,0.007466203605005218,0,0,3.2008023421036396,9.0,0.8940690047750076,0,0.07147730890807885,0.1853982231998534
2020-08-19,0.04677356533199138,0,0,2.812668830095288,9.0,0.6258763097847236,0,0.0647771574772956,0.16843169736763128
2020-08-20,0.007954085241320357,0,0,6.440566865508181,9.0,0.17954672507722436,1,17.80518443648086,32.038334455544984
2020-08-21,-0.007954085241320375,0,0,4.360185267068458,9.0,0.4854766721515589,0,0.07560061813538094,0.1854660618824395
2020-08-24,-0.007570733109591865,0,0,5.390270887558405,9.0,0.24860287571038606,1,1.7103041142900801,2.876869385850432
2020-08-25,-0.01531561468778645,0,0,9.228206589923683,9.0,0.175344856736821,1,3.1046808031329873,5.114386553135607
2020-08-26,0.05475981649994859,0,0,7.773876983309919,9.0,-0.1844505817232624,1,4.331772909023536,6.927581998404703
2020-08-27,0.050282900140379796,0,0,2.608251639706875,9.0,-0.519822788363641,0,12.430701017362713,13.506541921702054
2020-08-28,-0.06369430600321455,0,0,5.669969857977613,9.0,-0.061436179252369286,1,0.6629080423915873,1.1217993655862906
2020-08-31,0.13998915485767516,1,0,2.469333973186979,,,0,,
2020-09-01,-0.011041421900810509,0,0,3.5585784682702735,9.0,0.39328390981456535,1,0.060647503241725784,0.18133899481484433
2020-09-02,0.017081455363491774,0,0,3.463036792099688,9.0,0.35399624864397394,1,0.09973106126066549,0.22109502367557074
2020-09-03,0.23474330719743638,0,0,4.047380666347402,9.0,0.4012386829217512,0,0.09757096600474707,0.22660275678265493
2020-09-04,-0.08863607271663171,0,0,6.5544782293338635,9.0,-0.23404696567000258,1,122.45939753931252,279.19434985431906
2020-09-08,0.02282690337760498,0,0,5.557049687226876,9.0,-0.102231695828328,1,3.936391918459837,7.001699763470622
2020-09-09,-0.08799434853369473,0,0,2.5152086346265885,9.0,0.054194660313030295,1,0.13456942535289956,0.2987184714194737
2020-09-10,0.030761140378079206,0,0,2.918238289480313,9.0,0.29737732324865773,1,0.14843743270274415,0.3182435919124487
2020-09-11,-0.10047326684711642,0,0,3.830796546619484,9.0,-0.2347456413534489,0,0.11246635404938314,0.22194706487745758
2020-09-14,-0.03869982167296167,0,0,6.374477269018458,9.0,-0.2833006293048988,1,0.5992599392694448,0.9843684713017313
2020-09-15,-0.010108950782740721,0,0,2.983830229063687,9.0,-0.032227366180716935,0,0.1341217984956143,0.2722153424604044
2020-09-16,0.017432167168671017,0,0,4.629280192923568,9.0,-0.4593130836727748,1,1.5000058232226612,2.483248049310453
2020-09-17,0.016000341346441117,0,0,4.805058169270032,9.0,-0.6064554864362581,0,0.5110606848395569,0.8213676345825867
2020-09-18,-0.02409755157906064,0,0,3.2639286060740837,9.0,0.22668104898102248,1,0.10880117931865732,0.2736139487513168
2020-09-21,0.07277973021844862,0,0,3.1231260208931384,9.0,0.5010076254921606,1,0.1233453304802184,0.3325673436941572
2020-09-22,-0.03367814623110624,0,0,3.1651209837412644,9.0,0.5231100341222124,1,0.05799637663772616,0.20627138174287715
2020-09-23,0.062068981406629746,0,0,3.188550522234188,9.0,0.5589131149966626,1,0.1251897656790825,0.33715529488474744
2020-09-24,-0.002452269577140614,0,0,3.1644236043525544,9.0,0.5574374567558839,1,0.06648905254640546,0.22455962555909148
2020-09-25,-0.07764875563541222,0,0,3.1911621743647087,9.0,0.5839043523880938,1,0.09543200858961365,0.2746757056330702
2020-09-28,-0.00722848876954791,0,0,3.1519412805493614,9.0,0.5538740510245479,1,0.11029569865407271,0.27576328079241685
2020-09-29,0.003049945177827885,0,0,2.9619601412308825,9.0,0.4877795606527014,1,0.1122673606492388,0.3062639677550251
2020-09-30,0.0037993966677468778,0,0,2.94752392557602,9.0,0.493690604486702,1,0.112218282378958,0.3107562278814009
2020-10-01,0.012436565041008563,1,0,2.3572640849288224,,,1,,
2020-10-02,0.03423857352912134,0,0,3.1431752649018154,9.0,0.5117041068317913,1,0.10084614879547012,0.28762312924488487
2020-10-05,0.011872778430284345,0,0,3.0800850080942164,9.0,0.49710181264661957,1,0.08264567131501536,0.2481480998826736
2020-10-06,0.052937149955526404,0,0,3.223954962511893,9.0,0.5260722908546963,1,0.09343714235857262,0.2680800175684024
2020-10-07,-0.04936699264682103,0,0,3.6772445559090263,9.0,-1.4806323771786605,0,0.7125098987892884,0.9347598183633119
2020-10-08,-0.06249736504000841,0,0,2.7583148499916263,9.0,-1.630543271696118,0,9267602636054916.0,1.2217880108810192e+16
2020-10-09,-0.05297188476610566,0,0,7.061788608134506,9.0,-0.3418171506824722,0,0.5888662691475343,0.9453639111900506
2020-10-12,0.002796087302001188,0,0,2.1421457013188183,9.0,0.09633043274870845,1,44.531915621383476,44.531915621383476
2020-10-13,0.03911331577520824,0,0,4.653452652223497,9.0,-1.3000811092813054,1,1.1176791831102884,1.4749467182236295
2020-10-14,0.012578782206859965,0,0,2.0783883170759783,9.0,-1.5645027885641374,0,0.320212497172701,0.40175265995899195
2020-10-15,0.021361126999368023,0,0,2.050000005280692,9.0,1.4627459599424797,0,0.06570031674919681,0.2590743869367659
2020-10-16,0.016182773163055948,0,0,17.35114286036486,9.0,0.458465924554476,0,0.07848772188242067,0.16985153518637555
2020-10-19,0.06257563277994509,0,0,6.4620332953652815,9.0,0.25982834287067286,1,0.09015300176768759,0.16799612800622513
2020-10-20,0.005809003179465935,0,0,7.2356255653705635,9.0,0.00097830283631543,1,0.10677437658640714,0.18722544076608227
2020-10-21,-0.024139103113357017,0,0,6.965051308315835,9.0,0.1659015382144079,1,0.10513846835929963,0.1887803239243434
2020-10-22,-0.019028058242308035,0,0,6.971422160485101,9.0,0.2536372590173693,1,0.1010264963143789,0.18399931453206564
2020-10-23,-0.020122849319516935,0,0,7.08304993243801,9.0,0.7163031743692436,1,0.08774846885650538,0.18571863758653556
2020-10-26,0.16400602648752172,0,0,7.103103821299507,9.0,0.6489876662749574,1,0.08413376523705139,0.17531131684915394
2020-10-27,0.027049210275187512,1,0,9.11400993547692,,,1,,
2020-10-28,0.18879729548872887,0,0,9.116135844441699,9.0,-0.12104785743548388,1,-0.017492285237816877,-0.017492285237816877
2020-10-29,-0.06911701027427491,0,0,5.642785144444676,9.0,-1.3461678186180488,1,0.2589348452250948,0.3413353634001387
2020-10-30,0.011374279484196505,0,0,5.1549463131335065,9.0,-1.4719670921310053,1,0.2507046324760241,0.3123664511450714
2020-11-02,-0.023687068871294396,0,0,2.050001024100524,9.0,0.45424540418344733,0,6.331580545084915,47.2678241351615
2020-11-03,-0.04348511193973901,0,0,2.197373263370961,9.0,0.5477422979507894,0,0.14862533352637042,0.43264421935701164
2020-11-04,-0.184179822384864,0,0,4.671726621781853,9.0,-0.39984300989062027,0,0.0032863025726236226,0.0032863025726236226
2020-11-05,-0.06966946149923013,0,0,4.980167312737319,9.0,-1.2896930214726636,0,0.17451594577202523,0.22333747074198015
2020-11-06,-0.10383078628259063,0,0,8.108521066518017,9.0,-0.26807125673795495,1,-0.002000851323138679,-0.002000851323138679
2020-11-09,0.03517454102718005,0,0,9.501317239765918,9.0,-1.5922740143409424,0,0.16413874297356024,0.19844679350613934
2020-11-10,-0.03759097393880867,0,0,5.062613841137859,9.0,2.9514334237965745,0,0.2969223041031601,24.013662664898987
2020-11-11,-0.05597315827864813,0,0,2.076495365210573,9.0,0.591346891993999,1,2.1009908415427653e+155,4.681425465072854e+155
2020-11-12,0.07790823514490385,0,0,7.663842114463644,9.0,-0.3932350176471592,0,0.0048030019300921425,0.0048030019300921425
2020-11-13,-0.09294611250944432,0,0,2.282189332190139,9.0,-0.1748454173506081,0,0.0991448152031957,0.19383118582442982
2020-11-16,-0.028542003339484662,0,0,2.7192623092013886,9.0,1.1949550421170703,0,0.20619674121392528,0.823816730349496
2020-11-17,0.01151474192920386,0,0,16.516914932699578,9.0,-0.3747693730355304,1,-0.006523805970871792,-0.006523805970871792
2020-11-18,0.04855948607968184,0,0,10.819704755076962,9.0,-0.343314560835391,1,-0.008541210530281755,-0.008541210530281755
2020-11-19,-0.031099417910859614,0,0,7.716325862620509,9.0,-0.144138663379892,0,0.07483000308093876,0.1300881118222099
2020-11-20,0.025209623854796175,0,0,7.040270848230048,9.0,-0.01852111180788752,0,-0.002975390143802907,-0.002975390143802907
2020-11-23,-0.04487379254122522,0,0,9.521716889825463,9.0,-0.48608808333663056,0,1.347992370855,1.8607719067568422
2020-11-24,-0.046057801621579506,0,0,3.348875141406224,9.0,-0.10541200754154775,0,6.27813103239636,9.54534836822883
2020-11-25,-0.018186558607855,0,0,5.454720999066903,9.0,0.46007767240359276,0,0.09976217147821856,0.20748708425213735
2020-11-27,-0.019482678485259638,0,0,3.5212657080312573,9.0,-0.10149614932550291,0,3.550290727631629,5.292199528964116
2020-11-30,-0.013040513220300339,0,0,7.007146740027227,9.0,-0.4414942263646201,1,4.459088960973646,6.270421192203842
2020-12-01,0.009675934223155196,0,0,9.158294172404792,9.0,-0.09493542733250028,1,4.336883204928967,5.99560814481427
2020-12-02,0.01907544725875304,0,0,6.459764453427449,9.0,-0.5087728565784186,1,12.936190906803079,18.27754310474697
2020-12-03,0.005182579326669905,0,0,6.362011324104007,9.0,-1.1860936939970477,1,4.311916549791896,5.550600841940646
2020-12-04,-0.023295562603522182,0,0,5.617194321579202,9.0,-0.0451547528573063,0,0.09115166328960482,0.17476663474842705
2020-12-07,0.024234970845457966,0,0,2.965873198591311,9.0,-0.31241219091079375,0,0.07422124822199899,0.12000219752064084
2020-12-08,-0.029540023075151047,0,0,2.2626447751127485,9.0,-0.04880428385547754,0,0.0979839058883041,0.18814141485147942
2020-12-09,0.07407343162904795,0,0,2.520110191440829,9.0,-1.5145058072689936,0,0.34869975517226637,0.42945420181811167
2020-12-10,0.011163322002213375,0,0,3.476349346578921,9.0,-0.05438253113537399,0,0.26516914882315396,0.3841841272858845
2020-12-11,0.03447864977617599,0,0,2.8340709588334,9.0,0.15896896347228284,0,0.09249300019691327,0.1942357039479111
2020-12-14,0.05873017954182421,0,0,3.7654122457140073,9.0,0.3299459083092928,0,0.08544488173325393,0.19767389720882356
2020-12-15,-0.07691249862501459,0,0,4.1604960842652305,9.0,-1.5039608067976573,1,0.1631843705194643,0.20731168139949271
2020-12-16,-0.01718482475410086,0,0,4.737732177220343,9.0,-0.6343146707069709,1,0.12673071518893836,0.18615165644720016
2020-12-17,-0.025659746780577607,0,0,3.4494947814247876,9.0,-0.5881607514278774,0,0.11501843780909826,0.17446485943949294
2020-12-18,-0.01655210202873176,0,0,3.2431180431185673,9.0,-1.5483366599854105,1,0.13314089656161548,0.16883068603096604
2020-12-21,0.15395197143117467,0,0,3.5065289808209954,9.0,-1.4094472902528552,1,0.11596163337478439,0.150418078495305
2020-12-22,-0.03766389700380541,0,0,3.1880907666140024,9.0,-2.038545593129056,1,0.2082479444961346,0.2455331263536695
2020-12-23,-0.038709081780768644,0,0,6.977679373526777,9.0,-0.366368568989651,0,0.360295447373211,0.49045315551736224
2020-12-24,-0.079435141671394,0,0,3.022267148809485,9.0,-0.6852922871303256,0,0.10812082933335823,0.16743451197594403
2020-12-28,0.007864949170142136,0,0,4.49847187022476,9.0,0.2540526534405255,1,0.46818972546273835,0.7466438369235656
2020-12-29,0.061654181093484875,0,0,3.534885597800822,9.0,-0.37501409012982756,0,0.09553390018585656,0.14738349204812656
2020-12-30,-0.01352256156425056,0,0,2.05,9.0,0.6966041171750099,0,0.053141506500963026,0.09188348561171035
2020-12-31,-0.0008787346786887605,0,0,6.256546243031565,9.0,0.13155044888976478,1,0.27828006627762697,0.40810938222344895
2021-01-04,0.1701599917546791,0,0,4.161704149393626,9.0,-1.7250661686047217,1,0.14751227109767523,0.18056406597214125
2021-01-05,-0.06234096225864551,0,0,3.764661886042803,9.0,-1.9929898770938141,1,0.20785038635678765,0.2460549682479717
2021-01-06,-0.010712262722790983,0,0,2.0667997392616617,9.0,0.6193852410551988,0,0.09991092184823341,0.38159651808134404
2021-01-07,-0.1139511366681637,0,0,2.1095437018341197,9.0,-1.539486899561635,1,-0.03842695111768491,-0.03842695111768491
2021-01-08,-0.036881029461241985,0,0,2.0905115729133907,9.0,0.10545689524243856,0,0.14393132059571503,0.3122697860502637
2021-01-11,0.11054187439982383,0,0,2.05,9.0,1.3795251501543717,0,33.29800996257334,128.1297158149752
2021-01-12,-0.031641534407281714,0,0,3.724970944152766,9.0,0.11168853707459613,0,0.5326231109077455,0.8707839334924483
2021-01-13,-0.04919744812700245,0,0,21.81483172465099,9.0,-1.6429884603057983,1,0.003883936101383903,0.003883936101384897
2021-01-14,0.045762494127029124,0,0,10.283081905062012,9.0,-1.476295109569885,1,0.5384783569058126,0.6217458141720963
2021-01-15,0.04581595552601579,0,0,2.0635674344600297,9.0,0.49998634912912127,0,0.09620291482199363,0.28648784117170845
2021-01-19,-0.04624615557567066,0,0,9.907976621445043,9.0,-1.2559335727625944,0,1.6258353993938288,1.8922384871946372
2021-01-20,-0.07410797215372185,0,0,10.469819044529883,9.0,-1.4597528346975963,1,0.24554411723582656,0.2941610456607106
2021-01-21,-0.012121360532344737,0,0,3.9352609321501193,9.0,-1.6670870328075449,1,11.074944032830196,13.090357784059826
2021-01-22,0.02729755430973142,0,0,2.7841554216100297,9.0,-1.8811548124416198,1,0.5564886893255488,0.6455869972133976
2021-01-25,0.05677799766006525,0,0,2.0513213639821593,9.0,0.08353163094507289,0,218950047286.4163,290950581192.0432
2021-01-26,-0.007357747973703723,0,0,2.4688320108218202,9.0,0.039732582774557934,0,1.134204023652518e+136,1.9502950055064836e+136
2021-01-27,0.48021413906479454,0,0,2.321815530941273,9.0,-1.3763310003268994,0,0.14256487029604284,0.18634665433323339
2021-01-28,-0.2084045469599505,0,0,2.7682820483276065,9.0,0.38171053347186074,0,0.3953717040600139,0.7143130245184649
2021-01-29,0.09105812653494016,1,0,2.3270571594425373,,,0,,
2021-02-01,-0.09006557062218873,0,0,4.698519064071089,9.0,-0.21573879758410325,0,0.15977100216070605,0.3771644336081921
2021-02-02,-0.1681369218019982,0,0,3.182227989421594,9.0,0.02692818222711148,0,72.16356619314492,139.2356643089321
2021-02-03,-0.1094551330439299,0,0,2.9388410808636056,9.0,-0.7308888744805635,1,6.710438156843501,10.0190945671566
2021-02-04,-0.05104062121894815,0,0,2.05,9.0,0.4158676521137291,0,0.2446154439301042,0.49430466343670737
2021-02-05,-0.04222015415734667,0,0,2.1644334304310564,9.0,-0.49520736809050503,1,73.44251711884085,112.23819688538053
2021-02-08,0.017573475284628527,0,0,2.229516711987572,9.0,-0.49130907839417126,1,104.59036712002562,159.95667171595215
2021-02-09,0.01819504359122934,0,0,4.351411639052492,9.0,0.30216509726834984,0,0.1287609817111892,0.3476616633559156
2021-02-10,0.016506564601702408,0,0,2.9585239152079352,9.0,0.11955065674649608,0,0.13214909963392765,0.30727152986373096
2021-02-11,-0.03423090919624392,0,0,2.2560720867413604,9.0,0.2602687847840319,0,0.12030509066299955,0.29945312713918204
2021-02-12,-0.0621257479427021,0,0,3.734784064423116,9.0,-0.29785306036389814,1,2.4429906163360178,4.105715844936596
2021-02-16,0.07195958977482875,0,0,2.642901512461656,9.0,0.0871929442778155,0,0.12919560802273597,0.30616278371463995
2021-02-17,0.001862197931064621,0,0,2.312914261716424,9.0,0.34989453739699006,0,0.1594737281879208,0.39161140209393963
2021-02-18,0.04501783083760719,0,0,2.765985256475391,9.0,0.11501336814170764,1,-0.00631079560041737,-0.00629961936330283
2021-02-19,-0.01975816407836922,0,0,2.3006030652906184,9.0,1.3563437651939254,0,7.052376179720376e+20,3.3300778019109586e+21
2021-02-22,0.061557892999433365,0,0,2.134575046635152,9.0,0.49119160555118346,0,0.107761463407829,0.30463373226048396
2021-02-23,-0.014605070605998955,0,0,2.4694699245480964,9.0,-0.0563217812568412,1,0.023888895915051132,0.03934951196838616
2021-02-24,-0.07968217841268203,0,0,2.52924611519237,9.0,-0.12242806593883906,1,-0.007954678855360262,-0.007954678855360262
2021-02-25,0.3029122686045366,0,0,2.093117892547984,9.0,0.24797207231123003,0,0.13535365600097843,0.32090881723383136
2021-02-26,-0.03307831487703574,0,0,2.0500000349908754,9.0,-0.3358774092157492,0,82931184.44563101,106739305.72386014
2021-03-01,-0.1798202154862018,0,0,5.790671801699791,9.0,-0.05486838003402167,1,12.988705142341788,19.837911411148763
2021-03-02,0.03161485638170301,0,0,2.050018767501892,9.0,-0.5365232369454624,0,0.5583888357863032,0.7379521007202285
2021-03-03,0.10132749769731365,0,0,5.425609659525591,9.0,-1.822804967149719,1,3.3022369868708883,3.819346893714298
2021-03-04,0.06881787804875882,0,0,3.7998468147419815,9.0,-0.2851709145359702,0,0.26086164476567797,0.40939811751614635
2021-03-05,-0.1471747185064834,0,0,5.071443918874701,9.0,-1.8357187675901232,0,0.6145106239073378,0.7286645708352328
2021-03-08,0.03231879125516731,0,0,2.106715581904291,9.0,-0.3635009231040802,0,0.0961862997501236,0.31891014063784534
2021-03-09,-0.05819823924298805,0,0,2.05,9.0,0.9587809747308262,0,7.092069830875229e+31,1.5773133766712305e+32
2021-03-10,-0.06312462311851956,0,0,2.3097005436146016,9.0,0.8013799727847051,0,0.3527824605416336,1.2651392827967938
2021-03-11,-0.029235273022482917,0,0,2.1212570343637074,9.0,1.043846768521806,0,0.12397069350993643,0.4667474339197674
2021-03-12,-0.05729266184992349,0,0,8.601101020750702,9.0,-1.4309209608761828,1,-0.017724255111106937,-0.017724255111106937
2021-03-15,-0.03241934207972474,0,0,2.1294817110365902,9.0,1.1832400474003315,0,0.10684837100602737,0.43957353609138566
2021-03-16,-0.012054390063252611,0,0,5.192528671833114,9.0,-0.5347858353378724,1,-0.008964706564118576,-0.008964706564118576
2021-03-17,-0.028705200013785927,0,0,4.782750576750575,9.0,-1.3355895770702269,0,-0.01204350483921399,-0.012037814242370668
2021-03-18,0.1152954002293002,0,0,9.893225759636266,9.0,-1.3714240760013157,1,-0.005880175446697015,-0.005880175446697015
2021-03-19,-0.02962831346184185,0,0,2.442780148106432,9.0,-0.18213665902735532,0,0.1254161006555889,0.23973810759962377
2021-03-22,-0.10403548565079211,0,0,8.690450204473608,9.0,-1.7767484605469315,0,0.813903897196838,0.9393599707339878
2021-03-23,0.0725177253303872,0,0,7.03198346496652,9.0,-1.3861717528786164,1,1.4063689278218732,1.7376420516316298
2021-03-24,0.04338029563022496,0,0,4.9731315310472475,9.0,-1.1739811037889671,0,3.7753328259130545,4.821990850695245
2021-03-25,-0.06781432096750728,0,0,2.05,9.0,0.17434013865380918,0,0.2227963113859134,0.4005521033493899
2021-03-26,-0.0491435835051481,0,0,2.2220801375205075,9.0,0.3388325327412815,0,0.14520515192447714,0.37700818958030113
2021-03-29,0.09502092559606982,0,0,2.9028280288372623,9.0,0.3604077551105144,0,0.1592093750189956,0.4395889587040609
2021-03-30,-0.0560245625931263,0,0,2.9255433997730864,9.0,-0.3479954139729169,1,1.6593845186812748,2.6315650448915644
2021-03-31,-0.01076657413897251,0,0,2.306887355794007,9.0,-1.2386571864043217,0,0.4719452976073283,0.6170879040514
2021-04-01,-0.1128339623417678,0,0,3.0806731312802165,9.0,-0.7016629594995167,1,3.662463072992048,5.336712752729498
2021-04-05,0.03292011234510589,0,0,2.854343818176069,9.0,-1.7418532987430861,0,8.938568923431152,10.77616971098946
2021-04-06,0.011657084542212948,0,0,2.4056805904017526,9.0,0.3743055457661634,0,0.12996611175272677,0.3412273718511042
2021-04-07,-0.0544352065550171,0,0,2.8358423299453204,9.0,1.8105345436778635,0,0.03328582651083934,0.0909847838591292
2021-04-08,-0.012313260233357014,0,0,3.737195561446377,9.0,5.011290487948517,0,2.7941678025082934e+152,7.533279701846492e+155
2021-04-09,-0.015458096152715418,0,0,2.2612095347275996,9.0,-0.4083942147419041,1,80.58633815701238,133.55600353825156
2021-04-12,0.01309542523674514,0,0,2.1674819004324593,9.0,-0.4126106058291549,1,0.05791694595000094,0.0951262801053518
2021-04-13,-0.015494946484036206,0,0,3.927470738797421,9.0,0.2997491156119829,0,0.11913886308706165,0.2958081748163749
2021-04-14,0.020214719257387763,0,0,2.7837334468444017,9.0,-0.3957407784682695,1,8.101538414521423,12.237043152933177
2021-04-15,-0.02503110424536897,0,0,2.4123625734416283,9.0,0.3227578850264042,0,0.12089760132608282,0.3074736852091429
2021-04-16,-0.019500922662725104,0,0,2.704110633528893,9.0,-0.3254629245094437,1,0.030151894686089375,0.04943409894215334
2021-04-19,0.0620353909194527,0,0,3.1792893744802395,9.0,-0.0765068561178303,0,0.2330993196568324,0.398284484239277
2021-04-20,0.0773251331054975,0,0,4.497368194351075,9.0,-0.6001246512000017,1,2.2880709837703987,3.394373172270253
2021-04-21,-0.06525255187122822,0,0,6.552980358643247,9.0,-0.5025465071641597,0,0.15454533436672876,0.2464184592093527
2021-04-22,0.0668572593565299,0,0,6.478462486346319,9.0,0.4433195870050505,0,0.13995605673128186,0.2831405873790779
2021-04-23,-0.0766190365584837,0,0,3.357855882839203,9.0,-0.3038035537079763,1,1.6281692748121523,2.546782784421177
2021-04-26,0.017729946851130707,0,0,5.773093853434634,9.0,-2.169260043130775,0,0.3215404656879696,0.36071236440219956
2021-04-27,-0.004545462371674722,0,0,3.268622520361511,9.0,-0.33560990979808686,0,1.1193227357591866,1.7326505140566257
2021-04-28,-0.016073824831060908,0,0,2.7654436925483123,9.0,-1.4223205644437793,1,0.3911262381524556,0.4855604880291875
2021-04-29,0.018917159132205087,0,0,3.027394231934284,9.0,-1.2477609012477895,1,0.2612783651413638,0.3368703355508669
2021-04-30,0.05523214814604466,0,0,2.90664503170046,9.0,0.36683027981322064,0,0.1320112072074131,0.3180088133031835
2021-05-03,-0.01625171196774008,0,0,4.243648453986254,9.0,-1.1332102015678727,1,0.5777109793006323,0.7472529360984058
2021-05-04,0.06194093952796975,0,0,5.55723089780642,9.0,-1.5758089038352292,1,0.3044069046967717,0.3701658783525011
2021-05-05,-0.017085582587734117,0,0,4.245155357376422,9.0,-0.39525268032717015,1,0.25054946580963694,0.3967370127816649
2021-05-06,-0.040495677010425155,0,0,2.0521991648867552,9.0,-1.3570993186000089,0,0.735444316002332,1.0448777186060092
2021-05-07,-0.09699730094248603,0,0,3.423104591120347,9.0,-0.5297304141631323,0,0.29848419552627137,0.4381836994907893
2021-05-10,0.16377637704527678,0,0,4.56123317230165,9.0,-1.744230127854265,1,0.31519219271162485,0.37418064762919934
2021-05-11,0.10515703615768388,0,0,2.296291849448058,9.0,0.4291628512329776,0,0.13740288081731056,0.39153590734706784
2021-05-12,0.23371023735249039,0,0,10.626959924667227,9.0,-1.824632555921518,1,0.47743366397615367,0.56180728631126
2021-05-13,-0.17632291198584696,0,0,5.209359020063199,9.0,0.5254226775268768,0,0.2921825022043941,0.6142151611896509
2021-05-14,-0.2067418329304088,0,0,7.081678643841032,9.0,0.463881494754677,0,0.2940287108966344,0.5230667966413718
2021-05-17,0.04724470586155038,0,0,2.0500000000576115,9.0,0.7375437946518026,0,0.5325774264899092,0.5417218644630938
2021-05-18,0.07894989669911809,0,0,4.7079203590886065,9.0,-1.5994448726782537,0,-0.014480154002405836,-0.014345219161194158
2021-05-19,0.03860773604861377,0,0,7.975557462198491,9.0,-1.8764440296657119,1,0.2469999497800164,0.2850377145344808
2021-05-20,-0.07050760822854403,0,0,5.22273791184441,9.0,-1.9296982873140485,1,0.6064655361293716,0.70513731358705
2021-05-21,-0.025479085300985013,0,0,2.102831305389415,9.0,8.70026181861211,0,2.2292581806790245e+153,2.694027987980501e+159
2021-05-24,-0.0908536237777521,0,0,2.2017879045811592,9.0,0.7741728791808697,0,0.22148763975565056,0.4738798969166954
2021-05-25,0.023631604533277038,0,0,8.270897124802369,9.0,-0.5281020799677038,1,0.4619612298216025,0.6207134561563687
2021-05-26,-0.08181355991601287,0,0,13.961829026013799,9.0,-1.4040982671205318,1,-0.0014635708971414653,-0.0013420763437914267
2021-05-27,-0.03636764417087495,0,0,6.994993488684618,9.0,-0.45449853579463917,0,0.14428703141917143,0.21309026849048454
2021-05-28,0.0011940299926079903,0,0,7.564736452334649,9.0,-1.325568757458139,0,0.3147024336407741,0.39066109116118947
2021-06-01,0.06580561779277215,0,0,13.991883728922067,9.0,-0.45199984431377604,0,1.0508298479617415,1.3869454096311125
2021-06-02,-0.02374334261931983,0,0,54.7094741589116,9.0,-1.164228507320487,1,-0.007373644523817009,-0.0073736099841678485
2021-06-03,0.0315341444070881,0,0,17.380002198275445,9.0,-0.38092873471971567,1,0.00594338121187743,0.00594338121187743
2021-06-04,-0.09409141061019523,0,0,9.830386417744977,9.0,-0.4857937401192861,0,2.0148312424007973,2.862706651239955
2021-06-07,0.0,0,0,11.572097666771114,9.0,0.5430411515679341,1,0.14366791098141524,0.23286999016183307
2021-06-08,0.038822432782066964,0,0,6.825812042421308,9.0,0.2293801505128692,1,0.09925110156089753,0.19795025924856127
2021-06-09,0.04691936071427864,0,0,9.26565346644774,9.0,0.6978755864442572,1,0.0864148744962465,0.17288780920249303
2021-06-10,-0.10542262553021042,0,0,13.41884749774771,9.0,-0.0026695094586149906,0,-0.016219393998676966,-0.016219393998676966
2021-06-11,-0.0283483550042552,0,0,4.839800454100151,9.0,0.08097705831976891,0,0.10396734076601845,0.20651525989276462
2021-06-14,0.046200475769576005,0,0,20.433674735926623,9.0,-0.3356994273605015,0,0.024041225117790044,0.033507893587193034
2021-06-15,0.03771773038948974,0,0,136.64155765819996,9.0,-1.3860027879690338,1,0.06739621741098674,0.08315367679380828
2021-06-16,0.06428143756563162,0,0,138.32673841902667,9.0,-1.432767084907586,1,0.10761994814537798,0.13077266636236817
2021-06-17,-0.022285044789434872,0,0,144.31379710309804,9.0,-0.6862316214979891,1,0.13008194723933378,0.16693495906382705
2021-06-18,0.1537481843498986,0,0,140.2714088331523,9.0,-1.9990548933067025,0,0.16303871851100954,0.1834274762363394
2021-06-21,-0.14589180275069558,0,0,15.127424767896017,9.0,-1.7405440050174579,1,0.18041921426087057,0.2088575235034068
2021-06-22,-0.07123126078193112,0,0,2.0500020104367493,9.0,0.10768957729973685,0,249774.19135726322,882325.4843755555
2021-06-23,-0.020619287202735703,0,0,253.0010922765183,9.0,-1.3045621294794065,1,0.09793077508972148,0.10943244026493679
2021-06-24,-0.021679387309039806,0,0,78.11046640989342,9.0,-1.5880959219189332,1,0.12478564219164356,0.13895274512906514
2021-06-25,-0.02215981781538123,0,0,6.668175779689799,9.0,-1.7970133202030023,0,0.002627095863045393,0.0026314855302782265
2021-06-28,0.008922940018193248,0,0,11.05835432893868,9.0,-0.16830774391393752,1,0.3410280588713546,0.45387258257052665
2021-06-29,0.016362857210480062,0,0,20.176407160532687,9.0,-0.21439021748858805,0,0.4857599363512836,0.6514601162292328
2021-06-30,-0.0119310677472923,0,0,2.05,9.0,-1.4429117151844941,1,3.184263646914893e+150,4.5426305231070046e+150
2021-07-01,-0.02235800573133971,0,0,11.888976847138531,9.0,-0.20573976870239197,1,0.0361387177627406,0.05286611683730925
2021-07-02,-0.026842855523176938,0,0,12.676492535156529,9.0,-0.3970504608809986,0,0.08096136157386795,0.11385586687470642
2021-07-06,0.0870113769896299,0,0,18.468973707203144,9.0,-1.1636279655211919,1,0.09530880518608177,0.12218693986337131
2021-07-07,-0.014706147389695562,0,0,198.66651955858134,9.0,-1.53802982660075,1,0.16273918390770487,0.19598441892141394
2021-07-08,0.15942773692810217,0,0,355.9792638713131,9.0,-1.7809657962647232,1,0.15100542093787403,0.17538303830453772
2021-07-09,-0.1606630675360949,0,0,337.31086563554607,9.0,-1.428566613549716,1,0.2640298177820795,0.3241092031812229
2021-07-12,-0.0006182380413300661,0,0,158.3117851386028,9.0,-1.6665642598552637,1,0.25169223764797566,0.29124253437933495
2021-07-13,0.05708969712458059,0,0,132.4900962968802,9.0,-1.5028712116724599,1,0.16421628131354316,0.19654073472795122
2021-07-14,-0.04724346373122244,0,0,122.81029240469954,9.0,-1.4222500210618723,1,0.16635250072852895,0.2034391739486673
2021-07-15,0.0407974994253969,0,0,265.97662893232837,9.0,-1.9352293913656529,1,0.16361570948984902,0.18620024516662062
2021-07-16,0.08126296407876558,0,0,206.1772940011801,9.0,-1.3477096728836555,1,0.13920744879151747,0.17180422801265663
2021-07-19,0.19845093872383823,0,0,9.752497012690242,9.0,-1.8156954214598642,1,0.14565120491633096,0.166061276120553
2021-07-20,-0.13137498917585042,0,0,15.178252223831727,9.0,-1.2590677359922875,1,-0.027493470208551408,-0.027493470208551408
2021-07-21,-0.0967811039619036,0,0,2.0500000106273806,9.0,2.1779953550202156,1,51071721769745.11,803981798100298.2
2021-07-22,-0.012359707900926494,0,0,14.254137667893714,9.0,-2.3682676713570547,0,0.18630690783782536,0.20287141850777224
2021-07-23,-0.028090124352286715,0,0,31.78405497871083,9.0,-1.5592102896864533,1,1.4085405400483224,1.5587658684561791
2021-07-26,0.02185250843762349,0,0,15.481482876060733,9.0,-1.4780804005181956,1,0.00244593590890113,0.0024459465629314047
2021-07-27,0.09644718959140004,0,0,4.678050551492441,9.0,-0.6426823718539145,0,0.15211300242105671,0.19191641463801667
2021-07-28,-0.055761723162011646,0,0,90.06112155435794,9.0,-1.7020176515822274,1,0.345195881840019,0.37815975177723166
2021-07-29,-0.0338827191066359,1,0,13.511862263164176,,,1,,
2021-07-30,0.030052345066401837,0,0,14.950316758250535,9.0,-1.964734121232493,0,0.28791885303968967,0.3145380086485914
2021-08-02,0.06474409211167378,0,0,16.870860828732834,9.0,-1.3917574998787792,1,-0.012249678974903942,-0.012249678972926639
2021-08-03,-0.07576956212338146,0,0,22.083372634696204,9.0,-1.8656207197990518,0,-0.00788874266338749,-0.00788874266338749
2021-08-04,-0.0038878138390099504,0,0,28.6794159896785,9.0,-1.7463454929620612,0,0.9942317722482781,1.1324365274832109
2021-08-05,-0.03915393741955795,0,0,2.816700228004665,9.0,-0.12311902298765598,0,0.11318534921722455,0.18301450999674493
2021-08-06,-0.06762971370724422,1,0,2.1361459875429483,,,0,,
2021-08-09,0.03468555798789011,0,0,25.234606558721598,9.0,0.6314101435884536,0,0.2677253335765675,0.36695426744622794
2021-08-10,0.004177863432894006,0,0,273.59861883851795,9.0,-1.4833369283501932,1,0.11749665442359275,0.14385997805495593
2021-08-11,-0.04445176257083392,0,0,6.694541335864124,9.0,-1.4956995643542625,1,2.4670473630107583,2.9533771281193624
2021-08-12,-0.029702025448930355,0,0,13.53030450538325,9.0,-0.36963748138473207,1,0.5866941521083814,0.7259154019714557
2021-08-13,-0.00902067972593067,0,0,125.69425567953,9.0,-2.1648370561978303,1,0.10149067777217458,0.11336675475089246
2021-08-16,0.042451733734727805,0,0,137.34652628867804,9.0,-1.3341433006826278,1,0.06712619272445447,0.0808118807846336
2021-08-17,0.1052984789941382,0,0,482.37285176831193,9.0,-1.2982389994189059,1,0.09794542777680146,0.11727524834263697
2021-08-18,0.18594424432844467,0,0,15.353616594749615,9.0,-1.5317864536779746,1,0.18612423958285745,0.21407787488422145
2021-08-19,0.004625355147202788,0,0,15.657265951645316,9.0,-1.5183306801764949,1,0.2691556099143032,0.3004855303612748
2021-08-20,-0.15492008819021336,0,0,21.73307027959424,9.0,-2.2179875859296283,1,0.39437301494806687,0.414695947083837
2021-08-23,-0.07901055374610566,0,0,30.130113022900165,9.0,-1.6233323608540497,0,0.15894537756902963,0.1798882654518174
2021-08-24,0.004073325387635869,0,0,2.0861828862691114,9.0,0.06068556327443333,0,0.1100975975212519,0.15820549161852432
2021-08-25,-0.02528802791013531,0,0,13.941960197705548,9.0,-0.5106121390413099,1,0.23498120618640145,0.2732791891259487
2021-08-26,0.11519879805876758,0,0,2.9351760824250532,9.0,0.32802047808958457,0,0.09633638532093419,0.14040124834389556
2021-08-27,-0.13931087639247858,0,0,2.832056502257311,9.0,-1.3672010136532844,0,0.25332503915522847,0.30203818052285225
2021-08-30,-0.012277625066194557,1,0,18.07869428617411,,,0,,
2021-08-31,0.017753756791781816,0,0,23.358781480439443,9.0,-1.3792730388190697,0,0.07286416101779623,0.0824944643234131
2021-09-01,-0.022707327292442705,0,0,3.858788688895793,9.0,-1.4517488694794294,0,31.970743332152455,36.40234387071561
2021-09-02,0.018450707913116607,0,0,2.4983849551306583,9.0,-1.2246152702084638,0,-5.500188123071807e+150,2.8561393976366056e+152
2021-09-03,0.0,0,0,2.05,9.0,-2.283404817399677,0,70.15772784935542,77.42553687806044
2021-09-07,0.10022853958499102,0,0,12.33235574362525,9.0,-1.4918419264754335,0,0.3912900241463207,0.4385229963018791
2021-09-08,-0.00997238181293695,0,0,42.028764106222724,9.0,-0.5116833424785996,1,0.3898183962542815,0.47221792521734385
2021-09-09,0.04570980696185003,0,0,15.337104573984826,9.0,-1.7420029770901133,1,0.3989182944713672,0.43860970297180757
2021-09-10,0.10828177653224315,0,0,220.38103580577223,9.0,-0.5723372104018111,1,0.22142918877275902,0.28321601100552973
2021-09-13,-0.07841316894924216,0,0,395.0185714711001,9.0,-0.5460555751280785,1,0.26743459922211854,0.3383145091515719
2021-09-14,0.004635599338954411,0,0,244.18941349847574,9.0,-1.720017292589202,1,0.20589264287863127,0.22999003639415258
2021-09-15,-0.06803898800852634,0,0,4.706786977090789,9.0,-0.16547844336200176,0,0.180026014416819,0.23097632861107573
2021-09-16,0.02766653271813886,0,0,383.3743085905789,9.0,-1.6345126304457847,1,0.1497192703247784,0.1672631231341985
2021-09-17,0.1074450189380715,0,0,324.896713997727,9.0,-1.9463657036738715,1,0.1614154202119359,0.17677651348950008
2021-09-20,0.21144638087225512,0,0,15.706198042586804,9.0,-1.8814283591143266,1,0.19354927880572945,0.21005126186658238
2021-09-21,-0.053937578436101884,0,0,31.07595328460104,9.0,-1.7901494867706083,0,0.3267016700696175,0.3631616576179525
2021-09-22,-0.1546297217525868,0,0,17.513036952197858,9.0,-0.2600677717175943,1,0.28091676833256973,0.3844170557648219
2021-09-23,-0.11353953647561237,0,0,2.05,9.0,-1.3401128098209836,0,182.22756899543677,211.01478728752215
2021-09-24,-0.048387668692072276,1,0,2.3304867802392257,,,0,,
2021-09-27,0.05534142765665383,0,0,275.7835937390842,9.0,-1.3863758541107858,1,0.043586796418891335,0.05114809305499201
2021-09-28,0.2145781884552866,0,0,2.0500000000000034,9.0,1.4332730753674607,0,0.9034620460302524,5.141350657558275
2021-09-29,-0.030126705403507273,0,0,290.05839458104543,9.0,-1.3367455237550558,1,0.4574773305467468,0.5346599406625249
2021-09-30,0.025384295135672443,0,0,412.0504386903183,9.0,-1.5196855460496033,1,0.23279371496384577,0.2680822688115459
2021-10-01,-0.08992281627324367,0,0,233.49139752613024,9.0,-1.5791568070725632,1,0.20870339636170215,0.23713247258512063
2021-10-04,0.08211366595907871,0,0,267.29298931251157,9.0,-1.612626092591562,1,0.10155134882562876,0.11735023513280579
2021-10-05,-0.07504649873598626,0,0,291.9525357880242,9.0,-2.055384049135629,1,0.2714050497580467,0.2940050983888838
2021-10-06,-0.014184634991956413,0,0,200.35770171347914,9.0,-2.8126126971844476,1,0.15246572794822014,0.16092566864633223
2021-10-07,-0.07205879110878634,0,0,290.1288480164703,9.0,-1.7538072663869146,1,0.1482204892230753,0.1665425195633798
2021-10-08,-0.04020379601621917,0,0,392.9410380649883,9.0,-1.404794574800854,1,0.08695741390771607,0.10018912588049692
2021-10-11,0.06347242295557366,0,0,242.63419428655118,9.0,-1.4625738282746175,1,0.0842616152892918,0.09629767928162807
2021-10-12,-0.0075282664207915245,0,0,252.57491692237573,9.0,-1.8214527232435116,1,0.2107585218071034,0.22914826786196557
2021-10-13,-0.06289419787575438,0,0,499.6997111732758,9.0,-1.5766620142428387,1,0.15358877689202866,0.17237353341592743
2021-10-14,-0.10036585668373584,0,0,403.4062694204354,9.0,-1.5471596731845185,1,0.10218471236567556,0.11647279307634939
2021-10-15,-0.03377884476099264,0,0,215.25256591930238,9.0,-3.8712466782714,1,0.06462926264258445,0.06647151222744686
2021-10-18,0.0006133088202056268,0,0,311.0577491464602,9.0,-2.1971048030250913,1,0.08084839845377494,0.0867224715201778
2021-10-19,-0.038117704278660056,0,0,267.4382416758666,9.0,-1.6410164995708403,1,0.09744506557862848,0.10775932615346966
2021-10-20,-0.013466057925485107,0,0,316.08656214587904,9.0,-1.2471077988820425,1,0.07230882444127129,0.08290865764199859
2021-10-21,-0.03147800878340669,0,0,32.78684899851662,9.0,-0.34445309835253546,0,0.021924982065341204,0.032709117676995386
2021-10-22,0.02759702072969895,0,0,13.950991680790821,9.0,-1.3265440284980323,1,0.5063647803563527,0.5872708864017192
2021-10-25,-0.012390116116569278,0,0,315.60163629411954,9.0,-2.248822461314269,1,0.13940153699001884,0.14863840407008688
2021-10-26,0.04741439007962845,0,0,252.4480717214697,9.0,-1.3929605870750148,1,0.10508500813002464,0.12407803070327555
2021-10-27,0.060698240545072585,0,0,223.63439323942183,9.0,-1.5369306780397785,1,0.16993732249504234,0.18965474208525596
2021-10-28,-0.026859269050268413,0,0,499.9684332176417,9.0,-1.4601542390482123,1,0.1985032054100692,0.2223949944428975
2021-10-29,-0.016468807713268252,0,0,287.3449282693159,9.0,-1.2092499050750587,1,0.12989768931699783,0.1531395544941181
2021-11-01,0.009182800982334982,0,0,255.37632216070566,9.0,-0.5007001236558907,1,0.10926726988423875,0.1371693632985695
2021-11-02,-0.02342893848053786,0,0,156.0036796355585,9.0,-0.194893639973712,1,0.11749711849507288,0.15037988847647463
2021-11-03,-0.05976722280058303,0,0,263.29901564538,9.0,-0.08852637362874592,1,0.09056440070621063,0.12020882539995094
2021-11-04,0.02226680077575145,0,0,40.80934698887532,9.0,3.062728287808868,0,1.4790166286828503,131.1956185603644
2021-11-05,0.06518597988469554,0,0,259.09605941183924,9.0,0.14371620147164021,1,0.10700561858618039,0.14280124687277854
2021-11-08,0.04392397451825903,0,0,451.80394026573254,9.0,0.2783486225470496,1,0.15199672272249415,0.20066450645560574
2021-11-09,0.03200273108617395,0,0,495.4389560267675,9.0,0.39332446056651144,1,0.14781302426855236,0.19667647754752848
2021-11-10,0.05205228637023868,0,0,14.081140178450424,9.0,-0.567160442058257,1,0.4158908105944476,0.5294122514026235
2021-11-11,-0.05882432128018317,0,0,448.62065615400024,9.0,0.5107880910913942,1,0.15894630944321084,0.2105278400106948
2021-11-12,-0.0807507725618603,0,0,48.56732174478523,9.0,-1.4413494221898464,1,0.49817167416674785,0.5916017154531125
2021-11-15,0.012202713957553742,0,0,298.48166191140837,9.0,0.4286747346886035,1,0.049255057085033804,0.07628975243058515
2021-11-16,-0.007303745188463861,0,0,259.686755297373,9.0,0.6316307643174914,1,0.10020452615577057,0.1359927624672322
2021-11-17,0.04421269652105846,0,0,30.530414616928343,9.0,-0.20848043543807562,0,0.393350312823484,0.49726641550901557
2021-11-18,0.027667470845364785,0,0,339.832687794164,9.0,1.061333478797766,1,0.12339508897754843,0.1713406050736432
2021-11-19,0.018028657323153587,0,0,16.804041285397503,9.0,-0.18696990882595096,0,0.1339574080352784,0.17398638301076036
2021-11-22,0.0679873409849328,0,0,15.962681011693572,9.0,-0.7050825196944593,1,0.5339005681604487,0.66776529543549
2021-11-23,0.010895049405066982,0,0,238.82741210383372,9.0,-1.8284975672369295,1,0.1873973875013839,0.21140363629113565
2021-11-24,-0.04215587307692779,0,0,16.300500836164275,9.0,-0.17524184166629111,1,0.7201497904231096,0.9664556083390811
2021-11-26,0.43202004074261247,0,0,16.41142107387265,9.0,0.0035645613122036344,1,0.10641203845727101,0.15080704886355603
2021-11-29,-0.22035220267693922,0,0,5.680001835763743,9.0,0.4026800071861991,0,0.5108402126441354,0.9112020258556762
2021-11-30,0.16909568719301363,0,0,4.941730137235366,9.0,0.7427060736768947,1,78.42438114623546,147.38679775016254
2021-12-01,0.13500144066581152,0,0,8.046311798552818,9.0,-0.2679440354184891,0,4.554593835544369,6.389804127995141
2021-12-02,-0.10743349970908281,0,0,4.635174922382407,9.0,0.1926010914099331,0,0.3871222086746961,0.7246269701007689
2021-12-03,0.09286777852505201,0,0,7.8521624573268625,9.0,-0.4043085380324182,1,7.59989280520934,10.426742711207226
2021-12-06,-0.12080356940316256,0,0,6.496403731586438,9.0,0.10259634385705577,1,88.5485713747731,146.51781012066903
2021-12-07,-0.21645149718822604,0,0,7.019857547689721,9.0,-0.22791641996362985,1,24.85758746803572,34.154432498189934
2021-12-08,-0.09531017980432502,0,0,28.63252571589347,9.0,-1.494694697244996,0,4.3284171335390145,5.18892415676625
2021-12-09,0.0810472280995419,0,0,9.054530195065293,9.0,0.06144757291772587,0,97.22479519252535,147.0079817862779
2021-12-10,-0.14377833836251702,0,0,3.9542535961719056,9.0,1.3501480826536532,0,0.275133452286213,0.7878276901811404
2021-12-13,0.08312475412482166,0,0,6.163821186399549,9.0,-0.5517489001915034,1,14.094658689283749,18.729442158342568
2021-12-14,0.0749165359424783,0,0,5.056976169680663,9.0,0.5987773539906343,1,0.1746634956385247,0.3476824654502967
2021-12-15,-0.12644308461713394,0,0,5.1492932516398575,9.0,0.5349665604436434,0,0.20533616282366748,0.3983551747482288
2021-12-16,0.06424687674722813,0,0,5.885169500361772,9.0,-1.6045433525264758,0,165.42145678722062,198.3205419281566
2021-12-17,0.047469756736199284,0,0,5.752969131203169,9.0,0.6008732847598464,1,0.15933356254547307,0.3247665471529967
2021-12-20,0.058522547633624744,0,0,5.916301975855787,9.0,0.6626484903454246,1,0.16112144089683358,0.33584047923641996
2021-12-21,-0.08482749317778074,0,0,6.1759769590773,9.0,0.9254332151112756,1,0.1658796395831766,0.3610918698670549
2021-12-22,-0.1202253302434121,0,0,6.601716196479497,9.0,0.7290970428738222,1,0.13100572098785107,0.27582249945036913
2021-12-23,-0.036626121739443476,0,0,10.798414208498244,9.0,-1.7091932346866487,1,2.7374621950979257,3.1923153844160588
2021-12-27,-0.015713005664556225,0,0,2.0500008032583796,9.0,0.26368699865487477,0,8.824701367257058,82.73723257577804
2021-12-28,-0.007950070265460478,0,0,26.29020449602868,9.0,0.02989068920065737,0,0.0013473078325739046,0.0013473078325739046
2021-12-29,-0.03421615311757772,0,0,11.965832689137319,9.0,-1.3252429223572308,0,5.618109814320961,6.954742801603906
2021-12-30,0.022171269901055363,0,0,2.5697674468060794,9.0,-0.4557959697281425,0,0.06275790266426379,0.09443880746709458
2021-12-31,-0.006367604727929907,1,0,2.396366551554971,,,0,,
2022-01-03,-0.036668803637087,0,0,6.053921406469563,9.0,0.40539609803822163,1,0.03988843886322271,0.07369714744497646
2022-01-04,0.01850246754799135,0,0,6.816179898199499,9.0,-0.2401401744845834,0,121.16054578648975,192.69544368832635
2022-01-05,0.15423515712403513,0,0,5.442118608926522,9.0,0.276075189708688,1,0.041522759220372185,0.08488933051638461
2022-01-06,-0.006100679826269165,0,0,4.689585755223783,9.0,1.165837468833772,1,0.13946415611635263,0.36453698437697213
2022-01-07,-0.04431269663017613,0,0,4.7601906163343255,9.0,1.0895848320187116,1,0.12482272159812226,0.3273476671477639
2022-01-10,0.03354612249120359,0,0,4.888836668645054,9.0,0.7523102006159137,1,0.11087589841117172,0.26752383771681915
2022-01-11,-0.05237907082429589,0,0,5.111598143618367,9.0,0.8176680443601665,1,0.12447882102720337,0.2981375998727131
2022-01-12,-0.04385937473695304,0,0,5.34127515068887,9.0,0.6815000908015428,1,0.10310986649884654,0.24406939289954954
2022-01-13,0.14207875508425982,0,0,6.041049891049594,9.0,-0.11450070855255008,0,0.14188766559036126,0.24493537364785734
2022-01-14,-0.056724065572684584,0,0,5.508426029651423,9.0,0.2509418813948513,1,0.1779160087519406,0.34579908511028745
2022-01-18,0.17193253323798421,0,0,2.6352508923031124,9.0,-2.301705600620977,0,-184.3631496361462,-184.3631496361462
2022-01-19,0.04546237407675741,0,0,5.1288870002363165,9.0,-0.3505264968770355,0,-0.030139489776324285,-0.03013948977629613
2022-01-20,0.07041743283734721,0,0,5.720125486766517,9.0,-1.6156965733064306,0,40.32747586831225,49.77316462854126
2022-01-21,0.11990834278241122,0,0,7.642395060558821,9.0,-0.5333612535722775,0,1.9973378951797773,3.0563135054388955
2022-01-24,0.03574848744253209,0,0,5.501364635413413,9.0,-0.065692607995889,1,0.3383838331485265,0.6260661492382479
2022-01-25,0.041276740605906914,0,0,10.029012410948624,9.0,-0.44686363085198205,1,1.00469236922817,1.5798636758354383
2022-01-26,0.02534989989552639,0,0,20.520353863426834,9.0,-0.3736970768429073,0,0.0008031993819507468,0.0008031993819551981
2022-01-27,-0.04708635989791053,0,0,4.376642924782462,9.0,0.5094636308658766,1,0.14713819755348703,0.3931999595827957
2022-01-28,-0.09741143476355116,0,0,4.4960216279263925,9.0,0.9926540049253162,1,0.12372551788725206,0.4349172359508293
2022-01-31,-0.10793472671653695,0,0,25.31582611902137,9.0,-0.610452381754373,0,0.35327382236997573,0.5153022957975769
2022-02-01,-0.1228299828787453,0,0,4.947906412784688,9.0,0.09505206588667652,1,0.1942760062479152,0.40146571869994996
2022-02-02,0.005902400790695801,0,0,4.747645311514439,9.0,0.13061930503474015,1,0.14193401953071252,0.30013096878059986
2022-02-03,0.09740683209657312,0,0,4.895789347785677,9.0,0.15391516751297044,1,0.13992779422386845,0.29554530302512266
2022-02-04,-0.04751787325885351,0,0,18.837205312085594,9.0,-1.434757736967088,1,-0.016093929151458804,-0.016093929151458804
2022-02-07,-0.01562531790308087,0,0,2.0579257002164923,9.0,0.6330652382423991,0,0.1862407300416916,0.5658370657490546
2022-02-08,-0.06413032216406334,0,0,20.241127413822046,9.0,-3.316670158960405,1,-0.004553885225169069,-0.004553885225169069
2022-02-09,-0.07152806531928332,0,0,14.95855522066774,9.0,-1.40274182244247,1,0.0122096198609211,0.0122096198609211
2022-02-10,0.1805665105869154,0,0,7.0119769792906705,9.0,0.528728066533759,1,0.1036190296903002,0.20502246179328532
2022-02-11,0.13478531128411625,0,0,2.3088566136389495,9.0,0.7539287166442434,0,0.21420095490306615,0.5472642020675622
2022-02-14,0.03483922108807537,0,0,4.629442160833668,9.0,0.36799257349791137,1,0.19419591317901952,0.4411085486395337
2022-02-15,-0.09743032194125102,0,0,4.695911804192571,9.0,0.30714881787751547,1,0.12352795151901796,0.2839558664477755
2022-02-16,-0.056426248887093015,0,0,4.7459661140484215,9.0,0.3584891145866115,1,0.1754951743193975,0.45190539878233643
2022-02-17,0.14606064190435936,0,0,4.124346403410314,9.0,0.636107581117462,1,0.1281596057072269,0.3756728363112581
2022-02-18,-0.012889544725996958,0,0,4.641286656274098,9.0,0.2327397354455561,1,0.2122734350440184,0.4631303276034832
2022-02-22,0.03748670890399365,0,0,4.54216812457549,9.0,0.25890124944484116,1,0.15462992074852452,0.3680734500478763
2022-02-23,0.07390960865195559,0,0,4.461280111976944,9.0,0.2871752605820596,1,0.1304328148578215,0.29937574827128194
2022-02-24,-0.02282459697422188,0,0,4.826587240266088,9.0,0.29713719400765115,1,0.12798196407843698,0.28282980826258364
2022-02-25,-0.09435417254497616,0,0,5.150879369613486,9.0,0.2893867939845024,1,0.11442341228899673,0.2541677090755591
2022-02-28,0.08873153494399973,0,0,5.311206589334855,9.0,0.2921072304156874,1,0.19134685860248657,0.4293472770779342
2022-03-01,0.09997289412544748,0,0,5.804492983579294,9.0,0.30242898170820987,1,0.16344215415299884,0.34035739330456394
2022-03-02,-0.08059307918819225,0,0,6.146296797359737,9.0,0.3071844607997278,1,0.1443642322363971,0.29435252709714116
2022-03-03,-0.008494007292004188,0,0,6.253149281219412,9.0,0.3121041432017154,1,0.18655784210955076,0.39442167112123877
2022-03-04,0.048039976587362566,0,0,6.162008940890913,9.0,0.3261553198603156,1,0.13069689352197883,0.27342153137477376
2022-03-07,0.13083075104885902,0,0,6.164846399328536,9.0,0.3464413079059526,1,0.11620306766663577,0.2389158387260827
2022-03-08,-0.03688599217693148,0,0,6.234214301483463,9.0,0.28569636203094506,1,0.1555403821886285,0.3063142003306051
2022-03-09,-0.07935502312763662,0,0,6.497342205170581,9.0,0.29592371719577404,1,0.1461192969985448,0.2896629348013984
2022-03-10,-0.07086563435873244,0,0,6.800369411835886,9.0,0.2693132999052361,1,0.18087729930770233,0.3599319421727452
2022-03-11,0.0170551854611602,0,0,6.793182292925371,9.0,0.25018324867065783,1,0.17554083892153277,0.3530692601778545
2022-03-14,0.03263245402889793,0,0,6.856457567021465,9.0,0.22794845054452112,1,0.13275417956882235,0.26246358369266715
2022-03-15,-0.06300784975476766,0,0,7.096618687334286,9.0,0.2350001421811382,1,0.11603560287286044,0.22314088517975517
2022-03-16,-0.11197526033273407,0,0,7.141552892036005,9.0,0.23335949297723316,1,0.16380115123127126,0.3213746939737137
2022-03-17,-0.03821634331087388,0,0,7.036047417247783,9.0,0.23349247678011825,1,0.21046297094676145,0.418358785769111
2022-03-18,-0.07270055453231034,0,0,6.639347946102409,9.0,0.2299513243791061,1,0.15613776427859982,0.3137867198967859
2022-03-21,-0.014346237611467631,0,0,6.521556597873135,9.0,0.22753836791213192,1,0.1668717812912651,0.34049568670284086
2022-03-22,-0.025394091038046514,0,0,6.186921202797154,9.0,0.20394997500424308,1,0.1288760050554169,0.2646921349055903
2022-03-23,0.027092605246814973,0,0,5.9643780786583935,9.0,0.18510878203164022,1,0.12074484572225387,0.2514886297475601
2022-03-24,-0.08404590139977201,0,0,6.13489724983053,9.0,0.20926686290194144,1,0.11775353014585768,0.23591231443068517
2022-03-25,-0.040495175142724826,0,0,23.146266318717846,9.0,-1.7316763917825804,0,0.8319556429526906,0.9198831204149058
2022-03-28,-0.058374632117173364,0,0,6.0786133240020614,9.0,0.18729578514014572,0,0.14459836785683783,0.2992331895016932
2022-03-29,-0.03789708622277308,0,0,9.515226783237505,9.0,-2.4680058722145324,1,2.0492188622503553,2.1957310110619863
2022-03-30,0.022496371154642827,0,0,2.3558494649838355,9.0,0.1519441564913274,0,0.10085548110025049,0.2329142090838937
2022-03-31,0.061689147366724865,0,0,10.108113348872044,9.0,-0.6883833762759388,1,2.4571162340144106,3.1493691823215015
2022-04-01,-0.04628843229859461,0,0,18.539676183709872,9.0,-2.4693661043909243,1,6.165239224836244,6.72525374717517
2022-04-04,-0.05551163292375521,0,0,108.34646640240989,9.0,-0.34704277535485517,1,1.246653682350134,1.681706998472995
2022-04-05,0.1244026143499941,0,0,109.51095029556913,9.0,-0.3839750307908589,1,2.7365200144341255,3.734961478956234
2022-04-06,0.04962761880909874,0,0,179.48965431810052,9.0,-1.831385549712056,1,0.1646258153455134,0.1874375553795286
2022-04-07,-0.025201791973950362,0,0,152.25515031329374,9.0,-2.0396165196902345,1,0.0043549534540377995,0.0043549534540377995
2022-04-08,-0.01826320955965817,0,0,400.5029720317954,9.0,-1.8329755894214146,1,0.1406314940132002,0.16186400112746624
2022-04-11,0.14124026064701617,0,0,274.5241393922994,9.0,-1.471465804513504,1,0.12842808408200557,0.15351889044643147
2022-04-12,-0.004523964121210731,0,0,410.24407759794576,9.0,-1.5860001824986303,1,0.1490191647984748,0.16312142795795573
2022-04-13,-0.10600192311097936,0,0,422.2952396694325,9.0,-2.543013887137363,1,0.1383765429995894,0.1449673528810631
2022-04-14,0.03953794408243218,0,0,150.35930129268357,9.0,-1.6000409526488362,1,0.15416555485813094,0.17260085186740848
2022-04-18,-0.02362490085913676,0,0,279.86256153825644,9.0,-1.9450749701162122,1,0.1607723460848589,0.1720308129269364
2022-04-19,-0.036751954297163825,0,0,192.37649555417997,9.0,-1.3697214841857752,1,0.15275801647972914,0.1695808376968836
2022-04-20,-0.05038244662077515,0,0,298.47124813742573,9.0,-1.9643648686105175,1,0.16010610525800764,0.1716859019825581
2022-04-21,0.10987785614927019,0,0,320.00279372400416,9.0,-1.4791161208196417,1,0.15989378347024463,0.17811226105479644
2022-04-22,0.2181930461543536,0,0,353.671307911194,9.0,-1.4807314100510505,1,0.14840164714146462,0.16232468011745066
2022-04-25,-0.04309919248185219,0,0,192.64365872729064,9.0,-2.4618504827211067,1,0.216409520315138,0.2313223398657972
2022-04-26,0.21556494308182958,0,0,147.01046508196822,9.0,-0.5462311607918127,1,0.15851006524772157,0.2026357767182212
2022-04-27,-0.05898515502101594,0,0,166.47973622100318,9.0,-1.468072335609527,1,0.22979018232213289,0.2561599750067894
2022-04-28,-0.05229312783194876,0,0,190.82169612907046,9.0,-2.0326680169853057,1,0.21514838115431834,0.23697030614724204
2022-04-29,0.107691907221737,0,0,139.31673595351188,9.0,-1.2097405954705747,1,0.1797286104297137,0.2119890955128796
2022-05-02,-0.03225104583369378,0,0,187.5260594325343,9.0,-1.689355904699665,1,0.19803360110522392,0.2200764368073319
2022-05-03,-0.10042528047109535,0,0,242.67934917485573,9.0,-1.372721105517412,1,0.1819404199935703,0.21105605335365576
2022-05-04,-0.1403433079165574,0,0,206.37694637305827,9.0,-1.8154991863304346,1,0.2240958907426901,0.25178036288477285
2022-05-05,0.2048818290541286,0,0,348.5516741364185,9.0,-0.5208067624271492,1,0.21361601057080828,0.2709923774833631
2022-05-06,-0.032907351096689116,0,0,390.2691129130789,9.0,-0.0699211245504668,1,0.1853188037767893,0.23399606643945123
2022-05-09,0.14066882829205374,0,0,377.3039722161011,9.0,0.7486116049837003,1,0.1597788291343451,0.21710794302681258
2022-05-10,-0.05197508677031099,0,0,132.7918730757505,9.0,0.31849619102687077,1,0.13249501032363672,0.17312177965575398
2022-05-11,-0.013119944106150474,0,0,499.4405128079705,9.0,0.09200365125258766,1,0.18152034017594953,0.24481479360777622
2022-05-12,-0.024562092852914878,0,0,184.3148493176743,9.0,0.0560997247889195,1,0.1650417547211298,0.2241777507729955
2022-05-13,-0.09571945460658098,0,0,157.42905392224034,9.0,0.5053032848089343,1,0.15577088719029866,0.2049170227912261
2022-05-16,-0.04970849356766125,0,0,385.4396563099734,9.0,0.24667059843481104,1,0.19059616501727739,0.2545067348787307
2022-05-17,-0.05115918577853464,0,0,260.14986563729605,9.0,0.20937344705963157,1,0.1661872825361197,0.2215645180510319
2022-05-18,0.1707607343928786,0,0,224.07334315815382,9.0,0.15524553244345077,1,0.16570081086057079,0.22091527305664735
2022-05-19,-0.053403502447420856,0,0,199.51228266047374,9.0,0.1885755738983563,1,0.12799537760833848,0.16890107265283116
2022-05-20,0.002722015971275821,0,0,156.36635362684675,9.0,0.1635965932443444,1,0.18500719504586452,0.2508991868316269
2022-05-23,-0.03281247570160639,0,0,238.78172795666805,9.0,0.31719683349173455,1,0.1548419919578597,0.20822774718493672
2022-05-24,0.03349182355382076,0,0,230.59110379996466,9.0,0.46774296624024914,1,0.15643121596280593,0.20643481931465277
2022-05-25,-0.037361661276835656,0,0,248.09132293930716,9.0,0.06262755555710703,1,0.14438801423842254,0.1892653417449347
2022-05-26,-0.03114624414823439,0,0,292.25762810082017,9.0,-0.06747468283508401,1,0.15057947860707396,0.19849081248478195
2022-05-27,-0.06691710530310699,0,0,166.22694887995,9.0,-0.09409166414994466,1,0.147928046636859,0.19685366654548564
2022-05-30,0.03138412953464273,0,0,118.57488623121279,9.0,-0.06482395974105434,1,0.16944838517439403,0.22759913477560573
2022-05-31,-0.01327537038444086,0,0,87.73023217888944,9.0,-0.3546685252076355,1,0.14898769920333024,0.19446283157143365
2022-06-01,-0.01927584739782829,0,0,10.078794842893288,9.0,-0.11677041536252546,1,0.14689527081588902,0.20271388323353828
2022-06-02,-0.038489178532302284,0,0,6.636241276320946,9.0,-0.17453183273628897,1,0.15005563071673053,0.2097721022344375
2022-06-03,0.002827713457609205,0,0,5.360151418978471,9.0,-0.23025250106616652,1,0.1622629514834015,0.2279532290458698
2022-06-06,0.011231566123103002,0,0,7.066940976760116,9.0,-0.20806882033444266,1,0.1365984621656799,0.1883935172057342
2022-06-07,-0.04278509551836457,0,0,9.28092037693249,9.0,-0.4407332316227103,1,0.12004088019519302,0.15887582619483534
2022-06-08,-0.002501043404588837,0,0,9.140104015493032,9.0,-0.6616369009409543,1,0.11526306771476821,0.14882228242905435
2022-06-09,0.08516632590138844,0,0,7.856364303789451,9.0,-0.7329923669025152,1,0.0857178416210118,0.1126876685424562
2022-06-10,0.061683741043806396,0,0,125.34303906453047,9.0,-0.6140246889816172,1,0.12782684971835012,0.16369222470104067
2022-06-13,0.2037127467752723,0,0,186.55241575863306,9.0,-0.6350220571756333,1,0.13202724741215394,0.16685438427143212
2022-06-14,-0.03987936623159667,0,0,125.15819483139514,9.0,-1.735653423515385,1,0.2627782123573558,0.2966930284330734
2022-06-15,-0.09861941189646643,0,0,56.424680360420865,9.0,-1.4036711606210805,1,0.20331682453055724,0.23741750921899957
2022-06-16,0.10654145210886365,0,0,109.61864071593865,9.0,-1.7771011762279776,1,0.22947512229804393,0.25817135883342823
2022-06-17,-0.05681927649499957,0,0,212.90247239346596,9.0,-2.058575290121447,1,0.22797324733977906,0.2502061477135775
2022-06-20,-0.0032175059932278596,0,0,3.902598819447658,9.0,0.19357917874551425,1,0.1958957235058782,0.32896358423644484
2022-06-21,-0.027443734741541385,0,0,2.5107076262466643,9.0,0.9584324418909824,0,0.1998106440260692,0.5269122219098272
2022-06-22,-0.041940539699743234,0,0,2.238935809786655,9.0,1.1766105025026943,1,0.20645368057884844,0.5815263732967098
2022-06-23,0.0034482792789159236,0,0,2.2222711096375383,9.0,1.0616950157482459,1,0.21291436925279555,0.6086767010987826
2022-06-24,-0.06469917661225205,0,0,2.5107577161846626,9.0,1.025338370313838,1,0.18914759476391702,0.4858203322906636
2022-06-27,-0.01033600933066206,0,0,2.468683152370245,9.0,1.0117320167474424,1,0.22415179734536278,0.6063699926602939
2022-06-28,0.05099640430892059,0,0,2.4255632127599536,9.0,0.9577457155023874,0,0.20580592140627446,0.5535416773839262
2022-06-29,-0.007077170374085087,0,0,2.2210578164002865,9.0,-1.3311787960646735,0,0.15629950365442263,0.19945809407379753
2022-06-30,0.019342962843130935,0,0,2.4436581668950725,9.0,-0.1784467002126207,0,0.17826363959437866,0.3179421366812253
2022-07-01,-0.07258192872676886,0,0,2.1597740829651397,9.0,0.922357515277555,0,0.13927485243766555,0.3907466965015164
2022-07-04,0.03061275374831211,0,0,2.5238208735404353,9.0,0.32475895774478913,1,0.21223725768509671,0.426145420935541
2022-07-05,0.0003631741459926869,0,0,2.298964041193854,9.0,1.2952829257405862,1,0.12819119840637477,0.43113648014037365
2022-07-06,-0.02985296314968116,0,0,2.5243278417074175,9.0,0.9875685003150323,0,0.14591437478518857,0.43315189867025206
2022-07-07,-0.024617793092375544,0,0,2.0570007818911895,9.0,0.970123987914236,1,0.20072532301821439,0.5971762110191172
2022-07-08,-0.05679759839313307,0,0,2.2094727907065086,9.0,1.1803564151072259,1,0.18492056694873832,0.6265452502068122
2022-07-11,0.06024257787673551,0,0,2.141260725531871,9.0,1.2352556713207243,0,0.20066115227737566,0.6416115405813856
2022-07-12,0.04190661817819258,0,0,2.1011666328815113,9.0,0.6931299956507004,0,0.09763499032745596,0.3235335110138973
2022-07-13,-0.01737245686671458,0,0,2.280779329745867,9.0,0.6817878601604958,1,0.0661330353828673,0.22937944749804737
2022-07-14,-0.015783867701262,0,0,2.169638409732444,9.0,0.6964767322494179,0,0.16055967117914413,0.48895760472010985
2022-07-15,-0.08577247532383607,0,0,2.502503909027968,9.0,0.6478210136911599,0,0.17644984856348375,0.5258204043295487
2022-07-18,0.043212860905040264,0,0,2.1157469245787954,9.0,0.7249783888244452,0,0.2400413379976146,0.7217169652352134
2022-07-19,-0.032131278182793294,0,0,2.430474495163458,9.0,0.670232480787988,1,0.12087533094542083,0.3811088694017846
2022-07-20,-0.025631829026280046,0,0,2.175580145079841,9.0,0.7027506082882513,0,0.18872306705986758,0.5708723669195753
2022-07-21,-0.032775864238112,0,0,2.2516531956969845,9.0,0.6827608722860159,0,0.18731499765997012,0.5600155602633102
2022-07-22,-0.003467710453695508,0,0,2.0722858909401514,9.0,0.7502624787550227,0,0.18710689824939483,0.5935926050396904
2022-07-25,0.014227444127432336,0,0,2.123863993167233,9.0,0.6847201024828463,1,0.16267322179228877,0.4973951213272933
2022-07-26,0.05537314539706198,0,0,2.05,9.0,0.7014807665285541,0,0.1351039312955677,0.42700516570899366
2022-07-27,-0.06052337137337781,0,0,2.183921482560355,9.0,0.6622593614817578,1,0.07328087251002334,0.25013478308846904
2022-07-28,-0.03994386613164402,0,0,2.1321072061206108,9.0,0.7037478142040813,0,0.2462362740361675,0.739174112821803
2022-07-29,-0.045816533368807304,0,0,2.1879350118214576,9.0,0.6726260981716776,1,0.1975189253017499,0.5841435497351272
2022-08-01,0.06839885230455024,0,0,2.2608260013327834,9.0,0.6748355834774309,1,0.2031263535681402,0.6042307974851088
2022-08-02,0.046619517132472504,0,0,2.145664938371825,9.0,0.6704860735302322,0,0.08890215379638217,0.29786013268588
2022-08-03,-0.08636576239910163,0,0,4.365077725006178,9.0,-1.633690387338239,1,0.16849556316170142,0.2019801863503319
2022-08-04,-0.023508803318579047,0,0,5.69684504271304,9.0,-1.5470096074083806,1,0.21584300689333852,0.2549256836433072
2022-08-05,-0.013618430710314393,0,0,2.0972686837710643,9.0,0.6840738402429382,0,0.19303609473519373,0.5727181584089938
2022-08-08,0.0065975734131011364,0,0,2.0701391576280557,9.0,0.7685574186471886,0,0.17502573496989576,0.5358269161425026
2022-08-09,0.02229539634106803,0,0,3.895084618648638,9.0,-1.5712280027169072,1,0.11660445376622136,0.14221955252864207
2022-08-10,-0.09788584124112062,0,0,2.473554785238835,9.0,0.5874726663908473,1,0.12032933579788534,0.3850941053289468
2022-08-11,0.0230355704018236,0,0,2.05,9.0,0.6482141739404527,1,0.23374010476460053,0.7194861541454465
2022-08-12,-0.033730859518571424,0,0,4.240607935882144,9.0,-1.2797271207834178,1,0.1356836810671943,0.1723974765805217
2022-08-15,0.02127739844728488,0,0,6.121019926217078,9.0,-1.4581795018573205,1,0.11036965064212462,0.13343625988629335
2022-08-16,-0.013118250684838155,0,0,7.2173735404161325,9.0,-1.4691355028661859,1,0.08640194332803633,0.1083545955842474
2022-08-17,0.010608839079412413,0,0,4.690941438553659,9.0,-1.2571431107320485,0,0.08916588601780556,0.11526724477674323
2022-08-18,-0.017233067123775443,0,0,5.5622148959911435,9.0,-0.039384718304614416,1,0.56977293855359,0.9644106757857451
2022-08-19,0.05180441118886418,0,0,2.05,9.0,0.2292379552036344,1,1504097221535.0847,2555024642413.296
2022-08-22,0.14439450488189357,0,0,5.022887059666345,9.0,-1.6702375985810707,0,0.1702799498062217,0.2091630011392619
2022-08-23,0.012941111515650625,0,0,2.0504696849265,9.0,0.4050837707649251,0,0.0019849944081012484,0.058095274920959825
2022-08-24,-0.0549893477591501,0,0,2.123694431456128,9.0,-1.223393955361657,0,0.170059589783232,0.23490475125284438
2022-08-25,-0.04664522692911516,0,0,4.341450967572047,9.0,-1.3018334172142914,0,0.42430208116947726,0.545364030478384
2022-08-26,0.16003651200451952,0,0,2.0500000525850632,9.0,-0.5735281885342669,0,30142.17940757759,39607.678765587916
2022-08-29,0.025112387825980898,0,0,2.05,9.0,-0.6518129261793331,1,0.11573222405478527,0.19054096650184085
2022-08-30,0.0,0,0,3.291620225937026,9.0,-1.2989325757523034,1,0.14463544514585444,0.19289588157455423
2022-08-31,-0.013057021137377153,0,0,3.2553652336494254,9.0,-0.7456986542182071,1,0.11394432922514758,0.17000423660096914
2022-09-01,-0.012055366688603752,0,0,3.3231980976789854,9.0,-1.0686145884187714,1,0.11134437334167092,0.15203823736550337
2022-09-02,-0.0035273405179684107,0,0,2.9015766811277963,9.0,-1.710032393066819,1,0.12858349511442063,0.15992509470406213
2022-09-05,0.02021055966203332,0,0,3.1334904102712198,9.0,-1.6005724759552455,1,0.10745314377806682,0.13575261105170777
2022-09-06,0.034786116085415604,0,0,2.783940321344489,9.0,-0.799736813709628,1,0.11237951902129673,0.16868963199995082
2022-09-07,-0.08812682607349537,0,0,2.951098968807981,9.0,-2.036318104203704,1,0.15179114286160217,0.18115837348515287
2022-09-08,-0.04270078756789757,0,0,3.2059959032605145,9.0,-1.2808521176780434,1,0.18626570807432866,0.2454499635128083
2022-09-09,-0.03534850783982872,0,0,3.118933886509999,9.0,-0.7733790773823592,1,0.12783889019002803,0.18769905636747752
2022-09-12,0.04630059709314601,0,0,3.622020739003753,9.0,-2.9326914540216973,1,0.1705476101364168,0.1874640557579943
2022-09-13,0.1331647565067584,0,0,3.8135810542981177,9.0,-0.5858169431568384,1,0.11003385093663348,0.17598426316240798
2022-09-14,-0.04155567026849922,0,0,3.802325761099429,9.0,-1.7334349801612363,1,0.23807204431478687,0.2946080243164556
2022-09-15,0.004196077108450419,0,0,3.7206866107814087,9.0,-1.5910682744476567,1,0.13434016768115092,0.16836585934560322
2022-09-16,0.0011413354862703858,0,0,3.5887442027617182,9.0,-1.285258984705189,1,0.11662231650512726,0.15588742006301023
2022-09-19,-0.02074603794756593,0,0,3.5423306686151346,9.0,-1.6307796754303103,1,0.12468846737982671,0.1573212456043646
2022-09-20,0.05292240145434253,0,0,3.1563867325851716,9.0,-1.2260033031051978,1,0.11242378273284376,0.1507909916853291
2022-09-21,0.030102000836866667,0,0,4.573061638456639,9.0,-0.7323894950799005,1,0.12979152203363886,0.19165118603345463
2022-09-22,-0.023130774659371803,0,0,4.723153772402767,9.0,-0.6378078044210688,1,0.10909057542275327,0.1623494674373829
2022-09-23,0.08981062423828633,0,0,4.433857625792535,9.0,-0.43141360749842167,1,0.08747941407805357,0.13486001627357458
2022-09-26,0.07530091959078623,0,0,4.791227052633113,9.0,-1.504563267654364,1,0.18578555898987129,0.2381363424697776
2022-09-27,0.010484215675599155,1,0,8.381230737761785,,,1,,
2022-09-28,-0.07713283503295913,0,0,4.775147856268945,9.0,-1.3282886313940148,1,0.12487190677826002,0.16448828265384854
2022-09-29,0.05354390763647936,0,0,5.294100680332648,9.0,-1.2814627438109714,1,0.14291685906117677,0.185767218309479
2022-09-30,-0.006933529194856294,0,0,5.721749050415762,9.0,-1.6815185703003799,1,0.1439209452724363,0.17794903598549636
2022-10-03,-0.04926466002649594,0,0,5.192547642478126,9.0,-1.6553522199623871,1,0.12163504757667583,0.15085058594138911
2022-10-04,-0.034818457184045574,0,0,5.580499346899829,9.0,-1.3169646050856083,1,0.129854263004334,0.16895741819076474
2022-10-05,-0.01804977846876529,0,0,5.62392983336477,9.0,-1.2491902921138043,1,0.1239145630015593,0.16413380956189383
2022-10-06,0.06672527031423699,0,0,2.0857872593564855,9.0,1.3236731845462757,0,0.12732193592516006,0.5191911877869012
2022-10-07,0.027150989065950898,0,0,10.282503421480511,9.0,-1.300696166720777,0,0.2869110423480882,0.3761212944328708
2022-10-10,0.03416724766789199,0,0,13.554026335155806,9.0,-2.3736563536702717,1,0.6393491387301694,0.7158951513885434
2022-10-11,0.035718082602079246,0,0,10.466855537567893,9.0,-0.5838645471314393,0,0.6446557168311972,0.9362791851888238
2022-10-12,-0.001785714760234755,0,0,11.817101424153538,9.0,-1.288097284758048,1,0.773057551555581,1.0129068312838634
2022-10-13,-0.04977366820507715,0,0,10.480291381957533,9.0,-1.5507660819004774,1,0.8430213453116727,1.0320115623904462
2022-10-14,0.0025015647817023426,0,0,10.314426211023914,9.0,-2.1218343141401137,1,0.8064939830177302,0.9101531840631358
2022-10-17,-0.020508685365981875,0,0,2.0873894435099416,9.0,1.550444756016403,1,0.08537420512987631,0.17105841551492929
2022-10-18,-0.028125338589220856,0,0,47.043008221691665,9.0,-1.8193732798871676,0,-0.004572443621857491,-0.004572443621857491
2022-10-19,0.008488461024077446,0,0,17.33994761233904,9.0,-0.2918737329661637,0,0.2351147995720309,0.33132703412785686
2022-10-20,-0.02568465196299165,0,0,3.3000285513908127,9.0,-0.12942720582957995,0,0.06999207141956015,0.11129159573665622
2022-10-21,-0.009720203898783187,0,0,2.0648546685175053,9.0,0.10437499929060548,0,0.1068156025933904,0.19360208063570283
2022-10-24,0.005374551062942673,0,0,4.908465968941424,9.0,-0.03351586689137621,1,0.18598900350292677,0.303514361631784
2022-10-25,-0.04768524717690479,0,0,2.107446824109898,9.0,-0.2011423794390774,0,0.10775602152682637,0.17555630444913514
2022-10-26,-0.042345759686444905,0,0,12.012349081434051,9.0,-0.4385579763781531,1,0.6867625810803102,1.0472736065323776
2022-10-27,0.004024150299725327,0,0,10.52048623961666,9.0,-0.08104304457553983,1,0.08506505033908152,0.12951561862758468
2022-10-28,-0.06174335616524164,0,0,45.88013181066262,9.0,0.051717233357566506,0,0.04877814761629041,0.07858351405185025
2022-10-31,0.0050358425229546705,0,0,11.781551420126092,9.0,-0.321263859519294,0,0.19419865462878927,0.29594873450481735
2022-11-01,-0.002708455902177344,0,0,7.957861785488814,9.0,-0.37476814765431576,1,0.05864221815564963,0.09616210097744973
2022-11-02,0.0019353596131888896,0,0,11.979623469791548,9.0,-0.3218787305179095,1,0.2444928826267396,0.3670121635016192
2022-11-03,-0.021892977610236775,0,0,12.055461863871313,9.0,-0.33390743021040203,1,0.9979324261824842,1.4468995004968246
2022-11-04,-0.03009254149294502,0,0,12.307878101608685,9.0,-0.4456792593596779,0,0.2893706587282847,0.42163358967808606
2022-11-07,-0.008180004711930807,0,0,2.668105199632428,9.0,1.5534070907575517,0,0.5561376316004576,6.44050567570584
2022-11-08,0.04771400107579442,0,0,6.178953620081137,9.0,-0.3407864392168545,1,0.05748255613255825,0.09450532431715847
2022-11-09,0.02130624854424395,0,0,13.159992628710024,9.0,-1.3791640307922388,1,-0.005107628573826058,-0.005107628573826058
2022-11-10,-0.10327589640936587,0,0,12.922392555480966,9.0,-0.4851180781276805,1,0.25078116893690927,0.34874556623055425
2022-11-11,-0.04387239946778159,0,0,12.100523999823547,9.0,-0.21658231608655087,1,0.5745600592718029,0.8290305093928168
2022-11-14,0.052336267176182706,0,0,4.659165441867304,9.0,-0.14675013948600563,1,0.07226104171125133,0.12595265415602752
2022-11-15,0.03356436883509308,0,0,4.994950742556923,9.0,-0.008484890405342959,1,0.08440997286115694,0.1424128032047455
2022-11-16,-0.017677747089685693,0,0,2.0796432046028333,9.0,4.95757317977786,0,18313069.28102996,43396036970.73228
2022-11-17,-0.007493790272797705,0,0,7.866798347388529,9.0,-0.03352774208476603,1,0.06380976895352587,0.10269399194771102
2022-11-18,-0.03443485811610522,0,0,4.888011080363838,9.0,-0.181481062109858,1,0.09213867696156683,0.15519006420243744
2022-11-21,-0.03342439551727837,0,0,10.770782713707383,9.0,-0.5812118560875912,1,0.11832201742682305,0.17215063320763427
2022-11-22,-0.049036169381510314,0,0,3.813664806263826,9.0,-0.17406892108971533,0,0.08457349088149906,0.14564729867650025
2022-11-23,-0.04515656701678402,0,0,10.88834633863337,9.0,-0.3587762364809871,1,0.35428388611957123,0.43835163363252955
2022-11-24,0.003433900847915608,0,0,4.422965274510738,9.0,-0.16918503839293553,1,0.07282092040134047,0.12731535435546834
2022-11-25,0.0039100734078428186,0,0,5.291591954840174,9.0,0.17857215512307492,1,0.07625763773065589,0.13276524209204332
2022-11-28,0.08011775176197365,0,0,5.061075983445358,9.0,-0.2252026979742447,0,0.08528619693737666,0.13996930862481655
2022-11-29,-0.014512726371564491,1,0,2.416704892306382,,,0,,
2022-11-30,-0.06171018112886809,0,0,10.480260949347095,9.0,-0.11524243574783698,1,0.3911085124617555,0.5419925588619801
2022-12-01,-0.03661962854917669,0,0,10.31306961799518,9.0,-0.11042920956268476,1,0.37603609372039054,0.5329506467877052
2022-12-02,-0.04010820363067079,0,0,2.05,9.0,-1.052386625244241,1,595323209.7329744,752127818.8320308
2022-12-05,0.08495434845065138,0,0,3.964292483443407,9.0,0.03657657758284309,1,0.06478960243344294,0.12002654322402555
2022-12-06,0.06619377695151278,0,0,3.784500320659105,9.0,0.00892464735955697,0,0.09025460540273537,0.1433035079000424
2022-12-07,0.022743455231331214,0,0,3.8886688176857813,9.0,-0.3882695497506333,1,0.10773580038581959,0.16243856023215617
2022-12-08,-0.017345331461773847,0,0,3.9320102116181044,9.0,-0.3682199398804078,1,0.0984399962296044,0.15119437115747777
2022-12-09,0.023937313143926636,0,0,9.058224983849446,9.0,-0.14145528289154027,1,0.36636444734844203,0.49786747803353143
2022-12-12,0.09080036432649675,0,0,6.42824855997443,9.0,-0.30213863876953023,0,0.4893140532411131,0.7115095586160375
2022-12-13,-0.10314075891951337,0,0,11.965771378417216,9.0,-0.13968508748837305,1,0.3770998062044614,0.5470290851201056
2022-12-14,-0.06456808550659575,0,0,4.91043865813319,9.0,-0.3318643297092992,1,0.08076684224593439,0.13210793461014908
2022-12-15,0.07690848009961254,0,0,3.607705498816862,9.0,0.07382579691782712,1,0.058258730022580495,0.10146996021933806
2022-12-16,-0.009240989853729672,0,0,4.411790343726756,9.0,-0.6107937614932748,1,0.12739952230121665,0.1748279399275208
2022-12-19,-0.008881053043960481,0,0,4.719472412836038,9.0,-0.3931943489547617,0,0.09860345306227575,0.14674993822728005
2022-12-20,-0.04283114800334995,0,0,11.973842949087887,9.0,-0.24260290439320215,1,0.3329568982193774,0.46979881679910074
2022-12-21,-0.06789610683241719,0,0,2.06250865014461,9.0,-0.1883844944888262,0,-0.032891486379922445,-0.032891486379922445
2022-12-22,0.09045172358827193,0,0,10.813229623543787,9.0,-0.24430824840583584,0,1.8236969680860418,2.6137638820823965
2022-12-23,-0.05136516530740935,0,0,12.007615075607065,9.0,0.2406187578727581,1,1.8482259881882237,2.6853782705708893
2022-12-27,0.0366927333593894,0,0,13.285338508929442,9.0,-0.039599148191357555,1,1.9201876351306408,2.405243323665492
2022-12-28,0.02238047283199198,0,0,9.319116409971665,9.0,-0.49421465003486953,1,0.09545371657543114,0.1384551604039871
2022-12-29,-0.03212759107788949,0,0,7.0770085197963235,9.0,-0.47774435775211044,0,0.08966801225375035,0.13166267270567433
2022-12-30,0.010670479345666523,0,0,8.728760847333856,9.0,-0.5085908352661765,0,0.0898075745737249,0.12997478187660996
2023-01-03,0.05520809501192617,0,0,107.77352039862814,9.0,-1.7950003580653946,1,0.09145873254838616,0.10569382703816635
2023-01-04,-0.039640015021823495,0,0,196.19339861743853,9.0,-1.4390455861829947,1,0.11627335670674256,0.1386342884429511
2023-01-05,0.020239053771926866,0,0,138.14048456245058,9.0,-1.9407339448676484,1,0.09640751940242395,0.10996097220844994
2023-01-06,-0.06104211768233191,0,0,235.00129450462669,9.0,-1.67835368686732,1,0.09779995369287009,0.1145859239242618
2023-01-09,0.03898405476855347,0,0,163.78170823495162,9.0,-1.709641486941325,1,0.10345507588275601,0.12075825136573372
2023-01-10,-0.0653581559906153,0,0,215.46155228306307,9.0,-1.5027817231190346,1,0.10387106521373937,0.12465415623062412
2023-01-11,0.024479264084779847,0,0,16.47105913999841,9.0,-0.23502329719696963,0,3.0263850589739807,4.020049469577185
2023-01-12,-0.11334765182162222,0,0,200.19248812043472,9.0,-0.39333858807779276,1,0.08363931159121546,0.11093244505712092
2023-01-13,-0.02582176816848157,0,0,2.2011078775722885,9.0,-0.540961890707753,1,2.7187255554314624e+154,3.7498866877008617e+154
2023-01-16,0.06027193901888998,0,0,2.0820197499143887,9.0,0.7426818573081847,0,0.07136465442153042,0.15584202486333412
2023-01-17,-0.006692431671038407,0,0,285.1406997667749,9.0,-0.5407678031178094,1,0.08930550371690923,0.11733361312932948
2023-01-18,0.04938030877198296,0,0,155.24498982601153,9.0,-0.4254826021540062,1,0.08414785792538716,0.11004197882390397
2023-01-19,0.008810629682154906,0,0,197.3236799692519,9.0,-2.1756839032261475,1,0.09036828262846608,0.09775548573885516
2023-01-20,-0.03319601316936929,0,0,413.3493473064679,9.0,-1.9303428571058758,1,0.08656333582256012,0.09456778891029265
2023-01-23,-0.0020171464227399655,0,0,499.7283963009392,9.0,-1.9438934784437902,1,0.08348452140411751,0.0913356779416071
2023-01-24,-0.03127658167672371,0,0,217.1484996589878,9.0,-1.5469705574737491,1,0.07485034259793448,0.08414476215494815
2023-01-25,-0.006269613013595485,0,0,213.40809844467074,9.0,-1.9447033218084966,1,0.07761367555571992,0.08477173352633724
2023-01-26,-0.018514149564143226,0,0,202.3296331228629,9.0,-1.7037886314237425,1,0.06973275734770741,0.07782821392365095
2023-01-27,-0.011815389870590904,0,0,244.55377452149537,9.0,-1.7893307769250517,1,0.06782059479408871,0.07557459422166418
2023-01-30,0.07441663794828605,0,0,188.86657927248257,9.0,-1.7038776340552695,1,0.060969983695772,0.06944657049698752
2023-01-31,-0.02745469846440994,0,0,381.09943023437626,9.0,-1.495509753737473,1,0.07714873801758515,0.08756103681608912
2023-02-01,-0.0821497368979456,0,0,247.90526421139577,9.0,-1.5814734853773482,0,0.08283218319937584,0.09503030430272248
2023-02-02,0.04700318728466044,0,0,252.76239137127288,9.0,-1.5842560521105096,1,0.10289489964321906,0.11743249953657936
2023-02-03,-0.02158745460438366,0,0,33.953057744834986,9.0,-2.672289131256222,1,0.8119396047832784,0.843982482705908
2023-02-06,0.05827920153773509,0,0,2.1086289968769116,9.0,-1.4857941976932854,0,0.08352710438117271,0.0980214459680468
2023-02-07,-0.04043606797015094,0,0,12.979376418784756,9.0,-1.9984507719255027,1,-0.007306768613549052,-0.007306768613549052
2023-02-08,0.050676812869171896,0,0,18.32745569875707,9.0,-1.6964766620786742,0,-0.011936955535750946,-0.011936955535750946
2023-02-09,0.05355766711912315,0,0,2.05,9.0,-0.32337917786549375,0,0.07694738650566184,0.12492883750656204
2023-02-10,-0.008729444376650566,0,0,2.05000006011999,9.0,-1.363671759195713,0,0.07372780938801873,0.08184329852090304
2023-02-13,-0.009297840410428365,0,0,17.148514324369092,9.0,-0.04488852587533502,1,-0.005311048204226404,-0.0053080427863017275
2023-02-14,-0.07289850795004778,0,0,17.691701594724996,9.0,0.2056830598590888,0,-0.007639639091513306,-0.007639065762354158
2023-02-15,-0.03662229397979444,0,0,12.961206303648312,9.0,-0.6757347628150914,1,0.7791919077010051,0.8888707041545456
2023-02-16,0.10112776327554886,0,0,2.53150890531779,9.0,-0.5392899812689406,0,-0.008285599042188816,-0.008285599042188816
2023-02-17,-0.007464578079045992,0,0,96.67870779609906,9.0,-1.9564345238311094,0,0.09536216773124728,0.10549551860848375
2023-02-20,0.05868350182809021,0,0,22.82783777390675,9.0,-2.2204174192955994,0,0.09610663374048144,0.10499959423500577
2023-02-21,0.07441073231952501,0,0,19.310381292872375,9.0,-2.069628410701159,0,-0.020877564471682666,-0.020877564471682666
2023-02-22,-0.025687860636912356,0,0,13.120587245078653,9.0,-1.6735824771960641,1,0.525791497834215,0.5731944428052721
2023-02-23,-0.05297116695568589,0,0,18.944948917457335,9.0,-2.530899524592,1,-0.0024363226175983118,-0.0024363226175983118
2023-02-24,0.024761835106176064,0,0,32.48462300337466,9.0,-0.2542964874959227,1,-0.004436721450573875,-0.004436721450573875
2023-02-27,-0.03379016918012106,0,0,13.391465384478865,9.0,-0.44273982377673504,1,0.9207888955427143,1.0778434895797204
2023-02-28,-0.012004946096823375,0,0,91.96310527651988,9.0,-1.2411925610869283,0,0.09778544530054767,0.11080460205264163
2023-03-01,-0.005813969865419845,0,0,17.725064241223112,9.0,0.19884654002516286,1,0.8851742518775683,1.1874938840820901
2023-03-02,-0.04930049844945412,0,0,16.41201861314209,9.0,-0.525858880872892,0,-0.007639923911379016,-0.007638300215966488
2023-03-03,-0.05778918655741601,0,0,23.828794907904925,9.0,-0.10824161955818055,1,0.006073738634880421,0.007844350050080332
2023-03-06,0.006469025255125947,0,0,16.46331558691372,9.0,0.23225865066965629,1,0.20475871504435378,0.26626762695504164
2023-03-07,0.051320161302290085,0,0,19.61843411448897,9.0,0.06513393365349725,1,0.06774463405500296,0.09604059433404834
2023-03-08,-0.024807473704267727,0,0,35.38159228003009,9.0,0.4695472257910836,1,0.17490263715782742,0.23849468104816482
2023-03-09,0.1681805280376968,0,0,499.7678135609158,9.0,-1.7993715953201292,1,0.08860224106089236,0.09770708138836076
2023-03-10,0.09245136688105814,0,0,17.361383321784604,9.0,-0.2777316289942014,1,0.13695260045306448,0.2017420105898781
2023-03-13,0.06705551214672525,0,0,14.370596947201214,9.0,-0.0156437847634236,0,0.12561598031678367,0.19650933323109018
2023-03-14,-0.11115909486998951,0,0,147.33296249825844,9.0,0.27339476824251463,1,0.09018034401377277,0.1308030458581204
2023-03-15,0.0967266377484037,0,0,133.39696154437203,9.0,0.1891011382413622,1,0.10013978882760466,0.14299054944962958
2023-03-16,-0.12840736942098585,0,0,13.83721977748287,9.0,-1.2771357350205423,1,-0.006059989501406884,-0.006059989501406884
2023-03-17,0.10401119337862991,0,0,13.321510934502674,9.0,-0.48028055722852714,1,0.015542260492839736,0.015542260492839736
2023-03-20,-0.054786152055138496,0,0,204.01001618594512,9.0,0.1392051768705958,1,0.0979800267989079,0.15097551546361665
2023-03-21,-0.12182847450168245,0,0,291.9462025862016,9.0,0.37034490937389464,1,0.1069884462253516,0.14932454771519166
2023-03-22,0.040335440250499795,0,0,15.311288381142608,9.0,-0.5315470233534167,1,0.8604148905236951,1.0136356937702344
2023-03-23,0.015600940442479592,0,0,160.17277181463132,9.0,1.064516647196764,1,0.4074495734017302,1.2720416192748274
2023-03-24,-0.03923840459681518,0,0,175.49907142008746,9.0,0.3853892982539142,1,0.55669446928405,0.673400975362639
2023-03-27,-0.05386280589752779,0,0,104.20231659628301,9.0,-1.1860252869123116,0,0.1702113924400544,0.18850709718460176
2023-03-28,-0.03105992836781172,1,0,96.60278741711981,,,0,,
2023-03-29,-0.043496239804468546,0,0,2.0503654575736614,9.0,0.04545420579411966,0,5159.86516029789,7287.51442230406
2023-03-30,-0.005243850506011036,1,0,2.5289952854463644,,,1,,
2023-03-31,-0.016967533256703315,0,0,16.040159340285754,9.0,-1.4103681390030813,1,0.024908860743727553,0.027448380245246252
2023-04-03,-0.008053734807096714,0,0,161.68011742711076,9.0,0.3458681895911301,0,0.07785808837207567,0.1101027453411324
2023-04-04,0.023969190112996187,0,0,27.423395534506906,9.0,-1.3062690205719765,0,0.004423554195948935,0.004423554195948935
2023-04-05,0.004201686853699977,0,0,150.56041435584345,9.0,0.07025115527739734,1,0.07424257592148183,0.11411076747789776
2023-04-06,-0.03629000140520049,0,0,2.0500000002969574,9.0,7.916165574725682,1,10251064755.875755,2537184682574995.0
2023-04-10,0.030508119331982917,0,0,16.833250723957057,9.0,-0.7487964834310092,1,0.008781137989993028,0.008781137989993028
2023-04-11,0.006829551105661417,0,0,7.662217752911028,9.0,0.5835401258127084,0,0.06374130866546746,0.10850124596669711
2023-04-12,-0.000523697314927982,0,0,16.16811054012982,9.0,-1.7621058487026415,1,0.33815808469922615,0.3690680932695425
2023-04-13,-0.06996618043961672,0,0,13.873898723693129,9.0,-1.4214563583011302,1,0.2742644211788259,0.31008048339475736
2023-04-14,-0.04187592049169022,0,0,14.649447001906756,9.0,0.2245400988982363,0,0.10224798354455678,0.1524243622446035
2023-04-17,-0.007054702979890038,0,0,2.272673101605639,9.0,0.5304179247190474,0,0.08424162765269085,0.1452657636494598
2023-04-18,-0.007104825623744683,0,0,18.710241142169618,9.0,-0.6337121399709751,0,0.4856361050642144,0.5905049923280268
2023-04-19,-0.02222981295379072,0,0,38.14523534101744,9.0,-1.3606494655055457,1,0.001023939589928339,0.0010239395899283579
2023-04-20,0.042230479660460396,0,0,15.205385907028985,9.0,0.35033629139299793,1,0.060897116167546256,0.10209118593083115
2023-04-21,-0.023572099074266828,0,0,14.372967089779042,9.0,-1.73687754837792,0,0.44682120712758766,0.5014142334697721
2023-04-24,0.007130154984591269,0,0,2.3557662255056027,9.0,0.18222222348831785,0,0.09554779861065449,0.18731987290580343
2023-04-25,0.10500521275836998,0,0,13.446008159042258,9.0,-1.9298151544703988,0,0.1327716266901712,0.14972196773644098
2023-04-26,0.00425532557013827,0,0,10.839385681926764,9.0,-1.2732405526419268,0,-0.02411042753016062,-0.022999897529921976
2023-04-27,-0.10100577447362,0,0,36.009694034254764,9.0,-1.3737535087688335,1,-0.010916615517986727,-0.010916615517986727
2023-04-28,-0.07623317925686887,1,0,2.2277021313919754,,,0,,
2023-05-01,0.01883294833309196,0,0,89.28652202563134,9.0,1.3236998662546227,0,0.10843384411636268,0.3844567909777918
2023-05-02,0.1004979663349383,0,0,5.900365126219352,9.0,0.498807141521565,0,0.06904523784699941,0.12459710919799324
2023-05-03,0.031010236742560218,0,0,12.60946027427011,9.0,-1.8224020832127774,0,8.497038588134336,9.610896905303573
2023-05-04,0.09113771199852436,0,0,2.2263022806830004,9.0,0.5757408673396145,0,1.2462803654670558,1.718471345844145
2023-05-05,-0.15589435943208504,0,0,12.360177775208303,9.0,-1.5419989602789996,1,0.5213957264416059,0.6047920065844036
2023-05-08,-0.012291638511556624,0,0,138.0981607692633,9.0,-1.4696790297782711,1,0.1074341186292904,0.12792569926643996
2023-05-09,0.042093270911541,0,0,2.495976665317182,9.0,0.9602067411995431,0,18.449491328392224,138.31612106202874
2023-05-10,-0.04445176257083381,0,0,2.0917444692338245,9.0,0.06228195161246816,0,0.1485323506756896,0.23668556402235247
2023-05-11,-0.0005904930788644328,0,0,16.682375377960216,9.0,-0.08214081610393695,0,0.24778130242291252,0.34969787466650637
2023-05-12,0.005889298529552946,0,0,18.413509429771068,9.0,0.03265772267413107,0,0.2823711148088401,0.40609752689585266
2023-05-15,0.00527087603899908,0,0,14.228353650240479,9.0,0.5840358761811613,1,0.24865306799349796,0.3867747067218742
2023-05-16,0.04956867724884546,0,0,17.640418760436837,9.0,-0.4842200962383918,0,0.4766879285859797,0.57787244519685
2023-05-17,-0.06427915140456468,0,0,17.258106883217376,9.0,-1.5755298719209132,0,0.17347970005807503,0.2113498420368397
2023-05-18,-0.049828046981852114,0,0,12.787269035395243,9.0,-0.13593384424110555,1,0.3622217300256758,0.48351273144374723
2023-05-19,0.046265097844499205,0,0,49.77698387126035,9.0,-1.15420109960295,1,0.09895291203787814,0.12654956599522552
2023-05-22,0.023516662802923874,0,0,33.14800313972867,9.0,-0.24596124075613324,1,0.0884045233780774,0.13774010364650338
2023-05-23,0.0739004300738204,0,0,32.24627394463499,9.0,-1.3459483670588615,1,0.13902692502839734,0.17586136745431152
2023-05-24,0.07784010938045849,0,0,175.12403455133696,9.0,-1.9019095338525054,1,0.16948479048890724,0.1984571272513655
2023-05-25,-0.04545076365291869,0,0,126.88016459025076,9.0,-1.5789828872537064,1,0.19274376842249108,0.23411402915154064
2023-05-26,-0.06419027109052033,0,0,22.800046709047553,9.0,-2.7699707809822716,1,0.5931481921027352,0.627589113005757
2023-05-29,-0.02767756452283163,0,0,147.3904447560054,9.0,-0.5428490034408694,1,0.11059457481384874,0.15312261666999274
2023-05-30,0.0,0,0,19.09681881157834,9.0,-0.10848813975674734,0,0.29288927778832075,0.37071211155562467
2023-05-31,0.027120306219194035,0,0,27.5804749275995,9.0,-2.703358792568334,1,0.43599710091645627,0.462001352157967
2023-06-01,-0.1365619396444879,0,0,15.810804744201711,9.0,-0.2909866707984038,1,0.20563360756236984,0.2463924360696158
2023-06-02,-0.06944938827187157,0,0,2.057163902787977,9.0,-0.45571140318832626,0,1.125751824144672e+17,1.3500823120029894e+17
2023-06-05,0.008864701760248249,0,0,2.05,9.0,-0.037296037445743564,1,0.10674564484262733,0.1801152389797151
2023-06-06,-0.053690133140312506,0,0,2.1398685326539355,9.0,-0.15249104020784193,0,0.9284311779875558,1.5412242706176684
2023-06-07,-0.0014336920018486968,0,0,131.36159091023652,9.0,0.3317804299162306,0,0.021414011185008228,0.026745654621394527
2023-06-08,-0.021022883701409038,0,0,2.520680181653414,9.0,-2.888999137200303,0,0.1611787486943161,0.17521475916060475
2023-06-09,0.013100624045698056,0,0,13.340029120341663,9.0,-0.13180088622036273,1,0.12147276673945347,0.1526124430113122
2023-06-12,0.0818764999687037,0,0,26.577359960319132,9.0,-0.18504310565332827,1,0.12033348617476225,0.15006932289152736
2023-06-13,-0.02701041988276246,0,0,30.47115019949664,9.0,-0.15419565347562525,1,0.1280986020810345,0.16640115504667843
2023-06-14,-0.05125727068394961,0,0,60.203329355825154,9.0,-1.5550047469485935,0,1.1776629247206697e+160,1.6967353138148613e+160
2023-06-15,0.04369969434787028,1,0,21.819080603682377,,,1,,
2023-06-16,-0.06850038194239982,0,0,2.2017571495359696,9.0,0.1566068316677185,0,0.10591094922277086,0.21040267060404488
2023-06-19,0.04688922368782249,0,0,18.95374554460589,9.0,-1.8796335556887356,1,0.2157091101868553,0.23951729718222303
2023-06-20,-0.022088536093292723,0,0,7.383970579684082,9.0,-0.47746324879687574,0,0.11292192358054345,0.17173667726962272
2023-06-21,-0.05023212548633336,0,0,58.229322069991056,9.0,-2.1683473228325414,0,0.11506113919393503,0.1239031363648837
2023-06-22,-0.02221462473377393,0,0,2.0500051988527828,9.0,0.006357056793282107,0,1.350106072590717e+58,3.7268054011850646e+58
2023-06-23,0.04023313023645233,0,0,12.980551868338894,9.0,0.3090128352320489,1,0.020595379054318227,0.0268378268562023
2023-06-26,0.058521571619656106,0,0,12.936196016214453,9.0,-2.1282777819413834,0,0.16043972864002998,0.17675674135827812
2023-06-27,-0.0364456199204562,0,0,50.35486423768626,9.0,-0.29412501065466506,1,0.1097310588793274,0.14148491262435126
2023-06-28,-0.022820276259057148,0,0,12.539282921320336,9.0,0.1429988255680562,0,0.10097526852607007,0.1723145177370688
2023-06-29,0.008157256948982694,0,0,16.646857638222198,9.0,-1.3923981328845279,0,0.13184479315946684,0.15523621775963936
2023-06-30,0.0036859606789235557,0,0,2.363491057320565,9.0,-1.4219553846578774,0,0.126135699146243,0.15907263543536232
2023-07-03,-0.0014727543162745406,0,0,2.0501327139667422,9.0,-1.1994778623965359,0,0.3869903660146516,0.5480834211211686
2023-07-04,0.0095343589873013,0,0,2.05,9.0,-0.5334448994767422,0,0.10106552238906948,0.1555377226797801
2023-07-05,0.03443668826990234,0,0,2.492044069922303,9.0,-0.003698846543031911,0,0.09715654126418989,0.144919465738194
2023-07-06,0.08512902349264875,0,0,15.867119540664449,9.0,2.385509020869125,0,0.026349929132319847,3.7684015130923934
2023-07-07,-0.0403093884467893,0,0,2.05,9.0,-0.08869779149249638,0,0.12276717830652346,0.2111158343722434
2023-07-10,0.016053856488563476,0,0,13.84509597546933,9.0,-0.3488482959965419,1,0.36097254270994306,0.5023395542062652
2023-07-11,-0.015379774899169734,0,0,2.0500000001595367,9.0,2.1918556954143416,0,2487783.7663032413,65459336.71282778
2023-07-12,-0.09167797025510549,0,0,16.059570837973453,9.0,-3.0383248311785254,1,0.6843351279978692,0.7183095782450445
2023-07-13,0.005156549179245798,0,0,2.1213172886535294,9.0,0.4230546332283641,0,0.029018837657299547,0.07101714696213719
2023-07-14,-0.02003777617589701,0,1,196.10814987694113,9.0,,1,,
2023-07-17,0.010440064996683422,0,0,166.59120433236023,9.0,-1.5427992863652702,1,0.06017519898293495,0.07095093692679505
2023-07-18,-0.013443070256452855,0,0,132.24435727362,9.0,-1.8453362564856142,1,0.07812933115403502,0.09030730362068773
2023-07-19,0.03400179727748938,0,0,129.3137145699989,9.0,-1.7339584930488314,1,0.06685531430209336,0.07715386464101737
2023-07-20,0.01657695617219218,0,0,47.8118261497225,9.0,-1.4566521773828005,1,0.09402433799087513,0.11505214521251744
2023-07-21,-0.028272995935383502,0,0,205.54796732852554,9.0,-1.6975375268646866,1,0.10467342876032136,0.12099196150626733
2023-07-24,0.022538213193345355,0,0,29.469331346809607,9.0,-1.5347923232460556,1,0.09546057466057503,0.11525944067370014
2023-07-25,-0.003601012173594454,0,0,101.46681322995732,9.0,-1.6032654129465873,1,0.10083369694278298,0.11848664933655251
2023-07-26,-0.049548027032533956,0,0,138.31061349786484,9.0,-1.4154120075329673,1,0.08268789718162223,0.09839432548190702
2023-07-27,0.0884634432822076,0,0,227.60998157877694,9.0,-1.4239867572138891,1,0.05681531426150313,0.0691786376182869
2023-07-28,-0.07790527582081341,0,0,166.46276258223716,9.0,-1.579986656020949,1,0.1570314532788116,0.1830507954732504
2023-07-31,0.02225611151782399,0,0,105.61085819079625,9.0,-1.6636223332637328,1,0.10080962323150838,0.11999403246220425
2023-08-01,0.021771542083272966,0,0,32.30187586119087,9.0,-1.4563028384638,1,0.11552702586523517,0.13810231058812789
2023-08-02,0.14415317321257748,0,0,24.192731401385977,9.0,-1.5633803774606565,1,0.11307820650574975,0.13345487817553833
2023-08-03,-0.010621780588054892,0,0,18.079425140221133,9.0,-2.9586068756104287,1,0.26118654883798065,0.27778495722411434
2023-08-04,0.07150228309237722,0,0,20.338383599180588,9.0,-1.7290364091568595,1,0.15595309567435678,0.18149887559994526
2023-08-07,-0.0809690625336672,0,0,31.857583609310442,9.0,-1.81502468129333,1,0.17499892514780688,0.20094905086758114
2023-08-08,0.013854125870915812,0,0,58.43871518952162,9.0,-1.566994037501137,1,0.10384937060027129,0.12379101886912135
2023-08-09,-0.0018779348242000977,0,0,69.69516373980699,9.0,-1.4582500698739214,1,0.11267952898318245,0.13437022225772285
2023-08-10,-0.006916091698373156,0,0,61.737381198551155,9.0,-1.752493528378325,1,0.11288169126759197,0.1307090489397372
2023-08-11,-0.0658432625840552,0,0,14.160333356010948,9.0,-1.7553944129692851,1,0.3831962630084639,0.4542478346497005
2023-08-14,-0.0013486178712935292,0,0,149.90388319608743,9.0,-1.3489449344918247,1,0.07012922444588728,0.08552675627631358
2023-08-15,0.10495557538098287,0,0,90.59971864383415,9.0,-1.5450481521392985,1,0.08874699671248255,0.1048978864265742
2023-08-16,0.019254505790136305,0,0,45.116927846185895,9.0,-1.6466411371720602,1,0.14433629682621832,0.16803337731700826
2023-08-17,0.06405419648156757,0,0,2.1748733974985677,9.0,-1.3201152701911858,0,0.14592340882527083,0.1799862920646904
2023-08-18,-0.03353539601689448,1,0,2.314063511816386,,,1,,
2023-08-21,-0.009875189167704858,0,0,17.33965319409712,9.0,-2.602347752634189,0,0.14382845762702826,0.156846187100686
2023-08-22,-0.009384233089893593,0,0,18.624958891131083,9.0,0.6436392766209988,0,0.34750393542884267,0.5835324059420618
2023-08-23,-0.06010913890800619,0,0,2.05,9.0,0.12846289433310476,0,0.12377940688721666,0.20481875489317808
2023-08-24,0.07357144348127877,0,0,2.050000002228877,9.0,0.19625501084871178,1,22880301449.396637,34206533235.026386
2023-08-25,-0.09252336889714552,0,0,18.629155249630678,9.0,-0.627560743730691,0,0.004328081939627464,0.004328081939627464
2023-08-28,-0.03901665234245173,0,0,52.87907235395821,9.0,-0.27751631260544474,1,0.8533777302402177,1.2376404476271485
2023-08-29,-0.04267494802136891,0,0,23.530948131489712,9.0,-0.16130767487191475,0,-0.0002322469855789546,-0.0002322469855789546
2023-08-30,-0.04024545947978266,0,0,22.68118025929546,9.0,-0.23598339723118353,1,1.8077888549094598,2.446653325863009
2023-08-31,-0.022587481231880674,0,0,55.64153972963784,9.0,-1.5593935788860225,0,0.07375557427688323,0.08570766457736706
2023-09-01,-0.03601289392496924,0,0,32.45212122221995,9.0,-0.26485055156574683,0,0.050296743722349636,0.06951265681555416
2023-09-04,0.05426823841771534,0,0,190.35193186646322,9.0,-0.3355734543947878,1,0.044903448584046386,0.06273740574034141
2023-09-05,0.013654542009391774,0,0,12.16542558806582,9.0,-0.5294424080464711,1,0.09786937919017275,0.12803514862449078
2023-09-06,0.030923054209525402,0,0,13.358056615330884,9.0,-0.3493701197896299,1,1.193990857120965,1.6471150159765588
2023-09-07,-0.0034662079764861725,0,0,13.631359365122167,9.0,-1.3914991983444476,1,-0.00922420156981283,-0.00922420156981283
2023-09-08,-0.039665256392431514,0,0,12.904400057612442,9.0,-1.264720972367368,1,0.11143913009474937,0.13669614632672825
2023-09-11,-0.0028943580263644146,0,0,6.606739639312554,9.0,-0.059433904425661245,0,0.08186394796673258,0.11797474639318983
2023-09-12,0.030683819938602,0,0,25.05524829219269,9.0,0.9064979341354448,0,0.0811500853755567,0.12020317203179298
2023-09-13,-0.05414530661760005,0,0,37.1876180282032,9.0,-0.5180553269435015,0,0.007205600945004511,0.010391523297526286
2023-09-14,-0.050200653991636965,1,0,2.0610791403596926,,,1,,
2023-09-15,0.07293724031268635,0,0,20.973303533440045,9.0,0.053155445764508875,0,-0.0020439960578171727,-0.0020439960578171727
2023-09-18,0.015113637810048325,0,0,15.511608997386901,9.0,-0.2580828147095484,0,-7.191376347424503e-05,-7.191376347424503e-05
2023-09-19,0.007826436249463949,0,0,2.0500000144117694,9.0,1.2114461948866877,0,20189724300.464344,43957944551.92005
2023-09-20,0.07045648214458013,0,0,23.161097085167015,9.0,-0.4203980290634116,1,0.004292493505832055,0.00429250002145035
2023-09-21,0.14714373893473426,0,0,25.37052622387753,9.0,-0.11804002004206374,0,0.08392300913707305,0.11309421148825596
2023-09-22,-0.019574603124629636,1,0,2.3590487311550397,,,0,,
2023-09-25,-0.0175957618903796,0,0,2.157007647924312,9.0,-2.068470772622411,1,21.768634776997583,21.768634776997583
2023-09-26,0.11396246582890447,0,0,15.250466376811929,9.0,-0.009253055929375512,0,-0.003718259849245291,-0.003718259849245291
2023-09-27,-0.03875619592612001,0,0,2.404197605990154,9.0,-0.47133121091758057,0,-0.01660459629380623,-0.016604595212050398
2023-09-28,-0.04950392047941636,0,0,2.0507825176956427,9.0,1.500194869947278,1,0.07127931557612152,0.4827072767582512
2023-09-29,0.010327114155849524,0,0,14.220329998927546,9.0,-2.0659346398094804,1,-0.0018949680162920436,-0.0018949680162920436
2023-10-02,0.005123836999869466,0,0,14.03425492112948,9.0,-1.433571130903735,1,-0.0013145943852622547,-0.0013145943852622547
2023-10-03,0.11620440368645146,0,0,6.391930479369278,9.0,0.12724946337268084,0,0.09610895009323399,0.14704172710549557
2023-10-04,-0.06258559280887373,0,0,2.1620905221043794,9.0,-0.5154961421517799,0,0.08247610961510823,0.1232136570815015
2023-10-05,-0.004855687986659007,0,0,2.1766373809423776,9.0,-1.5646608356100016,0,0.1577325770900118,0.18773987465748398
2023-10-06,-0.05789039675059722,0,0,12.28604237601651,9.0,-1.647104476759464,1,0.3142203884355952,0.3584018751499004
2023-10-09,0.01422499093134726,0,0,2.4557331899346733,9.0,-0.14876045079150685,0,0.09281427677878291,0.14356358838394231
2023-10-10,-0.038588144905186424,0,0,12.927348297329916,9.0,-2.5140688180781065e-09,0,0.09466761838102081,0.1436604050469315
2023-10-11,-0.056778533670305185,0,0,48.95898998484735,9.0,-2.4330876147593914,0,0.1702910638442388,0.1868138707896149
2023-10-12,0.036611776669451875,0,0,12.470190388915324,9.0,-1.485327413400515,1,0.013962544133666942,0.014992697597361914
2023-10-13,0.14633109111062817,1,0,2.158322329040257,,,1,,
2023-10-16,-0.11565021856092388,0,0,36.885855973146775,9.0,-1.516640585523095,0,-0.019339829742931584,-0.019339829742931584
2023-10-17,0.03819215952191995,0,0,12.02345604978968,9.0,-1.6333339430206828,0,0.023061058244378443,0.023061058244378443
2023-10-18,0.07226863379677836,0,0,4.487883808137541,9.0,-1.4238757952697123,0,0.14121290364693992,0.1678606081096982
2023-10-19,0.10743951848565934,1,0,11.143383486472482,,,0,,
2023-10-20,0.014382061862394739,0,0,4.908867439893178,9.0,0.0873320661826933,0,-0.0013483737582914979,0.005537942631023687
2023-10-23,-0.06370975365148605,0,0,2.050000764488815,9.0,2.571595541947422,0,0.3149654194323982,6.680821293439992
2023-10-24,-0.0712044462917917,0,0,2.243739085364384,9.0,-1.8935795234702688,0,0.10991325857649523,0.12144977784083882
2023-10-25,0.06232864837782349,0,0,12.436736123839747,9.0,-1.6897978633337878,1,5.273825169112567,5.953575151115238
2023-10-26,0.02397961731548217,0,0,308.7243541917078,9.0,-1.8344281506839284,1,0.13997502550662488,0.15481425627596002
2023-10-27,0.02813057957191744,0,0,2.05,9.0,-1.644740611504302,0,0.13086754129066633,0.15272222897680102
2023-10-30,-0.07414413786501495,0,0,5.9382622282344375,9.0,-2.045793199141791,0,0.13102729051208506,0.14649384832771617
2023-10-31,-0.08503404666014028,0,0,3.862618359312196,9.0,-1.3605443521659883,1,1.2725647114260088,1.5070732109951883
2023-11-01,-0.07258254812911362,0,0,3.1629065711592164,9.0,-1.6769378958716885,0,18.250064959655322,20.649246095796403
2023-11-02,-0.07442720599521997,0,0,23.31973033026326,9.0,-1.3149585564537665,0,2.930809264107038,3.4181774612153593
2023-11-03,-0.04907756178600995,0,0,248.96466268907244,9.0,-1.4793033782330935,1,0.10196374611769672,0.11801667920127297
2023-11-06,-0.0013422820807294047,0,0,2.05,9.0,-1.2603744016998912,0,3.2618549097263738e+109,4.140177672585477e+109
2023-11-07,-0.005387218416210156,0,0,2.5056392525410867,9.0,-0.319508972049911,0,0.09561561670100625,0.14243675146092113
2023-11-08,-0.024608213721266342,0,0,15.852251629793084,9.0,-1.6347884386279288,0,0.13483286622870344,0.16215163161981433
2023-11-09,0.05650460538252977,0,0,6.411916782635948,9.0,-1.4982084105990432,0,0.11119901398192024,0.12684655431452013
2023-11-10,-0.07607196623838183,0,0,25.827241202815262,9.0,-0.1043597476689784,0,0.9076223707423958,1.1596474791956366
2023-11-13,0.040793765469737425,0,0,13.18254054972877,9.0,-0.2697086952314437,0,2.327407113210311,3.093358028547398
2023-11-14,-0.041499730906752734,0,0,2.1522640013023726,9.0,-1.2224211057139736,0,0.09976475577765395,0.12660107421154565
2023-11-15,0.0014114328384078085,0,0,76.47482415586565,9.0,-2.276035223660594,0,0.09209258433151357,0.10227689577460142
2023-11-16,0.0098246404285181,0,0,27.712509319587173,9.0,-1.1867537615294221,0,0.12183685439899378,0.15323389727355846
2023-11-17,-0.036988569369340536,1,0,2.175749335190106,,,1,,
2023-11-20,-0.028667894869571914,0,0,16.482692313155006,9.0,-0.46035233368979495,1,2.446152309613993,3.1844648914869786
2023-11-21,-0.004484312447328687,0,0,9.90472104005048,9.0,-1.564080280404986,0,0.11255242900065142,0.13011173382528166
2023-11-22,-0.038172573505029714,0,0,5.274203961999101,9.0,-1.4935500760145817,0,0.09136146922939811,0.11091862939071034
2023-11-23,-0.0038986404156571976,0,0,14.419165585457897,9.0,-1.936789841080066,0,3.4617194334796576e+17,3.628976682071724e+17
2023-11-24,-0.02692165756626433,0,0,16.851591598117604,9.0,-0.0008377786102618497,1,1.2168445134576007,1.5827363444121758
2023-11-27,0.018290768366989018,0,0,6.9477590602856925,9.0,-1.7820624820903816,0,0.09896297024633587,0.11533608131818011
2023-11-28,0.0,0,0,15.676376079534007,9.0,0.18919565362164906,1,0.32893860911983536,0.47299856424893405
2023-11-29,0.022595429549647782,0,0,314.32531512890284,9.0,-0.4685357754394909,0,0.068411478444363,0.08793545979843005
2023-11-30,-0.004633212921488143,0,0,2.050000178825805,9.0,-0.0821064135856539,0,128634.91637729015,160957.81195496803
2023-12-01,-0.022701561992055974,0,0,11.910692386518903,9.0,-0.7284104103507425,0,0.4009104664416423,0.4960833956172863
2023-12-04,0.0350094096666528,0,0,14.274589176485456,9.0,-0.4625089864784112,1,0.21600119924212585,0.2781001899884554
2023-12-05,-0.017740534687823863,0,0,118.09565378180106,9.0,-1.522558116946332,1,0.13367050140468584,0.15458954281687504
2023-12-06,0.009295186987123677,0,0,2.0500000003105954,9.0,0.8998402436666888,0,8.861450830773263e+61,2.8114128994778443e+62
2023-12-07,0.00691512551993252,0,0,15.154351430914135,9.0,-0.34337006292228345,1,0.2254144627645708,0.2741314577117425
2023-12-08,-0.05589806077429891,1,0,2.665882420549606,,,0,,
2023-12-11,0.022418873288413573,0,0,16.83481220289032,9.0,-0.2727154461762885,1,0.1980531199782803,0.25187520838199307
2023-12-12,-0.045351901252959605,0,0,12.81776183045952,9.0,-0.0671946272682912,1,0.201247838959788,0.2698427162574788
2023-12-13,0.009892908383739933,0,0,12.710319502315272,9.0,-0.09918446962457522,1,0.19735329095049559,0.2613650910278295
2023-12-14,0.023511419448101614,0,0,14.69021317149127,9.0,0.15466302348563837,0,0.35563460898677485,0.4627987369157126
2023-12-15,-0.016155440222285256,0,0,2.9438099884993045,9.0,1.4887567025957478,0,-0.273671400398779,0.4625677786455067
2023-12-18,0.022545238321056222,0,0,14.703037486840653,9.0,-0.19045725882265252,1,0.4478875728090689,0.6047400628481474
2023-12-19,-0.0023913921320757674,0,0,37.112802149840086,9.0,-0.28504445903747616,1,0.44500196065760356,0.5878691376519687
2023-12-20,0.08707788182788138,0,0,240.09012666047556,9.0,-0.03182012196408279,1,0.056645147197315907,0.08091914611097067
2023-12-21,-0.0014641291048894242,0,0,492.6277597303269,9.0,-1.7274079942506173,1,0.11904484156873625,0.1373160324299027
2023-12-22,-0.04648513049421505,0,0,125.47394764008976,9.0,0.08585588174491976,1,-0.0037926731768984008,-0.0037926714718300066
2023-12-26,-0.0030745604542454607,0,0,293.61711370962917,9.0,-0.6528454665975121,1,0.09790917260665932,0.1244448403955663
2023-12-27,-0.04406692515988841,0,0,214.37813617212424,9.0,-0.4752477455691547,1,0.09003647595716012,0.11741247317365262
2023-12-28,0.003212854169325343,0,0,16.255298153634858,9.0,-0.06861794627534148,1,0.374568005935319,0.4842345052029341
2023-12-29,-0.0016051367812285446,0,0,51.15760747129557,9.0,-0.2833535809119703,0,1.4459112736990993,2.00644712264755
2024-01-02,0.058496206681608626,0,0,27.632272618740725,9.0,0.20347401935041304,0,0.9667189341367197,1.3567388188006821
2024-01-03,0.06169356900533996,0,0,15.094578442007935,9.0,0.2682994394329835,1,0.4963612469139229,0.6899158546931362
2024-01-04,0.0063897980987712094,0,0,2.132356489385739,9.0,-1.6176022614927055,0,0.13940973223955694,0.166929179616467
2024-01-05,-0.05678381185017764,0,0,5.8989801253316525,9.0,-0.37822791305870795,0,0.10132242617613917,0.13948212133711324
2024-01-08,-0.020432038817205855,0,0,191.86911060133022,9.0,0.08190507152647912,0,0.14127036426030892,0.18569771713847288
2024-01-09,-0.024769068112408858,0,0,377.8909149434897,9.0,-1.2898360811690597,0,0.08972701621624962,0.11011519130011486
2024-01-10,-0.005500996190347586,1,0,13.394905800607182,,,0,,
2024-01-11,-0.01989719441526294,0,0,12.495264781321216,9.0,-0.2621056540963689,1,0.34636391613469264,0.4565479298421918
2024-01-12,0.02068490615351211,0,0,2.0814921535382367,9.0,-0.027401978619391035,0,4.95248660299347e+158,1.4642438222112793e+159
2024-01-15,0.042395558967685765,0,0,10.037582133168224,9.0,-1.6313071514031603,0,0.09087502700183324,0.10634938814602979
2024-01-16,0.0435653977572922,0,0,2.05,9.0,-1.4232339149588813,1,3.3889128338887738e+41,3.859340968810146e+41
2024-01-17,0.06638832653318481,0,0,15.980854049296338,9.0,0.06299873606967547,1,0.3521233281474536,0.4690111793692807
2024-01-18,-0.04565108002627221,0,0,2.129489524686622,9.0,-1.626485427816854,1,1.2639646651050018e+158,1.4791740827005663e+158
2024-01-19,-0.06053616146872802,0,0,2.364030374987817,9.0,-1.6060054185981696,0,0.13102940977993394,0.15330996500665117
2024-01-22,-0.008305068498484957,0,0,2.05,9.0,-2.3033450611333084,0,0.12399305457608543,0.14431735053794026
2024-01-23,-0.04973830115143019,0,0,29.740692108357287,9.0,-0.01524999134543864,0,0.28037331532359616,0.37195733674924375
2024-01-24,0.04594034747867161,0,0,15.58216132005153,9.0,0.04241212181081257,1,0.0008152059250904724,0.0014783384080877
2024-01-25,0.02331809299138363,0,0,2.0500000000408742,9.0,-1.7586206149657575,0,57707.16083144519,73020.00125694225
2024-01-26,-0.014227121290131576,0,0,29.19593946443042,9.0,0.42118122860540025,1,-0.0009443305465808966,-0.0009443305465808966
2024-01-29,0.025317807984289786,0,0,9.376744671537024,9.0,0.01336525578391415,0,0.0031255138882922374,0.0031255138882922374
2024-01-30,-0.021554160334985983,0,0,23.984806333988455,9.0,0.014655088861671306,1,-0.0033711241988965478,-0.0033711241988343007
2024-01-31,0.07523430979860975,0,0,29.937123917091725,9.0,0.5029554241529205,0,0.001640474267128589,0.001640474267128589
2024-02-01,-0.033300987126971555,0,0,2.05,9.0,-0.6790727902420928,0,0.09418398293023435,0.13022563968648235
2024-02-02,-0.0021637224453110305,0,0,22.829391460666436,9.0,-0.16665945832605616,1,0.24871089168326216,0.3189609607035328
2024-02-05,-0.013081581897489276,0,0,2.05,9.0,0.8137983052277602,0,4.284168329377121e+150,7.927970151548351e+150
2024-02-06,-0.045649526887573136,0,0,29.02145829156144,9.0,0.18406639185460458,0,-0.002305856647566481,-0.002305856647566481
2024-02-07,-0.017767945220739975,0,0,2.1009528586676094,9.0,-0.08064256718070875,0,0.07269197390522962,0.10444114497565803
2024-02-08,-0.003122563036793828,0,0,21.322137056015784,9.0,-0.7551232257010582,1,-0.0023172228111329077,-0.0023172228111329077
2024-02-09,0.010886577193014899,0,0,11.277646204989487,9.0,0.0969098505903612,0,0.5040986828335139,0.779769698407786
2024-02-12,0.07449459500794824,0,0,18.077061763133138,9.0,-0.3425425283332621,1,1.1253666121725683,1.5435947156645944
2024-02-13,0.12912471253157531,0,0,20.35893892054647,9.0,-0.00955249925355602,0,0.8717074017928857,1.1965362715461632
2024-02-14,-0.09733114803038895,0,0,24.03178449349241,9.0,0.1831941044479141,1,0.9018058820504627,1.3524722203233046
2024-02-15,-0.02606699194398505,0,0,17.818491435661514,9.0,0.05699911331843699,0,3.4523151943666632,4.808210104931414
2024-02-16,0.01628354563491405,0,0,2.0500000000042733,9.0,-0.10885024272956587,0,37.39050998677715,67.50217923142507
2024-02-19,0.03247262862951656,0,0,19.535851117141796,9.0,-0.3859863969035653,0,0.8282570643977568,1.111569956148155
2024-02-20,0.04713783352183722,0,0,28.07415758663609,9.0,-0.43924413289200226,1,4.976038444417375,6.605168194517937
2024-02-21,-0.005201572196073284,1,0,2.1341979379769,,,0,,
2024-02-22,-0.05356032383373688,0,0,2.050000000000005,9.0,0.7362831975131339,0,2.2019991153738936e+16,5.156382651058462e+16
2024-02-23,-0.05586464799279297,0,0,51.54900370080006,9.0,-1.508046421715291,0,0.07382819436239624,0.0879845706989541
2024-02-26,-0.0007275373183769789,0,0,2.05,9.0,1.1176467592581787,0,-0.19900569372740848,5.866449868647185
2024-02-27,-0.022820276259057148,0,0,2.48246259029937,9.0,-1.3763965624970627,0,0.0731424942716876,0.0907155840067205
2024-02-28,0.030071939654377332,0,0,2.081218472801464,9.0,-1.2570307491983674,0,0.0664375581849385,0.08495663376445295
2024-02-29,-0.032308243232657775,0,0,59.201569832521926,9.0,-0.18638971623980266,1,26.271271547177992,34.94033619454419
2024-03-01,-0.02187940918125724,0,0,347.8466858986727,9.0,-1.5312933244419753,1,0.0722399434781404,0.08820216346721992
2024-03-04,0.028573372444056163,0,0,210.1695004739529,9.0,-1.6257361806092734,1,0.06832597784673547,0.08231544507417335
2024-03-05,0.06943754651095414,0,0,197.84902657265044,9.0,-1.2738634949634233,1,0.08629570342348679,0.10948103898160456
2024-03-06,0.0027624326959100796,0,0,365.68624882404646,9.0,-1.9630238658070271,1,0.13392942176273542,0.14991728756522096
2024-03-07,-0.004146515961848577,1,0,2.1186216267547864,,,0,,
2024-03-08,0.020562753296510507,0,0,32.36061402940122,9.0,-2.0406960828632625,1,-0.005090179451003561,-0.005090161564520824
2024-03-11,0.0320454656723493,0,0,407.2621048961873,9.0,-1.6904564019615913,1,0.0872443841540502,0.09930065043079864
2024-03-12,-0.0950474022440163,0,0,207.63409040462,9.0,0.35950572708264017,1,0.28729720039079454,0.43219308743619933
2024-03-13,-0.006524126076943239,0,0,2.0500000052282084,9.0,-1.4239694732840373,1,9.125763837232358e+54,1.1305618036427965e+55
2024-03-14,0.046189382469374714,0,0,2.052653346017847,9.0,-1.7507241870252663,1,5.026123358962317e+160,5.615348024788167e+160
2024-03-15,0.0006942034294756703,0,0,68.07749795034724,9.0,-1.444925808697585,1,-0.009333760738330373,-0.009333760738330373
2024-03-18,-0.005567168171350217,0,0,33.56073982970587,9.0,-1.3931702685015375,0,-0.00810751275368147,-0.00810751275368147
2024-03-19,-0.036238423500556685,0,0,12.797848392987543,9.0,0.3825203239200833,1,0.0010361984563727633,0.0010361984563727633
2024-03-20,-0.05809526184101701,0,0,117.08129574020789,9.0,-0.3319315856324556,1,0.0517096528110569,0.0760476915558541
2024-03-21,-0.00924505814405105,0,0,17.542067912670035,9.0,-1.6158230071123516,1,0.680944337182575,0.796399227424372
2024-03-22,0.010777625493829336,0,0,2.063075638048341,9.0,-0.11160423139315617,0,-1158808485013415.0,8233671938064884.0
2024-03-25,0.009904842880938222,0,0,2.05,9.0,-0.3288085185242787,1,82.98106993796972,111.40472143540184
2024-03-26,0.0037835837796388913,0,0,2.050000000000057,9.0,-0.30091099850697234,1,129200984.24911751,174140018.27010852
2024-03-27,-0.03536110155947351,0,0,2.05,9.0,0.2940342338066982,1,0.08813279901499416,0.15256169788226337
2024-03-28,0.017836843575025088,0,0,2.050000585349129,9.0,-1.385655266737266,0,1.4259488402330438e+25,1.6703084929802735e+25
2024-04-01,0.048021229106554875,0,0,13.099444290332643,9.0,-1.4220945606055846,1,1.019385023375068,1.2032739549158782
2024-04-02,0.06796670413163935,0,0,2.1158482009060124,9.0,-1.5710093545326824,0,20.832901509278813,20.832901509278813
2024-04-03,-0.01935098392252762,0,0,163.8161586820924,9.0,-1.3609355559627239,1,0.12453913002921212,0.14908854863834295
2024-04-04,0.13187265550318192,0,0,41.419549183712356,9.0,-2.005449634571878,0,0.10165147438229193,0.1125891414174362
2024-04-05,-0.019765930721800776,0,0,12.361480233221345,9.0,0.28299550758043496,1,0.31399563886417114,0.4694971617757788
2024-04-08,-0.05382465001378023,0,0,46.71936264423403,9.0,0.13843921501606965,0,0.10405417262916983,0.1515898113795812
2024-04-09,-0.013921338518608007,0,0,3.3372525120687664,9.0,-0.28976211568651505,0,0.05132798782364411,0.09148706037264955
2024-04-10,0.05329396194384769,0,0,191.237118775461,9.0,-0.3839846606182823,0,0.10077517063599814,0.13964030907622765
2024-04-11,-0.05797781125627415,0,0,2.050000041449908,9.0,1.8573833082774718,0,2245278896093204.2,7285492652531798.0
2024-04-12,0.14925224041147078,0,0,15.279798435235978,9.0,-0.7175509261216769,1,0.1894225204689959,0.23873966372877736
2024-04-15,0.10518719041257063,0,0,11.801106252084983,9.0,-1.365885098758766,1,0.5266296557748916,0.6406287203306854
2024-04-16,-0.04412089498574847,0,0,2.050000000000528,9.0,-1.5627946518354265,1,6.922994733554017e+17,9.061585752482856e+17
2024-04-17,-0.010379770875423204,0,0,13.626331770700189,9.0,-0.3325969027327751,1,0.1487086147369362,0.2256745476449501
2024-04-18,-0.011599135843351918,0,0,2.0738713382102967,9.0,0.14363502952700025,0,0.07774060038446001,0.15819890297303563
2024-04-19,0.038686382389833504,0,0,7.726274022055509,9.0,-0.20155304739198726,1,0.10627677112438454,0.1763365033116216
2024-04-22,-0.09938045106208994,0,0,7.410836968820028,9.0,-0.13302261665828619,1,0.12890310526488932,0.21433287531721998
2024-04-23,-0.07665412247896727,0,0,2.050000000711009,9.0,-0.18498142294738817,1,3.5689158192730943e+149,4.803033875551768e+149
2024-04-24,0.017688395481979903,0,0,9.352908385961715,9.0,-0.264032264553847,1,0.0406904807550634,0.07061307032796528
2024-04-25,-0.03829440467641671,0,0,2.1890372548969257,9.0,0.11818865701259507,0,0.09001254903975646,0.1581071715376643
2024-04-26,-0.022369353785621403,0,0,4.7120802838106135,9.0,0.1685769834791836,1,0.15142117683501283,0.2336135798001772
2024-04-29,-0.02424361160999274,0,0,18.641914435181885,9.0,-0.7716483667871585,1,-0.002255415880621659,-0.002255415880621659
2024-04-30,0.06466632483127191,0,0,20.171777349909608,9.0,-1.6997907237658898,1,-0.0031463480137175564,-0.0031463480137175564
2024-05-01,-0.016752969135374406,0,0,2.7556990903876724,9.0,-1.8345235975346958,0,0.025425395098949873,0.047986217898674764
2024-05-02,-0.04723192466441839,0,0,12.027577107300996,9.0,-1.6955247691557038,1,4.695227852483645,5.525224936010481
2024-05-03,-0.08453735296670495,0,0,20.416033974417658,9.0,-0.4773743300158245,1,0.06339654484117242,0.09101065306256562
2024-05-06,0.0,0,0,24.932649388376383,9.0,-0.48685201330755506,1,0.04764702864480459,0.07315280896824668
2024-05-07,-0.019461692092800176,0,0,22.479180618618066,9.0,-0.4971810034923474,1,0.06116941306929844,0.08712253935968
2024-05-08,-0.01753762066532759,0,0,2.073542647765589,9.0,-0.41219915989761946,0,2.2420986243222053e+158,2.889446084213624e+158
2024-05-09,-0.024135075735240447,0,0,4.80706917675523,9.0,-1.5439957056060618,0,0.07081638894966641,0.08545739605935095
2024-05-10,-0.011093616148503304,0,0,17.10358341669173,9.0,-2.520766443698263,0,1.7869041601991098e+17,1.90126410816555e+17
2024-05-13,0.08034912716421336,0,0,12.449415733679839,9.0,-2.114715174917857,1,0.5875774934377742,0.6457118428714003
2024-05-14,-0.013323661198470543,0,0,8.830257828579963,9.0,-0.43363176811561843,1,0.11795271883282478,0.17683186690187674
2024-05-15,-0.07502550863281911,0,0,8.454439425129824,9.0,-0.3846856275753092,1,0.09236851362158294,0.13958863442606056
2024-05-16,-0.002412546405383878,0,0,9.702067193583488,9.0,-0.28966289703435194,1,0.06568871715895092,0.10471312943676442
2024-05-17,-0.03523510746590976,0,0,9.11777163673293,9.0,-0.2148442478834025,1,0.07704864337973873,0.12013609529839449
2024-05-20,0.013256200747134628,0,0,9.724613482797412,9.0,-0.2039285684467344,1,0.06605086653049637,0.10405864813233386
2024-05-21,-0.02415777621697812,0,0,9.481444605610095,9.0,-0.20619265469049258,1,0.0809119112662036,0.12350136007558137
2024-05-22,0.03561453000836398,0,0,13.787856738538444,9.0,-1.5888195514600973,1,0.26955312625584665,0.30442847414443025
2024-05-23,0.03831274646650453,0,0,2.05,9.0,0.8367332692926721,0,0.13604762071825002,0.4391513090351242
2024-05-24,-0.06804243393462311,0,0,8.60419311054697,9.0,-0.15179758378661568,1,0.0984962342340565,0.14238027093570596
2024-05-27,0.03540921591972004,0,0,7.417830907364555,9.0,-0.20266116238912146,1,0.07586371515486631,0.11705094501206169
2024-05-28,0.0443110463249112,0,0,8.887238419322971,9.0,-0.19950387281930032,1,0.09380876859259882,0.1468977269040241
2024-05-29,0.10008345855698243,0,0,8.028998177322023,9.0,-0.22391079788593082,1,0.10955472009974919,0.17664301693869272
2024-05-30,0.013217583731954339,0,0,8.553560801200465,9.0,-0.23558870563608827,1,0.15116173206321426,0.2364186767819138
2024-05-31,-0.11330104228893671,0,0,7.859370850748678,9.0,-0.20370270674051139,1,0.12219970259791989,0.19363719608250005
2024-06-03,0.014598799421152631,0,0,9.415318928751935,9.0,-0.31003343068815936,1,0.06950091699952915,0.10983939950134633
2024-06-04,0.003806628121562767,0,0,7.985656517562949,9.0,-0.15293043694520897,1,0.08165548189097654,0.12996828108996097
2024-06-05,-0.0411069895347714,0,0,8.145020523697529,9.0,-0.08747818839017558,1,0.08981977261183353,0.14330218544228462
2024-06-06,-0.003966685090105363,0,0,7.003935641371481,9.0,-0.07596704194094175,1,0.06727508001349544,0.10784186211614065
2024-06-07,-0.02903429752884515,0,0,6.707671245768077,9.0,-0.07186940091910612,1,0.07453923225545027,0.12085123807551501
2024-06-10,0.04167269640056808,0,0,6.956294832829002,9.0,-0.06204168185210426,1,0.06570967277169797,0.10618136658754564
2024-06-11,0.008597161197211519,0,0,7.9371547860443235,9.0,-0.07051953039778949,1,0.10002233308670219,0.16331326765910753
2024-06-12,-0.06510937146055383,0,0,7.683163764803942,9.0,-0.15264592642937697,1,0.09939427877333416,0.16144464704801786
2024-06-13,-0.00834033191621895,0,0,8.588509317669079,9.0,-0.14674126558015968,1,0.0674482437351964,0.10836743151751035
2024-06-14,0.058553308751574135,0,0,8.719204218441154,9.0,-0.14715783311136393,1,0.07156809065721031,0.11654452472083103
2024-06-17,0.007083854888405042,0,0,13.412796298421261,9.0,-0.27148031245594306,1,0.1080200749688176,0.16917280259400974
2024-06-18,-0.03593200922606333,0,0,10.700977076917377,9.0,-0.5791137317697561,1,0.11038387597014858,0.16264806415914085
2024-06-19,0.014528100562909808,0,0,4.749211769242919,9.0,-1.4938053870710848,0,0.11703727880029396,0.14326066829831408
2024-06-20,0.06213178110700618,0,0,4.558918293850791,9.0,-0.05195616610839768,0,0.0887875457095925,0.14968481468194159
2024-06-21,-0.006042314455962586,0,0,16.787034681551617,9.0,-0.46807230186489757,1,0.10908660952338098,0.15572432258336705
2024-06-24,0.009800304598292276,0,0,8.709089224311558,9.0,-0.27544913233375357,0,0.10075937762801239,0.15333259201029453
2024-06-25,-0.03745183592880223,0,0,13.531091276300902,9.0,-1.5575571091152987,0,0.757082493859992,0.8550897029264006
2024-06-26,-0.022844632684022197,0,0,2.05,9.0,-1.4223740441154586,1,1.960824239708451e+61,2.523464921428088e+61
2024-06-27,-0.02501138849361287,0,0,2.0500000040411512,9.0,0.27331835018118356,0,0.06437157963903425,0.1450825780270623
2024-06-28,0.016207810226853303,0,0,8.993950746708363,9.0,-0.41630746055688367,1,0.080445736965188,0.11877746925067417
2024-07-01,-0.017843133567584053,0,0,8.059610804048434,9.0,-0.29236002473818345,1,0.08263348458916672,0.12316694382290903
2024-07-02,-0.015670423756861843,0,0,8.020781885102345,9.0,-0.2636875803080611,1,0.07893009441730976,0.11938565943368334
2024-07-03,0.004975134640113929,0,0,7.931672617525823,9.0,-0.21457130594473317,1,0.07443073869909334,0.1138071252972657
2024-07-04,0.013963265881364057,0,0,7.538592770331551,9.0,-0.2607382357892867,1,0.07848969386476949,0.11927094469550809
2024-07-05,0.01778543243321634,0,0,8.085197320438837,9.0,-0.34062001872870656,1,0.0803789359806844,0.11947209950925068
2024-07-08,-0.008853176536885155,0,0,9.003534809775113,9.0,-0.5864771970130839,1,0.08458889604007576,0.12065741654584838
2024-07-09,0.011254138074423334,0,0,9.060733819560761,9.0,-1.5297792249492492,1,0.09215130160845153,0.11224037494660881
2024-07-10,0.02681548686240894,0,0,6.7663916674613995,9.0,-1.4092035470733397,1,0.08978410960371329,0.11129053733209321
2024-07-11,0.005432687013226967,0,0,8.25823071617112,9.0,-1.4850219131433222,1,0.09639518074843681,0.11864126419114988
2024-07-12,-0.036252984995148674,0,0,9.760518306145348,9.0,-1.6591768302320173,1,0.08055234397835048,0.09740704260918673
2024-07-15,0.05161427015663584,0,0,10.10664651205254,9.0,-1.9198364871596283,1,0.08147892343746621,0.09579970426554026
2024-07-16,0.00532118321328028,0,0,13.324161247806135,9.0,-1.5162586204852657,1,0.10762465997961591,0.12802372763143638
2024-07-17,0.0933094202283471,0,0,11.073403899293984,9.0,-2.7148802958571245,1,0.10362535749485748,0.11116034763812538
2024-07-18,0.09543573696438676,0,0,11.997975534962558,9.0,-1.2770736980329325,1,0.14648187196479312,0.1786635045307589
2024-07-19,0.03636764417087479,0,0,11.985654657187299,9.0,-1.3346537907282676,1,0.192393069123453,0.23344523364579525
2024-07-22,-0.10253963931618491,0,0,13.43663246062524,9.0,-2.130328776818826,1,0.19385270984412808,0.2175672497937993
2024-07-23,-0.012825015475916881,0,0,25.925231199048174,9.0,-1.562202349904164,1,0.14777281218831026,0.17428077832196973
2024-07-24,0.20338440133374727,0,0,16.064594528446595,9.0,-1.905256792480868,1,0.1370751658409093,0.15690749522738226
2024-07-25,0.02301471444022864,0,0,7.133129818354815,9.0,-1.1058109789494397,1,0.2961883367648298,0.37926560912060475
2024-07-26,-0.1189348363189678,0,0,6.572801646646893,9.0,-0.5192533107764139,1,0.2113714859389349,0.29899246822471126
2024-07-29,0.012731302606759223,0,0,8.529500360953266,9.0,-1.6026469815042825,1,0.24456425691524827,0.28499299184196714
2024-07-30,0.06359681280919634,0,0,10.048485064560289,9.0,-0.5111080499188838,1,0.5000132650663476,0.7227524644965599
2024-07-31,-0.07816017699709299,0,0,7.256394904474478,9.0,-0.6351440999073251,0,0.005414836206037102,0.005414836206043981
2024-08-01,0.12778447055875175,0,0,16.906783612418042,9.0,-0.4231672383607815,0,0.10614223733645473,0.15237228404150643
2024-08-02,0.22968477886273508,0,0,5.050143312869453,9.0,-0.1543769664989087,0,0.16263681230024832,0.2316305432774265
2024-08-05,0.5001661916240487,0,0,8.64924063911614,9.0,-1.2538896706571987,0,0.4212057189492276,0.49433034890238886
2024-08-06,-0.3306814133452493,0,0,14.169983029637141,9.0,-1.7803795678435983,0,0.7149960775530901,0.8162221561654757
2024-08-07,0.005039607498405914,0,0,15.231118081301549,9.0,-2.130379149736218,1,0.7788039240319534,0.8611381585875203
2024-08-08,-0.15756764205842674,0,0,10.195197648350247,9.0,-2.5681128796682984,1,0.6640589883939572,0.7238057838348096
2024-08-09,-0.1552020940761518,0,0,10.41993107387963,9.0,-1.6641943304161382,1,0.4926331959601598,0.5763209760974557
2024-08-12,0.016553445168778283,0,0,9.763441843621711,9.0,-2.118277396999312,1,0.4338030180184401,0.4888322090994059
2024-08-13,-0.13360037479265954,0,0,11.189270926829176,9.0,-1.4602799398236392,1,0.288500800140918,0.3436669731250377
2024-08-14,-0.11262253292528944,0,0,10.502315892224622,9.0,-2.0624091384629963,1,0.2886329742717311,0.32461553493242
2024-08-15,-0.06112660078247332,0,0,12.28288336176307,9.0,-1.4797555351500524,1,0.22511132417444363,0.26968996375838183
2024-08-16,-0.028639986137001062,0,0,18.68397740497812,9.0,-0.2750303104511802,1,0.1381488216805766,0.19566358062557357
2024-08-19,-0.01018684530699313,0,0,11.90214337269323,9.0,-1.309699578323019,1,0.14212036966821193,0.17305862865993135
2024-08-20,0.08062012035591336,0,0,9.790796328144872,9.0,-0.5096559785704802,1,0.09307269071800778,0.12801824026162803
2024-08-21,0.024262465411956705,0,0,20.693134206400792,9.0,-0.2882681153968064,1,0.16326893178043914,0.2240322771768016
2024-08-22,0.07573102868092839,0,0,19.799599968291083,9.0,-0.2041241104711658,1,0.14328074863018103,0.20062496665023594
2024-08-23,-0.10125373370517292,0,0,29.72047730680503,9.0,-0.39228100543789013,1,0.17990761161756297,0.24442048315791148
2024-08-26,0.01811983346196358,0,0,23.566102998543553,9.0,-0.23417856261331135,1,0.13492512307750373,0.19300000799952094
2024-08-27,-0.04560638329359606,0,0,16.90309000963018,9.0,-0.19904729543619493,1,0.13901603465826637,0.19470094452819772
2024-08-28,0.10334942152903263,0,0,21.934574431017857,9.0,-1.5112575546277731,1,0.1483934713441852,0.17579415975455961
2024-08-29,-0.08919217091793981,0,0,72.47777405464646,9.0,-1.237405261174652,1,0.22472051555660197,0.2740104351215825
2024-08-30,-0.04242071588395214,0,0,117.73826399855795,9.0,-2.0367057311318435,1,0.1997922125366031,0.2249948178569312
2024-09-02,0.03601043752303303,0,0,72.95454153176097,9.0,-1.5000538176520166,1,0.1584760157172807,0.18777548920911097
2024-09-03,0.2870387787660391,0,0,15.283493263811513,9.0,-1.6724875062485869,1,0.17283304078522266,0.20170347955770962
2024-09-04,0.02854618190636153,0,0,6.9383446385977665,9.0,-0.30022533890181374,1,0.5241982409313986,0.7927806118787452
2024-09-05,-0.0689258675671972,0,0,6.873367560589219,9.0,-0.12475231914025667,1,0.3940547675457844,0.6167057767602784
2024-09-06,0.11744797115333243,0,0,35.821136777047926,9.0,-1.3460091673062187,1,7.579409718283327,9.314014161140694
2024-09-09,-0.1403206328193239,0,0,22.24903882128363,9.0,-1.3239195861037878,1,5.215922524947455,6.422110705968467
2024-09-10,-0.019206404044314843,0,0,2.0500000003216274,9.0,0.9753837980541777,0,1.7516974982033843e+150,5.2433161726863855e+150
2024-09-11,-0.0756411578484464,0,0,11.795141977216417,9.0,-1.242032991903144,0,21.96533932135789,26.480560344204118
2024-09-12,-0.03567697136534471,0,0,2.0500000003089727,9.0,0.46743706687731057,0,0.1343272342203,0.41515267978533954
2024-09-13,-0.030332387849235733,0,0,9.206609795224237,9.0,-0.24060415545057318,0,17.783951630789176,28.14574777549444
2024-09-16,0.03442476421252025,0,0,2.05,9.0,-1.3353903424213227,0,9.5564419667023e+27,1.2179940782255456e+28
2024-09-17,0.027052009338481075,0,0,8.54558305321032,9.0,0.45568359691330335,1,7.434481999986185,11.557620355052459
2024-09-18,0.03460166618245693,0,0,2.255163110343699,9.0,-0.23026092241069096,0,0.14477518176124118,0.2379685218884827
2024-09-19,-0.11006468170819811,0,0,2.646634615891052,9.0,0.3384518368783086,0,0.1393137909841405,0.2229908720787769
2024-09-20,-0.011083857313708222,0,0,3.2418034406812914,9.0,0.4629359599554995,1,26.628500971168222,53.03196800797978
2024-09-23,-0.016230069120040852,0,0,4.851683456841975,9.0,0.5746648674880132,0,5.034800343896832,10.085965320448913
2024-09-24,-0.03197203269783679,0,0,4.840724489445273,9.0,0.07952149510233178,1,0.10099365976952908,0.16386951226164606
2024-09-25,0.001298701481236414,0,0,5.180378436862288,9.0,0.0898933174385543,1,0.08350926622052811,0.1356730027654544
2024-09-26,-0.0025990917815199837,0,0,5.742478974946377,9.0,0.02599314731433354,1,0.07598027335324785,0.11812226590486691
2024-09-27,0.0984400728132527,0,0,4.717039196467582,9.0,-0.0556632410030489,1,0.0634335075951974,0.0968303834834388
2024-09-30,-0.013654115365024484,0,0,3.7851105641114193,9.0,-0.04773611998794585,1,0.17804773862223047,0.2823198292610305
2024-10-01,0.14082689137124696,0,0,3.653783893302535,9.0,0.46700016963838537,1,0.5631640722820347,1.1143532161269998
2024-10-02,-0.018868484304382916,0,0,13.509110624232656,9.0,0.18904804412520373,0,8.58583311841927,13.489580051123289
2024-10-03,0.08077504018521162,0,0,7.725520431253471,9.0,0.4548079526351628,0,10.00938682081278,17.389108535439412
2024-10-04,-0.06450598547034299,0,0,2.050000000000013,9.0,-0.29567656467994413,1,3.243284521249266e+149,5.928095898434956e+149
2024-10-07,0.1642872765545168,0,0,3.49820426185777,9.0,0.09498331468070634,1,11.560396026887558,19.81994732137271
2024-10-08,-0.05539318831537941,0,0,5.17676425936028,9.0,0.3853457763006194,1,57.2289626368408,90.65594055075815
2024-10-09,-0.026491615446976455,0,0,3.3487160330113825,9.0,-0.029447411962602733,0,5.1841534871325985,8.788856793397692
2024-10-10,0.003350086885282027,0,0,2.0921154413384278,9.0,0.18158677435022463,0,0.2125626675686481,0.33175313216495544
2024-10-11,-0.022711775934427844,0,0,2.05,9.0,-0.19263910228776787,0,0.535107687398364,1.1881779394369112
2024-10-14,-0.03785312477953768,0,0,2.5558765286755385,9.0,-0.42592660728301085,0,119.66923259365792,189.30952504420978
2024-10-15,0.04661230486941932,0,0,2.759541935723021,9.0,0.5771543268759132,1,0.1878883942124297,0.34298464810571827
2024-10-16,-0.052722303510997756,0,0,2.1833730158632685,9.0,0.10922317801140935,1,0.2144396333380983,0.3497635769948809
2024-10-17,-0.02429687885018259,0,0,3.1441047307215024,9.0,-0.14460587107842476,1,0.13604755243221311,0.20851151858574832
2024-10-18,-0.05817472103695569,0,0,2.181300554162158,9.0,0.10083789625335451,1,0.16105943867295405,0.2583815505541402
2024-10-21,0.018681862011808364,0,0,2.2853564765082703,9.0,0.2068209057133419,1,0.12826492524129998,0.21028114154143313
2024-10-22,-0.009297305144284741,0,0,2.0952918879944016,9.0,0.015018442704301619,1,0.13616699799426063,0.21525851945241076
2024-10-23,0.055569851154810786,0,0,2.1804247590887105,9.0,0.10561910760732109,1,0.1104225938317234,0.1758239248661466
2024-10-24,-0.008350779217419963,0,0,2.0961327350327306,9.0,0.5270370928114255,1,0.13722595854906847,0.22880240194762438
2024-10-25,0.06345696162011491,0,0,2.1492581559755437,9.0,0.3040968912035088,1,0.12835949938416738,0.20625119828310748
2024-10-28,-0.02641568993976555,0,0,2.215185526002472,9.0,0.33235974759296905,1,0.16052740902863183,0.2597949493647412
2024-10-29,-0.023506447675341324,0,0,2.0905799046375857,9.0,0.13135601131207636,1,0.1452745944044226,0.23158971207824247
2024-10-30,0.05090542186345579,0,0,2.05,9.0,-0.014397051263137407,1,0.13283814709040404,0.2105045130219784
2024-10-31,0.12934574081619035,0,0,2.05,9.0,-0.11670651082704867,1,0.15578623858726778,0.25234846190027943
2024-11-01,-0.05685367515101405,0,0,2.05,9.0,0.559467749078614,1,0.2167015144433379,0.36178803933004194
2024-11-04,0.00455997142169484,0,0,2.05,9.0,0.37448692386531823,1,0.18775151280290184,0.310299654910102
2024-11-05,-0.07019598672466697,0,0,2.05,9.0,0.16752458756311767,1,0.1840143991506319,0.29895039679140245
2024-11-06,-0.23061404101986188,0,0,2.05,9.0,0.22211802998286329,1,0.15451462689161097,0.2502714211842623
2024-11-07,-0.06802749337871569,0,0,2.05,9.0,0.5721160552126434,1,0.0892502994648402,0.15254063722559466
2024-11-08,-0.017253248147559453,0,0,4.291091177297693,9.0,0.22616559480417392,1,0.06374765921863394,0.09976106306400878
2024-11-11,0.002006018726865766,0,0,4.4243504410077845,9.0,-0.3995769360578503,1,0.06422577259804935,0.0915156339720948
2024-11-12,-0.01752066381819082,0,0,2.384386219525896,9.0,1.0060937573502462,0,0.009925128511733473,0.012210605968711383
2024-11-13,-0.04804265300690221,0,0,3.659865007833737,9.0,-1.2674110736141828,1,0.05361237057573546,0.06953342931555478
2024-11-14,0.020473711961915643,0,0,4.528304504641365,9.0,-0.38969950390644514,1,0.041441165926430726,0.0635989822046602
2024-11-15,0.12034206927344311,0,0,5.413198649964337,9.0,-0.16282884810357928,1,0.09611013634160535,0.13533403476532013
2024-11-18,-0.03531262239920057,0,0,7.422833337504335,9.0,-0.4289255339292988,1,0.28481391326075534,0.3673772651616119
2024-11-19,0.04823985690066032,0,0,7.301445454421432,9.0,-0.3073218928985243,1,0.17151312235613325,0.23428846376686316
2024-11-20,0.048353196716553665,0,0,7.023556303207231,9.0,-0.3241255376743516,1,0.22358546019857062,0.29827470466988526
2024-11-21,-0.01704419750193919,0,0,6.247586372868867,9.0,-0.2153294176995799,1,0.22303763283065742,0.30403216267491984
2024-11-22,-0.10161334629937671,0,0,6.7955724652723815,9.0,-0.07123716284367795,1,0.17367183438300948,0.24186987119822892
2024-11-25,-0.04290202154420946,0,0,8.479700766033435,9.0,-0.0019375942469697489,1,0.09212849044309555,0.13400597133729042
2024-11-26,-0.03484673133016819,0,0,9.268230536767767,9.0,-0.062466011399024225,1,0.09547304030597255,0.13318858650394716
2024-11-27,0.0,0,0,7.762027851040762,9.0,-0.7075313221880903,1,0.09053973048717204,0.12799449801041093
2024-11-28,-0.01428595724747643,0,0,7.7366095441920155,9.0,-1.3359731936152635,1,0.12622236746916907,0.15777190684157782
2024-11-29,-0.02845868816453868,0,0,6.5595754432302344,9.0,-0.7831981575775097,1,0.10008229489344739,0.13755655762772423
2024-12-02,-0.012663111484629778,0,0,6.539518192655064,9.0,-0.7139021807327282,1,0.08286664231449363,0.11687201868069513
2024-12-03,-0.0030030052597695457,0,0,6.391629889124314,9.0,-0.6889116372366111,1,0.08602391800030781,0.11994800798258552
2024-12-04,0.011215070820140003,0,0,5.890500717205171,9.0,-1.3151104076230835,1,0.1008799399598679,0.12824430041607404
2024-12-05,0.006669161436280821,0,0,5.479187099575669,9.0,-1.1922256685254005,1,0.11655766364468707,0.1462478778086449
2024-12-06,-0.05854959743968099,0,0,3.7108093525266326,9.0,-1.3366384534413798,1,0.12470449796071664,0.15799449102916832
2024-12-09,0.10543882112750338,0,0,2.1136244476285837,9.0,-0.035905125194300516,0,0.11963986441421617,0.20602598342689946
2024-12-10,-0.0007049700679698213,0,0,3.948883333793898,9.0,-0.033437476447058,1,0.15329235297368907,0.24327299118192822
2024-12-11,-0.0432343989734313,0,0,6.092788998560448,9.0,-1.2386059261457492,1,-0.015116807382426543,-0.015116807382426543
2024-12-12,0.024728532775723434,0,0,4.289891603087153,9.0,-0.01102138975851254,1,0.12515961175445992,0.20202922218805483
2024-12-13,-0.00793368748507282,0,0,4.511314015609776,9.0,-0.5084584278432835,1,0.18107074273260398,0.2672261568457236
2024-12-16,0.06177402276458521,0,0,4.128017527145032,9.0,0.039537049177285795,1,0.13565441366952444,0.22113423294662948
2024-12-17,0.07726354435253183,0,0,6.195690400920521,9.0,-1.3775036109055068,1,1.1549577737256413,1.491965521257782
2024-12-18,0.5541096134428284,0,0,2.216177124470982,9.0,-0.19624111632118899,0,0.16625755360766142,0.28204053835695697
2024-12-19,-0.13674333135436612,0,0,2.0500010412046756,9.0,0.055242720551090405,0,0.15279920122870994,0.2888657232329803
2024-12-20,-0.27162243143443565,0,0,3.7689803367018655,9.0,-0.5967501759423924,1,0.39181574738175295,0.6182759801067698
2024-12-23,-0.08998668415328416,0,0,3.042281673751945,9.0,-1.1513898943530192,1,-0.06024577313090365,-0.05380818090104815
2024-12-24,-0.16202826955031513,0,0,2.71988925119738,9.0,-1.3009300897495812,1,0.006567124244888771,0.015421637539396097
2024-12-26,0.031726798985793885,0,0,3.0264645143408684,9.0,-0.201698293269944,1,0.15069722200142366,0.2956890661052585
2024-12-27,0.07957259875631452,0,0,2.9392546095361975,9.0,-0.20057585627913166,1,0.17608737188791032,0.34302671291073755
2024-12-30,0.0870113769896297,0,0,2.818190006526676,9.0,-0.20422038121128075,1,0.2275434394487899,0.43548378014605726
2024-12-31,-0.0028776998276149467,0,0,3.1160136095746953,9.0,-0.19669463446775223,1,0.26012957771686507,0.49060541001418284
2025-01-02,0.032882781224173235,0,0,3.149102783436516,9.0,-0.16537074972626797,1,0.21634666754919882,0.4178317432723289
2025-01-03,-0.10579439547992411,0,0,3.088900817348036,9.0,-0.20967170166339294,1,0.22008889361084422,0.4371982682594613
2025-01-06,-0.005595289698749056,0,0,2.9393753439609553,9.0,-0.23821162796146256,1,0.14364337770377017,0.2910468166666523
2025-01-07,0.10523581960429484,0,0,3.02468206073765,9.0,-0.19824029965793538,1,0.1486299993179105,0.2925378008200519
2025-01-08,-0.0067567824628798736,0,0,3.213661317779884,9.0,-0.14012045517498062,1,0.2278424677327284,0.4284196081602325
2025-01-09,0.020688465024353817,0,0,3.3328859563324356,9.0,-0.1296143833136499,1,0.18838419529925482,0.3726609981284755
2025-01-10,0.07821054201049951,0,0,3.52661501869146,9.0,-0.1012406702448489,1,0.18530514752754484,0.36584125403606543
2025-01-13,-0.01807433659502802,0,0,3.539216086146712,9.0,-0.08987702803536615,1,0.21892820828588522,0.42187002576946186
2025-01-14,-0.025331169733610364,0,0,3.5912295543420734,9.0,-0.006437067879215461,1,0.16431115246787223,0.3396325017421987
2025-01-15,-0.14899740320751598,0,0,2.9649274962382743,9.0,-0.0329031149055653,1,0.14776136904197965,0.3065411816056479
2025-01-16,0.029341958284015375,0,0,3.250611426429244,9.0,-0.030542295012929946,1,0.08159938780214902,0.18958954267404557
2025-01-17,-0.038690733135576486,0,0,2.7245469249625702,9.0,-0.03770845296513056,1,0.1382412922981146,0.2969615099342409
2025-01-20,-0.010069311005540446,0,0,2.6123592737659007,9.0,-0.005071557983603555,1,0.1169416614675745,0.25500131016418465
2025-01-21,-0.04860042884963318,0,0,2.547706460153472,9.0,0.014917990652567279,1,0.10969158432612813,0.2375363932363034
2025-01-22,0.0026525214491311235,0,0,2.520556905482319,9.0,-0.03726085183592155,1,0.09664530705733652,0.20911901657199852
2025-01-23,-0.0053120974848899416,0,0,2.475104669086956,9.0,-0.06197635469563469,1,0.10122124098657066,0.21546287521424415
2025-01-24,-0.011382781087280068,0,0,2.2741779981806043,9.0,-0.13777285811173978,1,0.10459085366099767,0.21731674336226342
2025-01-27,0.18680084759800056,0,0,2.05,9.0,-0.15493692430029646,1,0.10360090063263716,0.21404250692839655
2025-01-28,-0.08690980774470972,0,0,2.058849299430706,9.0,-0.32018751183872196,1,0.2723815528589263,0.5200186763305439
2025-01-29,0.009099243855114089,0,0,2.1284255853473377,9.0,-0.2527596296513642,1,0.22357808852562366,0.42527559738840515
2025-01-30,-0.04445176257083381,0,0,2.05,9.0,-0.2965572915813721,1,0.20842504532634043,0.3983485978412578
2025-01-31,0.036570545662896865,0,0,2.3511330500636607,9.0,-0.1001591436992667,1,0.1674567549070462,0.3363232877389903
2025-02-03,0.12512733979974433,0,0,2.6732732502040646,9.0,-0.0074677728561511145,1,0.16314952499400678,0.3425274083503273
2025-02-04,-0.078745661625473,0,0,2.3646592768019565,9.0,-0.18020650602217603,1,0.22997738293308723,0.46372877946384755
2025-02-05,-0.08738120924850114,0,0,2.6715312125166815,9.0,-0.10467189434233995,1,0.1997937563721604,0.3979689605898959
2025-02-06,-0.017269377049746064,0,0,2.5109693510949658,9.0,-0.10163555828819715,1,0.1650024356640122,0.3284968349978912
2025-02-07,0.06494166567034436,0,0,2.7907958231399883,9.0,-0.07361418116790361,1,0.14390732451242713,0.2966082401509588
2025-02-10,-0.04513903837416452,0,0,2.7113759050679973,9.0,-0.03935844804987132,1,0.1670609239158826,0.3570032817865569
2025-02-11,0.013195290418832424,0,0,2.548853999172019,9.0,-0.11288385452014918,1,0.15870844324118982,0.32912000261418145
2025-02-12,-0.008147961091588458,0,0,2.4341958619011064,9.0,0.17047449487650063,1,0.13629416692699772,0.3013659044118623
2025-02-13,-0.05099523672774606,0,0,2.3778536625353417,9.0,0.1625440128293401,1,0.13224983721714378,0.290393439456768
2025-02-14,-0.022096647277590167,0,0,2.421059065688332,9.0,0.17324983953310907,1,0.11609205937334702,0.25827102521826495
2025-02-17,0.039819461007216096,0,0,2.6493886150200616,9.0,0.17098302375909286,1,0.10611703677499204,0.24096293170627756
2025-02-18,-0.0013020835172983022,0,0,2.8456166004523245,9.0,0.15980974418463223,1,0.12408858863008032,0.2838231721536139
2025-02-19,-0.005225354802665118,0,0,2.717840767974457,9.0,0.1617505451959908,1,0.12200790874980745,0.28175074199734534
2025-02-20,0.025219571332116105,0,0,2.663942102979693,9.0,0.09644893205416157,1,0.12122020183468568,0.2713904485801573
2025-02-21,0.15086120317685958,0,0,2.507152007300412,9.0,0.11690808733433963,1,0.12898456185298465,0.29153160301935754
2025-02-24,0.0414148994422651,0,0,2.6226007736911114,9.0,-0.09854875768879107,1,0.22946022381605094,0.4694563092043802
2025-02-25,0.023432470207566954,0,0,2.3048671197478723,9.0,-0.11041267121123316,1,0.22909453605857594,0.4712876080837915
2025-02-26,-0.017129928336764428,0,0,2.504096818440633,9.0,-0.08580731166826856,1,0.21751290900304515,0.45008556725633697
2025-02-27,0.10100549657538105,0,0,2.7281250151417966,9.0,-0.11786774175991449,1,0.19386600558403633,0.4082988255655142
2025-02-28,-0.07363482333959559,0,0,2.6402921342269288,9.0,-0.052303762668174505,1,0.23612144253917577,0.48088446200650575
2025-03-03,0.1488239497306665,0,0,2.944996854066227,9.0,-0.05340525675481357,1,0.18545916281032507,0.3924229945077048
2025-03-04,0.03154290453294199,0,0,2.755792266295101,9.0,-0.08925733775807765,1,0.2666672739698296,0.5268494417409848
2025-03-05,-0.0695703001221814,0,0,3.114854498919628,9.0,-0.058498106687251014,1,0.25371516455100296,0.512700031840886
2025-03-06,0.12580669538551653,0,0,3.3623917107274726,9.0,-0.04365585033594266,1,0.2107628649659202,0.4390470975410573
2025-03-07,-0.062209109264546765,0,0,3.4962821920468383,9.0,0.22152159961559142,1,0.24949851395996256,0.5190442893419145
2025-03-10,0.17573881980089295,0,0,2.9527201733706137,9.0,0.115897387389329,1,0.1994981637317834,0.4222434002671748
2025-03-11,-0.03432246357513256,0,0,3.437438556025695,9.0,0.1691589112509868,1,0.2730447393324693,0.5595062289303795
2025-03-12,-0.10527796994809278,0,0,3.4628459626969805,9.0,0.14654387273809139,1,0.24282766119288962,0.5011290291179715
2025-03-13,0.017590962907763952,0,0,3.6889167468607527,9.0,0.0512274270434032,1,0.20151313560136505,0.40957745792877986
2025-03-14,-0.12464962248974215,0,0,2.9095065167774865,9.0,-0.009792099310436862,1,0.22127448861030719,0.432636957575119
2025-03-17,-0.05962030316216668,0,0,2.395055627993266,9.0,-0.04335258054656638,1,0.16070434745853418,0.3022271709193832
2025-03-18,0.0563996884621246,0,0,2.415083291246803,9.0,0.05660330192656371,1,0.10956395682491138,0.21868991028181853
2025-03-19,-0.08659252881596725,0,0,2.643211270536876,9.0,0.13805039527736684,1,0.14074922503892726,0.30003756923358443
2025-03-20,-0.00503779402995707,0,0,2.7046147662648448,9.0,0.17927709996789495,1,0.1126635391905891,0.22843614888762986
2025-03-21,-0.026613648518089943,0,0,2.379834769881341,9.0,0.31642421920538094,1,0.08096503925971726,0.18140573713598343
2025-03-24,-0.09801091895501016,0,0,2.572544455381117,9.0,0.5839634807009347,1,0.06029964298131865,0.14883430477638238
2025-03-25,-0.01905919661544056,0,0,2.6021532970230594,9.0,0.604285981990726,1,0.0411573957305923,0.09928276811291113
2025-03-26,0.0665408882396647,0,0,2.5736632090852423,9.0,0.9104682679091918,1,0.02173903484138208,0.07325094518862611
2025-03-27,0.01944955961585788,0,0,2.584596046083632,9.0,0.7649445734569573,1,0.08275167506003092,0.21777207695951376
2025-03-28,0.1470168329810272,0,0,2.4232170585875954,9.0,0.10222321925650478,1,0.11352301826594187,0.24517523192091528
2025-03-31,0.02868396061058456,0,0,3.3124993521318955,9.0,0.24144953403058614,1,0.19722938716508664,0.41542756145916854
2025-04-01,-0.02315653981262728,0,0,2.079741851092739,9.0,0.1038232120511042,1,0.214560391852052,0.42902068154040157
2025-04-02,-0.012014931966817285,0,0,2.3053266816488454,9.0,0.1668332787883788,1,0.22720165185381358,0.4604759952234766
2025-04-03,0.33334588292567713,0,0,2.05,9.0,0.2292510654184652,1,0.17854195662261216,0.3727015824072461
2025-04-04,0.411663932473731,0,0,2.511105185956017,9.0,-0.6235992047592385,1,1.4816082632192766,2.095598346357
2025-04-07,0.03619422055171972,0,0,5.522975806369042,9.0,0.24810927431661356,0,1.4833034862677803,3.295145134146332
2025-04-08,0.10784784115334974,0,0,2.05,9.0,-0.05473167056824689,1,0.5204085850891047,0.9577036995077057
2025-04-09,-0.442448692403647,0,0,2.05,9.0,-0.02474197093856377,1,0.48079369747242545,0.8984732175709723
2025-04-10,0.19159824426179786,0,0,2.498563092947819,9.0,-0.7211624532277073,0,0.44083466576516384,0.5992546398442031
2025-04-11,-0.08077971790220508,0,0,2.156674403164495,9.0,0.020069920191234915,0,0.3760328823413433,0.7232827318305689
2025-04-14,-0.1955071474095718,0,0,3.921078142223844,9.0,0.2984597890690124,0,0.20065279699552174,0.3977578155274922
2025-04-15,-0.025243103998797475,0,0,2.522570256230152,9.0,-0.34497292062105095,0,0.44510339923890313,0.6459115162223746
2025-04-16,0.08034912716421336,0,0,2.0507370168537835,9.0,2.448193118635655,0,3639.2437889445428,183593.06954971567
2025-04-17,-0.09607640465217188,0,0,2.8839736502390765,9.0,-0.7030328043472447,1,3.548507405666565,4.797176192591808
2025-04-21,0.13159021802669985,0,0,3.858886121800623,9.0,-1.1383350944834962,0,0.007309775648703458,0.007309775648703458
2025-04-22,-0.10103320756769112,0,0,3.076322645741072,9.0,-1.4816893200422103,1,0.36395870699950167,0.4667586689164812
2025-04-23,-0.07187097533040321,0,0,3.47257698806684,9.0,-1.8032427826364628,1,0.3189632700205556,0.3827685030729326
2025-04-24,-0.07213614433332999,0,0,3.7112790888638494,9.0,-2.0941096207584584,1,0.2748015176505769,0.31808866914007894
2025-04-25,-0.06355675917373181,0,0,3.8607873262080505,9.0,-1.7575815067514018,1,0.2286975154859295,0.2755416506495623
2025-04-28,0.012402639480470252,0,0,2.183119753924985,9.0,-0.4745408789507447,0,0.2259443939523619,0.3576210581843874
2025-04-29,-0.039745701830356465,0,0,2.0715214621147515,9.0,0.12229127528401731,0,0.7810803655863521,1.1200027699874102
2025-04-30,0.02169104891853981,0,0,53.6104707927814,9.0,-0.22275858634899004,0,0.6049712433080577,0.8380396641762785
2025-05-01,-0.004056800695614318,0,0,2.392203932760737,9.0,-0.6747818582016327,0,0.14738107745693874,0.22727829049246384
2025-05-02,-0.08126296407876588,0,0,2.0500000698696934,9.0,0.02546119239912517,0,3.0252612874977602,4.638132879224511
2025-05-05,0.04145671367834613,0,0,2.9180240291497594,9.0,-1.3981538891763026,0,3.5451756842288455,4.225428145547252
2025-05-06,0.0462892552784979,0,0,4.983709486408798,9.0,-1.5560226708386828,1,0.24491099759668827,0.289079514572183
2025-05-07,-0.050103627353968644,0,0,7.917634779350016,9.0,-1.2484278367833568,0,1.1596444449008485,1.4689367624221696
2025-05-08,-0.04649979543693642,0,0,7.140314924685924,9.0,-0.5330271180618752,1,1.2797654886691334,1.8449046272342642
2025-05-09,-0.026139388203035244,0,0,7.983972350577459,9.0,-0.44783119390207726,1,1.1829710102071287,1.717731153027788
2025-05-12,-0.17467959820622536,1,0,2.0799638752077323,,,0,,
2025-05-13,-0.009287146784417596,0,0,2.05,9.0,-1.5037804375777877,0,4.3997186394994323e+64,5.20391598097847e+64
2025-05-14,0.02171638001710881,0,0,3.4831124409320724,9.0,-1.190572341274188,0,1.7609038111765625,2.2235866075491844
2025-05-15,-0.043353839973872134,0,0,5.712165741775697,9.0,0.017234536110855715,1,0.82937227470062,1.2890427793423527
2025-05-16,-0.03365016663950201,0,0,2.05,9.0,-0.16259486517891586,1,375788485.01697403,752619767.6448636
2025-05-19,0.05088717945144356,0,0,2.6207421322128175,9.0,-0.10148414007053114,0,1.4719684796842754,2.600121795085702
2025-05-20,-0.002760145279786777,0,0,4.200141863670616,9.0,0.5085158347017147,0,0.16770255859595148,0.3262889730929073
2025-05-21,0.14295342168190558,0,0,2.0683541057610872,9.0,0.6417991487590465,1,0.23859352603460493,0.7747965890232167
2025-05-22,-0.028677542366127,0,0,2.067581063845536,9.0,11.215240260237952,0,2.0262735775297713,2.026273577535047
2025-05-23,0.09450296867479507,0,0,2.199321779851564,9.0,-0.4540542513334208,1,0.8413699631251959,1.2827031021124853
2025-05-26,-0.08030444373291165,0,0,2.2690319136324697,9.0,-0.3655389252621206,0,0.16354410154349763,0.2520285858649469
2025-05-27,-0.08150220683799007,0,0,2.120474331961697,9.0,0.0324491064581959,0,0.24560730063523778,0.5152235546133221
2025-05-28,0.018291599613547135,0,0,4.2488851567892745,9.0,-0.5461629217684152,1,0.1642677772029109,0.2362825714258846
2025-05-29,-0.00675502698513084,0,0,4.749731574721713,9.0,-0.5365867572094569,1,0.16046753144859877,0.23520783374931148
2025-05-30,-0.032320694090677754,0,0,5.022903353922757,9.0,-0.4993124767379786,1,0.16164127132074754,0.23747077383053752
2025-06-02,-0.011372990172270024,0,0,5.525897071295478,9.0,-0.38357268178027865,1,0.149342450232862,0.222047261993191
2025-06-03,-0.0371748770206504,0,0,6.646859461685307,9.0,-0.44077202560670115,1,-0.0009977104537221896,-0.0009977104537221896
2025-06-04,-0.0045325856635792606,0,0,3.3757066312559108,9.0,-1.6296740796284381,0,0.005693682498911231,0.005693682498911231
2025-06-05,0.04822214370542347,0,0,3.6989579782587745,9.0,-0.20029152887836027,0,0.3425697864708226,0.5152460015943945
2025-06-06,-0.09709749037842066,0,0,7.101574618390257,9.0,-0.40102616938754826,1,0.21665617928236117,0.30180902203957893
2025-06-09,0.02298951822469878,0,0,45.38046113946248,9.0,-2.1835155450495036,0,0.1685935233283703,0.19095177743974978
2025-06-10,-0.012313260233357014,0,0,2.0659913438590958,9.0,0.0237559738434674,0,0.10213216862918038,0.19149144301495358
2025-06-11,0.01812385182882285,0,0,3.4889756688854914,9.0,-0.3104253459004815,1,0.04783978688980379,0.06832546698283909
2025-06-12,0.04309056652490976,0,0,2.1153073723813205,9.0,-0.11963396079746828,0,0.12017829705752807,0.1926225344234836
2025-06-13,0.144431811006631,0,0,2.6877839207588896,9.0,-1.1694213416144605,1,2.7957723871869637,3.5159968884845267
2025-06-16,-0.08570230493464115,0,0,2.6867437150463713,9.0,-1.714560062844194,1,3.53855877160162,4.0607546119328495
2025-06-17,0.12248155643793772,0,0,2.1808485321862103,9.0,-0.2907785710754628,1,0.5528706408951445,0.7660159803508934
2025-06-18,-0.06998542739970315,0,0,2.279372217783613,9.0,-1.795260734664866,1,1.6055225226233454,1.8211101884620882
2025-06-19,0.09603213633780391,0,0,2.2437257138558047,9.0,-2.1519571147839915,0,1138.4564864789058,1356.9160629904018
2025-06-20,-0.07247854503940626,0,0,5.560166546710362,9.0,-0.3169728913309226,1,0.21279812850944974,0.3284019471489952
2025-06-23,-0.03906553605710941,0,0,5.659366594609676,9.0,-0.32476889861451613,1,0.2016383970154977,0.30336599244263984
2025-06-24,-0.12613857230431513,0,0,3.4544685825745103,9.0,-0.5661940324917016,1,1.3266266738645545,1.775991779889974
2025-06-25,-0.042062275173452394,0,0,7.1292521633188874,9.0,-0.2498749237898178,1,0.1401613881979762,0.2056012138392877
2025-06-26,-0.010194990851583931,0,0,8.4906044022758,9.0,-0.14471655124646027,1,0.11012474480366871,0.164908206447735
2025-06-27,-0.0164087546663921,0,0,9.557787428621003,9.0,-0.16008966973914895,1,0.10576855286043507,0.15829234482286245
2025-06-30,0.024812165462771676,0,0,8.83300286929753,9.0,-0.0905290508681387,1,0.10113706075004841,0.15051837817161284
2025-07-01,0.005959493203981908,0,0,9.465358763030661,9.0,-0.13244353737438203,1,0.11447964868663638,0.17191461788072457
2025-07-02,-0.011353572809652013,0,0,9.516540258544305,9.0,-0.12443012099069609,1,0.12497478763566004,0.18673817303744564
2025-07-03,-0.015748356968139282,0,0,8.835966695845828,9.0,-0.10796067153173258,1,0.1206314732183155,0.18248977472034295
2025-07-04,0.06499629180246602,0,0,7.3844036812497444,9.0,-0.1377810174047656,1,0.11420251070647357,0.17274497038195108
2025-07-07,0.01757913145035429,0,0,8.676357333099523,9.0,-0.126099820627522,1,0.14508209952543585,0.22574853003535278
2025-07-08,-0.05666255425721957,0,0,7.603170738376537,9.0,-0.13406453717626549,1,0.15807983543274293,0.24167877331461216
2025-07-09,-0.053142274058455195,0,0,7.411203068387852,9.0,-0.12691747113470042,1,0.13962601652175768,0.21141696486922798
2025-07-10,-0.010088357944340766,0,0,7.337877401954227,9.0,-0.3200404001320105,1,0.11659963154244644,0.18253353993805516
2025-07-11,0.03853801941242448,0,0,6.185768825602547,9.0,-0.37695300095854944,1,0.10963092276626743,0.1737726282362603
2025-07-14,0.047628048989254664,0,0,6.916735039542701,9.0,-0.22320251848498412,1,0.12532453491855594,0.20146115420306376
2025-07-15,0.010410736017838509,0,0,6.588205650912016,9.0,-0.1450649153886811,1,0.1456818647987201,0.2418717550323735
2025-07-16,-0.012739025777429714,0,0,6.5131719060442235,9.0,-0.1669413660824552,1,0.14656952224941733,0.24022753436899855
2025-07-17,-0.03800932596698429,0,0,5.704238632377511,9.0,-0.13818165753704373,1,0.13271969997878175,0.21640146196093316
2025-07-18,-0.006680862990832492,0,0,5.6697179102021895,9.0,-0.10092081890768693,1,0.11340464474537777,0.18596148171977966
2025-07-21,0.014519311324453148,0,0,4.74504273381302,9.0,-0.056423915163951066,1,0.09886340337909763,0.1660974101357175
2025-07-22,-0.009049835519917815,0,0,4.502453357976149,9.0,-0.04941208579098665,1,0.0985164472411672,0.1698683272246349
2025-07-23,-0.07094282335603043,0,0,4.28616525730662,9.0,-0.04223587649277953,1,0.08855931151289934,0.15370331226144188
2025-07-24,0.0013003903002835552,0,0,4.435820444564731,9.0,-0.03787912024562605,1,0.07692019954287417,0.13232748251643808
2025-07-25,-0.030345336299688955,0,0,4.403907235758442,9.0,-0.049801322950934736,1,0.06870530738765915,0.12182171666752456
2025-07-28,0.006675592213784032,0,0,4.441476881766256,9.0,-0.04696716431199821,1,0.0618152762170316,0.10897460188692142
2025-07-29,0.061289736573245594,0,0,4.121754547857888,9.0,-0.03686611695009913,1,0.06045796792734219,0.10864136357836882
2025-07-30,-0.031789072176547514,0,0,4.683088099664591,9.0,0.0017905270686909515,1,0.11519796456722237,0.1983049731159673
2025-07-31,0.0770567394949745,0,0,4.6168310620807285,9.0,-0.13067667965155164,1,0.10345003325659897,0.17155057630096063
2025-08-01,0.1979484201380232,0,0,5.342779481791287,9.0,-0.12388721593661509,1,0.14476659964989522,0.24086884445909162
2025-08-04,-0.15121094228633333,0,0,4.489130487895783,9.0,0.04037780276588518,1,0.33905447050977017,0.5938202306260324
2025-08-05,0.01866042271740283,0,0,5.220879717014364,9.0,-0.08550063044755038,1,0.24679789145938444,0.3995823159469547
2025-08-06,-0.06241193239053073,0,0,6.739419109963033,9.0,-0.47432138989650036,1,0.2018734341967128,0.28179629031021525
2025-08-07,-0.011997744396645943,0,0,8.800044757824313,9.0,-1.4830491462751967,1,0.17113350377157807,0.1987042229415496
2025-08-08,-0.08959329948309339,0,0,6.089327001919795,9.0,-0.5187671592556784,1,0.1341735190071084,0.19343673142235493
2025-08-11,0.07009237682036834,0,0,6.982986998800919,9.0,-1.3867983232128864,1,0.10178578707984898,0.11714338041659493
2025-08-12,-0.09820667830120751,0,0,7.147204124775913,9.0,-1.8033811429679272,1,0.1529066878660295,0.17522000523238124
2025-08-13,-0.01642747414194793,0,0,5.267027017582034,9.0,-0.2367223709283532,1,0.1234460426188121,0.18243000416031896
2025-08-14,0.023193399817249664,0,0,10.313366772532794,9.0,-1.495796749549386,1,0.10142611706440617,0.1175827384597917
2025-08-15,0.017380116629916797,0,0,6.633683741161683,9.0,-1.2363468391086094,1,0.11160156315127719,0.13877652120833475
2025-08-18,-0.006648960665251167,0,0,8.68586059097954,9.0,-1.3179298850913814,1,0.12301227164020392,0.14583456338784193
2025-08-19,0.03796267373140053,0,0,9.19878147905785,9.0,-1.4940794338829404,1,0.11768526540280125,0.13700925900985175
2025-08-20,0.007677580899034112,0,0,9.57334483176286,9.0,-1.3421929589534343,1,0.1324793089378376,0.16035171260811612
2025-08-21,0.056379128617556465,0,0,7.915045040289769,9.0,-1.7278221150566706,1,0.13853203586265936,0.16206886404500828
2025-08-22,-0.1547532709874027,0,0,8.986005447613183,9.0,-1.58811748431729,1,0.16373124872526099,0.1921693098707272
2025-08-25,0.039301852347613464,0,0,10.013291085461965,9.0,0.008164233211873904,1,0.09576403166067614,0.1406411585855551
2025-08-26,-0.011560822401075971,0,0,9.858090361695435,9.0,-2.0944314336386625,1,0.1289731691816112,0.14533020206781444
2025-08-27,0.015609410927076104,0,0,8.184867624905854,9.0,-2.2389061776553163,1,0.12301826287860423,0.13686063553447883
2025-08-28,-0.02869049246292908,0,0,6.772112456301788,9.0,-1.980796014739071,1,0.12509445461875449,0.1429234023531914
2025-08-29,0.06245735493374666,0,0,5.796993036570856,9.0,-1.9468871015581832,1,0.11423407619422637,0.13116485522431257
2025-09-01,0.0482940093589562,0,0,6.5961278807290045,9.0,-1.5402738176122983,1,0.14319867317029006,0.17323398713799856
2025-09-02,0.06310293783090191,0,0,6.81769411704609,9.0,-1.2130292276994434,1,0.1543207044101174,0.19343800909085854
2025-09-03,-0.0489357775661218,0,0,7.3883128129707885,9.0,-1.6983682583571635,1,0.1865083225107676,0.21980436968928427
2025-09-04,-0.06637506894487268,0,0,7.6141309627042055,9.0,-1.630571654838398,1,0.14925901983177833,0.1764345676163352
2025-09-05,-0.007874056430905996,0,0,7.455033825272782,9.0,-1.305166473333152,1,0.11150522844315336,0.13735048953315762
2025-09-08,-0.004621995682835677,0,0,7.059942331212205,9.0,-1.6095253215435728,1,0.1048782811565978,0.12423877099200784
2025-09-09,-0.004643457762954407,0,0,6.248342637105477,9.0,-1.416885773410621,1,0.09775014245489504,0.11794732233347721
2025-09-10,0.020402155511512324,0,0,7.13892580789977,9.0,-1.3296909390080136,1,0.09516180981257062,0.11604709114209845
2025-09-11,-0.042587939419859985,0,0,11.209907415691994,9.0,-1.3574732398898401,1,0.11274295659538501,0.1369118143510111
2025-09-12,0.003393284558980308,0,0,44.95620852348445,9.0,-1.2710310403348037,1,0.0911593223846798,0.11013676643309736
2025-09-15,0.06110274757261477,0,0,58.82493748996483,9.0,-1.490689352890138,1,0.09964482556396739,0.1194690423807091
2025-09-16,0.041815764429659834,0,0,120.04367317301191,9.0,-1.1803511510384075,1,0.13702201489808755,0.1722716125080281
2025-09-17,-0.03990554417354047,0,0,129.0268367602837,9.0,-1.3874997682644672,1,0.16594891026905395,0.201701022160564
2025-09-18,-0.0012730746467982078,0,0,131.8795697228827,9.0,-1.144485088426253,1,0.13276723219941783,0.1643783372319219
2025-09-19,-0.0160517090105079,0,0,201.06599460187016,9.0,-1.1212770811735049,1,0.12126593998001824,0.14943918019832345
2025-09-22,0.0412102686466629,0,0,151.0944233492248,9.0,-1.2609572253752166,1,0.1157570726170067,0.14115825091534875
2025-09-23,0.03299016340264522,0,0,259.9580618685523,9.0,-1.2287196625531798,1,0.1317064002085048,0.15907602081204117
2025-09-24,-0.028033523762716974,0,0,180.7571305407327,9.0,-1.4743115560625983,1,0.15436033351182213,0.18258506334295127
2025-09-25,0.03402515343098364,0,0,180.31670484085907,9.0,-0.6499840262017919,1,0.11248101732957708,0.14275663128497848
2025-09-26,-0.09060204512035827,0,0,220.40181354890086,9.0,-0.6081270155109748,1,0.11417880723671905,0.148886914851799
2025-09-29,0.052861717137511345,0,0,216.52961774662614,9.0,-1.4730728756941962,1,0.09525366543970228,0.11136579579890725
2025-09-30,0.009876623495912099,0,0,149.6256543496604,9.0,-0.5714966246913149,1,0.10767385256489952,0.14308328021232614
2025-10-01,0.0006140620395594859,0,0,127.69052075561198,9.0,-0.5306718499613321,1,0.11166272515555747,0.14830953304876948
2025-10-02,0.020656870590882493,0,0,130.8146555957621,9.0,-0.5001102767974601,1,0.10597582615044229,0.14249643541568294
2025-10-03,0.0012019232216164014,0,0,56.27565280842828,9.0,-1.5042634129580663,1,0.13086585396618605,0.1602347991059821
2025-10-06,-0.016959825043409163,0,0,34.46255175306466,9.0,-1.34782026578715,1,0.12136280998499384,0.15237308443067257
2025-10-07,0.05178187385250337,0,0,21.602440353316087,9.0,-1.3841378176026766,1,0.10830880143091606,0.1353922800486269
2025-10-08,-0.05606715742283029,0,0,35.31137926601199,9.0,-1.355913857067335,1,0.13353959106487515,0.1692959729420713
2025-10-09,0.007943824236460017,0,0,30.906542936904742,9.0,-1.3804377349167574,1,0.11401229308582377,0.14192929160858608
2025-10-10,0.27635830952366786,0,0,17.114002869643432,9.0,-0.5936530232948168,1,0.08610765825729481,0.12374731166301717
2025-10-13,-0.12945056026478638,0,0,4.756914938584192,9.0,0.47989131645909056,1,0.24887779327078152,0.5343611366752239
2025-10-14,0.08941695909748484,0,0,5.205272203806209,9.0,0.5984986470463922,1,0.20059274129266427,0.39739284780587203
2025-10-15,-0.008202699792181013,0,0,5.532110136511997,9.0,0.6625316956101014,1,0.16686306962970954,0.37287346608267974
2025-10-16,0.20396863394367057,0,0,5.342534302532568,9.0,0.7797439640599398,1,0.1569897762982585,0.3532070084528685
2025-10-17,-0.19720858888595122,0,0,4.839909088341584,9.0,0.45209019563959113,1,0.16822370369776085,0.41330282978385313
2025-10-20,-0.13092239698050973,0,0,17.35674613890265,9.0,-1.5220420383730624,0,5.421091026825026e+161,5.91893606520839e+161
2025-10-21,-0.019945259519234967,0,0,4.865975854661929,9.0,0.18830132522610998,1,0.16539024333394972,0.3180089718425297
2025-10-22,0.040038251547818995,0,0,5.249035208566926,9.0,0.4074231933797924,1,0.11094665975068653,0.213197792542154
2025-10-23,-0.07245507921542235,0,0,6.486624397928012,9.0,0.07525595937847454,1,-0.006749230017222707,-0.006749230017222707
2025-10-24,-0.055256110120689726,0,0,5.111105142682293,9.0,0.1250397210419034,1,0.09801318341178167,0.19509789877687986
2025-10-27,-0.03607356311549291,0,0,5.595746928018479,9.0,0.13659797911363109,1,0.07392512023246751,0.14215780566421013
2025-10-28,0.039123275756731586,0,0,2.077731198441441,9.0,0.48089227465917966,0,0.07025262993521197,0.14979684219096337
2025-10-29,0.029996250153795145,0,0,17.364243356816413,9.0,-0.533486172515062,1,0.33344762579829684,0.49475436214426216
2025-10-30,-0.0005911912675884298,0,0,5.970671388014108,9.0,-0.0913585654351467,1,0.8052356954467159,1.3781396139917095
2025-10-31,0.030861255570344737,0,0,3.982317294889172,9.0,0.26838854498842335,1,0.4707246801858882,0.9141900198117382
2025-11-03,-0.015602743571449383,0,0,7.548384340770908,9.0,0.25237431020231277,1,0.5193229967533523,0.9162472398848079
2025-11-04,0.10127530425705623,0,0,458.52214983693017,9.0,-1.7416322892324871,0,36.10240549606638,36.10240549606638
2025-11-05,-0.05351181997857566,0,0,8.126241075358276,9.0,-0.20370676441696633,1,0.6421723902095079,0.9497033521083911
2025-11-06,0.07948730638183633,0,0,2.097258812679282,9.0,0.44552800392775727,0,0.12247908774199225,0.2570140356034872
2025-11-07,-0.02177379954956073,0,0,13.371189764893114,9.0,-2.040414953206449,0,0.1787973264068684,0.20606822454332444
2025-11-10,-0.08074176397603415,0,0,2.1962968060877976,9.0,0.589324111221873,0,1.141144805521065,2.7553434008645996
2025-11-11,-0.01834913866819654,0,0,12.13630611236499,9.0,-1.7832250532568121,1,1.7080452245147424,1.9285669217515615
2025-11-12,0.013222382921850856,0,0,7.402211643246825,9.0,0.018768656140166554,1,0.25943545889390335,0.4305027931057231
2025-11-13,0.13296012725623044,0,0,4.688857391848579,9.0,0.2550921144030498,1,0.15880755328502547,0.2934420222330009
2025-11-14,-0.008536331022286448,0,0,9.482659819009761,9.0,-0.3828565836294391,1,0.36060879309617005,0.5487150683953766
2025-11-17,0.1209717603520747,0,0,37.261589777300685,9.0,-1.4527024773657171,0,0.6820290413082404,0.8270838937573076
2025-11-18,0.09823060047330913,0,0,14.793527748470607,9.0,-1.7948258804300157,1,0.5965305079995716,0.6793847275102773
2025-11-19,-0.04261244480684748,0,0,9.672858658451219,9.0,-1.7804986494540183,0,0.4002511572309642,0.47495986673456625
2025-11-20,0.11033544054393851,0,0,103.57739066045144,9.0,-1.3685284516694445,0,0.7615719720411256,0.9115588027414476
2025-11-21,-0.120104046574475,0,0,7.205579652837399,9.0,-0.7448507498687094,1,0.5523142519016215,0.7508404281931292
2025-11-24,-0.1326172322171355,0,0,13.990779091095225,9.0,-0.39820015732760033,1,2.7237072401733116,3.9515332809522037
2025-11-25,-0.10039129294451432,0,0,2.05,9.0,-1.7081895922419488,0,0.6874697203876812,0.7492824198431126
2025-11-26,-0.07668090796329653,0,0,9.067508418974876,9.0,-1.4890353931708473,1,0.9361707659329572,1.1445481072749535
2025-11-27,0.0011627908286901518,0,0,9.408891580875666,9.0,0.27881470015794263,0,0.03419883875889147,0.0592772421977455
2025-11-28,-0.05126271288018566,0,0,8.620847020837305,9.0,0.29844518366141826,0,0.036361901540176815,0.06186581389584633
2025-12-01,0.053004367892284555,0,0,2.6467875914191517,9.0,0.5021894677520629,0,0.08031969429702537,0.16950061353896803
2025-12-02,-0.03843216103319384,0,0,2.05,9.0,0.8671900456200203,0,3.5563892164324717e+149,1.6061788939990518e+150
2025-12-03,-0.031223840451532963,0,0,14.380151438376862,9.0,-0.17317591396457688,1,1.531165047624402,2.5228143756027643
2025-12-04,-0.01883294833309201,0,0,152.76556851806802,9.0,-0.32340614337778445,0,1.0605242570577,1.3967974072038771
2025-12-05,-0.0237266660857038,0,0,2.05,9.0,0.33783974333700273,0,0.09058573759303697,0.19512896159986157
2025-12-08,0.07799398740667216,0,0,2.050065662680983,9.0,3.4687830107144935,0,1160.9262422926863,95624.2779991253
2025-12-09,0.016076559406347352,0,0,2.05,9.0,-0.5389005750312359,1,30538806.976887785,39750560.06569846
2025-12-10,-0.07097779517009697,0,0,10.138402210770959,9.0,-0.005523869843995836,0,0.4626587587852501,0.6273870802280412
2025-12-11,-0.06010953572623844,0,0,19.167207344394914,9.0,-1.3007283838541048,0,0.7897474890876086,0.8962902581210841
2025-12-12,0.058205377740548556,0,0,3.154113927214158,9.0,0.6828277197555861,0,0.06422642308948984,0.1118135085194944
2025-12-15,0.04715513791727768,0,0,7.363328654026715,9.0,0.3330445985146676,0,0.06188094471756259,0.10907870722660576
2025-12-16,-0.0012128564252092933,0,0,4.281115213373005,9.0,0.48904024876597285,1,59.990838014646584,139.64845592462
2025-12-17,0.06688709602670793,0,0,2.613124180823175,9.0,0.7084977387265118,0,0.044199077354550954,0.08369679128365189
2025-12-18,-0.04349772395015656,0,0,2.9574480589492897,9.0,0.3486112078697107,1,5.606984288297136,12.362142101054419
2025-12-19,-0.12350476778122992,0,0,3.3098158782626634,9.0,0.5908230952480635,1,1.2139436309731473,2.498098491437312
2025-12-22,-0.0572767780467507,0,0,2.050003445299725,9.0,1.1152779289016976,0,3567.8265396793695,10178.616233604484
2025-12-23,-0.005698021114637778,0,0,8.102827623700213,9.0,1.5763044416009055,1,7.478887785234333,52.49910837578101
2025-12-24,-0.03859233919298595,0,0,6.674782882920979,9.0,0.22938595940895284,0,0.09866171080865845,0.16321794010165377
2025-12-26,0.009604802319733685,0,0,10.09631509993197,9.0,0.030833979189135146,1,0.6977165720051931,1.0014344306590468
2025-12-29,0.04317217186520878,0,0,2.669292149175853,9.0,0.21417327980723302,0,74.17971943259549,126.91855635392858
2025-12-30,0.009113277232865534,0,0,4.176091514340079,9.0,0.5010537317531722,1,20.314119690482414,37.80693468324542
2025-12-31,0.04235605799661479,0,0,5.487135042649411,9.0,0.737297358429688,0,0.054237650296185776,0.09960278366323344
2026-01-02,-0.02987323294059891,0,0,6.207236952776057,9.0,0.4212351650254108,1,0.08222903690002671,0.13707314156115727
2026-01-05,0.02652314605531691,0,0,5.4236173801071095,9.0,0.4093543492013735,1,0.05597502492768278,0.10123114674582762
2026-01-06,-0.010118130165584667,0,0,4.385359697018137,9.0,0.3103759169061751,0,37.294467666247236,74.15069041734058
2026-01-07,0.04182488129166908,0,0,7.75402210466726,9.0,0.008447942758905362,1,1.646198910547153,2.5558573152045425
2026-01-08,0.004541039266256421,0,0,13.810294688503944,9.0,-0.36036505595871304,1,4.518176801369008,6.361675004772687
2026-01-09,-0.06415024701116338,0,0,12.61556667637724,9.0,0.15210762551474738,0,0.086563540582618,0.14083101866576594
2026-01-12,0.0425596144187959,0,0,3.582920456324496,9.0,0.4423540848516281,1,80.45689839160583,178.25264687143334
2026-01-13,0.05531956958674176,0,0,2.944066161115089,9.0,0.4785061276316239,1,0.17422390229081214,0.3975067484287834
2026-01-14,0.04706031793294678,0,0,2.980723759570185,9.0,0.5871523078862647,0,13.533682150514723,31.547637486676294
2026-01-15,-0.055859871884795624,0,0,12.836653263990451,9.0,0.2504998419847983,1,0.0802821036610731,0.12958369018053817
2026-01-16,0.0012618298204221657,0,0,157.51300632290327,9.0,0.20654495231055556,1,0.07753695127819606,0.11535826187172951
2026-01-19,0.17218205294151503,0,0,171.98131299764992,9.0,0.3123306636972578,1,0.07509562491865632,0.10994531972232549
2026-01-20,0.06423990967862599,0,0,117.95887756760449,9.0,-0.5448280238568632,1,0.1537887474374087,0.20886637688060236
2026-01-21,-0.1729085568978153,0,0,119.25283334921026,9.0,-1.853128253964459,1,0.2146184318500923,0.24842640618538284
2026-01-22,-0.07748188681186267,0,0,183.78206514225093,9.0,-0.6688873566448778,1,0.11829137864732836,0.16258148542517933
2026-01-23,0.028366225887126843,0,0,281.20011434814376,9.0,-0.5725162183522776,1,0.09700091281769924,0.13096108787817484
2026-01-26,0.0037220886643735515,0,0,158.14026677728495,9.0,-1.4793740218816773,1,0.1281320794702419,0.15084507977391512
2026-01-27,0.012307847674596993,0,0,12.60531539311802,9.0,-1.5304032897510806,1,0.3349195201504564,0.38374515182288294
2026-01-28,0.0,0,0,13.357375237433406,9.0,-0.6292239396288615,0,0.38463774577804294,0.5074069019153402
2026-01-29,0.03190159182454857,0,0,10.33196626767008,9.0,-0.07617559618940914,0,0.13229694865821817,0.21287861585789858
2026-01-30,0.032636929313022735,0,0,24.017486176948054,9.0,-0.1857313670371502,0,0.4109244075218556,0.5679475121207472
2026-02-02,-0.06515032904897684,0,0,14.540036729139553,9.0,-0.2838093348602201,1,0.6713924568275493,0.9198563273379675
2026-02-03,0.0967556684643078,0,0,15.205350399229145,9.0,-0.3534983588077128,1,0.3831557510816551,0.5021949232838706
2026-02-04,0.03493805136128044,0,0,12.232916893912275,9.0,-0.42960314991667414,0,0.2593751406606238,0.3431980458242021
2026-02-05,0.15522306598901092,0,0,10.084123863841953,9.0,-0.3977833668352792,0,0.34301648696936643,0.49412493520769857
2026-02-06,-0.20358413768243197,0,0,13.644695179006892,9.0,-0.5146835758194748,1,0.5758542467994466,0.7682634148237905
2026-02-09,-0.02278002833182,0,0,19.150705952709195,9.0,-1.371358874043759,0,0.9990499931456202,1.1770787161644238
2026-02-10,0.024467792445539628,0,0,2.05,9.0,-1.1301934617778988,0,-0.06343942292956185,-0.06343942292956185
2026-02-11,-0.007900718298438086,0,0,15.058179569613264,9.0,-0.07243704189964045,0,1.4299760087584314,2.0187546687388807
2026-02-12,0.16517827980751712,0,0,2.0502399814116328,9.0,-1.373824288554852,0,0.15624542492781424,0.20089971682464017
2026-02-13,-0.010622987391287354,0,0,12.724537542730355,9.0,0.30445897134348826,1,0.7536454432585142,1.0950397265557903
2026-02-16,0.02871010588243136,0,0,2.0607741249409357,9.0,1.0686783945365157,0,0.1568666874047024,0.5609430003874606
2026-02-17,-0.043873027840243356,0,0,2.1867997914677186,9.0,0.6525444010279534,0,0.2004084880482765,0.40659140307595293
2026-02-18,-0.033578699700506275,0,0,23.31157412530226,9.0,0.4120693344907014,1,1.7476327476495768,2.489274210002597
2026-02-19,0.030617197042436952,0,0,17.968956417938163,9.0,-0.19057328791205738,1,3.1692861659492597,4.447881162877116
2026-02-20,-0.05800201344199791,0,0,33.537170949741025,9.0,0.08832095385444083,1,3.4343754493272614,4.82350544763874
2026-02-23,0.09583387711925281,0,0,174.84071035977908,9.0,-0.19139388689021208,0,0.7778024955729742,0.9639212745693141
2026-02-24,-0.07202322842553426,0,0,13.661046742311733,9.0,-0.36700169521345105,1,0.02143413621082741,0.02143413621082741
2026-02-25,-0.08649999881433328,0,0,13.813408186013364,9.0,-0.5126883844345637,1,0.8842392679710257,1.250136791806296
2026-02-26,0.038297896996455576,0,0,16.176388281489192,9.0,-0.15293907280985,0,0.12033881154354678,0.16407623001404661
2026-02-27,0.06393447400352952,0,0,23.828880482545593,9.0,-0.45823592352430986,0,0.0024225507789969025,0.002563929376359779
2026-03-02,0.07655067758557474,0,0,13.75240378934895,9.0,-1.1830649840405156,1,0.06735796680396339,0.08297157628926423
2026-03-03,0.0947163807454384,0,0,2.050000000000553,9.0,0.32178299763260854,1,2.0034344592803727e+18,4.174362913550661e+18
2026-03-04,-0.1083348114557528,0,0,2.0500000052993936,9.0,5.854091390638136,0,419.4808777135515,5164393.5165521065
2026-03-05,0.1159426249883634,0,0,16.286044246634116,9.0,-2.467410560645286,0,0.15416883354568053,0.17046477909608948
2026-03-06,0.2164686923465346,0,0,2.050000000944845,9.0,-0.481663381213788,0,1.377551535822606e+151,2.309445691418911e+151
2026-03-09,-0.14537277066280438,1,0,3.2914521287830123,,,0,,
2026-03-10,-0.022606554628913936,0,0,2.0500030483314395,9.0,0.7315049306624093,1,135.41603232910387,446.0812541407025
2026-03-11,-0.02848036270703213,0,0,19.695177043926016,9.0,-0.42202117313640963,0,0.08437313569858343,0.11103167033453992
2026-03-12,0.11892879989181271,0,0,2.0522603322620645,9.0,0.28216193528852124,1,0.41484074899164325,0.7462890691910152
2026-03-13,-0.0036710760758676933,0,0,2.218364400632224,9.0,0.8014666893999347,0,0.19403770101393295,0.30522771420959177
2026-03-16,-0.14542339609240124,1,0,2.126474633973491,,,1,,
2026-03-17,-0.04970508704993989,1,0,12.51966227441724,,,1,,
2026-03-18,0.11474858487629264,0,0,64.53143827414404,9.0,-2.9181989754224698,0,0.15573271701006067,0.16594195277419502
2026-03-19,-0.0419186498317982,0,0,13.246021587648974,9.0,0.04787020584225658,1,0.01930681746069079,0.019306817460690795
2026-03-20,0.10710462971649376,0,0,20.405258421691702,9.0,-1.5166503906286968,0,0.27024237590877537,0.3167494156684257
2026-03-23,-0.023806149752094625,0,0,21.575610199398305,9.0,-1.601179340054781,1,0.0029688356162579903,0.0029688356162579903
2026-03-24,0.030134106844074204,0,0,15.692123274357563,9.0,-0.4826474014869163,1,0.0062614228508680505,0.0062614228508680505
2026-03-25,-0.06199383334142231,0,0,43.53223976544486,9.0,-1.5634689308412153,1,0.003961660912352608,0.003961660913083106
2026-03-26,0.08001233884410068,0,0,15.293864188822406,9.0,-1.4209608809022427,0,-0.0006663807724379528,-0.0006663807724379528
2026-03-27,0.12359700552180329,0,0,71.01655328945323,9.0,-1.5562127561400876,1,0.004496445965562594,0.004496445965562594
2026-03-30,-0.01427205542216663,0,0,15.099145379817227,9.0,-2.2400738050393647,1,0.007050161677569519,0.007050161677569519
2026-03-31,-0.19250059723595228,0,0,2.050000001942301,9.0,-0.038928755728776715,0,3.712301093430362e+149,5.073360932370094e+149
2026-04-01,-0.02852171643860348,1,0,14.424404256549868,,,1,,
2026-04-02,-0.02768199893202658,0,0,14.331494306677275,9.0,-0.07040909183066486,1,0.00266452041853446,0.00266452041853446
2026-04-06,0.012489754364652843,0,0,7.445338127992172,9.0,-0.05816820815511279,0,0.1324999022731273,0.20532817994010624
2026-04-07,0.06448680279564961,0,0,272.17241066953335,9.0,-0.382380230593665,0,0.16459331656214216,0.2070316601463017
2026-04-08,-0.20317360964153225,0,0,23.40450023012089,9.0,-1.201965421995422,0,0.14662905531218026,0.1699537977726581
2026-04-09,-0.07652387435003974,0,0,8.60045331124968,9.0,-0.33387939594404703,0,0.10542447075549426,0.1397287942298771
2026-04-10,-0.013429953918781034,0,0,2.05,9.0,-0.31147618976461533,0,0.2600029500007786,0.3852931542955123
2026-04-13,-0.00573665197743312,0,0,10.837264788512032,9.0,0.2762560003002275,0,0.1711626814486533,0.22807882875260752
2026-04-14,-0.04056052243091096,0,0,12.194320183378736,9.0,-0.34733119450463334,1,3.334804519656312,4.351883402685992
2026-04-15,-0.010402502784264476,0,0,5.134769416839712,9.0,0.1448577599286173,1,0.4547222383472376,0.6142655418506596
2026-04-16,-0.012739025777429826,1,0,2.297393110335386,,,0,,
2026-04-17,-0.025975486403260677,0,0,14.918298632773551,9.0,-0.6023371284884748,1,0.0035279555353841295,0.0035279555353841295
2026-04-20,0.0765159891530695,0,0,16.42919177352014,9.0,-1.6773803880859517,1,26.802513280658857,31.534137646939907
2026-04-21,0.03284110618924223,0,0,4.685659781923354,9.0,-0.31713661542124105,0,1.390074049886853,1.9897665983013133
2026-04-22,-0.03019490194596886,0,0,11.883136520917791,9.0,0.04183643994219424,0,18.84921591253218,29.796096070359663
2026-04-23,0.020403532816690596,0,0,23.51192826076817,9.0,-0.6021411999912565,0,-0.005523293736980911,-0.005523293736980911
2026-04-24,-0.03156495615442476,0,0,36.03237774390251,9.0,-0.5655689919177753,0,0.0025946189274789577,0.0025946281257973615
2026-04-27,-0.037575888105806414,0,0,19.349570131661594,9.0,-0.712785218848319,1,-0.0036700911128218234,-0.0036700911128218234
2026-04-28,-0.010599820305142938,0,0,2.05,9.0,0.10979507442811232,0,0.10024762659310765,0.14792983708223742
2026-04-29,0.05350621143788998,0,0,12.428595466953107,9.0,-2.1525247946897412,1,174.94486072283914,199.45734279210697
2026-04-30,-0.10766691249323021,0,0,75.55273088946028,9.0,-1.6877500093569933,1,0.07586098419103045,0.08691754964421282
2026-05-01,0.005903204864131906,0,0,2.4710171703356747,9.0,-0.5030801852223499,0,0.22777561780980357,0.31778859809223864
2026-05-04,0.07372952671893374,0,0,13.506278739281765,9.0,-2.3022754062795068,1,0.08032948139419899,0.08734428852524337
2026-05-05,-0.051034342565528405,0,0,56.859919425731476,9.0,-2.2175577172009016,1,0.1438559134575753,0.1548139121407013
2026-05-06,0.0005752085289457673,0,0,91.94774106231102,9.0,-1.6711946030127938,1,0.11401401489164455,0.12794910034295137
2026-05-07,-0.017987140005767965,0,0,75.54292637762131,9.0,-1.6695286621829246,1,0.11469968585460195,0.12930892434233818
2026-05-08,0.006419631034334255,0,0,13.271924230802766,9.0,-1.421441885306916,1,0.3223298174186847,0.37412310804119014
2026-05-11,0.0669352975327829,0,0,11.885160739131146,9.0,-2.112481826227814,1,0.6125985718515663,0.676817941414089
2026-05-12,-0.021447068965099323,0,0,84.4893420272173,9.0,-1.2622009218510888,1,0.12330225744635362,0.14534244574018967
2026-05-13,-0.006692718791104927,0,0,11.938072374810782,9.0,-1.3988999481355697,0,1.2829023007293145,1.4616093252406037
2026-05-14,-0.0347316435160548,0,0,11.940916390838042,9.0,-1.728265703975976,1,0.6543658427059121,0.7520200134071656
2026-05-15,0.06558808602645,0,0,31.817817939939196,9.0,-0.23901977878565472,0,0.07625455972690057,0.14275630833939396
2026-05-18,-0.03365834963906858,0,0,12.250813118699245,9.0,-1.58982871284232,1,0.4971092949991639,0.5678352401845939
2026-05-19,0.01337812594617605,0,0,12.541564869233891,9.0,-1.3599622100404387,1,0.9835546031162862,1.149395071447422
2026-05-20,-0.03493312950800564,0,0,2.05,9.0,-3.0298979750129096,0,9.192788065856599e+42,9.674547605161364e+42
2026-05-21,-0.039771323426896515,0,0,12.285055037500255,9.0,-1.5992346596180482,0,0.8422097816767645,0.9680739989234779
2026-05-22,-0.0035863756312276888,0,0,2.7991808675910987,9.0,-1.6832795810397172,0,0.12844157383156354,0.14504629220979381
2026-05-25,-0.006608615220356252,0,0,12.077947932600477,9.0,-1.2051958657275377,1,0.5058269510909309,0.6276175850724741
2026-05-26,0.0250013022054174,0,0,12.321691583449804,9.0,-2.0643779270265306,0,1.0097407467492059,1.12826152492247
2026-05-27,-0.04324998379381675,0,0,12.035867147059358,9.0,-1.5791390445151783,1,1.082214595030065,1.243059537546695
2026-05-28,-0.0343461796246965,0,0,14.369337784609376,9.0,-1.710157524645181,1,0.30883122900665155,0.3549352020167562
2026-05-29,-0.027046078676811962,0,0,11.991450056437001,9.0,-1.278482967882583,1,0.4679732429237735,0.558766670782232
2026-06-01,0.04654968526357957,0,0,11.987147020599059,9.0,-1.3001219863419275,1,1.0774284860121335,1.2829227141011215
2026-06-02,-0.017599448601077882,0,0,12.74942006590901,9.0,-1.8341855648875742,1,0.998354454981914,1.1236516284360996
2026-06-03,0.018222307543668572,0,0,14.32339509957521,9.0,-1.4114755568992206,1,1.026187520727776,1.1966936373376376
2026-06-04,-0.04196419909903208,0,0,12.275514865779058,9.0,-2.7436692836137584,1,0.7219247805955056,0.7609382240466727
2026-06-05,0.3341504338600553,0,0,12.56746779560061,9.0,-1.3137766833481972,1,0.4324242566224924,0.5172541025890046
2026-06-08,-0.12829837965590646,0,0,3.695644576866913,9.0,0.21970815792251072,0,0.5582595705792327,1.0286246101071308
2026-06-09,0.048991492939993116,0,0,6.410152213323505,9.0,3.635836478608092,0,2.658757182057958,817.7664825141828
2026-06-10,0.11178172764775833,0,0,8.870263812346668,9.0,-0.05030230672060805,0,0.1762935958256902,0.2902300244472963
2026-06-11,-0.13365998517919078,0,0,6.982781908964443,9.0,-0.30463549696237086,0,0.9241125071717542,1.4155324799424418
2026-06-12,-0.09489874182279567,0,0,10.255574551310005,9.0,0.29637879913639387,0,0.15363235277443932,0.2623844939826067
2026-06-15,-0.08742281497115903,0,0,4.0507786635860015,9.0,-0.4490824294815652,1,2.741858974802592,3.9093135563474846
2026-06-16,0.012879662863661238,0,0,3.3265797303380875,9.0,0.605245931372241,0,0.14123718603048724,0.30630404351618656
2026-06-17,0.11663131302644822,0,0,2.2541033138374638,9.0,-0.2228124481909566,0,0.12435897637371435,0.23296756742940736
2026-06-18,-0.1172408832982952,0,0,3.9578976159731187,9.0,0.437764358467282,1,0.13766851243911063,0.31712016633938817
2026-06-19,0.022906366208907618,0,0,4.6225412292584664,9.0,0.5237851665148563,0,0.12382624927602662,0.2530439925045326
2026-06-22,0.02936206233684953,0,0,2.05,9.0,1.987193122472738,0,5701.764887368066,74645.34409823942
2026-06-23,0.12035175014355975,0,0,2.0500447138483726,9.0,1.32704511094544,1,3.936958574687868,12.698510131174642
2026-06-24,-0.045128328905972376,0,0,3.7938920486912444,9.0,1.0003106691435373,0,0.1464948320743388,0.3414768748978734
2026-06-25,0.013859496899921157,0,0,2.090730476269091,9.0,12.77292088846086,1,9.957284063047257e+150,8.366150553853412e+159
2026-06-26,-0.025738686268431663,0,0,5.940723637220454,9.0,-1.6198625842738004,1,2.640240633575116,3.2153657451940023
2026-06-29,-0.04215821186568075,0,0,2.3006255044804145,9.0,0.22787763224211965,0,0.12160145634126016,0.21549974609022154
2026-06-30,-0.07041030616792485,0,0,2.2054443966006767,9.0,1.3498301057577125,0,0.09723636906982573,0.22059833402409784
